Eval_AverageReturn,Eval_StdReturn,Eval_MaxReturn,Eval_MinReturn,Eval_AverageEpLen,step,Train_EpisodeReturn,Train_EpisodeLen,actor_loss,entropy,critic_loss,q_values,target_values,actor_lr,critic_lr,temperature
19.435692,6.518112,30.521345,8.109678,22.3,0,,,,,,,,,,
,,,,,34,17.918447,35,,,,,,,,
,,,,,56,22.71061,22,,,,,,,,
,,,,,71,9.060897,15,,,,,,,,
,,,,,91,16.894758,20,,,,,,,,
,,,,,110,20.259922,19,,,,,,,,
,,,,,129,19.592348,19,,,,,,,,
,,,,,149,20.948835,20,,,,,,,,
,,,,,164,11.822537,15,,,,,,,,
,,,,,181,7.6970377,17,,,,,,,,
,,,,,206,13.998402,25,,,,,,,,
,,,,,220,12.807138,14,,,,,,,,
,,,,,254,45.54092,34,,,,,,,,
,,,,,272,20.25205,18,,,,,,,,
,,,,,306,18.156471,34,,,,,,,,
,,,,,337,33.612846,31,,,,,,,,
,,,,,351,11.16365,14,,,,,,,,
,,,,,375,24.068773,24,,,,,,,,
,,,,,391,10.132245,16,,,,,,,,
,,,,,411,10.253804,20,,,,,,,,
,,,,,422,8.693054,11,,,,,,,,
,,,,,432,7.9103107,10,,,,,,,,
,,,,,451,19.441431,19,,,,,,,,
,,,,,471,10.601858,20,,,,,,,,
,,,,,489,16.037867,18,,,,,,,,
,,,,,508,15.603212,19,,,,,,,,
,,,,,520,9.954583,12,,,,,,,,
,,,,,566,23.868011,46,,,,,,,,
,,,,,605,55.83852,39,,,,,,,,
,,,,,641,33.620552,36,,,,,,,,
,,,,,657,9.860131,16,,,,,,,,
,,,,,711,96.47755,54,,,,,,,,
,,,,,747,48.986214,36,,,,,,,,
,,,,,765,20.254631,18,,,,,,,,
,,,,,782,17.347242,17,,,,,,,,
,,,,,799,13.547957,17,,,,,,,,
,,,,,820,22.690105,21,,,,,,,,
,,,,,852,19.836325,32,,,,,,,,
,,,,,867,8.619728,15,,,,,,,,
,,,,,881,10.334149,14,,,,,,,,
,,,,,920,31.294771,39,,,,,,,,
,,,,,932,9.104793,12,,,,,,,,
,,,,,965,24.249434,33,,,,,,,,
,,,,,987,21.096622,22,,,,,,,,
,,,,,1015,12.830195,28,,,,,,,,
,,,,,1035,17.807737,20,,,,,,,,
,,,,,1049,11.707673,14,,,,,,,,
,,,,,1068,12.025275,19,,,,,,,,
,,,,,1081,7.244683,13,,,,,,,,
,,,,,1101,14.6741905,20,,,,,,,,
,,,,,1150,61.165752,49,,,,,,,,
,,,,,1222,99.25324,72,,,,,,,,
,,,,,1244,23.978275,22,,,,,,,,
,,,,,1257,7.3842463,13,,,,,,,,
,,,,,1292,47.33754,35,,,,,,,,
,,,,,1314,19.301983,22,,,,,,,,
,,,,,1330,7.3423257,16,,,,,,,,
,,,,,1348,14.394207,18,,,,,,,,
,,,,,1363,7.2065306,15,,,,,,,,
,,,,,1398,30.19867,35,,,,,,,,
,,,,,1415,9.038555,17,,,,,,,,
,,,,,1439,19.459648,24,,,,,,,,
,,,,,1452,7.5084186,13,,,,,,,,
,,,,,1462,8.153508,10,,,,,,,,
,,,,,1472,7.9079247,10,,,,,,,,
,,,,,1485,8.15147,13,,,,,,,,
,,,,,1511,21.045044,26,,,,,,,,
,,,,,1542,27.17198,31,,,,,,,,
,,,,,1556,11.951194,14,,,,,,,,
,,,,,1580,5.9029303,24,,,,,,,,
,,,,,1591,5.53268,11,,,,,,,,
,,,,,1691,214.25867,100,,,,,,,,
,,,,,1716,23.650742,25,,,,,,,,
,,,,,1732,10.449436,16,,,,,,,,
,,,,,1751,16.375767,19,,,,,,,,
,,,,,1781,15.414858,30,,,,,,,,
,,,,,1799,11.833266,18,,,,,,,,
,,,,,1825,20.245481,26,,,,,,,,
,,,,,1855,12.325899,30,,,,,,,,
,,,,,1878,16.129885,23,,,,,,,,
,,,,,1895,12.375099,17,,,,,,,,
,,,,,1917,16.282139,22,,,,,,,,
,,,,,1933,12.364971,16,,,,,,,,
,,,,,1968,43.3647,35,,,,,,,,
,,,,,1982,9.743683,14,,,,,,,,
,,,,,2000,15.4050455,18,,,,,,,,
,,,,,2024,24.55158,24,,,,,,,,
,,,,,2038,11.568393,14,,,,,,,,
,,,,,2071,29.960361,33,,,,,,,,
,,,,,2095,15.998013,24,,,,,,,,
,,,,,2107,9.441119,12,,,,,,,,
,,,,,2121,11.779975,14,,,,,,,,
,,,,,2131,5.538358,10,,,,,,,,
,,,,,2145,10.642969,14,,,,,,,,
,,,,,2158,10.503721,13,,,,,,,,
,,,,,2167,6.6882033,9,,,,,,,,
,,,,,2184,15.644934,17,,,,,,,,
,,,,,2205,17.060812,21,,,,,,,,
,,,,,2218,10.974444,13,,,,,,,,
,,,,,2252,22.3843,34,,,,,,,,
,,,,,2267,11.015134,15,,,,,,,,
,,,,,2297,29.106487,30,,,,,,,,
,,,,,2327,14.598947,30,,,,,,,,
,,,,,2340,13.1123495,13,,,,,,,,
,,,,,2361,11.960394,21,,,,,,,,
,,,,,2382,21.187796,21,,,,,,,,
,,,,,2393,7.7081037,11,,,,,,,,
,,,,,2405,8.175294,12,,,,,,,,
,,,,,2429,25.988796,24,,,,,,,,
,,,,,2454,17.310389,25,,,,,,,,
,,,,,2467,10.98736,13,,,,,,,,
,,,,,2490,23.395086,23,,,,,,,,
,,,,,2508,15.917174,18,,,,,,,,
,,,,,2521,11.143389,13,,,,,,,,
,,,,,2540,11.452313,19,,,,,,,,
,,,,,2552,7.54612,12,,,,,,,,
,,,,,2587,48.630856,35,,,,,,,,
,,,,,2599,6.7063394,12,,,,,,,,
,,,,,2612,9.55556,13,,,,,,,,
,,,,,2636,12.385706,24,,,,,,,,
,,,,,2646,8.360981,10,,,,,,,,
,,,,,2659,8.871923,13,,,,,,,,
,,,,,2676,16.286295,17,,,,,,,,
,,,,,2695,11.747647,19,,,,,,,,
,,,,,2709,10.719077,14,,,,,,,,
,,,,,2741,24.64626,32,,,,,,,,
,,,,,2774,33.248737,33,,,,,,,,
,,,,,2788,11.532964,14,,,,,,,,
,,,,,2802,10.131002,14,,,,,,,,
,,,,,2823,10.583359,21,,,,,,,,
,,,,,2850,9.249649,27,,,,,,,,
,,,,,2863,10.442013,13,,,,,,,,
,,,,,2886,18.311007,23,,,,,,,,
,,,,,2906,11.535896,20,,,,,,,,
,,,,,2928,18.476368,22,,,,,,,,
,,,,,2949,16.857489,21,,,,,,,,
,,,,,2960,8.335624,11,,,,,,,,
,,,,,2970,7.647676,10,,,,,,,,
,,,,,2998,27.163883,28,,,,,,,,
,,,,,3006,5.373776,8,,,,,,,,
,,,,,3023,10.732421,17,,,,,,,,
,,,,,3046,18.609234,23,,,,,,,,
,,,,,3064,8.887224,18,,,,,,,,
,,,,,3081,16.496044,17,,,,,,,,
,,,,,3129,62.50254,48,,,,,,,,
,,,,,3146,13.167774,17,,,,,,,,
,,,,,3170,13.479649,24,,,,,,,,
,,,,,3185,8.958473,15,,,,,,,,
,,,,,3258,109.67196,73,,,,,,,,
,,,,,3272,9.5498905,14,,,,,,,,
,,,,,3288,16.205507,16,,,,,,,,
,,,,,3299,9.744202,11,,,,,,,,
,,,,,3318,18.953705,19,,,,,,,,
,,,,,3333,13.527137,15,,,,,,,,
,,,,,3352,10.269474,19,,,,,,,,
,,,,,3398,62.73926,46,,,,,,,,
,,,,,3432,25.06695,34,,,,,,,,
,,,,,3441,6.7755246,9,,,,,,,,
,,,,,3456,11.063721,15,,,,,,,,
,,,,,3471,8.623927,15,,,,,,,,
,,,,,3483,7.8974204,12,,,,,,,,
,,,,,3503,12.950656,20,,,,,,,,
,,,,,3597,158.07997,94,,,,,,,,
,,,,,3646,77.70363,49,,,,,,,,
,,,,,3679,37.469288,33,,,,,,,,
,,,,,3689,8.9863825,10,,,,,,,,
,,,,,3702,10.895143,13,,,,,,,,
,,,,,3765,52.208443,63,,,,,,,,
,,,,,3780,13.643538,15,,,,,,,,
,,,,,3794,9.292842,14,,,,,,,,
,,,,,3810,11.615421,16,,,,,,,,
,,,,,3843,42.76282,33,,,,,,,,
,,,,,3859,9.943022,16,,,,,,,,
,,,,,3874,7.983991,15,,,,,,,,
,,,,,3894,19.71319,20,,,,,,,,
,,,,,3908,6.5035567,14,,,,,,,,
,,,,,3917,7.081148,9,,,,,,,,
,,,,,3959,13.173834,42,,,,,,,,
,,,,,3975,11.740281,16,,,,,,,,
,,,,,3990,16.028185,15,,,,,,,,
,,,,,4007,16.878803,17,,,,,,,,
,,,,,4031,8.535952,24,,,,,,,,
,,,,,4048,12.038822,17,,,,,,,,
,,,,,4066,14.987766,18,,,,,,,,
,,,,,4082,11.478845,16,,,,,,,,
,,,,,4103,12.385015,21,,,,,,,,
,,,,,4129,22.705145,26,,,,,,,,
,,,,,4151,23.387861,22,,,,,,,,
,,,,,4171,15.987185,20,,,,,,,,
,,,,,4201,19.65933,30,,,,,,,,
,,,,,4215,8.087413,14,,,,,,,,
,,,,,4229,9.834639,14,,,,,,,,
,,,,,4247,8.093299,18,,,,,,,,
,,,,,4263,13.708738,16,,,,,,,,
,,,,,4290,13.0739155,27,,,,,,,,
,,,,,4330,61.67975,40,,,,,,,,
,,,,,4372,36.256542,42,,,,,,,,
,,,,,4396,26.639864,24,,,,,,,,
,,,,,4412,5.914245,16,,,,,,,,
,,,,,4424,9.117126,12,,,,,,,,
,,,,,4446,19.772173,22,,,,,,,,
,,,,,4478,29.53302,32,,,,,,,,
,,,,,4492,12.506994,14,,,,,,,,
,,,,,4503,8.524673,11,,,,,,,,
,,,,,4513,7.1153264,10,,,,,,,,
,,,,,4542,27.087852,29,,,,,,,,
,,,,,4566,10.787321,24,,,,,,,,
,,,,,4598,12.186876,32,,,,,,,,
,,,,,4626,26.541424,28,,,,,,,,
,,,,,4654,12.092287,28,,,,,,,,
,,,,,4678,11.924132,24,,,,,,,,
,,,,,4695,15.728678,17,,,,,,,,
,,,,,4706,9.482412,11,,,,,,,,
,,,,,4734,31.08659,28,,,,,,,,
,,,,,4765,42.3836,31,,,,,,,,
,,,,,4795,26.310165,30,,,,,,,,
,,,,,4821,17.199936,26,,,,,,,,
,,,,,4852,21.858364,31,,,,,,,,
,,,,,4889,23.769772,37,,,,,,,,
,,,,,4907,15.994009,18,,,,,,,,
,,,,,4923,11.701722,16,,,,,,,,
,,,,,4941,12.475505,18,,,,,,,,
,,,,,4951,7.8056498,10,,,,,,,,
,,,,,4968,15.196654,17,,,,,,,,
,,,,,4997,13.742825,29,,,,,,,,
15.696208,8.064464,37.60459,7.9463205,20.4,5000,,,,,,,,,,
,,,,,5018,15.316718,21,,,,,,,,
,,,,,5050,34.63543,32,,,,,,,,
,,,,,5062,10.398869,12,,,,,,,,
,,,,,5083,12.990063,21,,,,,,,,
,,,,,5098,14.091972,15,,,,,,,,
,,,,,5113,11.355412,15,,,,,,,,
,,,,,5155,26.274834,42,,,,,,,,
,,,,,5196,22.462666,41,,,,,,,,
,,,,,5222,8.461447,26,,,,,,,,
,,,,,5243,15.9975605,21,,,,,,,,
,,,,,5262,20.404057,19,,,,,,,,
,,,,,5282,18.303717,20,,,,,,,,
,,,,,5301,4.8984957,19,,,,,,,,
,,,,,5317,14.667059,16,,,,,,,,
,,,,,5327,7.5729723,10,,,,,,,,
,,,,,5339,9.253824,12,,,,,,,,
,,,,,5366,23.7567,27,,,,,,,,
,,,,,5386,17.278484,20,,,,,,,,
,,,,,5400,12.602882,14,,,,,,,,
,,,,,5424,25.187265,24,,,,,,,,
,,,,,5442,18.273039,18,,,,,,,,
,,,,,5482,38.940647,40,,,,,,,,
,,,,,5501,20.043314,19,,,,,,,,
,,,,,5532,35.8587,31,,,,,,,,
,,,,,5551,21.3536,19,,,,,,,,
,,,,,5565,8.896691,14,,,,,,,,
,,,,,5584,16.7515,19,,,,,,,,
,,,,,5599,12.000511,15,,,,,,,,
,,,,,5616,10.455629,17,,,,,,,,
,,,,,5637,21.370445,21,,,,,,,,
,,,,,5651,9.582246,14,,,,,,,,
,,,,,5670,17.996428,19,,,,,,,,
,,,,,5685,13.817692,15,,,,,,,,
,,,,,5695,8.738925,10,,,,,,,,
,,,,,5711,13.98835,16,,,,,,,,
,,,,,5742,37.62233,31,,,,,,,,
,,,,,5774,32.813362,32,,,,,,,,
,,,,,5798,11.294473,24,,,,,,,,
,,,,,5812,10.11359,14,,,,,,,,
,,,,,5827,10.31613,15,,,,,,,,
,,,,,5836,6.2988453,9,,,,,,,,
,,,,,5852,14.3017845,16,,,,,,,,
,,,,,5871,20.889175,19,,,,,,,,
,,,,,5892,16.371359,21,,,,,,,,
,,,,,5918,34.82181,26,,,,,,,,
,,,,,5939,24.105415,21,,,,,,,,
,,,,,5968,21.842205,29,,,,,,,,
,,,,,6021,70.02321,53,,,,,,,,
,,,,,6038,14.216931,17,,,,,,,,
,,,,,6055,18.248764,17,,,,,,,,
,,,,,6082,20.864138,27,,,,,,,,
,,,,,6097,13.816077,15,,,,,,,,
,,,,,6127,15.394247,30,,,,,,,,
,,,,,6185,75.79329,58,,,,,,,,
,,,,,6201,10.860461,16,,,,,,,,
,,,,,6230,22.696995,29,,,,,,,,
,,,,,6271,21.382317,41,,,,,,,,
,,,,,6331,111.18761,60,,,,,,,,
,,,,,6347,15.5709915,16,,,,,,,,
,,,,,6373,12.062013,26,,,,,,,,
,,,,,6390,18.10529,17,,,,,,,,
,,,,,6409,9.327559,19,,,,,,,,
,,,,,6459,87.97925,50,,,,,,,,
,,,,,6487,34.9621,28,,,,,,,,
,,,,,6501,9.188808,14,,,,,,,,
,,,,,6535,34.567226,34,,,,,,,,
,,,,,6544,7.5347414,9,,,,,,,,
,,,,,6572,22.425003,28,,,,,,,,
,,,,,6601,27.022314,29,,,,,,,,
,,,,,6622,14.935078,21,,,,,,,,
,,,,,6677,52.253384,55,,,,,,,,
,,,,,6701,31.337677,24,,,,,,,,
,,,,,6735,43.352116,34,,,,,,,,
,,,,,6747,11.176602,12,,,,,,,,
,,,,,6764,13.349799,17,,,,,,,,
,,,,,6776,7.542005,12,,,,,,,,
,,,,,6826,45.69601,50,,,,,,,,
,,,,,6840,9.839084,14,,,,,,,,
,,,,,6857,10.875545,17,,,,,,,,
,,,,,6876,15.47691,19,,,,,,,,
,,,,,6891,15.885548,15,,,,,,,,
,,,,,6913,12.858234,22,,,,,,,,
,,,,,6924,9.205433,11,,,,,,,,
,,,,,6943,15.331484,19,,,,,,,,
,,,,,6958,17.454834,15,,,,,,,,
,,,,,6980,14.356338,22,,,,,,,,
,,,,,7011,17.166903,31,,,,,,,,
,,,,,7025,13.663393,14,,,,,,,,
,,,,,7042,9.872929,17,,,,,,,,
,,,,,7075,21.716099,33,,,,,,,,
,,,,,7094,21.368029,19,,,,,,,,
,,,,,7118,26.803717,24,,,,,,,,
,,,,,7127,6.3734837,9,,,,,,,,
,,,,,7147,15.433624,20,,,,,,,,
,,,,,7197,48.52318,50,,,,,,,,
,,,,,7261,108.51321,64,,,,,,,,
,,,,,7281,21.865,20,,,,,,,,
,,,,,7315,37.309303,34,,,,,,,,
,,,,,7342,29.477324,27,,,,,,,,
,,,,,7377,15.396668,35,,,,,,,,
,,,,,7388,9.011334,11,,,,,,,,
,,,,,7401,11.001663,13,,,,,,,,
,,,,,7415,8.623968,14,,,,,,,,
,,,,,7454,46.81789,39,,,,,,,,
,,,,,7486,18.902565,32,,,,,,,,
,,,,,7511,12.24997,25,,,,,,,,
,,,,,7526,13.513384,15,,,,,,,,
,,,,,7586,107.73097,60,,,,,,,,
,,,,,7620,35.165855,34,,,,,,,,
,,,,,7636,15.3366375,16,,,,,,,,
,,,,,7646,7.5766983,10,,,,,,,,
,,,,,7665,17.310745,19,,,,,,,,
,,,,,7679,11.243512,14,,,,,,,,
,,,,,7694,12.132364,15,,,,,,,,
,,,,,7711,17.610329,17,,,,,,,,
,,,,,7733,17.171898,22,,,,,,,,
,,,,,7777,35.51289,44,,,,,,,,
,,,,,7803,20.872627,26,,,,,,,,
,,,,,7826,25.460257,23,,,,,,,,
,,,,,7872,39.98984,46,,,,,,,,
,,,,,7882,6.547025,10,,,,,,,,
,,,,,7954,82.4393,72,,,,,,,,
,,,,,7972,11.140193,18,,,,,,,,
,,,,,8045,100.76166,73,,,,,,,,
,,,,,8069,27.063858,24,,,,,,,,
,,,,,8085,11.827523,16,,,,,,,,
,,,,,8110,15.663714,25,,,,,,,,
,,,,,8141,19.153711,31,,,,,,,,
,,,,,8150,6.699132,9,,,,,,,,
,,,,,8179,24.86005,29,,,,,,,,
,,,,,8207,19.877153,28,,,,,,,,
,,,,,8227,16.73146,20,,,,,,,,
,,,,,8247,15.688359,20,,,,,,,,
,,,,,8259,9.171455,12,,,,,,,,
,,,,,8297,52.236675,38,,,,,,,,
,,,,,8311,12.526587,14,,,,,,,,
,,,,,8326,12.818368,15,,,,,,,,
,,,,,8340,12.602662,14,,,,,,,,
,,,,,8353,11.827248,13,,,,,,,,
,,,,,8372,20.917294,19,,,,,,,,
,,,,,8396,27.319342,24,,,,,,,,
,,,,,8412,13.414316,16,,,,,,,,
,,,,,8428,11.516472,16,,,,,,,,
,,,,,8484,66.822495,56,,,,,,,,
,,,,,8509,23.879303,25,,,,,,,,
,,,,,8527,5.9123416,18,,,,,,,,
,,,,,8554,22.409906,27,,,,,,,,
,,,,,8569,10.772928,15,,,,,,,,
,,,,,8581,9.996935,12,,,,,,,,
,,,,,8599,11.627416,18,,,,,,,,
,,,,,8620,21.518274,21,,,,,,,,
,,,,,8655,41.0085,35,,,,,,,,
,,,,,8673,21.023518,18,,,,,,,,
,,,,,8691,17.905514,18,,,,,,,,
,,,,,8739,25.518505,48,,,,,,,,
,,,,,8758,20.713264,19,,,,,,,,
,,,,,8783,26.408049,25,,,,,,,,
,,,,,8801,15.009172,18,,,,,,,,
,,,,,8817,14.743189,16,,,,,,,,
,,,,,8847,34.83806,30,,,,,,,,
,,,,,8863,13.919394,16,,,,,,,,
,,,,,8932,104.652626,69,,,,,,,,
,,,,,8953,18.400301,21,,,,,,,,
,,,,,8969,8.644319,16,,,,,,,,
,,,,,9024,63.92339,55,,,,,,,,
,,,,,9037,10.266855,13,,,,,,,,
,,,,,9052,10.579294,15,,,,,,,,
,,,,,9069,11.889629,17,,,,,,,,
,,,,,9094,14.195563,25,,,,,,,,
,,,,,9117,18.01424,23,,,,,,,,
,,,,,9140,22.487957,23,,,,,,,,
,,,,,9162,16.101582,22,,,,,,,,
,,,,,9172,8.466382,10,,,,,,,,
,,,,,9184,8.816572,12,,,,,,,,
,,,,,9221,57.50047,37,,,,,,,,
,,,,,9243,24.71991,22,,,,,,,,
,,,,,9258,12.974196,15,,,,,,,,
,,,,,9272,8.679988,14,,,,,,,,
,,,,,9286,12.556675,14,,,,,,,,
,,,,,9349,100.26874,63,,,,,,,,
,,,,,9384,38.27617,35,,,,,,,,
,,,,,9396,9.117759,12,,,,,,,,
,,,,,9414,18.867022,18,,,,,,,,
,,,,,9426,8.662044,12,,,,,,,,
,,,,,9451,13.035254,25,,,,,,,,
,,,,,9517,86.15869,66,,,,,,,,
,,,,,9535,8.6713915,18,,,,,,,,
,,,,,9566,14.57492,31,,,,,,,,
,,,,,9589,26.946426,23,,,,,,,,
,,,,,9618,16.594845,29,,,,,,,,
,,,,,9650,32.88764,32,,,,,,,,
,,,,,9674,20.752037,24,,,,,,,,
,,,,,9706,26.803709,32,,,,,,,,
,,,,,9719,11.238798,13,,,,,,,,
,,,,,9744,21.65897,25,,,,,,,,
,,,,,9809,96.61857,65,,,,,,,,
,,,,,9832,25.226006,23,,,,,,,,
,,,,,9845,11.342603,13,,,,,,,,
,,,,,9857,9.326425,12,,,,,,,,
,,,,,9874,12.75079,17,,,,,,,,
,,,,,9886,7.8637,12,,,,,,,,
,,,,,9913,13.940797,27,,,,,,,,
,,,,,9935,13.926748,22,,,,,,,,
,,,,,9947,9.638636,12,,,,,,,,
,,,,,9962,10.62942,15,,,,,,,,
21.783312,17.782892,72.63111,8.05168,24.2,10000,,,-0.4491349756717682,1.9461485147476196,1.3852112293243408,0.09544411301612854,1.1799297332763672,0.0003,0.0003,0.1
,,,,,10064,219.51932,102,,,,,,,,
,,,,,10072,6.1239614,8,,,,,,,,
,,,,,10084,7.6769276,12,,,,,,,,
,,,,,10132,79.060425,48,,,,,,,,
,,,,,10206,124.70608,74,,,,,,,,
,,,,,10230,31.12193,24,,,,,,,,
,,,,,10289,98.15747,59,,,,,,,,
,,,,,10342,97.10652,53,,,,,,,,
,,,,,10380,62.90033,38,,,,,,,,
,,,,,10429,86.87352,49,,,,,,,,
,,,,,10467,62.5665,38,,,,,,,,
,,,,,10516,84.25639,49,,,,,,,,
,,,,,10557,67.83378,41,,,,,,,,
,,,,,10597,68.02234,40,,,,,,,,
,,,,,10635,63.958157,38,,,,,,,,
,,,,,10686,91.543076,51,,,,,,,,
,,,,,10724,62.7165,38,,,,,,,,
,,,,,10765,66.35107,41,,,,,,,,
,,,,,10803,62.65714,38,,,,,,,,
,,,,,10840,61.938896,37,,,,,,,,
,,,,,10877,61.846806,37,,,,,,,,
,,,,,10920,73.89901,43,,,,,,,,
,,,,,10952,52.978127,32,,,,,,,,
,,,,,10989,61.09199,37,,,,,,,,
,,,,,11000,,,-7.105547904968262,0.25664854049682617,0.8597739934921265,6.3408660888671875,6.540576934814453,0.0003,0.0003,0.1
,,,,,11031,72.42559,42,,,,,,,,
,,,,,11087,103.41083,56,,,,,,,,
,,,,,11132,77.26232,45,,,,,,,,
,,,,,11170,66.54691,38,,,,,,,,
,,,,,11266,214.76454,96,,,,,,,,
,,,,,11355,200.68694,89,,,,,,,,
,,,,,11449,209.61612,94,,,,,,,,
,,,,,11537,197.10994,88,,,,,,,,
,,,,,11622,188.45764,85,,,,,,,,
,,,,,11709,195.99538,87,,,,,,,,
,,,,,11797,194.9278,88,,,,,,,,
,,,,,11886,199.60043,89,,,,,,,,
,,,,,11973,187.76761,87,,,,,,,,
,,,,,12000,,,-15.299332618713379,-1.3358550071716309,1.5050554275512695,13.93315315246582,14.160541534423828,0.0003,0.0003,0.1
,,,,,12067,221.75621,94,,,,,,,,
,,,,,12160,201.46803,93,,,,,,,,
,,,,,12253,209.0684,93,,,,,,,,
,,,,,12344,206.76746,91,,,,,,,,
,,,,,12437,196.38858,93,,,,,,,,
,,,,,12528,200.64162,91,,,,,,,,
,,,,,12643,285.97833,115,,,,,,,,
,,,,,12742,232.28677,99,,,,,,,,
,,,,,12831,196.38332,89,,,,,,,,
,,,,,12929,217.91249,98,,,,,,,,
,,,,,13000,,,-25.812332153320312,-1.2616620063781738,3.7187740802764893,24.12582778930664,24.116344451904297,0.0003,0.0003,0.1
,,,,,13014,186.62814,85,,,,,,,,
,,,,,13106,197.22527,92,,,,,,,,
,,,,,13205,189.40767,99,,,,,,,,
,,,,,13290,187.16843,85,,,,,,,,
,,,,,13383,199.34239,93,,,,,,,,
,,,,,13466,172.61984,83,,,,,,,,
,,,,,13553,193.02109,87,,,,,,,,
,,,,,13638,186.72017,85,,,,,,,,
,,,,,13724,184.70285,86,,,,,,,,
,,,,,13810,179.31218,86,,,,,,,,
,,,,,13895,185.03778,85,,,,,,,,
,,,,,13982,191.303,87,,,,,,,,
,,,,,14000,,,-35.25780487060547,-1.6136500835418701,2.508075475692749,33.11754608154297,33.016265869140625,0.0003,0.0003,0.1
,,,,,14067,173.2389,85,,,,,,,,
,,,,,14157,195.41093,90,,,,,,,,
,,,,,14240,177.46655,83,,,,,,,,
,,,,,14330,194.44759,90,,,,,,,,
,,,,,14434,200.71526,104,,,,,,,,
,,,,,14534,199.94058,100,,,,,,,,
,,,,,14619,164.22852,85,,,,,,,,
,,,,,14710,175.68166,91,,,,,,,,
,,,,,14809,200.68843,99,,,,,,,,
,,,,,14911,214.85811,102,,,,,,,,
207.90376,7.7339387,219.54501,193.51224,99.4,15000,,,-45.48103713989258,-1.542399525642395,18.896827697753906,42.53412628173828,42.714290618896484,0.0003,0.0003,0.1
,,,,,15008,216.8483,97,,,,,,,,
,,,,,15118,246.97505,110,,,,,,,,
,,,,,15225,223.63441,107,,,,,,,,
,,,,,15330,219.35344,105,,,,,,,,
,,,,,15435,215.05783,105,,,,,,,,
,,,,,15532,215.68442,97,,,,,,,,
,,,,,15625,205.85481,93,,,,,,,,
,,,,,15719,210.97813,94,,,,,,,,
,,,,,15818,222.2507,99,,,,,,,,
,,,,,15906,195.61397,88,,,,,,,,
,,,,,15996,195.11041,90,,,,,,,,
,,,,,16000,,,-54.29773712158203,-1.3933830261230469,7.099198818206787,52.7011833190918,52.537689208984375,0.0003,0.0003,0.1
,,,,,16097,227.24844,101,,,,,,,,
,,,,,16192,209.25763,95,,,,,,,,
,,,,,16300,250.80151,108,,,,,,,,
,,,,,16397,228.87347,97,,,,,,,,
,,,,,16501,231.47598,104,,,,,,,,
,,,,,16625,294.90802,124,,,,,,,,
,,,,,16714,205.54762,89,,,,,,,,
,,,,,16818,251.9418,104,,,,,,,,
,,,,,16924,247.2833,106,,,,,,,,
,,,,,17000,,,-62.643672943115234,-1.3055142164230347,6.715354919433594,60.108421325683594,60.626678466796875,0.0003,0.0003,0.1
,,,,,17039,293.22342,115,,,,,,,,
,,,,,17145,248.77913,106,,,,,,,,
,,,,,17258,281.02023,113,,,,,,,,
,,,,,17361,245.67282,103,,,,,,,,
,,,,,17463,241.93733,102,,,,,,,,
,,,,,17581,273.79773,118,,,,,,,,
,,,,,17689,275.65652,108,,,,,,,,
,,,,,17799,267.98276,110,,,,,,,,
,,,,,17896,227.42336,97,,,,,,,,
,,,,,18000,,,-70.17422485351562,-1.013063907623291,8.309200286865234,67.47783660888672,67.6409912109375,0.0003,0.0003,0.1
,,,,,18004,266.31625,108,,,,,,,,
,,,,,18114,271.62994,110,,,,,,,,
,,,,,18221,239.00922,107,,,,,,,,
,,,,,18330,277.336,109,,,,,,,,
,,,,,18436,240.33156,106,,,,,,,,
,,,,,18534,233.95787,98,,,,,,,,
,,,,,18552,18.618977,18,,,,,,,,
,,,,,18662,270.28143,110,,,,,,,,
,,,,,18778,301.42325,116,,,,,,,,
,,,,,18793,13.828381,15,,,,,,,,
,,,,,18912,288.27438,119,,,,,,,,
,,,,,18953,68.90992,41,,,,,,,,
,,,,,19000,,,-77.32803344726562,-1.1352312564849854,15.072425842285156,75.25093078613281,75.3279037475586,0.0003,0.0003,0.1
,,,,,19083,277.4481,130,,,,,,,,
,,,,,19097,11.7194195,14,,,,,,,,
,,,,,19195,246.6462,98,,,,,,,,
,,,,,19325,294.44135,130,,,,,,,,
,,,,,19437,278.68332,112,,,,,,,,
,,,,,19546,284.4304,109,,,,,,,,
,,,,,19662,286.31,116,,,,,,,,
,,,,,19782,287.57272,120,,,,,,,,
,,,,,19890,288.18265,108,,,,,,,,
300.0395,12.420653,313.79816,272.95486,119.1,20000,,,-87.79512023925781,-1.1316214799880981,3.4910788536071777,85.33382415771484,85.24751281738281,0.0003,0.0003,0.1
,,,,,20016,308.79733,126,,,,,,,,
,,,,,20128,288.35565,112,,,,,,,,
,,,,,20248,301.28043,120,,,,,,,,
,,,,,20352,247.89594,104,,,,,,,,
,,,,,20471,299.48746,119,,,,,,,,
,,,,,20583,280.27194,112,,,,,,,,
,,,,,20694,274.39893,111,,,,,,,,
,,,,,20704,9.609349,10,,,,,,,,
,,,,,20715,12.192354,11,,,,,,,,
,,,,,20825,276.39236,110,,,,,,,,
,,,,,20931,267.8487,106,,,,,,,,
,,,,,21000,,,-93.54361724853516,-1.2296357154846191,14.048439025878906,90.69483947753906,90.90706634521484,0.0003,0.0003,0.1
,,,,,21041,270.49167,110,,,,,,,,
,,,,,21145,248.31293,104,,,,,,,,
,,,,,21255,265.3995,110,,,,,,,,
,,,,,21266,11.705325,11,,,,,,,,
,,,,,21383,293.98325,117,,,,,,,,
,,,,,21394,12.0769005,11,,,,,,,,
,,,,,21501,259.8983,107,,,,,,,,
,,,,,21619,287.8709,118,,,,,,,,
,,,,,21731,272.27655,112,,,,,,,,
,,,,,21846,249.22238,115,,,,,,,,
,,,,,21952,231.3081,106,,,,,,,,
,,,,,22000,,,-100.53579711914062,-1.9917593002319336,28.125839233398438,96.64318084716797,96.03407287597656,0.0003,0.0003,0.1
,,,,,22062,238.04315,110,,,,,,,,
,,,,,22170,235.19295,108,,,,,,,,
,,,,,22283,259.13895,113,,,,,,,,
,,,,,22392,224.11967,109,,,,,,,,
,,,,,22505,252.0595,113,,,,,,,,
,,,,,22613,227.20245,108,,,,,,,,
,,,,,22732,272.34344,119,,,,,,,,
,,,,,22842,239.48363,110,,,,,,,,
,,,,,22943,229.98921,101,,,,,,,,
,,,,,23000,,,-110.91740417480469,-2.0798022747039795,8.070363998413086,107.4747085571289,107.10285949707031,0.0003,0.0003,0.1
,,,,,23055,257.14465,112,,,,,,,,
,,,,,23155,219.04677,100,,,,,,,,
,,,,,23260,244.28752,105,,,,,,,,
,,,,,23391,320.89954,131,,,,,,,,
,,,,,23511,277.99152,120,,,,,,,,
,,,,,23623,234.90079,112,,,,,,,,
,,,,,23744,280.79462,121,,,,,,,,
,,,,,23857,255.03522,113,,,,,,,,
,,,,,23972,287.58743,115,,,,,,,,
,,,,,24000,,,-116.4970474243164,-1.7660064697265625,10.340481758117676,112.7287368774414,112.67657470703125,0.0003,0.0003,0.1
,,,,,24091,282.30624,119,,,,,,,,
,,,,,24205,285.29813,114,,,,,,,,
,,,,,24315,259.6602,110,,,,,,,,
,,,,,24434,263.61966,119,,,,,,,,
,,,,,24548,300.2232,114,,,,,,,,
,,,,,24669,308.60062,121,,,,,,,,
,,,,,24785,282.2023,116,,,,,,,,
,,,,,24904,293.02676,119,,,,,,,,
288.19934,11.468198,310.2461,273.62405,117.1,25000,,,-124.69327545166016,-1.8934316635131836,28.523990631103516,120.80426025390625,120.55925750732422,0.0003,0.0003,0.1
,,,,,25022,302.86026,118,,,,,,,,
,,,,,25141,280.87137,119,,,,,,,,
,,,,,25260,278.7892,119,,,,,,,,
,,,,,25379,267.76642,119,,,,,,,,
,,,,,25494,278.5943,115,,,,,,,,
,,,,,25614,274.08942,120,,,,,,,,
,,,,,25738,273.7769,124,,,,,,,,
,,,,,25853,259.31696,115,,,,,,,,
,,,,,25972,278.43268,119,,,,,,,,
,,,,,26000,,,-129.61672973632812,-1.675157070159912,10.398788452148438,125.69139099121094,125.95097351074219,0.0003,0.0003,0.1
,,,,,26087,256.86917,115,,,,,,,,
,,,,,26205,272.9239,118,,,,,,,,
,,,,,26320,256.8217,115,,,,,,,,
,,,,,26439,260.3512,119,,,,,,,,
,,,,,26556,258.91238,117,,,,,,,,
,,,,,26664,235.11708,108,,,,,,,,
,,,,,26768,223.1247,104,,,,,,,,
,,,,,26888,266.2914,120,,,,,,,,
,,,,,27000,247.3764,112,,,,,,,,
,,,,,27000,,,-138.99566650390625,-1.0378541946411133,8.247220993041992,136.37014770507812,136.50953674316406,0.0003,0.0003,0.1
,,,,,27036,64.81776,36,,,,,,,,
,,,,,27148,250.83907,112,,,,,,,,
,,,,,27258,240.14037,110,,,,,,,,
,,,,,27367,238.86153,109,,,,,,,,
,,,,,27481,247.03282,114,,,,,,,,
,,,,,27596,260.82364,115,,,,,,,,
,,,,,27696,212.03108,100,,,,,,,,
,,,,,27808,236.9262,112,,,,,,,,
,,,,,27921,245.39343,113,,,,,,,,
,,,,,28000,,,-142.55429077148438,-1.372633934020996,19.61874771118164,137.86912536621094,138.18942260742188,0.0003,0.0003,0.1
,,,,,28024,222.13518,103,,,,,,,,
,,,,,28121,226.67265,97,,,,,,,,
,,,,,28223,216.89417,102,,,,,,,,
,,,,,28331,260.58813,108,,,,,,,,
,,,,,28429,207.1936,98,,,,,,,,
,,,,,28545,274.34595,116,,,,,,,,
,,,,,28637,198.39049,92,,,,,,,,
,,,,,28740,233.74524,103,,,,,,,,
,,,,,28833,204.1765,93,,,,,,,,
,,,,,28941,251.6102,108,,,,,,,,
,,,,,29000,,,-147.7358856201172,-1.4262984991073608,17.393909454345703,143.05599975585938,143.63916015625,0.0003,0.0003,0.1
,,,,,29051,261.8761,110,,,,,,,,
,,,,,29168,306.25958,117,,,,,,,,
,,,,,29285,293.75543,117,,,,,,,,
,,,,,29399,291.63983,114,,,,,,,,
,,,,,29497,233.78874,98,,,,,,,,
,,,,,29594,234.00543,97,,,,,,,,
,,,,,29712,307.56998,118,,,,,,,,
,,,,,29828,294.11758,116,,,,,,,,
,,,,,29944,297.08136,116,,,,,,,,
302.94855,10.393596,326.14014,286.91177,127.2,30000,,,-150.1471710205078,-1.610121250152588,29.06341552734375,145.34231567382812,145.76309204101562,0.0003,0.0003,0.1
,,,,,30065,297.42175,121,,,,,,,,
,,,,,30178,291.43307,113,,,,,,,,
,,,,,30294,287.5565,116,,,,,,,,
,,,,,30419,334.36392,125,,,,,,,,
,,,,,30547,324.78482,128,,,,,,,,
,,,,,30658,267.6981,111,,,,,,,,
,,,,,30784,317.88428,126,,,,,,,,
,,,,,30907,318.17795,123,,,,,,,,
,,,,,31000,,,-159.2095489501953,-1.6791739463806152,29.348283767700195,155.59722900390625,156.57925415039062,0.0003,0.0003,0.1
,,,,,31043,355.92923,136,,,,,,,,
,,,,,31159,289.77988,116,,,,,,,,
,,,,,31289,328.05743,130,,,,,,,,
,,,,,31415,321.0037,126,,,,,,,,
,,,,,31547,348.7393,132,,,,,,,,
,,,,,31657,277.0178,110,,,,,,,,
,,,,,31789,358.26886,132,,,,,,,,
,,,,,31918,340.25372,129,,,,,,,,
,,,,,32000,,,-159.9122772216797,-2.013446092605591,4.666544437408447,155.88858032226562,156.12179565429688,0.0003,0.0003,0.1
,,,,,32044,313.1867,126,,,,,,,,
,,,,,32169,313.3084,125,,,,,,,,
,,,,,32291,300.5544,122,,,,,,,,
,,,,,32407,288.17557,116,,,,,,,,
,,,,,32530,298.02692,123,,,,,,,,
,,,,,32648,298.62622,118,,,,,,,,
,,,,,32772,317.09375,124,,,,,,,,
,,,,,32884,276.52237,112,,,,,,,,
,,,,,33000,,,-165.43678283691406,-1.4957847595214844,11.768784523010254,162.1378173828125,161.7720947265625,0.0003,0.0003,0.1
,,,,,33008,301.53076,124,,,,,,,,
,,,,,33137,321.4334,129,,,,,,,,
,,,,,33256,297.56702,119,,,,,,,,
,,,,,33378,319.41666,122,,,,,,,,
,,,,,33496,302.77878,118,,,,,,,,
,,,,,33622,307.06857,126,,,,,,,,
,,,,,33723,251.13367,101,,,,,,,,
,,,,,33844,311.32083,121,,,,,,,,
,,,,,33968,315.9197,124,,,,,,,,
,,,,,34000,,,-171.4923095703125,-1.7981421947479248,11.42372989654541,168.98655700683594,168.68136596679688,0.0003,0.0003,0.1
,,,,,34091,300.6467,123,,,,,,,,
,,,,,34207,295.23328,116,,,,,,,,
,,,,,34333,318.59213,126,,,,,,,,
,,,,,34466,327.84058,133,,,,,,,,
,,,,,34591,309.9338,125,,,,,,,,
,,,,,34713,312.00696,122,,,,,,,,
,,,,,34847,326.70786,134,,,,,,,,
,,,,,34970,313.44693,123,,,,,,,,
312.9041,7.244887,322.499,300.07245,125.4,35000,,,-172.42323303222656,-2.51761531829834,14.071353912353516,169.3378143310547,169.67007446289062,0.0003,0.0003,0.1
,,,,,35099,312.4079,129,,,,,,,,
,,,,,35229,310.44293,130,,,,,,,,
,,,,,35358,316.2216,129,,,,,,,,
,,,,,35469,275.46997,111,,,,,,,,
,,,,,35593,307.2058,124,,,,,,,,
,,,,,35714,298.40002,121,,,,,,,,
,,,,,35842,311.9495,128,,,,,,,,
,,,,,35960,297.13373,118,,,,,,,,
,,,,,36000,,,-178.7533416748047,-1.8106745481491089,11.78579330444336,175.58042907714844,175.143310546875,0.0003,0.0003,0.1
,,,,,36092,330.98566,132,,,,,,,,
,,,,,36223,306.06,131,,,,,,,,
,,,,,36347,308.49985,124,,,,,,,,
,,,,,36464,301.55374,117,,,,,,,,
,,,,,36598,314.07843,134,,,,,,,,
,,,,,36735,321.14273,137,,,,,,,,
,,,,,36858,304.82104,123,,,,,,,,
,,,,,36980,314.98297,122,,,,,,,,
,,,,,37000,,,-184.15447998046875,-1.4639122486114502,22.58893394470215,181.94606018066406,183.09140014648438,0.0003,0.0003,0.1
,,,,,37114,320.4303,134,,,,,,,,
,,,,,37241,313.61823,127,,,,,,,,
,,,,,37358,296.99405,117,,,,,,,,
,,,,,37484,305.54626,126,,,,,,,,
,,,,,37612,337.77933,128,,,,,,,,
,,,,,37740,321.96045,128,,,,,,,,
,,,,,37876,327.07895,136,,,,,,,,
,,,,,38000,,,-187.0639190673828,-1.2504843473434448,35.8868522644043,183.24891662597656,182.2559814453125,0.0003,0.0003,0.1
,,,,,38009,330.29892,133,,,,,,,,
,,,,,38149,367.88284,140,,,,,,,,
,,,,,38273,323.6846,124,,,,,,,,
,,,,,38412,364.23376,139,,,,,,,,
,,,,,38551,361.8314,139,,,,,,,,
,,,,,38689,377.83517,138,,,,,,,,
,,,,,38823,364.87717,134,,,,,,,,
,,,,,38956,353.60193,133,,,,,,,,
,,,,,39000,,,-188.8573760986328,-1.6985950469970703,45.549407958984375,186.11419677734375,186.4613494873047,0.0003,0.0003,0.1
,,,,,39093,377.39252,137,,,,,,,,
,,,,,39242,361.90527,149,,,,,,,,
,,,,,39387,360.6556,145,,,,,,,,
,,,,,39514,343.43466,127,,,,,,,,
,,,,,39644,337.84528,130,,,,,,,,
,,,,,39776,361.92966,132,,,,,,,,
,,,,,39912,375.31726,136,,,,,,,,
357.73676,20.702496,390.5695,317.0547,131.4,40000,,,-188.6513214111328,-2.004713773727417,27.623220443725586,185.7765350341797,185.15875244140625,0.0003,0.0003,0.1
,,,,,40044,340.72882,132,,,,,,,,
,,,,,40190,393.02902,146,,,,,,,,
,,,,,40312,315.19794,122,,,,,,,,
,,,,,40458,415.02997,146,,,,,,,,
,,,,,40589,359.72888,131,,,,,,,,
,,,,,40705,303.2464,116,,,,,,,,
,,,,,40842,362.06897,137,,,,,,,,
,,,,,40984,380.74332,142,,,,,,,,
,,,,,41000,,,-195.5894012451172,-1.7874109745025635,156.9601593017578,191.8941650390625,193.93788146972656,0.0003,0.0003,0.1
,,,,,41117,348.13504,133,,,,,,,,
,,,,,41251,349.84253,134,,,,,,,,
,,,,,41385,356.99536,134,,,,,,,,
,,,,,41510,321.74536,125,,,,,,,,
,,,,,41632,303.48297,122,,,,,,,,
,,,,,41751,296.67148,119,,,,,,,,
,,,,,41876,313.2281,125,,,,,,,,
,,,,,41989,270.92157,113,,,,,,,,
,,,,,42000,,,-198.52085876464844,-1.8269532918930054,101.33855438232422,195.72486877441406,194.57225036621094,0.0003,0.0003,0.1
,,,,,42101,270.67462,112,,,,,,,,
,,,,,42216,284.4742,115,,,,,,,,
,,,,,42326,270.4815,110,,,,,,,,
,,,,,42452,348.69995,126,,,,,,,,
,,,,,42565,269.9839,113,,,,,,,,
,,,,,42674,257.3259,109,,,,,,,,
,,,,,42809,363.48636,135,,,,,,,,
,,,,,42928,292.14304,119,,,,,,,,
,,,,,43000,,,-198.14230346679688,-1.7524099349975586,6.34346866607666,195.7757568359375,196.16766357421875,0.0003,0.0003,0.1
,,,,,43053,285.46463,125,,,,,,,,
,,,,,43169,281.87958,116,,,,,,,,
,,,,,43293,334.89523,124,,,,,,,,
,,,,,43416,312.48703,123,,,,,,,,
,,,,,43545,341.00012,129,,,,,,,,
,,,,,43679,337.28952,134,,,,,,,,
,,,,,43822,360.0488,143,,,,,,,,
,,,,,43938,293.1304,116,,,,,,,,
,,,,,44000,,,-200.9049072265625,-2.088698148727417,21.88554573059082,195.81137084960938,196.17979431152344,0.0003,0.0003,0.1
,,,,,44090,359.64117,152,,,,,,,,
,,,,,44235,323.04135,145,,,,,,,,
,,,,,44363,306.43045,128,,,,,,,,
,,,,,44491,346.06226,128,,,,,,,,
,,,,,44622,357.49585,131,,,,,,,,
,,,,,44761,336.16693,139,,,,,,,,
,,,,,44874,284.93576,113,,,,,,,,
,,,,,44895,25.044113,21,,,,,,,,
300.0048,46.004208,361.32516,202.30074,121.5,45000,,,-205.63356018066406,-1.690144658088684,10.066865921020508,202.6621551513672,202.6727752685547,0.0003,0.0003,0.1
,,,,,45014,265.26184,119,,,,,,,,
,,,,,45145,300.36618,131,,,,,,,,
,,,,,45255,244.58969,110,,,,,,,,
,,,,,45392,325.70676,137,,,,,,,,
,,,,,45528,349.66156,136,,,,,,,,
,,,,,45635,241.19533,107,,,,,,,,
,,,,,45756,297.44727,121,,,,,,,,
,,,,,45877,305.49026,121,,,,,,,,
,,,,,45992,261.77985,115,,,,,,,,
,,,,,46000,,,-201.13427734375,-2.0080134868621826,21.277481079101562,198.7057647705078,198.80319213867188,0.0003,0.0003,0.1
,,,,,46130,324.36246,138,,,,,,,,
,,,,,46259,332.82816,129,,,,,,,,
,,,,,46388,318.25507,129,,,,,,,,
,,,,,46506,274.29285,118,,,,,,,,
,,,,,46637,325.81918,131,,,,,,,,
,,,,,46780,349.86734,143,,,,,,,,
,,,,,46913,323.5042,133,,,,,,,,
,,,,,47000,,,-203.24295043945312,-2.141368865966797,7.6574015617370605,200.0807342529297,200.44357299804688,0.0003,0.0003,0.1
,,,,,47045,356.6992,132,,,,,,,,
,,,,,47179,361.47992,134,,,,,,,,
,,,,,47304,356.19006,125,,,,,,,,
,,,,,47449,390.15768,145,,,,,,,,
,,,,,47572,312.67548,123,,,,,,,,
,,,,,47707,376.2612,135,,,,,,,,
,,,,,47836,353.55737,129,,,,,,,,
,,,,,47939,251.90466,103,,,,,,,,
,,,,,48000,,,-209.61122131347656,-1.762872338294983,24.89478302001953,206.78347778320312,206.99874877929688,0.0003,0.0003,0.1
,,,,,48043,255.26881,104,,,,,,,,
,,,,,48179,341.96436,136,,,,,,,,
,,,,,48325,381.75046,146,,,,,,,,
,,,,,48456,332.9609,131,,,,,,,,
,,,,,48585,304.33102,129,,,,,,,,
,,,,,48708,324.58795,123,,,,,,,,
,,,,,48825,257.82492,117,,,,,,,,
,,,,,48958,383.65167,133,,,,,,,,
,,,,,49000,,,-210.5522003173828,-2.123276948928833,11.942134857177734,205.677978515625,205.9796142578125,0.0003,0.0003,0.1
,,,,,49102,385.04587,144,,,,,,,,
,,,,,49207,267.73642,105,,,,,,,,
,,,,,49348,346.1489,141,,,,,,,,
,,,,,49491,364.92877,143,,,,,,,,
,,,,,49628,368.01956,137,,,,,,,,
,,,,,49759,358.9303,131,,,,,,,,
,,,,,49879,304.91193,120,,,,,,,,
329.7281,22.179718,363.70944,287.34866,129.3,50000,,,-207.7437744140625,-2.1728975772857666,26.345947265625,202.36581420898438,202.46568298339844,0.0003,0.0003,0.1
,,,,,50012,351.92743,133,,,,,,,,
,,,,,50133,318.53223,121,,,,,,,,
,,,,,50263,318.8675,130,,,,,,,,
,,,,,50389,310.40576,126,,,,,,,,
,,,,,50514,309.7057,125,,,,,,,,
,,,,,50645,325.86935,131,,,,,,,,
,,,,,50774,329.13956,129,,,,,,,,
,,,,,50917,358.51608,143,,,,,,,,
,,,,,51000,,,-213.042724609375,-1.7364534139633179,122.9468994140625,210.96249389648438,208.8377685546875,0.0003,0.0003,0.1
,,,,,51052,333.06232,135,,,,,,,,
,,,,,51178,299.97113,126,,,,,,,,
,,,,,51313,313.6834,135,,,,,,,,
,,,,,51451,331.95273,138,,,,,,,,
,,,,,51585,353.54465,134,,,,,,,,
,,,,,51705,280.77448,120,,,,,,,,
,,,,,51836,309.1969,131,,,,,,,,
,,,,,51964,305.545,128,,,,,,,,
,,,,,52000,,,-209.54425048828125,-1.3323907852172852,26.944448471069336,207.93502807617188,207.83798217773438,0.0003,0.0003,0.1
,,,,,52102,332.02463,138,,,,,,,,
,,,,,52237,338.22012,135,,,,,,,,
,,,,,52370,321.18533,133,,,,,,,,
,,,,,52499,310.2397,129,,,,,,,,
,,,,,52629,314.7518,130,,,,,,,,
,,,,,52770,331.14178,141,,,,,,,,
,,,,,52902,351.26218,132,,,,,,,,
,,,,,53000,,,-211.28599548339844,-2.000643253326416,16.864959716796875,208.84141540527344,208.93551635742188,0.0003,0.0003,0.1
,,,,,53030,314.63254,128,,,,,,,,
,,,,,53157,308.88974,127,,,,,,,,
,,,,,53303,338.3122,146,,,,,,,,
,,,,,53437,319.02832,134,,,,,,,,
,,,,,53562,295.12238,125,,,,,,,,
,,,,,53697,333.90897,135,,,,,,,,
,,,,,53830,286.27332,133,,,,,,,,
,,,,,53975,375.935,145,,,,,,,,
,,,,,54000,,,-216.1083526611328,-1.9243286848068237,43.02108383178711,212.87332153320312,212.23643493652344,0.0003,0.0003,0.1
,,,,,54128,343.49164,153,,,,,,,,
,,,,,54255,346.74615,127,,,,,,,,
,,,,,54283,43.23377,28,,,,,,,,
,,,,,54397,312.1228,114,,,,,,,,
,,,,,54526,355.27084,129,,,,,,,,
,,,,,54635,241.05966,109,,,,,,,,
,,,,,54664,33.59836,29,,,,,,,,
,,,,,54821,332.1323,157,,,,,,,,
,,,,,54988,529.6255,167,,,,,,,,
334.98605,23.13044,375.95456,306.66397,134.9,55000,,,-213.02015686035156,-2.1115682125091553,7.139941215515137,206.91412353515625,207.22711181640625,0.0003,0.0003,0.1
,,,,,55118,363.08774,130,,,,,,,,
,,,,,55249,376.84006,131,,,,,,,,
,,,,,55389,402.61642,140,,,,,,,,
,,,,,55513,275.11984,124,,,,,,,,
,,,,,55643,280.15445,130,,,,,,,,
,,,,,55766,275.51883,123,,,,,,,,
,,,,,55904,314.334,138,,,,,,,,
,,,,,56000,,,-221.49615478515625,-1.5174386501312256,13.686676025390625,217.72059631347656,218.1992950439453,0.0003,0.0003,0.1
,,,,,56032,350.041,128,,,,,,,,
,,,,,56159,300.98734,127,,,,,,,,
,,,,,56293,353.04648,134,,,,,,,,
,,,,,56429,313.84213,136,,,,,,,,
,,,,,56564,387.98114,135,,,,,,,,
,,,,,56660,226.25108,96,,,,,,,,
,,,,,56795,371.77014,135,,,,,,,,
,,,,,56928,331.2437,133,,,,,,,,
,,,,,57000,,,-212.11068725585938,-1.914378046989441,95.57044219970703,207.76101684570312,207.68264770507812,0.0003,0.0003,0.1
,,,,,57063,358.92682,135,,,,,,,,
,,,,,57179,267.94846,116,,,,,,,,
,,,,,57306,361.35104,127,,,,,,,,
,,,,,57450,402.7827,144,,,,,,,,
,,,,,57599,329.63486,149,,,,,,,,
,,,,,57729,341.9698,130,,,,,,,,
,,,,,57862,333.99936,133,,,,,,,,
,,,,,57996,354.109,134,,,,,,,,
,,,,,58000,,,-213.8359375,-1.762686014175415,58.56154251098633,209.52838134765625,210.98704528808594,0.0003,0.0003,0.1
,,,,,58133,369.37747,137,,,,,,,,
,,,,,58165,55.05605,32,,,,,,,,
,,,,,58298,357.43704,133,,,,,,,,
,,,,,58429,334.5175,131,,,,,,,,
,,,,,58562,354.221,133,,,,,,,,
,,,,,58595,57.249996,33,,,,,,,,
,,,,,58730,364.67526,135,,,,,,,,
,,,,,58866,381.67862,136,,,,,,,,
,,,,,59000,,,-206.7227020263672,-1.9805082082748413,111.72178649902344,202.94677734375,202.09950256347656,0.0003,0.0003,0.1
,,,,,59004,351.78043,138,,,,,,,,
,,,,,59141,384.26865,137,,,,,,,,
,,,,,59281,382.02518,140,,,,,,,,
,,,,,59413,317.1313,132,,,,,,,,
,,,,,59552,372.9131,139,,,,,,,,
,,,,,59693,367.90298,141,,,,,,,,
,,,,,59846,332.83688,153,,,,,,,,
,,,,,59989,318.07565,143,,,,,,,,
517.4395,243.58862,989.063,330.5969,347.1,60000,,,-212.983154296875,-1.9161875247955322,16.602949142456055,209.33688354492188,209.46087646484375,0.0003,0.0003,0.1
,,,,,60173,426.0381,184,,,,,,,,
,,,,,60512,523.375,339,,,,,,,,
,,,,,60644,361.28442,132,,,,,,,,
,,,,,60785,306.73907,141,,,,,,,,
,,,,,60922,391.8399,137,,,,,,,,
,,,,,61000,,,-213.59152221679688,-2.0595827102661133,6.307796478271484,208.03851318359375,208.19532775878906,0.0003,0.0003,0.1
,,,,,61061,383.6412,139,,,,,,,,
,,,,,61203,399.07175,142,,,,,,,,
,,,,,61349,412.0263,146,,,,,,,,
,,,,,61477,360.33575,128,,,,,,,,
,,,,,61604,323.05713,127,,,,,,,,
,,,,,61745,408.70435,141,,,,,,,,
,,,,,61853,247.23451,108,,,,,,,,
,,,,,61998,410.07895,145,,,,,,,,
,,,,,62000,,,-219.78941345214844,-2.2818331718444824,45.51009750366211,216.25289916992188,215.6810302734375,0.0003,0.0003,0.1
,,,,,62142,397.6511,144,,,,,,,,
,,,,,62277,361.8057,135,,,,,,,,
,,,,,62424,426.30032,147,,,,,,,,
,,,,,62558,373.50607,134,,,,,,,,
,,,,,62697,362.05423,139,,,,,,,,
,,,,,62801,248.20438,104,,,,,,,,
,,,,,62910,255.70265,109,,,,,,,,
,,,,,63000,,,-213.27899169921875,-1.9931126832962036,10.132450103759766,210.34393310546875,210.2892303466797,0.0003,0.0003,0.1
,,,,,63047,353.83575,137,,,,,,,,
,,,,,63181,352.48328,134,,,,,,,,
,,,,,63315,349.71127,134,,,,,,,,
,,,,,63452,346.14645,137,,,,,,,,
,,,,,63595,402.9333,143,,,,,,,,
,,,,,63727,322.28302,132,,,,,,,,
,,,,,63871,385.4193,144,,,,,,,,
,,,,,64000,,,-218.413330078125,-1.6269359588623047,10.107762336730957,215.79559326171875,214.9803466796875,0.0003,0.0003,0.1
,,,,,64008,348.068,137,,,,,,,,
,,,,,64150,384.0507,142,,,,,,,,
,,,,,64256,249.93398,106,,,,,,,,
,,,,,64390,306.00046,134,,,,,,,,
,,,,,64524,336.3,134,,,,,,,,
,,,,,64661,365.89468,137,,,,,,,,
,,,,,64808,412.39597,147,,,,,,,,
,,,,,64945,358.35632,137,,,,,,,,
337.62714,20.671701,388.53964,302.67108,141.1,65000,,,-212.6553192138672,-2.0164129734039307,15.918222427368164,209.193359375,209.40496826171875,0.0003,0.0003,0.1
,,,,,65084,387.19904,139,,,,,,,,
,,,,,65231,342.5215,147,,,,,,,,
,,,,,65378,412.05807,147,,,,,,,,
,,,,,65497,282.53262,119,,,,,,,,
,,,,,65643,420.86295,146,,,,,,,,
,,,,,65787,398.19998,144,,,,,,,,
,,,,,65930,408.79715,143,,,,,,,,
,,,,,66000,,,-215.65289306640625,-2.2845826148986816,7.386678218841553,210.35421752929688,210.39627075195312,0.0003,0.0003,0.1
,,,,,66078,423.9543,148,,,,,,,,
,,,,,66220,363.03592,142,,,,,,,,
,,,,,66361,403.62592,141,,,,,,,,
,,,,,66496,379.861,135,,,,,,,,
,,,,,66624,338.27512,128,,,,,,,,
,,,,,66762,336.06818,138,,,,,,,,
,,,,,66903,411.3809,141,,,,,,,,
,,,,,67000,,,-219.69898986816406,-1.8849331140518188,7.640774250030518,216.95895385742188,217.10691833496094,0.0003,0.0003,0.1
,,,,,67045,412.48264,142,,,,,,,,
,,,,,67189,410.34872,144,,,,,,,,
,,,,,67327,391.1719,138,,,,,,,,
,,,,,67470,424.58838,143,,,,,,,,
,,,,,67604,324.15872,134,,,,,,,,
,,,,,67749,427.16534,145,,,,,,,,
,,,,,67890,408.43613,141,,,,,,,,
,,,,,68000,,,-209.16561889648438,-2.29355788230896,6.333446502685547,206.3314208984375,206.2839813232422,0.0003,0.0003,0.1
,,,,,68028,360.84238,138,,,,,,,,
,,,,,68169,418.20328,141,,,,,,,,
,,,,,68325,467.95203,156,,,,,,,,
,,,,,68453,318.3528,128,,,,,,,,
,,,,,68591,391.81735,138,,,,,,,,
,,,,,68735,418.2316,144,,,,,,,,
,,,,,68873,392.4458,138,,,,,,,,
,,,,,68970,230.6815,97,,,,,,,,
,,,,,69000,,,-214.4559783935547,-2.1100170612335205,32.876407623291016,211.5384063720703,211.69583129882812,0.0003,0.0003,0.1
,,,,,69074,248.45587,104,,,,,,,,
,,,,,69206,362.7211,132,,,,,,,,
,,,,,69307,253.73828,101,,,,,,,,
,,,,,69414,267.62704,107,,,,,,,,
,,,,,69553,401.62976,139,,,,,,,,
,,,,,69695,409.6172,142,,,,,,,,
,,,,,69839,410.60437,144,,,,,,,,
,,,,,69976,395.6025,137,,,,,,,,
396.17145,32.568665,429.85733,329.30447,142.1,70000,,,-213.0303192138672,-1.8116240501403809,8.101956367492676,211.7500457763672,211.59207153320312,0.0003,0.0003,0.1
,,,,,70113,392.6173,137,,,,,,,,
,,,,,70258,414.12228,145,,,,,,,,
,,,,,70397,397.30692,139,,,,,,,,
,,,,,70536,396.79062,139,,,,,,,,
,,,,,70658,323.37067,122,,,,,,,,
,,,,,70797,390.70404,139,,,,,,,,
,,,,,70940,412.04956,143,,,,,,,,
,,,,,71000,,,-213.5118408203125,-2.0035383701324463,4.247612953186035,210.046875,210.05943298339844,0.0003,0.0003,0.1
,,,,,71072,357.21518,132,,,,,,,,
,,,,,71207,368.40475,135,,,,,,,,
,,,,,71365,483.50415,158,,,,,,,,
,,,,,71533,498.94986,168,,,,,,,,
,,,,,71671,401.9571,138,,,,,,,,
,,,,,71831,457.95807,160,,,,,,,,
,,,,,71967,376.9395,136,,,,,,,,
,,,,,72000,,,-216.5261993408203,-2.1507930755615234,6.971065521240234,215.0626220703125,215.4885711669922,0.0003,0.0003,0.1
,,,,,72100,366.37173,133,,,,,,,,
,,,,,72231,343.15848,131,,,,,,,,
,,,,,72367,393.0926,136,,,,,,,,
,,,,,72493,327.88297,126,,,,,,,,
,,,,,72620,330.6517,127,,,,,,,,
,,,,,72754,367.62225,134,,,,,,,,
,,,,,72881,338.44186,127,,,,,,,,
,,,,,73000,,,-210.3379364013672,-1.9038007259368896,4.632513046264648,208.95858764648438,209.09292602539062,0.0003,0.0003,0.1
,,,,,73016,362.55865,135,,,,,,,,
,,,,,73145,358.29535,129,,,,,,,,
,,,,,73275,347.02618,130,,,,,,,,
,,,,,73408,368.27734,133,,,,,,,,
,,,,,73514,240.7447,106,,,,,,,,
,,,,,73638,318.86255,124,,,,,,,,
,,,,,73774,384.5122,136,,,,,,,,
,,,,,73900,315.83838,126,,,,,,,,
,,,,,74000,,,-216.1207275390625,-2.2974724769592285,12.195834159851074,212.41854858398438,211.6904296875,0.0003,0.0003,0.1
,,,,,74032,344.11768,132,,,,,,,,
,,,,,74163,362.35626,131,,,,,,,,
,,,,,74288,316.2052,125,,,,,,,,
,,,,,74425,366.84003,137,,,,,,,,
,,,,,74559,354.66916,134,,,,,,,,
,,,,,74661,231.85455,102,,,,,,,,
,,,,,74769,246.4779,108,,,,,,,,
,,,,,74901,366.36,132,,,,,,,,
414.08942,99.84206,537.397,238.4359,143.3,75000,,,-209.8177490234375,-2.171891212463379,22.167938232421875,205.06353759765625,205.16058349609375,0.0003,0.0003,0.1
,,,,,75012,276.1698,111,,,,,,,,
,,,,,75177,522.0079,165,,,,,,,,
,,,,,75323,392.564,146,,,,,,,,
,,,,,75473,435.6332,150,,,,,,,,
,,,,,75578,262.50226,105,,,,,,,,
,,,,,75712,349.91058,134,,,,,,,,
,,,,,75861,405.53867,149,,,,,,,,
,,,,,76000,,,-215.89532470703125,-2.4138221740722656,21.793420791625977,212.60751342773438,213.1000518798828,0.0003,0.0003,0.1
,,,,,76007,392.46573,146,,,,,,,,
,,,,,76159,395.18408,152,,,,,,,,
,,,,,76263,233.25127,104,,,,,,,,
,,,,,76412,392.79337,149,,,,,,,,
,,,,,76562,399.01718,150,,,,,,,,
,,,,,76710,383.284,148,,,,,,,,
,,,,,76828,287.29987,118,,,,,,,,
,,,,,76984,412.1777,156,,,,,,,,
,,,,,77000,,,-208.87667846679688,-2.6251282691955566,10.085531234741211,205.60989379882812,205.78594970703125,0.0003,0.0003,0.1
,,,,,77135,412.44946,151,,,,,,,,
,,,,,77293,410.0738,158,,,,,,,,
,,,,,77393,231.68002,100,,,,,,,,
,,,,,77545,400.6501,152,,,,,,,,
,,,,,77670,297.79117,125,,,,,,,,
,,,,,77823,390.37793,153,,,,,,,,
,,,,,77935,285.1193,112,,,,,,,,
,,,,,78000,,,-215.26734924316406,-2.211791515350342,5.830305099487305,212.67245483398438,213.2945556640625,0.0003,0.0003,0.1
,,,,,78071,319.27722,136,,,,,,,,
,,,,,78213,314.07492,142,,,,,,,,
,,,,,78356,326.30737,143,,,,,,,,
,,,,,78476,279.4473,120,,,,,,,,
,,,,,78611,317.8825,135,,,,,,,,
,,,,,78734,285.35043,123,,,,,,,,
,,,,,78889,358.27472,155,,,,,,,,
,,,,,79000,,,-211.13510131835938,-2.4786417484283447,13.260229110717773,207.3199462890625,207.33135986328125,0.0003,0.0003,0.1
,,,,,79018,292.9735,129,,,,,,,,
,,,,,79151,325.85754,133,,,,,,,,
,,,,,79323,446.92075,172,,,,,,,,
,,,,,79450,288.65887,127,,,,,,,,
,,,,,79590,317.2261,140,,,,,,,,
,,,,,79750,485.61014,160,,,,,,,,
,,,,,79882,306.1091,132,,,,,,,,
384.93463,23.33937,425.81674,349.4974,153.2,80000,,,-215.47117614746094,-2.478639602661133,6.290736198425293,211.7838134765625,211.84841918945312,0.0003,0.0003,0.1
,,,,,80008,285.09097,126,,,,,,,,
,,,,,80135,289.04797,127,,,,,,,,
,,,,,80263,299.0544,128,,,,,,,,
,,,,,80405,404.68488,142,,,,,,,,
,,,,,80546,324.73618,141,,,,,,,,
,,,,,80700,394.83002,154,,,,,,,,
,,,,,80833,314.5934,133,,,,,,,,
,,,,,80971,327.9248,138,,,,,,,,
,,,,,81000,,,-217.45082092285156,-1.7709705829620361,10.376900672912598,214.9592742919922,214.99737548828125,0.0003,0.0003,0.1
,,,,,81098,286.135,127,,,,,,,,
,,,,,81230,316.30533,132,,,,,,,,
,,,,,81368,357.0931,138,,,,,,,,
,,,,,81423,97.15259,55,,,,,,,,
,,,,,81571,390.56,148,,,,,,,,
,,,,,81697,296.6779,126,,,,,,,,
,,,,,81836,343.51498,139,,,,,,,,
,,,,,81984,407.70575,148,,,,,,,,
,,,,,82000,,,-210.37188720703125,-2.3293581008911133,10.179110527038574,204.18463134765625,204.22650146484375,0.0003,0.0003,0.1
,,,,,82134,431.94113,150,,,,,,,,
,,,,,82272,354.81143,138,,,,,,,,
,,,,,82406,349.50418,134,,,,,,,,
,,,,,82541,332.1617,135,,,,,,,,
,,,,,82670,307.14383,129,,,,,,,,
,,,,,82815,400.35193,145,,,,,,,,
,,,,,82964,394.7734,149,,,,,,,,
,,,,,83000,,,-219.2943115234375,-2.0993669033050537,7.367032051086426,215.6541748046875,215.56314086914062,0.0003,0.0003,0.1
,,,,,83109,377.33707,145,,,,,,,,
,,,,,83249,373.36633,140,,,,,,,,
,,,,,83403,425.56476,154,,,,,,,,
,,,,,83556,454.93863,153,,,,,,,,
,,,,,83691,346.4763,135,,,,,,,,
,,,,,83837,432.0106,146,,,,,,,,
,,,,,83978,378.47998,141,,,,,,,,
,,,,,84000,,,-212.9104766845703,-1.729671597480774,9.307357788085938,209.53823852539062,209.59796142578125,0.0003,0.0003,0.1
,,,,,84110,369.52676,132,,,,,,,,
,,,,,84250,370.85892,140,,,,,,,,
,,,,,84394,425.10355,144,,,,,,,,
,,,,,84538,396.68118,144,,,,,,,,
,,,,,84671,378.42374,133,,,,,,,,
,,,,,84801,362.89987,130,,,,,,,,
,,,,,84943,391.0045,142,,,,,,,,
394.75528,9.281263,410.8036,382.37372,141.3,85000,,,-212.8516082763672,-2.0400099754333496,12.11750602722168,210.88699340820312,211.1060791015625,0.0003,0.0003,0.1
,,,,,85083,381.30905,140,,,,,,,,
,,,,,85226,402.35095,143,,,,,,,,
,,,,,85370,408.57486,144,,,,,,,,
,,,,,85520,424.01593,150,,,,,,,,
,,,,,85658,382.90164,138,,,,,,,,
,,,,,85781,318.32718,123,,,,,,,,
,,,,,85914,347.49222,133,,,,,,,,
,,,,,86000,,,-214.47474670410156,-1.8785070180892944,6.323509216308594,211.89434814453125,211.53616333007812,0.0003,0.0003,0.1
,,,,,86054,386.37305,140,,,,,,,,
,,,,,86180,316.1667,126,,,,,,,,
,,,,,86322,363.7866,142,,,,,,,,
,,,,,86468,380.39978,146,,,,,,,,
,,,,,86590,298.6477,122,,,,,,,,
,,,,,86716,315.3055,126,,,,,,,,
,,,,,86857,386.29037,141,,,,,,,,
,,,,,86999,383.20615,142,,,,,,,,
,,,,,87000,,,-208.7316131591797,-2.03633451461792,5.4934563636779785,207.0474853515625,207.19683837890625,0.0003,0.0003,0.1
,,,,,87126,323.5873,127,,,,,,,,
,,,,,87282,465.5576,156,,,,,,,,
,,,,,87294,12.316599,12,,,,,,,,
,,,,,87432,365.84448,138,,,,,,,,
,,,,,87577,385.5011,145,,,,,,,,
,,,,,87674,205.74359,97,,,,,,,,
,,,,,87813,356.9752,139,,,,,,,,
,,,,,87963,396.1889,150,,,,,,,,
,,,,,88000,,,-212.0877685546875,-1.5467029809951782,8.471430778503418,209.81295776367188,209.64712524414062,0.0003,0.0003,0.1
,,,,,88122,476.98444,159,,,,,,,,
,,,,,88251,320.56418,129,,,,,,,,
,,,,,88378,317.7063,127,,,,,,,,
,,,,,88522,352.98663,144,,,,,,,,
,,,,,88656,345.98203,134,,,,,,,,
,,,,,88805,367.5293,149,,,,,,,,
,,,,,88948,373.7102,143,,,,,,,,
,,,,,89000,,,-218.25686645507812,-1.8936164379119873,9.646930694580078,215.70159912109375,215.20736694335938,0.0003,0.0003,0.1
,,,,,89100,400.80023,152,,,,,,,,
,,,,,89251,387.10873,151,,,,,,,,
,,,,,89407,399.48074,156,,,,,,,,
,,,,,89511,207.434,104,,,,,,,,
,,,,,89686,529.11115,175,,,,,,,,
,,,,,89824,373.6622,138,,,,,,,,
,,,,,89975,345.18582,151,,,,,,,,
368.77216,36.86377,430.18527,324.5854,142.9,90000,,,-215.81996154785156,-1.9139426946640015,12.620584487915039,214.28424072265625,213.700927734375,0.0003,0.0003,0.1
,,,,,90116,352.01254,141,,,,,,,,
,,,,,90262,355.5304,146,,,,,,,,
,,,,,90412,412.79388,150,,,,,,,,
,,,,,90562,398.3445,150,,,,,,,,
,,,,,90692,327.92392,130,,,,,,,,
,,,,,90847,418.23788,155,,,,,,,,
,,,,,90996,397.39554,149,,,,,,,,
,,,,,91000,,,-216.72421264648438,-2.183281183242798,17.920398712158203,211.57550048828125,211.37322998046875,0.0003,0.0003,0.1
,,,,,91161,465.67786,165,,,,,,,,
,,,,,91309,394.36035,148,,,,,,,,
,,,,,91457,400.66052,148,,,,,,,,
,,,,,91606,399.5511,149,,,,,,,,
,,,,,91749,382.4444,143,,,,,,,,
,,,,,91897,396.12103,148,,,,,,,,
,,,,,92000,,,-214.73292541503906,-2.10796856880188,6.664066314697266,212.16287231445312,212.51858520507812,0.0003,0.0003,0.1
,,,,,92052,398.71396,155,,,,,,,,
,,,,,92221,464.6675,169,,,,,,,,
,,,,,92400,512.4819,179,,,,,,,,
,,,,,92560,433.45663,160,,,,,,,,
,,,,,92693,322.14487,133,,,,,,,,
,,,,,92859,451.36087,166,,,,,,,,
,,,,,93000,,,-213.9519500732422,-2.388685464859009,23.661603927612305,211.60986328125,211.27975463867188,0.0003,0.0003,0.1
,,,,,93015,419.31903,156,,,,,,,,
,,,,,93159,387.02283,144,,,,,,,,
,,,,,93292,343.25565,133,,,,,,,,
,,,,,93427,379.91498,135,,,,,,,,
,,,,,93583,400.73248,156,,,,,,,,
,,,,,93746,461.00247,163,,,,,,,,
,,,,,93883,341.59198,137,,,,,,,,
,,,,,94000,,,-219.08544921875,-1.930006980895996,4.965674877166748,217.73873901367188,217.72247314453125,0.0003,0.0003,0.1
,,,,,94022,362.42856,139,,,,,,,,
,,,,,94176,413.84677,154,,,,,,,,
,,,,,94326,418.7518,150,,,,,,,,
,,,,,94490,452.5798,164,,,,,,,,
,,,,,94658,470.7426,168,,,,,,,,
,,,,,94809,441.77063,151,,,,,,,,
,,,,,94978,451.61633,169,,,,,,,,
414.39337,22.012531,451.66418,371.61517,156.3,95000,,,-214.1051025390625,-2.249415874481201,10.557109832763672,213.0808563232422,212.71788024902344,0.0003,0.0003,0.1
,,,,,95130,396.44043,152,,,,,,,,
,,,,,95257,317.53174,127,,,,,,,,
,,,,,95421,427.43484,164,,,,,,,,
,,,,,95580,420.808,159,,,,,,,,
,,,,,95734,395.4731,154,,,,,,,,
,,,,,95890,376.16248,156,,,,,,,,
,,,,,96000,,,-213.0875244140625,-2.4910354614257812,6.077718257904053,208.69296264648438,208.55068969726562,0.0003,0.0003,0.1
,,,,,96048,400.053,158,,,,,,,,
,,,,,96209,412.43024,161,,,,,,,,
,,,,,96355,339.35397,146,,,,,,,,
,,,,,96492,342.82214,137,,,,,,,,
,,,,,96640,378.76413,148,,,,,,,,
,,,,,96782,349.3487,142,,,,,,,,
,,,,,96931,378.73538,149,,,,,,,,
,,,,,97000,,,-221.3907470703125,-1.9635752439498901,6.596457004547119,219.9266357421875,220.1978759765625,0.0003,0.0003,0.1
,,,,,97074,359.87744,143,,,,,,,,
,,,,,97218,352.8256,144,,,,,,,,
,,,,,97376,410.44577,158,,,,,,,,
,,,,,97533,414.0135,157,,,,,,,,
,,,,,97684,405.2089,151,,,,,,,,
,,,,,97850,469.3372,166,,,,,,,,
,,,,,98000,,,-218.7955322265625,-1.9312429428100586,7.748394966125488,217.3338623046875,217.3507080078125,0.0003,0.0003,0.1
,,,,,98011,447.6023,161,,,,,,,,
,,,,,98186,493.4086,175,,,,,,,,
,,,,,98283,190.46497,97,,,,,,,,
,,,,,98451,468.6888,168,,,,,,,,
,,,,,98633,527.68463,182,,,,,,,,
,,,,,98800,509.73,167,,,,,,,,
,,,,,98975,485.6037,175,,,,,,,,
,,,,,99000,,,-217.04116821289062,-2.1519432067871094,7.67348575592041,215.12030029296875,215.3914794921875,0.0003,0.0003,0.1
,,,,,99141,476.93677,166,,,,,,,,
,,,,,99322,567.4172,181,,,,,,,,
,,,,,99499,517.35406,177,,,,,,,,
,,,,,99656,432.09543,157,,,,,,,,
,,,,,99827,525.86804,171,,,,,,,,
505.5341,92.39476,697.0935,389.13104,181.2,100000,,,-214.1448516845703,-1.8235702514648438,11.852561950683594,213.33399963378906,213.313232421875,0.0003,0.0003,0.1
,,,,,100008,507.4944,181,,,,,,,,
,,,,,100161,416.8858,153,,,,,,,,
,,,,,100311,403.5519,150,,,,,,,,
,,,,,100527,667.4033,216,,,,,,,,
,,,,,100753,709.8271,226,,,,,,,,
,,,,,100924,454.51678,171,,,,,,,,
,,,,,101000,,,-212.23916625976562,-1.8726677894592285,4.803133010864258,210.88555908203125,210.802734375,0.0003,0.0003,0.1
,,,,,101118,541.7151,194,,,,,,,,
,,,,,101343,687.961,225,,,,,,,,
,,,,,101543,567.0701,200,,,,,,,,
,,,,,101757,631.5701,214,,,,,,,,
,,,,,101966,632.5882,209,,,,,,,,
,,,,,102000,,,-218.857666015625,-1.783102035522461,9.948410987854004,215.72293090820312,216.32664489746094,0.0003,0.0003,0.1
,,,,,102161,538.06195,195,,,,,,,,
,,,,,102353,541.3424,192,,,,,,,,
,,,,,102541,540.1721,188,,,,,,,,
,,,,,102737,558.19226,196,,,,,,,,
,,,,,102922,557.4435,185,,,,,,,,
,,,,,103000,,,-221.30996704101562,-1.6708877086639404,7.2767181396484375,220.02503967285156,219.31362915039062,0.0003,0.0003,0.1
,,,,,103122,596.42596,200,,,,,,,,
,,,,,103304,510.16342,182,,,,,,,,
,,,,,103470,462.76065,166,,,,,,,,
,,,,,103651,525.833,181,,,,,,,,
,,,,,103827,522.12665,176,,,,,,,,
,,,,,104000,,,-226.27658081054688,-1.6309195756912231,6.988512992858887,223.9920654296875,224.22744750976562,0.0003,0.0003,0.1
,,,,,104019,549.4492,192,,,,,,,,
,,,,,104163,357.93793,144,,,,,,,,
,,,,,104330,451.73227,167,,,,,,,,
,,,,,104505,476.6591,175,,,,,,,,
,,,,,104649,396.9935,144,,,,,,,,
,,,,,104804,441.66162,155,,,,,,,,
,,,,,104974,471.2468,170,,,,,,,,
384.28806,228.79193,558.7852,29.564766,135.3,105000,,,-210.08367919921875,-2.218012571334839,12.776028633117676,206.72100830078125,206.12890625,0.0003,0.0003,0.1
,,,,,105147,496.38354,173,,,,,,,,
,,,,,105314,481.7451,167,,,,,,,,
,,,,,105463,457.6418,149,,,,,,,,
,,,,,105609,432.24283,146,,,,,,,,
,,,,,105783,500.31934,174,,,,,,,,
,,,,,105962,487.52582,179,,,,,,,,
,,,,,106000,,,-217.19529724121094,-1.9561907052993774,31.84522247314453,213.79080200195312,213.7578125,0.0003,0.0003,0.1
,,,,,106129,459.77982,167,,,,,,,,
,,,,,106261,319.31842,132,,,,,,,,
,,,,,106385,341.5601,124,,,,,,,,
,,,,,106513,363.82843,128,,,,,,,,
,,,,,106541,35.93055,28,,,,,,,,
,,,,,106669,365.3429,128,,,,,,,,
,,,,,106805,386.3355,136,,,,,,,,
,,,,,106944,383.452,139,,,,,,,,
,,,,,107000,,,-217.4288330078125,-1.9547076225280762,8.471348762512207,213.6947021484375,214.14300537109375,0.0003,0.0003,0.1
,,,,,107084,401.2847,140,,,,,,,,
,,,,,107212,365.46344,128,,,,,,,,
,,,,,107344,379.03543,132,,,,,,,,
,,,,,107492,390.17645,148,,,,,,,,
,,,,,107632,399.45703,140,,,,,,,,
,,,,,107778,392.1856,146,,,,,,,,
,,,,,107923,396.80316,145,,,,,,,,
,,,,,108000,,,-213.6745147705078,-2.0139265060424805,11.559188842773438,210.70135498046875,210.93072509765625,0.0003,0.0003,0.1
,,,,,108073,408.52112,150,,,,,,,,
,,,,,108221,403.25745,148,,,,,,,,
,,,,,108354,368.40323,133,,,,,,,,
,,,,,108491,395.34467,137,,,,,,,,
,,,,,108653,487.06384,162,,,,,,,,
,,,,,108782,336.4532,129,,,,,,,,
,,,,,108927,422.40558,145,,,,,,,,
,,,,,109000,,,-214.38607788085938,-2.2827014923095703,8.716804504394531,211.61322021484375,212.3865966796875,0.0003,0.0003,0.1
,,,,,109062,381.14203,135,,,,,,,,
,,,,,109244,516.47174,182,,,,,,,,
,,,,,109379,382.30972,135,,,,,,,,
,,,,,109534,490.86157,155,,,,,,,,
,,,,,109679,373.8758,145,,,,,,,,
,,,,,109851,554.5184,172,,,,,,,,
347.96112,143.56905,507.148,136.40721,128.5,110000,,,-214.42800903320312,-2.028876781463623,6.8533148765563965,211.999755859375,212.355224609375,0.0003,0.0003,0.1
,,,,,110027,527.89307,176,,,,,,,,
,,,,,110191,527.9124,164,,,,,,,,
,,,,,110330,397.40903,139,,,,,,,,
,,,,,110471,393.52295,141,,,,,,,,
,,,,,110641,443.67258,170,,,,,,,,
,,,,,110728,154.64792,87,,,,,,,,
,,,,,110888,478.28046,160,,,,,,,,
,,,,,111000,,,-220.77957153320312,-1.6967229843139648,13.027297019958496,219.518798828125,219.17120361328125,0.0003,0.0003,0.1
,,,,,111042,495.79422,154,,,,,,,,
,,,,,111185,327.4018,143,,,,,,,,
,,,,,111328,403.7245,143,,,,,,,,
,,,,,111481,384.02716,153,,,,,,,,
,,,,,111612,331.05682,131,,,,,,,,
,,,,,111744,341.3023,132,,,,,,,,
,,,,,111880,363.6448,136,,,,,,,,
,,,,,112000,,,-215.6487579345703,-2.0587358474731445,132.04483032226562,213.1436004638672,213.74420166015625,0.0003,0.0003,0.1
,,,,,112020,334.8675,140,,,,,,,,
,,,,,112171,415.93704,151,,,,,,,,
,,,,,112328,400.67615,157,,,,,,,,
,,,,,112491,459.16873,163,,,,,,,,
,,,,,112650,464.46814,159,,,,,,,,
,,,,,112819,490.9635,169,,,,,,,,
,,,,,112974,490.72998,155,,,,,,,,
,,,,,113000,,,-223.67739868164062,-2.014209747314453,6.656639575958252,221.27017211914062,220.6435546875,0.0003,0.0003,0.1
,,,,,113106,349.2169,132,,,,,,,,
,,,,,113264,500.8594,158,,,,,,,,
,,,,,113421,463.42422,157,,,,,,,,
,,,,,113550,299.1446,129,,,,,,,,
,,,,,113735,479.66742,185,,,,,,,,
,,,,,113874,329.92145,139,,,,,,,,
,,,,,114000,,,-219.5240478515625,-2.127507209777832,9.2903413772583,216.8640594482422,217.09130859375,0.0003,0.0003,0.1
,,,,,114035,392.11234,161,,,,,,,,
,,,,,114209,429.32425,174,,,,,,,,
,,,,,114399,553.1248,190,,,,,,,,
,,,,,114561,396.37677,162,,,,,,,,
,,,,,114734,476.00323,173,,,,,,,,
,,,,,114893,487.88425,159,,,,,,,,
423.5833,106.217445,526.0454,168.33452,163.7,115000,,,-212.26248168945312,-1.9384305477142334,6.648198127746582,209.43490600585938,209.6153106689453,0.0003,0.0003,0.1
,,,,,115049,352.75534,156,,,,,,,,
,,,,,115218,413.1374,169,,,,,,,,
,,,,,115417,524.857,199,,,,,,,,
,,,,,115597,451.9084,180,,,,,,,,
,,,,,115783,528.72577,186,,,,,,,,
,,,,,115954,423.80127,171,,,,,,,,
,,,,,116000,,,-223.27444458007812,-2.045954704284668,6.222618103027344,218.31591796875,218.34242248535156,0.0003,0.0003,0.1
,,,,,116116,404.1555,162,,,,,,,,
,,,,,116277,406.55875,161,,,,,,,,
,,,,,116432,356.57263,155,,,,,,,,
,,,,,116626,513.73096,194,,,,,,,,
,,,,,116829,544.8575,203,,,,,,,,
,,,,,116972,378.8395,143,,,,,,,,
,,,,,117000,,,-226.30458068847656,-2.0606822967529297,6.0593109130859375,224.02523803710938,224.015625,0.0003,0.0003,0.1
,,,,,117129,382.19528,157,,,,,,,,
,,,,,117308,483.25513,179,,,,,,,,
,,,,,117438,262.76172,130,,,,,,,,
,,,,,117613,454.97574,175,,,,,,,,
,,,,,117772,364.8434,159,,,,,,,,
,,,,,117972,432.22147,200,,,,,,,,
,,,,,118000,,,-223.69651794433594,-1.778430700302124,27.062206268310547,222.07542419433594,221.6119842529297,0.0003,0.0003,0.1
,,,,,118149,370.50348,177,,,,,,,,
,,,,,118296,279.91904,147,,,,,,,,
,,,,,118372,126.245056,76,,,,,,,,
,,,,,118569,408.46805,197,,,,,,,,
,,,,,118760,439.45065,191,,,,,,,,
,,,,,118963,496.91418,203,,,,,,,,
,,,,,119000,,,-228.68246459960938,-1.7801092863082886,9.144893646240234,225.47076416015625,226.05657958984375,0.0003,0.0003,0.1
,,,,,119090,252.22624,127,,,,,,,,
,,,,,119296,544.5309,206,,,,,,,,
,,,,,119449,310.32172,153,,,,,,,,
,,,,,119605,371.63333,156,,,,,,,,
,,,,,119826,616.6957,221,,,,,,,,
,,,,,119981,390.12772,155,,,,,,,,
403.85944,73.82555,587.55457,271.94644,168.2,120000,,,-220.412841796875,-2.407167911529541,12.988306045532227,219.1580810546875,218.94395446777344,0.0003,0.0003,0.1
,,,,,120204,577.41693,223,,,,,,,,
,,,,,120368,404.32013,164,,,,,,,,
,,,,,120518,362.59915,150,,,,,,,,
,,,,,120678,404.89633,160,,,,,,,,
,,,,,120821,336.2173,143,,,,,,,,
,,,,,120963,340.60855,142,,,,,,,,
,,,,,121000,,,-223.7484893798828,-1.941922903060913,5.307199001312256,222.31341552734375,221.8907470703125,0.0003,0.0003,0.1
,,,,,121061,190.75764,98,,,,,,,,
,,,,,121252,585.5733,191,,,,,,,,
,,,,,121435,559.0099,183,,,,,,,,
,,,,,121550,278.8516,115,,,,,,,,
,,,,,121654,199.58492,104,,,,,,,,
,,,,,121827,517.29517,173,,,,,,,,
,,,,,121945,274.3146,118,,,,,,,,
,,,,,122000,,,-224.33595275878906,-1.9180206060409546,10.113255500793457,222.8330078125,223.34617614746094,0.0003,0.0003,0.1
,,,,,122060,291.7176,115,,,,,,,,
,,,,,122189,344.95718,129,,,,,,,,
,,,,,122349,469.40207,160,,,,,,,,
,,,,,122513,476.8964,164,,,,,,,,
,,,,,122697,559.2223,184,,,,,,,,
,,,,,122856,496.86066,159,,,,,,,,
,,,,,123000,,,-229.21263122558594,-1.7213060855865479,5.854327201843262,226.33163452148438,226.74229431152344,0.0003,0.0003,0.1
,,,,,123020,495.16718,164,,,,,,,,
,,,,,123169,452.95386,149,,,,,,,,
,,,,,123326,469.22757,157,,,,,,,,
,,,,,123484,468.16156,158,,,,,,,,
,,,,,123647,496.70538,163,,,,,,,,
,,,,,123811,451.02234,164,,,,,,,,
,,,,,123974,461.71133,163,,,,,,,,
,,,,,124000,,,-224.6639862060547,-2.002931594848633,30.873889923095703,222.93325805664062,222.13597106933594,0.0003,0.0003,0.1
,,,,,124142,502.7033,168,,,,,,,,
,,,,,124304,478.42163,162,,,,,,,,
,,,,,124448,365.39102,144,,,,,,,,
,,,,,124600,397.80692,152,,,,,,,,
,,,,,124731,299.64032,131,,,,,,,,
,,,,,124893,512.783,162,,,,,,,,
395.51767,34.7141,445.37802,312.1941,148.5,125000,,,-214.8754119873047,-2.1354610919952393,15.2731351852417,211.25848388671875,211.2254180908203,0.0003,0.0003,0.1
,,,,,125045,392.17093,152,,,,,,,,
,,,,,125211,520.1098,166,,,,,,,,
,,,,,125366,458.61823,155,,,,,,,,
,,,,,125510,354.9431,144,,,,,,,,
,,,,,125670,453.49335,160,,,,,,,,
,,,,,125819,426.9194,149,,,,,,,,
,,,,,125967,412.4849,148,,,,,,,,
,,,,,126000,,,-226.40786743164062,-2.241154432296753,13.287732124328613,224.5516357421875,224.98736572265625,0.0003,0.0003,0.1
,,,,,126127,415.87338,160,,,,,,,,
,,,,,126290,482.87726,163,,,,,,,,
,,,,,126431,344.27228,141,,,,,,,,
,,,,,126622,578.9839,191,,,,,,,,
,,,,,126762,339.37625,140,,,,,,,,
,,,,,126900,407.05493,138,,,,,,,,
,,,,,127000,,,-220.85311889648438,-1.9668445587158203,43.65910339355469,217.79464721679688,218.37646484375,0.0003,0.0003,0.1
,,,,,127053,464.92355,153,,,,,,,,
,,,,,127201,386.23376,148,,,,,,,,
,,,,,127381,537.2457,180,,,,,,,,
,,,,,127540,511.35245,159,,,,,,,,
,,,,,127724,615.5737,184,,,,,,,,
,,,,,127879,470.91827,155,,,,,,,,
,,,,,128000,,,-224.7105255126953,-1.9173362255096436,6.422321796417236,223.347412109375,223.432861328125,0.0003,0.0003,0.1
,,,,,128071,589.9582,192,,,,,,,,
,,,,,128236,494.44772,165,,,,,,,,
,,,,,128390,444.89862,154,,,,,,,,
,,,,,128555,520.69916,165,,,,,,,,
,,,,,128717,502.09406,162,,,,,,,,
,,,,,128877,463.55634,160,,,,,,,,
,,,,,129000,,,-233.99093627929688,-1.7251254320144653,13.21646499633789,231.92123413085938,231.72979736328125,0.0003,0.0003,0.1
,,,,,129035,499.31128,158,,,,,,,,
,,,,,129187,454.12003,152,,,,,,,,
,,,,,129348,499.6722,161,,,,,,,,
,,,,,129533,582.20935,185,,,,,,,,
,,,,,129701,524.9144,168,,,,,,,,
,,,,,129866,481.44278,165,,,,,,,,
510.9161,12.690227,524.7559,485.3897,161.8,130000,,,-221.74514770507812,-2.1245694160461426,6.2185797691345215,220.03355407714844,220.00851440429688,0.0003,0.0003,0.1
,,,,,130040,556.3616,174,,,,,,,,
,,,,,130200,499.48138,160,,,,,,,,
,,,,,130382,557.9404,182,,,,,,,,
,,,,,130548,488.7328,166,,,,,,,,
,,,,,130716,530.0928,168,,,,,,,,
,,,,,130882,526.56995,166,,,,,,,,
,,,,,131000,,,-236.51712036132812,-1.85739004611969,27.570804595947266,233.10263061523438,232.2525177001953,0.0003,0.0003,0.1
,,,,,131048,512.46313,166,,,,,,,,
,,,,,131227,548.93115,179,,,,,,,,
,,,,,131386,493.965,159,,,,,,,,
,,,,,131544,494.1663,158,,,,,,,,
,,,,,131703,422.31897,159,,,,,,,,
,,,,,131897,604.03107,194,,,,,,,,
,,,,,132000,,,-228.3743896484375,-1.8519885540008545,76.61231994628906,224.78964233398438,225.819091796875,0.0003,0.0003,0.1
,,,,,132055,509.2912,158,,,,,,,,
,,,,,132225,538.6731,170,,,,,,,,
,,,,,132388,516.4853,163,,,,,,,,
,,,,,132548,498.79675,160,,,,,,,,
,,,,,132757,637.4807,209,,,,,,,,
,,,,,132909,441.3798,152,,,,,,,,
,,,,,133000,,,-231.5233612060547,-1.8684213161468506,14.488811492919922,229.3057861328125,228.77194213867188,0.0003,0.0003,0.1
,,,,,133081,509.38846,172,,,,,,,,
,,,,,133240,501.2361,159,,,,,,,,
,,,,,133394,468.5053,154,,,,,,,,
,,,,,133584,644.9022,190,,,,,,,,
,,,,,133772,643.05334,188,,,,,,,,
,,,,,133929,480.72043,157,,,,,,,,
,,,,,134000,,,-224.20465087890625,-2.573986291885376,9.319657325744629,222.55181884765625,222.4155731201172,0.0003,0.0003,0.1
,,,,,134092,505.7793,163,,,,,,,,
,,,,,134257,505.29874,165,,,,,,,,
,,,,,134417,494.6554,160,,,,,,,,
,,,,,134594,600.61597,177,,,,,,,,
,,,,,134753,509.32346,159,,,,,,,,
,,,,,134923,548.57623,170,,,,,,,,
521.3431,101.83788,640.8338,249.85078,169.5,135000,,,-223.86244201660156,-2.295088768005371,7.799162864685059,219.77978515625,219.58242797851562,0.0003,0.0003,0.1
,,,,,135060,381.11264,137,,,,,,,,
,,,,,135237,573.2901,177,,,,,,,,
,,,,,135407,531.74567,170,,,,,,,,
,,,,,135528,301.81097,121,,,,,,,,
,,,,,135695,523.79425,167,,,,,,,,
,,,,,135887,663.95026,192,,,,,,,,
,,,,,136000,,,-219.72991943359375,-2.2012510299682617,9.19134521484375,217.4461669921875,216.97511291503906,0.0003,0.0003,0.1
,,,,,136052,493.19284,165,,,,,,,,
,,,,,136231,575.9751,179,,,,,,,,
,,,,,136375,383.25378,144,,,,,,,,
,,,,,136561,574.9521,186,,,,,,,,
,,,,,136717,445.25842,156,,,,,,,,
,,,,,136877,448.11923,160,,,,,,,,
,,,,,137000,,,-227.3326873779297,-1.9617301225662231,7.933321952819824,225.96841430664062,226.54031372070312,0.0003,0.0003,0.1
,,,,,137073,626.82996,196,,,,,,,,
,,,,,137261,588.3525,188,,,,,,,,
,,,,,137460,624.5768,199,,,,,,,,
,,,,,137626,472.21558,166,,,,,,,,
,,,,,137825,632.8158,199,,,,,,,,
,,,,,138000,,,-227.8596649169922,-2.3033180236816406,12.507963180541992,225.8502655029297,226.18426513671875,0.0003,0.0003,0.1
,,,,,138029,631.4387,204,,,,,,,,
,,,,,138247,697.37305,218,,,,,,,,
,,,,,138437,614.8103,190,,,,,,,,
,,,,,138605,512.2789,168,,,,,,,,
,,,,,138728,307.66046,123,,,,,,,,
,,,,,138925,658.4868,197,,,,,,,,
,,,,,139000,,,-231.32989501953125,-2.125005006790161,5.608123302459717,229.63449096679688,229.3372344970703,0.0003,0.0003,0.1
,,,,,139100,545.2993,175,,,,,,,,
,,,,,139293,610.538,193,,,,,,,,
,,,,,139466,532.94867,173,,,,,,,,
,,,,,139584,321.1494,118,,,,,,,,
,,,,,139775,546.89886,191,,,,,,,,
525.4928,59.312157,622.06494,446.3621,173.2,140000,,,-227.69374084472656,-1.8738212585449219,9.89857292175293,225.9036865234375,225.56085205078125,0.0003,0.0003,0.1
,,,,,140030,859.9359,255,,,,,,,,
,,,,,140146,267.33447,116,,,,,,,,
,,,,,140304,474.53894,158,,,,,,,,
,,,,,140513,644.97095,209,,,,,,,,
,,,,,140692,620.888,179,,,,,,,,
,,,,,140906,689.542,214,,,,,,,,
,,,,,141000,,,-232.87606811523438,-2.646421194076538,14.77824878692627,229.65179443359375,229.81097412109375,0.0003,0.0003,0.1
,,,,,141141,784.08295,235,,,,,,,,
,,,,,141330,556.8446,189,,,,,,,,
,,,,,141495,476.8224,165,,,,,,,,
,,,,,141724,694.96936,229,,,,,,,,
,,,,,141935,669.3234,211,,,,,,,,
,,,,,142000,,,-236.14871215820312,-2.218019962310791,5.610264301300049,234.63697814941406,234.36593627929688,0.0003,0.0003,0.1
,,,,,142107,467.64944,172,,,,,,,,
,,,,,142290,592.3666,183,,,,,,,,
,,,,,142465,493.8379,175,,,,,,,,
,,,,,142665,612.9264,200,,,,,,,,
,,,,,142874,649.1405,209,,,,,,,,
,,,,,143000,,,-225.23439025878906,-2.445071220397949,13.952713012695312,222.7060546875,222.51953125,0.0003,0.0003,0.1
,,,,,143109,709.94836,235,,,,,,,,
,,,,,143309,620.36487,200,,,,,,,,
,,,,,143586,893.4886,277,,,,,,,,
,,,,,143820,721.46844,234,,,,,,,,
,,,,,144000,,,-236.86459350585938,-1.9269094467163086,29.523212432861328,234.25857543945312,234.0838623046875,0.0003,0.0003,0.1
,,,,,144079,795.87506,259,,,,,,,,
,,,,,144299,673.1678,220,,,,,,,,
,,,,,144467,542.34924,168,,,,,,,,
,,,,,144690,597.1961,223,,,,,,,,
,,,,,144879,577.3532,189,,,,,,,,
756.2842,166.28511,1105.2518,522.07043,244.3,145000,,,-234.96519470214844,-1.7479050159454346,13.08009147644043,232.5244903564453,232.64382934570312,0.0003,0.0003,0.1
,,,,,145040,496.09485,161,,,,,,,,
,,,,,145227,497.66895,187,,,,,,,,
,,,,,145427,687.2169,200,,,,,,,,
,,,,,145665,735.67413,238,,,,,,,,
,,,,,145884,677.9403,219,,,,,,,,
,,,,,146000,,,-236.1625213623047,-2.0173749923706055,9.109813690185547,232.34255981445312,232.2220458984375,0.0003,0.0003,0.1
,,,,,146034,471.6917,150,,,,,,,,
,,,,,146218,590.97437,184,,,,,,,,
,,,,,146367,435.06088,149,,,,,,,,
,,,,,146556,599.2617,189,,,,,,,,
,,,,,146621,127.63476,65,,,,,,,,
,,,,,146814,627.48193,193,,,,,,,,
,,,,,146992,614.1366,178,,,,,,,,
,,,,,147000,,,-231.4152069091797,-2.0229175090789795,6.002565383911133,229.15567016601562,229.30348205566406,0.0003,0.0003,0.1
,,,,,147184,603.9378,192,,,,,,,,
,,,,,147333,445.4488,149,,,,,,,,
,,,,,147504,517.7838,171,,,,,,,,
,,,,,147701,672.69336,197,,,,,,,,
,,,,,147914,713.92065,213,,,,,,,,
,,,,,148000,,,-237.3272705078125,-2.119596481323242,7.575369358062744,234.74046325683594,234.9261474609375,0.0003,0.0003,0.1
,,,,,148115,640.97394,201,,,,,,,,
,,,,,148257,415.46664,142,,,,,,,,
,,,,,148447,599.6184,190,,,,,,,,
,,,,,148643,541.87164,196,,,,,,,,
,,,,,148828,633.91174,185,,,,,,,,
,,,,,148995,560.6114,167,,,,,,,,
,,,,,149000,,,-242.8289031982422,-2.545318126678467,8.813430786132812,239.14846801757812,239.06687927246094,0.0003,0.0003,0.1
,,,,,149164,542.5698,169,,,,,,,,
,,,,,149429,859.96246,265,,,,,,,,
,,,,,149611,488.40176,182,,,,,,,,
,,,,,149813,646.6211,202,,,,,,,,
670.4912,98.34172,850.9572,528.7319,210.4,150000,,,-248.96754455566406,-1.5178688764572144,4.518880367279053,247.63540649414062,247.39971923828125,0.0003,0.0003,0.1
,,,,,150008,577.62,195,,,,,,,,
,,,,,150210,587.91846,202,,,,,,,,
,,,,,150390,575.5687,180,,,,,,,,
,,,,,150733,1051.4425,343,,,,,,,,
,,,,,150927,658.2198,194,,,,,,,,
,,,,,151000,,,-238.34107971191406,-2.3424510955810547,22.23065185546875,235.47244262695312,235.60910034179688,0.0003,0.0003,0.1
,,,,,151194,812.5689,267,,,,,,,,
,,,,,151436,738.9456,242,,,,,,,,
,,,,,151708,838.76215,272,,,,,,,,
,,,,,151914,669.1351,206,,,,,,,,
,,,,,152000,,,-242.19308471679688,-2.1335341930389404,7.103245258331299,240.25662231445312,240.16055297851562,0.0003,0.0003,0.1
,,,,,152141,751.4951,227,,,,,,,,
,,,,,152343,648.0947,202,,,,,,,,
,,,,,152533,533.88806,190,,,,,,,,
,,,,,152729,549.09143,196,,,,,,,,
,,,,,152990,837.61945,261,,,,,,,,
,,,,,153000,,,-239.47154235839844,-2.1971654891967773,5.9133710861206055,237.95289611816406,238.61294555664062,0.0003,0.0003,0.1
,,,,,153215,658.2124,225,,,,,,,,
,,,,,153519,845.8312,304,,,,,,,,
,,,,,153746,741.2202,227,,,,,,,,
,,,,,153997,839.0512,251,,,,,,,,
,,,,,154000,,,-241.76829528808594,-2.193814277648926,8.100579261779785,238.9859161376953,239.03488159179688,0.0003,0.0003,0.1
,,,,,154253,831.17786,256,,,,,,,,
,,,,,154530,895.15564,277,,,,,,,,
,,,,,154768,781.1723,238,,,,,,,,
828.2521,209.24794,1102.0894,361.22202,264.4,155000,,,-233.5322723388672,-2.181229591369629,10.844548225402832,231.95526123046875,231.54908752441406,0.0003,0.0003,0.1
,,,,,155038,900.2292,270,,,,,,,,
,,,,,155311,908.15894,273,,,,,,,,
,,,,,155587,926.10834,276,,,,,,,,
,,,,,155810,706.8978,223,,,,,,,,
,,,,,156000,,,-247.097900390625,-2.2809841632843018,8.458597183227539,244.9996337890625,245.6501007080078,0.0003,0.0003,0.1
,,,,,156068,854.7902,258,,,,,,,,
,,,,,156313,815.2789,245,,,,,,,,
,,,,,156514,687.7133,201,,,,,,,,
,,,,,156750,745.9657,236,,,,,,,,
,,,,,156955,664.2009,205,,,,,,,,
,,,,,157000,,,-242.28228759765625,-2.335146427154541,8.312471389770508,240.64227294921875,240.66201782226562,0.0003,0.0003,0.1
,,,,,157182,699.15967,227,,,,,,,,
,,,,,157395,702.2122,213,,,,,,,,
,,,,,157608,650.4302,213,,,,,,,,
,,,,,157813,653.86725,205,,,,,,,,
,,,,,158000,,,-247.96267700195312,-2.159250259399414,43.38706970214844,244.65687561035156,244.5368194580078,0.0003,0.0003,0.1
,,,,,158041,739.38306,228,,,,,,,,
,,,,,158251,667.511,210,,,,,,,,
,,,,,158461,684.86786,210,,,,,,,,
,,,,,158697,755.7456,236,,,,,,,,
,,,,,158907,695.28735,210,,,,,,,,
,,,,,159000,,,-242.12464904785156,-2.296952724456787,8.097776412963867,240.10992431640625,240.0651397705078,0.0003,0.0003,0.1
,,,,,159127,732.6676,220,,,,,,,,
,,,,,159329,668.96387,202,,,,,,,,
,,,,,159578,823.07385,249,,,,,,,,
,,,,,159831,830.21893,253,,,,,,,,
243.90852,333.08057,792.9398,22.824837,86.5,160000,,,-243.10154724121094,-2.0317893028259277,20.415428161621094,241.63243103027344,240.91339111328125,0.0003,0.0003,0.1
,,,,,160036,638.2198,205,,,,,,,,
,,,,,160246,683.3401,210,,,,,,,,
,,,,,160490,818.625,244,,,,,,,,
,,,,,160715,724.21765,225,,,,,,,,
,,,,,160920,660.7777,205,,,,,,,,
,,,,,161000,,,-257.6185607910156,-2.2008066177368164,9.42030143737793,254.6086883544922,254.73411560058594,0.0003,0.0003,0.1
,,,,,161131,649.9492,211,,,,,,,,
,,,,,161303,525.04614,172,,,,,,,,
,,,,,161524,660.6615,221,,,,,,,,
,,,,,161729,697.92017,205,,,,,,,,
,,,,,161961,771.71686,232,,,,,,,,
,,,,,162000,,,-242.1490020751953,-2.822690963745117,13.01223087310791,239.75888061523438,239.02215576171875,0.0003,0.0003,0.1
,,,,,162184,718.31305,223,,,,,,,,
,,,,,162429,813.3311,245,,,,,,,,
,,,,,162635,659.0912,206,,,,,,,,
,,,,,162838,676.42316,203,,,,,,,,
,,,,,163000,,,-240.4229278564453,-2.213913917541504,9.9578857421875,238.79025268554688,239.4299774169922,0.0003,0.0003,0.1
,,,,,163044,630.6798,206,,,,,,,,
,,,,,163268,725.5371,224,,,,,,,,
,,,,,163451,605.91766,183,,,,,,,,
,,,,,163668,738.25726,217,,,,,,,,
,,,,,163891,719.87396,223,,,,,,,,
,,,,,164000,,,-240.63638305664062,-2.706296920776367,10.422847747802734,236.81356811523438,236.41458129882812,0.0003,0.0003,0.1
,,,,,164152,854.0102,261,,,,,,,,
,,,,,164358,701.87616,206,,,,,,,,
,,,,,164564,703.4461,206,,,,,,,,
,,,,,164771,675.7403,207,,,,,,,,
684.4484,217.01205,849.13446,72.44571,215.9,165000,,,-246.3076171875,-2.1765873432159424,10.678094863891602,243.41677856445312,242.73538208007812,0.0003,0.0003,0.1
,,,,,165009,773.35803,238,,,,,,,,
,,,,,165238,753.1559,229,,,,,,,,
,,,,,165450,622.0429,212,,,,,,,,
,,,,,165639,562.90924,189,,,,,,,,
,,,,,165877,722.45966,238,,,,,,,,
,,,,,166000,,,-250.41464233398438,-2.205779552459717,9.512163162231445,247.9893035888672,247.6886749267578,0.0003,0.0003,0.1
,,,,,166085,726.548,208,,,,,,,,
,,,,,166339,809.1125,254,,,,,,,,
,,,,,166540,623.07654,201,,,,,,,,
,,,,,166807,865.1014,267,,,,,,,,
,,,,,167000,,,-258.41168212890625,-1.8301091194152832,5.308963775634766,257.09051513671875,257.3079528808594,0.0003,0.0003,0.1
,,,,,167059,788.06165,252,,,,,,,,
,,,,,167297,767.6903,238,,,,,,,,
,,,,,167542,831.8822,245,,,,,,,,
,,,,,167733,493.965,191,,,,,,,,
,,,,,167957,680.38916,224,,,,,,,,
,,,,,168000,,,-251.8314666748047,-2.034390926361084,27.364742279052734,248.32571411132812,247.9772186279297,0.0003,0.0003,0.1
,,,,,168160,577.6042,203,,,,,,,,
,,,,,168376,715.0864,216,,,,,,,,
,,,,,168620,737.10004,244,,,,,,,,
,,,,,168847,654.56116,227,,,,,,,,
,,,,,169000,,,-245.79595947265625,-2.3294811248779297,11.629476547241211,244.06716918945312,244.24087524414062,0.0003,0.0003,0.1
,,,,,169098,777.0955,251,,,,,,,,
,,,,,169349,868.0621,251,,,,,,,,
,,,,,169620,869.53876,271,,,,,,,,
,,,,,169857,779.20795,237,,,,,,,,
776.2966,71.6744,885.1451,652.60754,240.4,170000,,,-253.2661590576172,-2.3279504776000977,32.98989486694336,247.86471557617188,248.62603759765625,0.0003,0.0003,0.1
,,,,,170132,927.14655,275,,,,,,,,
,,,,,170368,767.628,236,,,,,,,,
,,,,,170617,805.9654,249,,,,,,,,
,,,,,170846,747.1491,229,,,,,,,,
,,,,,171000,,,-257.9530944824219,-2.2144103050231934,14.389299392700195,256.14532470703125,255.5804443359375,0.0003,0.0003,0.1
,,,,,171093,822.4901,247,,,,,,,,
,,,,,171295,612.818,202,,,,,,,,
,,,,,171546,820.98785,251,,,,,,,,
,,,,,171767,702.2848,221,,,,,,,,
,,,,,171992,614.8039,225,,,,,,,,
,,,,,172000,,,-258.2858581542969,-1.9994933605194092,27.22631072998047,255.3970947265625,254.98672485351562,0.0003,0.0003,0.1
,,,,,172204,661.1334,212,,,,,,,,
,,,,,172450,731.56006,246,,,,,,,,
,,,,,172704,801.85474,254,,,,,,,,
,,,,,172951,746.5947,247,,,,,,,,
,,,,,173000,,,-259.4682922363281,-2.306736946105957,14.212627410888672,256.4056396484375,256.638916015625,0.0003,0.0003,0.1
,,,,,173196,803.1002,245,,,,,,,,
,,,,,173426,736.0926,230,,,,,,,,
,,,,,173667,788.8862,241,,,,,,,,
,,,,,173850,587.70135,183,,,,,,,,
,,,,,174000,,,-250.5706329345703,-2.1528632640838623,9.705836296081543,248.66383361816406,248.84434509277344,0.0003,0.0003,0.1
,,,,,174050,589.5049,200,,,,,,,,
,,,,,174285,719.0152,235,,,,,,,,
,,,,,174511,733.8202,226,,,,,,,,
,,,,,174745,774.1068,234,,,,,,,,
,,,,,174907,418.43436,162,,,,,,,,
724.82874,111.064766,847.77435,540.84204,229.5,175000,,,-252.46449279785156,-2.414619207382202,11.279394149780273,249.89703369140625,249.46395874023438,0.0003,0.0003,0.1
,,,,,175150,784.1111,243,,,,,,,,
,,,,,175351,596.8173,201,,,,,,,,
,,,,,175462,270.39795,111,,,,,,,,
,,,,,175657,482.8075,195,,,,,,,,
,,,,,175913,844.0387,256,,,,,,,,
,,,,,176000,,,-263.1587219238281,-2.25563383102417,21.267276763916016,260.6855773925781,261.0911865234375,0.0003,0.0003,0.1
,,,,,176095,544.1493,182,,,,,,,,
,,,,,176339,703.72327,244,,,,,,,,
,,,,,176589,804.5565,250,,,,,,,,
,,,,,176798,621.69745,209,,,,,,,,
,,,,,177000,,,-259.675537109375,-2.30598783493042,25.90277862548828,257.41497802734375,256.68682861328125,0.0003,0.0003,0.1
,,,,,177039,826.98096,241,,,,,,,,
,,,,,177176,339.5551,137,,,,,,,,
,,,,,177347,483.54123,171,,,,,,,,
,,,,,177595,758.2343,248,,,,,,,,
,,,,,177807,642.1504,212,,,,,,,,
,,,,,178000,,,-263.5361633300781,-2.026724338531494,152.71229553222656,261.92755126953125,261.2169189453125,0.0003,0.0003,0.1
,,,,,178011,642.86053,204,,,,,,,,
,,,,,178207,595.96655,196,,,,,,,,
,,,,,178399,579.96564,192,,,,,,,,
,,,,,178612,664.8602,213,,,,,,,,
,,,,,178763,405.59494,151,,,,,,,,
,,,,,178977,650.4463,214,,,,,,,,
,,,,,179000,,,-249.4678955078125,-2.224968910217285,135.18714904785156,246.27780151367188,245.98818969726562,0.0003,0.0003,0.1
,,,,,179188,671.22723,211,,,,,,,,
,,,,,179399,627.9975,211,,,,,,,,
,,,,,179655,836.0033,256,,,,,,,,
,,,,,179904,801.55035,249,,,,,,,,
638.7621,97.31823,813.0131,511.8781,208.4,180000,,,-257.01849365234375,-2.209559679031372,11.397001266479492,255.03077697753906,255.35003662109375,0.0003,0.0003,0.1
,,,,,180144,711.5627,240,,,,,,,,
,,,,,180375,739.96515,231,,,,,,,,
,,,,,180584,680.28864,209,,,,,,,,
,,,,,180856,889.5784,272,,,,,,,,
,,,,,181000,,,-252.97518920898438,-2.154137372970581,18.779199600219727,248.79916381835938,249.05873107910156,0.0003,0.0003,0.1
,,,,,181075,699.3064,219,,,,,,,,
,,,,,181290,684.6929,215,,,,,,,,
,,,,,181466,492.60614,176,,,,,,,,
,,,,,181684,704.5456,218,,,,,,,,
,,,,,181918,761.60486,234,,,,,,,,
,,,,,182000,,,-268.231689453125,-2.0582501888275146,10.80596923828125,265.72119140625,266.01568603515625,0.0003,0.0003,0.1
,,,,,182118,651.544,200,,,,,,,,
,,,,,182325,728.2997,207,,,,,,,,
,,,,,182544,731.6415,219,,,,,,,,
,,,,,182790,837.47205,246,,,,,,,,
,,,,,183000,,,-269.2043762207031,-2.1157169342041016,9.047658920288086,266.8128356933594,267.89825439453125,0.0003,0.0003,0.1
,,,,,183023,767.11597,233,,,,,,,,
,,,,,183217,667.5127,194,,,,,,,,
,,,,,183424,633.4063,207,,,,,,,,
,,,,,183638,666.65546,214,,,,,,,,
,,,,,183840,622.5416,202,,,,,,,,
,,,,,184000,,,-257.789306640625,-2.222379684448242,10.256978988647461,254.91018676757812,255.04339599609375,0.0003,0.0003,0.1
,,,,,184058,697.6417,218,,,,,,,,
,,,,,184268,659.07733,210,,,,,,,,
,,,,,184489,740.48425,221,,,,,,,,
,,,,,184698,654.70593,209,,,,,,,,
,,,,,184906,692.6345,208,,,,,,,,
655.14014,95.665436,781.69696,446.76782,203.5,185000,,,-259.63720703125,-2.377962589263916,6.198151588439941,258.2035827636719,257.888916015625,0.0003,0.0003,0.1
,,,,,185121,671.59766,215,,,,,,,,
,,,,,185323,694.4846,202,,,,,,,,
,,,,,185429,259.3927,106,,,,,,,,
,,,,,185632,700.54315,203,,,,,,,,
,,,,,185851,710.5068,219,,,,,,,,
,,,,,186000,,,-265.6001281738281,-2.0098876953125,9.878658294677734,262.94049072265625,263.64984130859375,0.0003,0.0003,0.1
,,,,,186019,484.06265,168,,,,,,,,
,,,,,186249,726.8197,230,,,,,,,,
,,,,,186434,589.4309,185,,,,,,,,
,,,,,186647,692.584,213,,,,,,,,
,,,,,186792,421.9241,145,,,,,,,,
,,,,,187000,,,-256.2575378417969,-2.4616050720214844,6.75438928604126,254.46551513671875,255.20826721191406,0.0003,0.0003,0.1
,,,,,187011,741.47144,219,,,,,,,,
,,,,,187153,401.6979,142,,,,,,,,
,,,,,187355,701.1975,202,,,,,,,,
,,,,,187557,688.04565,202,,,,,,,,
,,,,,187773,693.2246,216,,,,,,,,
,,,,,187946,595.97626,173,,,,,,,,
,,,,,188000,,,-254.9075469970703,-2.6231565475463867,48.53565979003906,252.52764892578125,252.19125366210938,0.0003,0.0003,0.1
,,,,,188150,707.7476,204,,,,,,,,
,,,,,188307,427.66394,157,,,,,,,,
,,,,,188582,833.2203,275,,,,,,,,
,,,,,188790,701.9999,208,,,,,,,,
,,,,,189000,709.14734,210,,,,,,,,
,,,,,189000,,,-259.1432189941406,-2.464231491088867,17.930755615234375,257.6048583984375,257.3720703125,0.0003,0.0003,0.1
,,,,,189197,674.60895,197,,,,,,,,
,,,,,189381,625.3435,184,,,,,,,,
,,,,,189662,882.3272,281,,,,,,,,
,,,,,189868,707.5068,206,,,,,,,,
636.5956,57.26652,717.23834,550.7134,191.4,190000,,,-267.7179870605469,-2.373563051223755,11.68821907043457,265.1163330078125,264.97894287109375,0.0003,0.0003,0.1
,,,,,190057,548.68304,189,,,,,,,,
,,,,,190206,400.71524,149,,,,,,,,
,,,,,190407,597.58185,201,,,,,,,,
,,,,,190626,722.0913,219,,,,,,,,
,,,,,190820,583.2609,194,,,,,,,,
,,,,,191000,,,-264.370849609375,-2.057161808013916,7.383127212524414,261.8980407714844,261.58978271484375,0.0003,0.0003,0.1
,,,,,191026,619.41693,206,,,,,,,,
,,,,,191236,720.48206,210,,,,,,,,
,,,,,191423,585.44183,187,,,,,,,,
,,,,,191655,715.3504,232,,,,,,,,
,,,,,191839,598.7172,184,,,,,,,,
,,,,,192000,,,-265.3792724609375,-2.2839608192443848,22.11704444885254,262.24444580078125,261.9164123535156,0.0003,0.0003,0.1
,,,,,192029,636.493,190,,,,,,,,
,,,,,192258,715.5022,229,,,,,,,,
,,,,,192475,742.8756,217,,,,,,,,
,,,,,192715,787.03516,240,,,,,,,,
,,,,,192875,417.50235,160,,,,,,,,
,,,,,193000,,,-265.57171630859375,-2.4266247749328613,5.836899757385254,264.25531005859375,264.42822265625,0.0003,0.0003,0.1
,,,,,193054,599.4851,179,,,,,,,,
,,,,,193244,552.9335,190,,,,,,,,
,,,,,193472,757.5479,228,,,,,,,,
,,,,,193720,829.5089,248,,,,,,,,
,,,,,193931,724.585,211,,,,,,,,
,,,,,194000,,,-262.1764221191406,-2.3251166343688965,11.891450881958008,260.482666015625,260.3340148925781,0.0003,0.0003,0.1
,,,,,194146,706.97626,215,,,,,,,,
,,,,,194376,758.8924,230,,,,,,,,
,,,,,194616,749.78955,240,,,,,,,,
,,,,,194783,448.04858,167,,,,,,,,
,,,,,194976,682.5071,193,,,,,,,,
704.25287,158.30411,934.6352,444.87482,223.8,195000,,,-264.5311584472656,-2.4238216876983643,6.830099105834961,262.16180419921875,262.25640869140625,0.0003,0.0003,0.1
,,,,,195246,926.61743,270,,,,,,,,
,,,,,195429,631.6701,183,,,,,,,,
,,,,,195631,597.1628,202,,,,,,,,
,,,,,195840,733.98303,209,,,,,,,,
,,,,,195988,435.36096,148,,,,,,,,
,,,,,196000,,,-257.579833984375,-2.1485812664031982,10.27879524230957,255.92251586914062,256.1461181640625,0.0003,0.0003,0.1
,,,,,196175,617.4625,187,,,,,,,,
,,,,,196364,608.18884,189,,,,,,,,
,,,,,196571,611.9934,207,,,,,,,,
,,,,,196788,723.9775,217,,,,,,,,
,,,,,196976,631.4171,188,,,,,,,,
,,,,,197000,,,-269.0462951660156,-2.28898286819458,9.414091110229492,266.9169616699219,267.29083251953125,0.0003,0.0003,0.1
,,,,,197159,593.69794,183,,,,,,,,
,,,,,197340,597.7395,181,,,,,,,,
,,,,,197358,19.6798,18,,,,,,,,
,,,,,197372,13.899658,14,,,,,,,,
,,,,,197388,16.772018,16,,,,,,,,
,,,,,197594,582.81134,206,,,,,,,,
,,,,,197811,734.5935,217,,,,,,,,
,,,,,198000,,,-271.299072265625,-1.9829330444335938,34.015350341796875,268.6380615234375,268.6604309082031,0.0003,0.0003,0.1
,,,,,198043,759.1332,232,,,,,,,,
,,,,,198305,923.5511,262,,,,,,,,
,,,,,198570,909.9335,265,,,,,,,,
,,,,,198592,24.319555,22,,,,,,,,
,,,,,198617,29.14115,25,,,,,,,,
,,,,,198815,705.43787,198,,,,,,,,
,,,,,198931,277.92404,116,,,,,,,,
,,,,,198951,21.106031,20,,,,,,,,
,,,,,199000,,,-271.955322265625,-2.3111228942871094,8.201617240905762,268.8220520019531,268.36138916015625,0.0003,0.0003,0.1
,,,,,199195,821.12897,244,,,,,,,,
,,,,,199215,21.465487,20,,,,,,,,
,,,,,199236,22.380447,21,,,,,,,,
,,,,,199436,714.9817,200,,,,,,,,
,,,,,199459,24.643873,23,,,,,,,,
,,,,,199672,700.4419,213,,,,,,,,
,,,,,199860,644.1942,188,,,,,,,,
709.5259,89.46366,903.3557,565.22144,204.6,200000,,,-267.7151184082031,-2.4124481678009033,43.01287841796875,266.3187255859375,265.9903869628906,0.0003,0.0003,0.1
,,,,,200054,682.2364,194,,,,,,,,
,,,,,200289,781.8172,235,,,,,,,,
,,,,,200466,593.69385,177,,,,,,,,
,,,,,200728,880.6844,262,,,,,,,,
,,,,,200919,674.12024,191,,,,,,,,
,,,,,201000,,,-268.0579528808594,-2.337897777557373,14.916449546813965,265.30242919921875,265.4729919433594,0.0003,0.0003,0.1
,,,,,201153,782.2215,234,,,,,,,,
,,,,,201372,669.39233,219,,,,,,,,
,,,,,201633,864.2108,261,,,,,,,,
,,,,,201880,807.9315,247,,,,,,,,
,,,,,202000,,,-265.9646911621094,-2.2295379638671875,21.440547943115234,262.93878173828125,263.2931213378906,0.0003,0.0003,0.1
,,,,,202086,739.72974,206,,,,,,,,
,,,,,202310,717.11414,224,,,,,,,,
,,,,,202539,717.2672,229,,,,,,,,
,,,,,202788,840.3105,249,,,,,,,,
,,,,,203000,,,-263.51531982421875,-2.280461072921753,25.405805587768555,261.22967529296875,260.9249267578125,0.0003,0.0003,0.1
,,,,,203027,805.36884,239,,,,,,,,
,,,,,203229,738.1498,202,,,,,,,,
,,,,,203427,704.29333,198,,,,,,,,
,,,,,203570,421.9397,143,,,,,,,,
,,,,,203778,681.48645,208,,,,,,,,
,,,,,203967,681.4986,189,,,,,,,,
,,,,,204000,,,-272.6142578125,-2.425065517425537,10.673147201538086,270.0228271484375,269.9002685546875,0.0003,0.0003,0.1
,,,,,204199,772.16016,232,,,,,,,,
,,,,,204426,753.26965,227,,,,,,,,
,,,,,204612,661.84546,186,,,,,,,,
,,,,,204820,634.72314,208,,,,,,,,
,,,,,204980,464.86487,160,,,,,,,,
645.8871,140.94363,810.90314,266.49124,195.9,205000,,,-271.6461181640625,-2.30881404876709,10.010841369628906,270.42791748046875,270.4522399902344,0.0003,0.0003,0.1
,,,,,205245,934.13074,265,,,,,,,,
,,,,,205400,477.88275,155,,,,,,,,
,,,,,205589,672.6603,189,,,,,,,,
,,,,,205736,455.10574,147,,,,,,,,
,,,,,205953,728.9646,217,,,,,,,,
,,,,,206000,,,-257.0513610839844,-2.431971311569214,100.40554809570312,255.47897338867188,255.30145263671875,0.0003,0.0003,0.1
,,,,,206143,687.03125,190,,,,,,,,
,,,,,206355,704.0367,212,,,,,,,,
,,,,,206622,914.8291,267,,,,,,,,
,,,,,206869,845.2166,247,,,,,,,,
,,,,,207000,,,-268.8772277832031,-2.533945322036743,12.888826370239258,267.38616943359375,267.63360595703125,0.0003,0.0003,0.1
,,,,,207029,510.46103,160,,,,,,,,
,,,,,207245,739.29346,216,,,,,,,,
,,,,,207410,534.50714,165,,,,,,,,
,,,,,207654,842.42053,244,,,,,,,,
,,,,,207823,573.8986,169,,,,,,,,
,,,,,208000,,,-257.33978271484375,-2.3204345703125,14.627644538879395,255.35374450683594,255.5816650390625,0.0003,0.0003,0.1
,,,,,208033,685.3822,210,,,,,,,,
,,,,,208205,502.8693,172,,,,,,,,
,,,,,208431,771.1512,226,,,,,,,,
,,,,,208679,846.0669,248,,,,,,,,
,,,,,208844,514.87915,165,,,,,,,,
,,,,,209000,,,-260.25018310546875,-2.254067897796631,10.247488021850586,258.710205078125,258.27630615234375,0.0003,0.0003,0.1
,,,,,209027,630.396,183,,,,,,,,
,,,,,209240,691.19403,213,,,,,,,,
,,,,,209460,692.66,220,,,,,,,,
,,,,,209622,516.476,162,,,,,,,,
,,,,,209786,507.26938,164,,,,,,,,
642.61896,117.804634,792.1738,452.1141,200.2,210000,,,-267.9258728027344,-2.2953410148620605,16.019548416137695,266.14190673828125,266.57281494140625,0.0003,0.0003,0.1
,,,,,210019,774.4078,233,,,,,,,,
,,,,,210234,756.4468,215,,,,,,,,
,,,,,210440,739.257,206,,,,,,,,
,,,,,210648,705.1241,208,,,,,,,,
,,,,,210875,748.58685,227,,,,,,,,
,,,,,211000,,,-272.3159484863281,-2.3874964714050293,7.558953762054443,270.67669677734375,270.73480224609375,0.0003,0.0003,0.1
,,,,,211084,713.513,209,,,,,,,,
,,,,,211295,703.1543,211,,,,,,,,
,,,,,211503,678.2217,208,,,,,,,,
,,,,,211714,669.20905,211,,,,,,,,
,,,,,211918,669.64966,204,,,,,,,,
,,,,,212000,,,-270.6021728515625,-2.7275304794311523,10.2804536819458,268.78851318359375,268.54541015625,0.0003,0.0003,0.1
,,,,,212128,721.86066,210,,,,,,,,
,,,,,212323,696.03217,195,,,,,,,,
,,,,,212524,673.04285,201,,,,,,,,
,,,,,212737,699.42413,213,,,,,,,,
,,,,,212833,226.71771,96,,,,,,,,
,,,,,213000,,,-259.7456359863281,-2.683777332305908,12.15591049194336,257.9024353027344,258.77813720703125,0.0003,0.0003,0.1
,,,,,213045,686.41327,212,,,,,,,,
,,,,,213278,795.25104,233,,,,,,,,
,,,,,213521,845.1223,243,,,,,,,,
,,,,,213730,710.51276,209,,,,,,,,
,,,,,213891,514.84753,161,,,,,,,,
,,,,,214000,,,-266.3395690917969,-2.5228545665740967,11.361215591430664,264.3895568847656,264.9457092285156,0.0003,0.0003,0.1
,,,,,214095,641.5198,204,,,,,,,,
,,,,,214302,703.8965,207,,,,,,,,
,,,,,214510,714.712,208,,,,,,,,
,,,,,214696,625.42786,186,,,,,,,,
,,,,,214825,357.61554,129,,,,,,,,
705.8412,31.21629,751.6337,659.35254,206.1,215000,,,-265.29766845703125,-2.0931639671325684,10.754049301147461,263.195068359375,263.05303955078125,0.0003,0.0003,0.1
,,,,,215037,679.1256,212,,,,,,,,
,,,,,215234,657.6759,197,,,,,,,,
,,,,,215458,696.5321,224,,,,,,,,
,,,,,215636,610.1576,178,,,,,,,,
,,,,,215857,762.4743,221,,,,,,,,
,,,,,216000,,,-270.43304443359375,-1.8086446523666382,9.012100219726562,268.8890380859375,269.0978088378906,0.0003,0.0003,0.1
,,,,,216066,710.26807,209,,,,,,,,
,,,,,216230,552.0596,164,,,,,,,,
,,,,,216429,712.642,199,,,,,,,,
,,,,,216641,703.0912,212,,,,,,,,
,,,,,216838,674.2393,197,,,,,,,,
,,,,,217000,,,-264.4565124511719,-2.6724672317504883,21.09227180480957,263.4875183105469,262.5099182128906,0.0003,0.0003,0.1
,,,,,217039,659.24115,201,,,,,,,,
,,,,,217248,720.579,209,,,,,,,,
,,,,,217462,699.4311,214,,,,,,,,
,,,,,217665,711.63324,203,,,,,,,,
,,,,,217869,697.3336,204,,,,,,,,
,,,,,218000,,,-273.83697509765625,-2.09920597076416,8.470381736755371,270.64990234375,270.5610046386719,0.0003,0.0003,0.1
,,,,,218082,678.2415,213,,,,,,,,
,,,,,218345,899.6482,263,,,,,,,,
,,,,,218572,709.8625,227,,,,,,,,
,,,,,218764,672.95667,192,,,,,,,,
,,,,,218979,740.2489,215,,,,,,,,
,,,,,219000,,,-272.43524169921875,-2.2507987022399902,11.78961181640625,269.7480773925781,270.054443359375,0.0003,0.0003,0.1
,,,,,219204,739.8788,225,,,,,,,,
,,,,,219419,729.64246,215,,,,,,,,
,,,,,219628,711.5476,209,,,,,,,,
,,,,,219831,655.53314,203,,,,,,,,
,,,,,219945,257.81894,114,,,,,,,,
653.6265,61.321205,773.8669,569.69867,196.0,220000,,,-269.54656982421875,-2.453723907470703,17.934295654296875,268.22100830078125,267.72509765625,0.0003,0.0003,0.1
,,,,,220152,718.2151,207,,,,,,,,
,,,,,220371,741.40686,219,,,,,,,,
,,,,,220569,685.9445,198,,,,,,,,
,,,,,220777,740.6923,208,,,,,,,,
,,,,,220940,516.10626,163,,,,,,,,
,,,,,221000,,,-269.2030334472656,-2.972160577774048,12.833563804626465,266.3757019042969,266.34967041015625,0.0003,0.0003,0.1
,,,,,221150,757.38586,210,,,,,,,,
,,,,,221383,758.3754,233,,,,,,,,
,,,,,221603,699.74286,220,,,,,,,,
,,,,,221825,733.6534,222,,,,,,,,
,,,,,222000,,,-267.707275390625,-2.1283726692199707,7.190853118896484,266.6947021484375,266.20233154296875,0.0003,0.0003,0.1
,,,,,222058,784.65735,233,,,,,,,,
,,,,,222298,807.1464,240,,,,,,,,
,,,,,222515,685.5023,217,,,,,,,,
,,,,,222780,913.128,265,,,,,,,,
,,,,,223000,,,-266.78460693359375,-2.4799208641052246,8.083467483520508,264.802978515625,264.724609375,0.0003,0.0003,0.1
,,,,,223048,931.2628,268,,,,,,,,
,,,,,223263,700.6424,215,,,,,,,,
,,,,,223473,635.25903,210,,,,,,,,
,,,,,223672,671.318,199,,,,,,,,
,,,,,223900,737.8831,228,,,,,,,,
,,,,,224000,,,-267.4202575683594,-2.7174909114837646,15.751886367797852,265.6780090332031,265.88470458984375,0.0003,0.0003,0.1
,,,,,224097,661.41235,197,,,,,,,,
,,,,,224348,861.73254,251,,,,,,,,
,,,,,224558,655.6298,210,,,,,,,,
,,,,,224744,619.1993,186,,,,,,,,
,,,,,224940,654.72705,196,,,,,,,,
728.94055,126.56441,929.87897,439.2184,219.5,225000,,,-262.4407653808594,-2.643954277038574,10.742023468017578,259.7510986328125,259.5263671875,0.0003,0.0003,0.1
,,,,,225172,742.01385,232,,,,,,,,
,,,,,225396,716.3696,224,,,,,,,,
,,,,,225601,638.09357,205,,,,,,,,
,,,,,225794,667.48663,193,,,,,,,,
,,,,,226000,,,-264.8468017578125,-2.232805013656616,19.39535140991211,262.46954345703125,262.9757080078125,0.0003,0.0003,0.1
,,,,,226010,649.5628,216,,,,,,,,
,,,,,226220,677.2543,210,,,,,,,,
,,,,,226437,675.7045,217,,,,,,,,
,,,,,226654,648.1305,217,,,,,,,,
,,,,,226873,702.91125,219,,,,,,,,
,,,,,227000,,,-269.5209655761719,-2.3336892127990723,15.818229675292969,266.6125793457031,266.55108642578125,0.0003,0.0003,0.1
,,,,,227161,960.8778,288,,,,,,,,
,,,,,227449,978.5819,288,,,,,,,,
,,,,,227673,736.6711,224,,,,,,,,
,,,,,227894,708.33594,221,,,,,,,,
,,,,,228000,,,-269.1325378417969,-2.2036142349243164,29.732433319091797,265.9970703125,266.0481872558594,0.0003,0.0003,0.1
,,,,,228078,563.65393,184,,,,,,,,
,,,,,228291,680.4453,213,,,,,,,,
,,,,,228510,691.6374,219,,,,,,,,
,,,,,228692,599.3979,182,,,,,,,,
,,,,,228908,704.1029,216,,,,,,,,
,,,,,229000,,,-267.2204284667969,-2.2550973892211914,10.804154396057129,263.1702880859375,262.866455078125,0.0003,0.0003,0.1
,,,,,229120,711.2749,212,,,,,,,,
,,,,,229367,798.4646,247,,,,,,,,
,,,,,229586,754.44104,219,,,,,,,,
,,,,,229795,698.0195,209,,,,,,,,
,,,,,229970,570.59174,175,,,,,,,,
619.2923,209.92805,873.6974,56.287598,192.7,230000,,,-268.4768981933594,-2.4419777393341064,9.74412727355957,266.99737548828125,266.634033203125,0.0003,0.0003,0.1
,,,,,230183,720.7401,213,,,,,,,,
,,,,,230395,688.21515,212,,,,,,,,
,,,,,230571,557.0764,176,,,,,,,,
,,,,,230782,679.2244,211,,,,,,,,
,,,,,231000,,,-263.3892822265625,-2.443804979324341,25.429195404052734,260.8714599609375,260.5438537597656,0.0003,0.0003,0.1
,,,,,231004,795.4116,222,,,,,,,,
,,,,,231298,972.42865,294,,,,,,,,
,,,,,231545,830.08716,247,,,,,,,,
,,,,,231755,656.01794,210,,,,,,,,
,,,,,232000,,,-271.6547546386719,-2.479355573654175,16.64118766784668,268.983154296875,269.13470458984375,0.0003,0.0003,0.1
,,,,,232002,850.2386,247,,,,,,,,
,,,,,232314,1040.8214,312,,,,,,,,
,,,,,232572,843.69275,258,,,,,,,,
,,,,,232732,436.27786,160,,,,,,,,
,,,,,232967,765.61365,235,,,,,,,,
,,,,,233000,,,-259.3589172363281,-2.515526294708252,8.633270263671875,256.5685729980469,256.48931884765625,0.0003,0.0003,0.1
,,,,,233176,687.22217,209,,,,,,,,
,,,,,233412,739.80194,236,,,,,,,,
,,,,,233619,676.8487,207,,,,,,,,
,,,,,233856,789.7426,237,,,,,,,,
,,,,,234000,,,-271.2969055175781,-2.1220650672912598,7.5733747482299805,269.7222595214844,269.3012390136719,0.0003,0.0003,0.1
,,,,,234019,438.51624,163,,,,,,,,
,,,,,234199,559.3949,180,,,,,,,,
,,,,,234494,973.74475,295,,,,,,,,
,,,,,234745,799.3535,251,,,,,,,,
,,,,,234962,692.7504,217,,,,,,,,
747.18976,80.781715,881.82294,661.0249,234.1,235000,,,-274.5472106933594,-2.0481059551239014,144.3452606201172,273.12615966796875,272.4661865234375,0.0003,0.0003,0.1
,,,,,235185,683.0336,223,,,,,,,,
,,,,,235476,944.41486,291,,,,,,,,
,,,,,235680,660.35516,204,,,,,,,,
,,,,,235893,660.38403,213,,,,,,,,
,,,,,236000,,,-263.824951171875,-2.5152716636657715,7.091094970703125,262.2886962890625,261.93377685546875,0.0003,0.0003,0.1
,,,,,236106,702.96844,213,,,,,,,,
,,,,,236359,863.5321,253,,,,,,,,
,,,,,236565,698.05853,206,,,,,,,,
,,,,,236795,766.82837,230,,,,,,,,
,,,,,237000,,,-264.16583251953125,-2.186070203781128,9.346574783325195,262.1838073730469,262.10406494140625,0.0003,0.0003,0.1
,,,,,237014,675.3868,219,,,,,,,,
,,,,,237225,603.8903,211,,,,,,,,
,,,,,237442,689.07947,217,,,,,,,,
,,,,,237681,806.8238,239,,,,,,,,
,,,,,237926,777.58746,245,,,,,,,,
,,,,,238000,,,-274.93304443359375,-2.1089141368865967,179.32150268554688,270.86810302734375,271.4621887207031,0.0003,0.0003,0.1
,,,,,238192,909.2107,266,,,,,,,,
,,,,,238408,687.5672,216,,,,,,,,
,,,,,238634,736.591,226,,,,,,,,
,,,,,238905,927.7864,271,,,,,,,,
,,,,,239000,,,-270.07196044921875,-2.221951484680176,14.046518325805664,267.0009765625,267.29241943359375,0.0003,0.0003,0.1
,,,,,239137,722.7555,232,,,,,,,,
,,,,,239380,799.1109,243,,,,,,,,
,,,,,239638,863.91235,258,,,,,,,,
,,,,,239883,815.1587,245,,,,,,,,
697.2014,237.49634,929.1283,59.811985,217.2,240000,,,-272.49212646484375,-2.4653565883636475,10.750418663024902,270.01318359375,270.5090637207031,0.0003,0.0003,0.1
,,,,,240115,764.23706,232,,,,,,,,
,,,,,240337,711.77985,222,,,,,,,,
,,,,,240477,341.86572,140,,,,,,,,
,,,,,240707,759.01904,230,,,,,,,,
,,,,,240884,490.5661,177,,,,,,,,
,,,,,241000,,,-270.3718566894531,-2.118152618408203,10.697868347167969,268.6703796386719,269.2756042480469,0.0003,0.0003,0.1
,,,,,241159,862.9965,275,,,,,,,,
,,,,,241423,884.3548,264,,,,,,,,
,,,,,241689,864.41504,266,,,,,,,,
,,,,,241903,702.1347,214,,,,,,,,
,,,,,242000,,,-262.4107666015625,-2.376208782196045,8.590313911437988,260.4510192871094,260.56170654296875,0.0003,0.0003,0.1
,,,,,242126,733.7122,223,,,,,,,,
,,,,,242382,870.8478,256,,,,,,,,
,,,,,242602,704.76794,220,,,,,,,,
,,,,,242817,730.3997,215,,,,,,,,
,,,,,242994,498.742,177,,,,,,,,
,,,,,243000,,,-273.006103515625,-2.6110119819641113,9.71071720123291,271.22052001953125,271.09796142578125,0.0003,0.0003,0.1
,,,,,243018,41.784874,24,,,,,,,,
,,,,,243240,761.49384,222,,,,,,,,
,,,,,243455,675.9788,215,,,,,,,,
,,,,,243713,855.84216,258,,,,,,,,
,,,,,243931,694.6326,218,,,,,,,,
,,,,,244000,,,-276.1994934082031,-2.469316005706787,11.494625091552734,274.8718566894531,274.7003173828125,0.0003,0.0003,0.1
,,,,,244164,771.6145,233,,,,,,,,
,,,,,244370,658.98615,206,,,,,,,,
,,,,,244594,733.9063,224,,,,,,,,
,,,,,244809,686.4647,215,,,,,,,,
471.20404,358.58414,881.709,39.886326,151.6,245000,,,-269.9869689941406,-2.5244903564453125,49.01031494140625,267.069580078125,266.454833984375,0.0003,0.0003,0.1
,,,,,245035,756.0836,226,,,,,,,,
,,,,,245250,693.2389,215,,,,,,,,
,,,,,245470,722.38574,220,,,,,,,,
,,,,,245692,711.97217,222,,,,,,,,
,,,,,245936,849.23126,244,,,,,,,,
,,,,,246000,,,-270.3150329589844,-2.1203460693359375,8.279735565185547,268.5256652832031,268.80712890625,0.0003,0.0003,0.1
,,,,,246190,878.59204,254,,,,,,,,
,,,,,246398,678.90466,208,,,,,,,,
,,,,,246421,39.64688,23,,,,,,,,
,,,,,246642,740.359,221,,,,,,,,
,,,,,246949,1071.1366,307,,,,,,,,
,,,,,247000,,,-274.7168884277344,-2.7016520500183105,8.079488754272461,273.3492431640625,272.90380859375,0.0003,0.0003,0.1
,,,,,247129,549.21625,180,,,,,,,,
,,,,,247400,919.9695,271,,,,,,,,
,,,,,247649,826.2287,249,,,,,,,,
,,,,,247903,842.1997,254,,,,,,,,
,,,,,248000,,,-273.7469482421875,-2.243734359741211,44.555110931396484,271.1984558105469,273.2409973144531,0.0003,0.0003,0.1
,,,,,248074,490.52704,171,,,,,,,,
,,,,,248340,907.1735,266,,,,,,,,
,,,,,248607,924.7327,267,,,,,,,,
,,,,,248834,705.73065,227,,,,,,,,
,,,,,248845,11.459177,11,,,,,,,,
,,,,,249000,,,-269.8117980957031,-2.5381669998168945,9.560235023498535,268.494140625,268.692626953125,0.0003,0.0003,0.1
,,,,,249096,843.4805,251,,,,,,,,
,,,,,249356,879.1181,260,,,,,,,,
,,,,,249506,403.53815,150,,,,,,,,
,,,,,249753,838.82837,247,,,,,,,,
,,,,,250000,832.2065,247,,,,,,,,
718.32666,68.037544,850.2403,620.6986,221.5,250000,,,-265.3343505859375,-2.2008256912231445,10.832839965820312,263.6776428222656,263.23370361328125,0.0003,0.0003,0.1
,,,,,250199,645.6097,199,,,,,,,,
,,,,,250429,747.61017,230,,,,,,,,
,,,,,250604,517.0585,175,,,,,,,,
,,,,,250805,645.75977,201,,,,,,,,
,,,,,251000,,,-266.87640380859375,-2.472052812576294,15.538725852966309,263.997802734375,264.084716796875,0.0003,0.0003,0.1
,,,,,251046,810.64185,241,,,,,,,,
,,,,,251254,666.526,208,,,,,,,,
,,,,,251470,738.81195,216,,,,,,,,
,,,,,251695,769.057,225,,,,,,,,
,,,,,251970,946.16376,275,,,,,,,,
,,,,,252000,,,-268.54425048828125,-2.4108633995056152,7.64961051940918,267.2057189941406,267.271240234375,0.0003,0.0003,0.1
,,,,,252219,875.95795,249,,,,,,,,
,,,,,252404,580.3535,185,,,,,,,,
,,,,,252610,679.31335,206,,,,,,,,
,,,,,252838,784.18634,228,,,,,,,,
,,,,,253000,,,-270.1062927246094,-2.2914135456085205,14.362434387207031,268.3140563964844,268.4401550292969,0.0003,0.0003,0.1
,,,,,253012,539.18286,174,,,,,,,,
,,,,,253240,717.50446,228,,,,,,,,
,,,,,253492,875.21204,252,,,,,,,,
,,,,,253724,786.5349,232,,,,,,,,
,,,,,253928,647.7556,204,,,,,,,,
,,,,,254000,,,-272.6114501953125,-2.0180957317352295,55.33269500732422,270.58380126953125,271.5219421386719,0.0003,0.0003,0.1
,,,,,254153,767.1064,225,,,,,,,,
,,,,,254415,876.7709,262,,,,,,,,
,,,,,254615,648.42676,200,,,,,,,,
,,,,,254811,599.9787,196,,,,,,,,
631.3592,122.5637,844.75946,331.97095,197.1,255000,,,-270.3943786621094,-2.3935084342956543,46.60487747192383,268.79376220703125,268.51171875,0.0003,0.0003,0.1
,,,,,255016,641.42926,205,,,,,,,,
,,,,,255230,710.8217,214,,,,,,,,
,,,,,255494,891.2791,264,,,,,,,,
,,,,,255700,673.0203,206,,,,,,,,
,,,,,255964,866.24304,264,,,,,,,,
,,,,,256000,,,-278.70123291015625,-2.1212000846862793,36.24802780151367,277.45574951171875,276.9455261230469,0.0003,0.0003,0.1
,,,,,256199,801.2651,235,,,,,,,,
,,,,,256425,777.1599,226,,,,,,,,
,,,,,256594,470.1896,169,,,,,,,,
,,,,,256797,693.07043,203,,,,,,,,
,,,,,257000,,,-277.0007629394531,-1.9929128885269165,9.581388473510742,275.7480163574219,275.8729248046875,0.0003,0.0003,0.1
,,,,,257034,840.6992,237,,,,,,,,
,,,,,257118,174.20985,84,,,,,,,,
,,,,,257367,778.4126,249,,,,,,,,
,,,,,257566,638.89594,199,,,,,,,,
,,,,,257799,781.9725,233,,,,,,,,
,,,,,258000,,,-273.9714660644531,-1.7288740873336792,21.050006866455078,272.8456726074219,272.75677490234375,0.0003,0.0003,0.1
,,,,,258022,730.5393,223,,,,,,,,
,,,,,258309,944.7455,287,,,,,,,,
,,,,,258517,595.3032,208,,,,,,,,
,,,,,258743,778.24036,226,,,,,,,,
,,,,,258974,726.3825,231,,,,,,,,
,,,,,259000,,,-269.5505065917969,-2.2365031242370605,15.003265380859375,268.06048583984375,268.17218017578125,0.0003,0.0003,0.1
,,,,,259172,633.16986,198,,,,,,,,
,,,,,259409,808.51025,237,,,,,,,,
,,,,,259673,900.6604,264,,,,,,,,
,,,,,259945,919.68805,272,,,,,,,,
684.3413,213.08022,911.7179,195.32521,213.7,260000,,,-280.3749694824219,-1.8168258666992188,6.280910491943359,279.07159423828125,279.2867431640625,0.0003,0.0003,0.1
,,,,,260176,788.4155,231,,,,,,,,
,,,,,260355,520.13605,179,,,,,,,,
,,,,,260580,724.1785,225,,,,,,,,
,,,,,260797,753.8613,217,,,,,,,,
,,,,,260988,597.69476,191,,,,,,,,
,,,,,261000,,,-270.5375061035156,-2.2676873207092285,8.508182525634766,269.02838134765625,269.45050048828125,0.0003,0.0003,0.1
,,,,,261251,908.4166,263,,,,,,,,
,,,,,261491,802.6128,240,,,,,,,,
,,,,,261576,182.47693,85,,,,,,,,
,,,,,261814,810.15704,238,,,,,,,,
,,,,,262000,,,-264.4869689941406,-2.6757724285125732,21.98925018310547,262.7008361816406,262.88775634765625,0.0003,0.0003,0.1
,,,,,262035,690.7823,221,,,,,,,,
,,,,,262279,814.1884,244,,,,,,,,
,,,,,262549,922.8878,270,,,,,,,,
,,,,,262794,828.6632,245,,,,,,,,
,,,,,262999,651.47644,205,,,,,,,,
,,,,,263000,,,-270.7247314453125,-2.657076835632324,20.67326545715332,268.605712890625,267.77899169921875,0.0003,0.0003,0.1
,,,,,263205,664.01953,206,,,,,,,,
,,,,,263418,685.7347,213,,,,,,,,
,,,,,263639,765.10406,221,,,,,,,,
,,,,,263841,698.94073,202,,,,,,,,
,,,,,264000,,,-270.86553955078125,-2.053823471069336,309.70556640625,269.04638671875,268.31414794921875,0.0003,0.0003,0.1
,,,,,264060,765.1831,219,,,,,,,,
,,,,,264313,892.54755,253,,,,,,,,
,,,,,264518,689.24664,205,,,,,,,,
,,,,,264721,720.041,203,,,,,,,,
,,,,,264934,726.5159,213,,,,,,,,
635.67126,169.3418,857.108,362.585,200.9,265000,,,-277.8270568847656,-2.2695510387420654,16.175081253051758,274.6080322265625,273.54180908203125,0.0003,0.0003,0.1
,,,,,265138,672.04254,204,,,,,,,,
,,,,,265372,762.75183,234,,,,,,,,
,,,,,265567,605.3578,195,,,,,,,,
,,,,,265790,760.68536,223,,,,,,,,
,,,,,266000,711.5807,210,,,,,,,,
,,,,,266000,,,-274.60809326171875,-2.215358018875122,8.301034927368164,272.92596435546875,273.0860595703125,0.0003,0.0003,0.1
,,,,,266172,520.0597,172,,,,,,,,
,,,,,266407,763.89124,235,,,,,,,,
,,,,,266648,840.1364,241,,,,,,,,
,,,,,266824,524.0315,176,,,,,,,,
,,,,,266973,433.27554,149,,,,,,,,
,,,,,267000,,,-276.9463806152344,-2.1908490657806396,11.609848022460938,275.88616943359375,275.3590087890625,0.0003,0.0003,0.1
,,,,,267116,400.07327,143,,,,,,,,
,,,,,267287,572.7957,171,,,,,,,,
,,,,,267537,860.1005,250,,,,,,,,
,,,,,267719,575.9576,182,,,,,,,,
,,,,,267889,548.5568,170,,,,,,,,
,,,,,268000,,,-265.4750671386719,-2.347437620162964,8.339666366577148,262.90606689453125,263.6614074707031,0.0003,0.0003,0.1
,,,,,268047,480.43405,158,,,,,,,,
,,,,,268211,465.79318,164,,,,,,,,
,,,,,268375,504.91302,164,,,,,,,,
,,,,,268589,670.1687,214,,,,,,,,
,,,,,268814,778.92096,225,,,,,,,,
,,,,,269000,,,-270.3794250488281,-1.9108502864837646,8.885047912597656,269.0863037109375,269.3736877441406,0.0003,0.0003,0.1
,,,,,269007,631.78345,193,,,,,,,,
,,,,,269224,705.69855,217,,,,,,,,
,,,,,269480,841.89716,256,,,,,,,,
,,,,,269592,270.1695,112,,,,,,,,
,,,,,269610,23.530735,18,,,,,,,,
,,,,,269823,726.24194,213,,,,,,,,
752.7498,103.94686,908.46606,578.20886,224.3,270000,,,-275.6585998535156,-1.8391590118408203,7.105890274047852,272.9818115234375,272.55621337890625,0.0003,0.0003,0.1
,,,,,270067,798.62695,244,,,,,,,,
,,,,,270356,980.18646,289,,,,,,,,
,,,,,270462,251.28653,106,,,,,,,,
,,,,,270691,792.4788,229,,,,,,,,
,,,,,270971,970.9598,280,,,,,,,,
,,,,,271000,,,-280.6444396972656,-1.83627188205719,7.142722129821777,279.531982421875,279.34912109375,0.0003,0.0003,0.1
,,,,,271242,949.5429,271,,,,,,,,
,,,,,271524,977.98914,282,,,,,,,,
,,,,,271793,910.2173,269,,,,,,,,
,,,,,272000,,,-279.0482482910156,-1.9494153261184692,181.99508666992188,277.7744140625,277.2630310058594,0.0003,0.0003,0.1
,,,,,272060,899.0697,267,,,,,,,,
,,,,,272272,732.43524,212,,,,,,,,
,,,,,272489,711.9672,217,,,,,,,,
,,,,,272727,833.5384,238,,,,,,,,
,,,,,272937,668.1884,210,,,,,,,,
,,,,,273000,,,-268.6751403808594,-2.253437042236328,9.409192085266113,267.55023193359375,266.9713134765625,0.0003,0.0003,0.1
,,,,,273154,672.0448,217,,,,,,,,
,,,,,273374,728.0037,220,,,,,,,,
,,,,,273634,887.34796,260,,,,,,,,
,,,,,273844,662.679,210,,,,,,,,
,,,,,274000,,,-260.7686767578125,-2.275987386703491,28.070024490356445,258.909912109375,258.7698974609375,0.0003,0.0003,0.1
,,,,,274073,790.10895,229,,,,,,,,
,,,,,274287,735.5183,214,,,,,,,,
,,,,,274306,19.473785,19,,,,,,,,
,,,,,274574,907.1892,268,,,,,,,,
,,,,,274759,635.8095,185,,,,,,,,
,,,,,274956,638.92706,197,,,,,,,,
681.0182,91.07246,868.6815,587.7184,212.1,275000,,,-268.43731689453125,-2.098402500152588,19.84092140197754,266.9381103515625,267.3309326171875,0.0003,0.0003,0.1
,,,,,275173,732.7641,217,,,,,,,,
,,,,,275194,22.279354,21,,,,,,,,
,,,,,275206,8.250553,12,,,,,,,,
,,,,,275400,621.4944,194,,,,,,,,
,,,,,275413,9.339006,13,,,,,,,,
,,,,,275426,9.819338,13,,,,,,,,
,,,,,275445,18.466549,19,,,,,,,,
,,,,,275670,752.78613,225,,,,,,,,
,,,,,275927,907.5962,257,,,,,,,,
,,,,,276000,,,-280.35076904296875,-1.7492194175720215,19.349273681640625,277.0196533203125,276.91864013671875,0.0003,0.0003,0.1
,,,,,276141,749.4168,214,,,,,,,,
,,,,,276365,759.6773,224,,,,,,,,
,,,,,276572,716.9711,207,,,,,,,,
,,,,,276613,62.966587,41,,,,,,,,
,,,,,276862,890.1602,249,,,,,,,,
,,,,,277000,,,-269.2595520019531,-2.5949764251708984,7.565285682678223,267.9382629394531,267.8653564453125,0.0003,0.0003,0.1
,,,,,277105,822.8795,243,,,,,,,,
,,,,,277309,636.27606,204,,,,,,,,
,,,,,277524,658.6839,215,,,,,,,,
,,,,,277573,80.85669,49,,,,,,,,
,,,,,277760,607.4697,187,,,,,,,,
,,,,,277977,761.7009,217,,,,,,,,
,,,,,278000,,,-271.9885559082031,-1.9386229515075684,5.429258346557617,269.83660888671875,269.54339599609375,0.0003,0.0003,0.1
,,,,,278177,711.1554,200,,,,,,,,
,,,,,278359,585.51495,182,,,,,,,,
,,,,,278568,699.5003,209,,,,,,,,
,,,,,278774,660.65576,206,,,,,,,,
,,,,,278986,700.5589,212,,,,,,,,
,,,,,279000,,,-265.0757141113281,-1.8173871040344238,7.4052300453186035,263.6746520996094,264.00653076171875,0.0003,0.0003,0.1
,,,,,279186,666.16974,200,,,,,,,,
,,,,,279400,705.57605,214,,,,,,,,
,,,,,279624,773.5793,224,,,,,,,,
,,,,,279826,698.78125,202,,,,,,,,
684.6172,44.927826,732.0029,576.41156,196.9,280000,,,-256.4000244140625,-2.2749595642089844,10.377420425415039,254.88931274414062,254.6891326904297,0.0003,0.0003,0.1
,,,,,280009,624.56946,183,,,,,,,,
,,,,,280193,647.2709,184,,,,,,,,
,,,,,280388,671.0365,195,,,,,,,,
,,,,,280575,649.3635,187,,,,,,,,
,,,,,280772,688.88544,197,,,,,,,,
,,,,,280994,756.2362,222,,,,,,,,
,,,,,281000,,,-272.4264831542969,-2.1531662940979004,62.11660385131836,270.75604248046875,270.3103332519531,0.0003,0.0003,0.1
,,,,,281202,723.97876,208,,,,,,,,
,,,,,281403,725.2964,201,,,,,,,,
,,,,,281595,686.19684,192,,,,,,,,
,,,,,281794,701.99994,199,,,,,,,,
,,,,,281998,720.2638,204,,,,,,,,
,,,,,282000,,,-273.1865539550781,-1.7976924180984497,18.035606384277344,272.070068359375,271.978759765625,0.0003,0.0003,0.1
,,,,,282193,678.06573,195,,,,,,,,
,,,,,282381,653.8526,188,,,,,,,,
,,,,,282566,614.77014,185,,,,,,,,
,,,,,282769,716.569,203,,,,,,,,
,,,,,282961,641.2897,192,,,,,,,,
,,,,,283000,,,-276.494873046875,-1.8655848503112793,6.845046520233154,274.8044738769531,275.04534912109375,0.0003,0.0003,0.1
,,,,,283150,671.76874,189,,,,,,,,
,,,,,283353,707.1513,203,,,,,,,,
,,,,,283548,680.89734,195,,,,,,,,
,,,,,283721,581.25543,173,,,,,,,,
,,,,,283896,575.97546,175,,,,,,,,
,,,,,284000,,,-279.0777893066406,-2.1439743041992188,11.438446044921875,277.9296569824219,277.51080322265625,0.0003,0.0003,0.1
,,,,,284093,686.92505,197,,,,,,,,
,,,,,284278,625.1493,185,,,,,,,,
,,,,,284467,656.0453,189,,,,,,,,
,,,,,284675,726.36304,208,,,,,,,,
,,,,,284924,778.82263,249,,,,,,,,
660.6356,37.83798,724.2798,624.54535,191.4,285000,,,-272.6982116699219,-2.141120672225952,29.293949127197266,270.68389892578125,271.0726318359375,0.0003,0.0003,0.1
,,,,,285105,628.72736,181,,,,,,,,
,,,,,285289,648.1958,184,,,,,,,,
,,,,,285499,703.65076,210,,,,,,,,
,,,,,285701,675.4839,202,,,,,,,,
,,,,,285899,679.09106,198,,,,,,,,
,,,,,286000,,,-277.1134948730469,-2.408590793609619,15.240766525268555,275.53521728515625,275.63311767578125,0.0003,0.0003,0.1
,,,,,286104,655.4332,205,,,,,,,,
,,,,,286306,684.91864,202,,,,,,,,
,,,,,286494,626.2113,188,,,,,,,,
,,,,,286645,450.1176,151,,,,,,,,
,,,,,286853,720.4265,208,,,,,,,,
,,,,,287000,,,-270.8497314453125,-2.0338075160980225,4.279093265533447,268.4914855957031,268.75103759765625,0.0003,0.0003,0.1
,,,,,287054,717.2369,201,,,,,,,,
,,,,,287261,706.6145,207,,,,,,,,
,,,,,287445,628.6738,184,,,,,,,,
,,,,,287641,628.3345,196,,,,,,,,
,,,,,287838,703.6155,197,,,,,,,,
,,,,,287994,436.63718,156,,,,,,,,
,,,,,288000,,,-266.3334045410156,-2.4589498043060303,31.229167938232422,265.5729064941406,266.50439453125,0.0003,0.0003,0.1
,,,,,288034,70.426384,40,,,,,,,,
,,,,,288215,564.0377,181,,,,,,,,
,,,,,288255,70.71112,40,,,,,,,,
,,,,,288459,626.2991,204,,,,,,,,
,,,,,288629,578.87885,170,,,,,,,,
,,,,,288832,653.5345,203,,,,,,,,
,,,,,289000,,,-269.70050048828125,-2.4519295692443848,11.581042289733887,267.7599792480469,267.712890625,0.0003,0.0003,0.1
,,,,,289019,590.7714,187,,,,,,,,
,,,,,289210,630.00183,191,,,,,,,,
,,,,,289396,644.30145,186,,,,,,,,
,,,,,289602,659.07434,206,,,,,,,,
,,,,,289787,620.7658,185,,,,,,,,
,,,,,289982,630.29144,195,,,,,,,,
692.222,60.359356,860.6307,617.681,202.0,290000,,,-273.4573974609375,-1.7865450382232666,7.6793341636657715,272.09906005859375,272.6105041503906,0.0003,0.0003,0.1
,,,,,290173,644.02673,191,,,,,,,,
,,,,,290363,643.71844,190,,,,,,,,
,,,,,290561,700.4339,198,,,,,,,,
,,,,,290756,646.9943,195,,,,,,,,
,,,,,290965,690.1163,209,,,,,,,,
,,,,,291000,,,-277.11090087890625,-1.7118744850158691,6.945171356201172,274.6395263671875,275.01348876953125,0.0003,0.0003,0.1
,,,,,291147,624.3693,182,,,,,,,,
,,,,,291346,705.9198,199,,,,,,,,
,,,,,291522,575.9106,176,,,,,,,,
,,,,,291737,724.905,215,,,,,,,,
,,,,,291930,672.0621,193,,,,,,,,
,,,,,291973,77.71509,43,,,,,,,,
,,,,,292000,,,-270.3677673339844,-2.245178461074829,8.24491024017334,268.8818359375,269.515869140625,0.0003,0.0003,0.1
,,,,,292176,726.8903,203,,,,,,,,
,,,,,292367,635.825,191,,,,,,,,
,,,,,292558,674.71906,191,,,,,,,,
,,,,,292776,738.3837,218,,,,,,,,
,,,,,292983,715.0654,207,,,,,,,,
,,,,,293000,,,-270.6623229980469,-2.2217087745666504,6.086849689483643,267.4092102050781,267.6019592285156,0.0003,0.0003,0.1
,,,,,293194,729.7982,211,,,,,,,,
,,,,,293389,680.9961,195,,,,,,,,
,,,,,293591,717.4656,202,,,,,,,,
,,,,,293792,696.2415,201,,,,,,,,
,,,,,293990,688.31726,198,,,,,,,,
,,,,,294000,,,-267.6407165527344,-2.2324941158294678,7.4598917961120605,266.0909423828125,266.5185546875,0.0003,0.0003,0.1
,,,,,294047,106.78293,57,,,,,,,,
,,,,,294252,711.9157,205,,,,,,,,
,,,,,294313,117.0348,61,,,,,,,,
,,,,,294510,680.44977,197,,,,,,,,
,,,,,294757,863.10876,247,,,,,,,,
,,,,,294955,688.883,198,,,,,,,,
596.2194,198.78288,821.33655,79.88445,177.9,295000,,,-271.4707946777344,-2.2237963676452637,5.6534576416015625,270.32550048828125,269.823486328125,0.0003,0.0003,0.1
,,,,,295148,644.08527,193,,,,,,,,
,,,,,295338,680.77954,190,,,,,,,,
,,,,,295536,664.7327,198,,,,,,,,
,,,,,295709,544.14215,173,,,,,,,,
,,,,,295897,664.8896,188,,,,,,,,
,,,,,296000,,,-263.5524597167969,-2.216555595397949,7.686005592346191,260.4190673828125,260.3684387207031,0.0003,0.0003,0.1
,,,,,296114,760.49695,217,,,,,,,,
,,,,,296288,546.55426,174,,,,,,,,
,,,,,296479,637.6346,191,,,,,,,,
,,,,,296654,550.0084,175,,,,,,,,
,,,,,296857,718.5152,203,,,,,,,,
,,,,,297000,,,-273.2568054199219,-2.440004825592041,9.462526321411133,271.69512939453125,271.9285583496094,0.0003,0.0003,0.1
,,,,,297062,730.09454,205,,,,,,,,
,,,,,297258,673.08276,196,,,,,,,,
,,,,,297467,673.8023,209,,,,,,,,
,,,,,297648,626.8199,181,,,,,,,,
,,,,,297860,651.66833,212,,,,,,,,
,,,,,298000,,,-270.20098876953125,-2.272303581237793,11.58433723449707,269.0199890136719,268.9219970703125,0.0003,0.0003,0.1
,,,,,298068,758.8064,208,,,,,,,,
,,,,,298268,684.2851,200,,,,,,,,
,,,,,298482,713.5623,214,,,,,,,,
,,,,,298699,738.66125,217,,,,,,,,
,,,,,298924,735.89355,225,,,,,,,,
,,,,,299000,,,-267.7182312011719,-2.1121790409088135,16.45295524597168,266.37969970703125,266.417724609375,0.0003,0.0003,0.1
,,,,,299141,742.7824,217,,,,,,,,
,,,,,299351,693.44324,210,,,,,,,,
,,,,,299524,579.0884,173,,,,,,,,
,,,,,299755,799.38904,231,,,,,,,,
,,,,,299968,761.11847,213,,,,,,,,
684.89856,121.81315,887.43427,453.51352,202.7,300000,,,-274.1176452636719,-2.0913829803466797,6.893245697021484,272.37933349609375,272.6590881347656,0.0003,0.0003,0.1
,,,,,300181,743.8909,213,,,,,,,,
,,,,,300389,736.8911,208,,,,,,,,
,,,,,300602,711.4577,213,,,,,,,,
,,,,,300821,751.1155,219,,,,,,,,
,,,,,301000,,,-261.13922119140625,-2.4161972999572754,8.99128246307373,259.77349853515625,259.32562255859375,0.0003,0.0003,0.1
,,,,,301013,699.7673,192,,,,,,,,
,,,,,301205,669.57135,192,,,,,,,,
,,,,,301424,775.4261,219,,,,,,,,
,,,,,301626,700.19086,202,,,,,,,,
,,,,,301833,715.99713,207,,,,,,,,
,,,,,301983,470.86624,150,,,,,,,,
,,,,,302000,,,-266.53692626953125,-2.6117072105407715,14.414532661437988,264.866943359375,264.7761535644531,0.0003,0.0003,0.1
,,,,,302188,695.9769,205,,,,,,,,
,,,,,302397,740.5117,209,,,,,,,,
,,,,,302607,719.5573,210,,,,,,,,
,,,,,302776,576.62445,169,,,,,,,,
,,,,,302983,710.46094,207,,,,,,,,
,,,,,303000,,,-274.055419921875,-1.9006719589233398,14.652505874633789,272.6600341796875,272.27069091796875,0.0003,0.0003,0.1
,,,,,303152,570.9716,169,,,,,,,,
,,,,,303341,676.7527,189,,,,,,,,
,,,,,303557,748.57874,216,,,,,,,,
,,,,,303760,720.98303,203,,,,,,,,
,,,,,303955,607.57666,195,,,,,,,,
,,,,,304000,,,-273.3135681152344,-1.9415538311004639,16.195629119873047,271.85968017578125,272.3805847167969,0.0003,0.0003,0.1
,,,,,304159,729.38257,204,,,,,,,,
,,,,,304330,571.49506,171,,,,,,,,
,,,,,304534,722.4173,204,,,,,,,,
,,,,,304740,695.3796,206,,,,,,,,
,,,,,304970,824.7638,230,,,,,,,,
730.44385,20.467777,780.6091,702.801,208.6,305000,,,-270.1928405761719,-1.5412399768829346,9.076427459716797,267.89788818359375,268.291259765625,0.0003,0.0003,0.1
,,,,,305200,793.0932,230,,,,,,,,
,,,,,305337,393.36032,137,,,,,,,,
,,,,,305527,674.5254,190,,,,,,,,
,,,,,305720,690.21436,193,,,,,,,,
,,,,,305926,729.2973,206,,,,,,,,
,,,,,306000,,,-272.9402160644531,-2.049823760986328,9.680784225463867,271.74041748046875,272.44207763671875,0.0003,0.0003,0.1
,,,,,306121,701.0587,195,,,,,,,,
,,,,,306328,683.7473,207,,,,,,,,
,,,,,306511,641.19916,183,,,,,,,,
,,,,,306704,696.5473,193,,,,,,,,
,,,,,306890,669.01404,186,,,,,,,,
,,,,,307000,,,-267.6119384765625,-1.8432286977767944,12.629352569580078,264.75775146484375,264.048095703125,0.0003,0.0003,0.1
,,,,,307100,755.73535,210,,,,,,,,
,,,,,307313,732.2635,213,,,,,,,,
,,,,,307481,583.1437,168,,,,,,,,
,,,,,307681,722.7653,200,,,,,,,,
,,,,,307837,508.34177,156,,,,,,,,
,,,,,308000,,,-258.510986328125,-2.2775864601135254,21.66929817199707,255.82354736328125,256.12396240234375,0.0003,0.0003,0.1
,,,,,308054,737.4642,217,,,,,,,,
,,,,,308260,686.59753,206,,,,,,,,
,,,,,308459,720.5346,199,,,,,,,,
,,,,,308648,652.13873,189,,,,,,,,
,,,,,308823,590.842,175,,,,,,,,
,,,,,309000,,,-275.48291015625,-1.8657299280166626,11.30870246887207,272.42578125,272.3587341308594,0.0003,0.0003,0.1
,,,,,309023,708.9437,200,,,,,,,,
,,,,,309207,629.0535,184,,,,,,,,
,,,,,309420,723.2314,213,,,,,,,,
,,,,,309616,697.6133,196,,,,,,,,
,,,,,309830,734.45306,214,,,,,,,,
731.73615,47.244335,838.7138,676.3825,214.3,310000,,,-262.3973083496094,-1.7635948657989502,63.95784378051758,260.630859375,262.2217102050781,0.0003,0.0003,0.1
,,,,,310037,711.5771,207,,,,,,,,
,,,,,310241,652.4655,204,,,,,,,,
,,,,,310455,722.86475,214,,,,,,,,
,,,,,310656,652.9899,201,,,,,,,,
,,,,,310844,625.3995,188,,,,,,,,
,,,,,311000,,,-267.0490417480469,-2.151228904724121,14.870980262756348,264.31719970703125,263.76239013671875,0.0003,0.0003,0.1
,,,,,311021,546.3718,177,,,,,,,,
,,,,,311249,754.1891,228,,,,,,,,
,,,,,311461,669.84045,212,,,,,,,,
,,,,,311654,674.1861,193,,,,,,,,
,,,,,311851,641.2999,197,,,,,,,,
,,,,,312000,,,-263.9754943847656,-1.9613984823226929,7.550346374511719,262.6680908203125,262.97991943359375,0.0003,0.0003,0.1
,,,,,312043,679.4093,192,,,,,,,,
,,,,,312258,710.1303,215,,,,,,,,
,,,,,312466,705.76416,208,,,,,,,,
,,,,,312687,749.95074,221,,,,,,,,
,,,,,312896,679.57904,209,,,,,,,,
,,,,,313000,,,-266.9211120605469,-1.6972367763519287,5.7298359870910645,265.6179504394531,265.9103698730469,0.0003,0.0003,0.1
,,,,,313157,922.06,261,,,,,,,,
,,,,,313341,578.60834,184,,,,,,,,
,,,,,313557,728.04724,216,,,,,,,,
,,,,,313756,694.94037,199,,,,,,,,
,,,,,313943,591.2241,187,,,,,,,,
,,,,,314000,,,-263.3387756347656,-1.9110026359558105,6.214425563812256,262.1755065917969,261.99298095703125,0.0003,0.0003,0.1
,,,,,314136,612.3535,193,,,,,,,,
,,,,,314333,677.15314,197,,,,,,,,
,,,,,314503,554.0182,170,,,,,,,,
,,,,,314707,665.95026,204,,,,,,,,
,,,,,314906,649.43585,199,,,,,,,,
692.327,209.51013,896.641,292.34586,203.4,315000,,,-269.28857421875,-1.9018583297729492,10.388835906982422,266.67987060546875,267.52294921875,0.0003,0.0003,0.1
,,,,,315116,751.5784,210,,,,,,,,
,,,,,315376,873.57697,260,,,,,,,,
,,,,,315451,139.71361,75,,,,,,,,
,,,,,315593,397.42224,142,,,,,,,,
,,,,,315700,270.98248,107,,,,,,,,
,,,,,315864,520.60706,164,,,,,,,,
,,,,,316000,,,-267.7396545410156,-2.294137477874756,7.420644760131836,265.48370361328125,265.269287109375,0.0003,0.0003,0.1
,,,,,316011,372.9892,147,,,,,,,,
,,,,,316216,719.2569,205,,,,,,,,
,,,,,316385,487.29782,169,,,,,,,,
,,,,,316591,659.39545,206,,,,,,,,
,,,,,316792,700.3498,201,,,,,,,,
,,,,,316866,153.4284,74,,,,,,,,
,,,,,317000,,,-275.1361999511719,-1.9314708709716797,42.356483459472656,273.39117431640625,272.96795654296875,0.0003,0.0003,0.1
,,,,,317020,459.9379,154,,,,,,,,
,,,,,317154,286.76996,134,,,,,,,,
,,,,,317370,698.8489,216,,,,,,,,
,,,,,317574,711.08673,204,,,,,,,,
,,,,,317765,677.8467,191,,,,,,,,
,,,,,317972,732.99896,207,,,,,,,,
,,,,,318000,,,-271.2280578613281,-2.036775827407837,15.053010940551758,269.21026611328125,269.32635498046875,0.0003,0.0003,0.1
,,,,,318172,634.2797,200,,,,,,,,
,,,,,318350,560.8602,178,,,,,,,,
,,,,,318555,668.11755,205,,,,,,,,
,,,,,318736,603.2782,181,,,,,,,,
,,,,,318940,670.9158,204,,,,,,,,
,,,,,319000,,,-269.238525390625,-1.9304065704345703,14.465482711791992,267.65411376953125,267.75262451171875,0.0003,0.0003,0.1
,,,,,319112,540.9191,172,,,,,,,,
,,,,,319352,845.009,240,,,,,,,,
,,,,,319544,624.01685,192,,,,,,,,
,,,,,319752,702.0885,208,,,,,,,,
,,,,,319799,80.93458,47,,,,,,,,
721.5829,67.39685,832.6267,609.2946,212.8,320000,,,-273.08428955078125,-1.9079664945602417,10.183098793029785,271.7574768066406,271.3350830078125,0.0003,0.0003,0.1
,,,,,320017,707.06915,218,,,,,,,,
,,,,,320235,736.4123,218,,,,,,,,
,,,,,320455,748.28174,220,,,,,,,,
,,,,,320640,641.19385,185,,,,,,,,
,,,,,320855,695.4858,215,,,,,,,,
,,,,,320950,211.56912,95,,,,,,,,
,,,,,321000,,,-268.3660888671875,-2.243907928466797,10.29859447479248,266.2837829589844,266.52294921875,0.0003,0.0003,0.1
,,,,,321164,739.9265,214,,,,,,,,
,,,,,321394,803.6756,230,,,,,,,,
,,,,,321582,656.46906,188,,,,,,,,
,,,,,321701,248.7623,119,,,,,,,,
,,,,,321897,595.68823,196,,,,,,,,
,,,,,322000,,,-260.08447265625,-2.2236621379852295,8.312076568603516,258.7272644042969,259.2084045410156,0.0003,0.0003,0.1
,,,,,322083,657.44385,186,,,,,,,,
,,,,,322283,640.82904,200,,,,,,,,
,,,,,322509,752.1966,226,,,,,,,,
,,,,,322700,611.54034,191,,,,,,,,
,,,,,322903,639.2332,203,,,,,,,,
,,,,,323000,,,-269.3547058105469,-1.6607893705368042,9.139720916748047,268.249267578125,267.8636474609375,0.0003,0.0003,0.1
,,,,,323088,575.2034,185,,,,,,,,
,,,,,323306,729.12573,218,,,,,,,,
,,,,,323333,47.348454,27,,,,,,,,
,,,,,323553,749.07355,220,,,,,,,,
,,,,,323671,283.36148,118,,,,,,,,
,,,,,323863,610.59796,192,,,,,,,,
,,,,,324000,,,-268.82757568359375,-1.8961269855499268,19.79338836669922,266.1498718261719,266.50177001953125,0.0003,0.0003,0.1
,,,,,324063,607.41364,200,,,,,,,,
,,,,,324275,706.6763,212,,,,,,,,
,,,,,324513,854.3796,238,,,,,,,,
,,,,,324750,827.3704,237,,,,,,,,
,,,,,324971,758.71814,221,,,,,,,,
711.1825,21.944487,745.6165,671.3541,205.6,325000,,,-271.5289306640625,-2.368825912475586,68.68586730957031,269.8551025390625,270.0726318359375,0.0003,0.0003,0.1
,,,,,325193,782.0835,222,,,,,,,,
,,,,,325395,711.8048,202,,,,,,,,
,,,,,325626,790.6405,231,,,,,,,,
,,,,,325837,713.25226,211,,,,,,,,
,,,,,326000,,,-268.04583740234375,-1.801020860671997,9.725981712341309,265.522705078125,265.2181396484375,0.0003,0.0003,0.1
,,,,,326050,747.6065,213,,,,,,,,
,,,,,326264,693.21906,214,,,,,,,,
,,,,,326468,645.7178,204,,,,,,,,
,,,,,326695,768.19995,227,,,,,,,,
,,,,,326929,763.28,234,,,,,,,,
,,,,,327000,,,-265.27081298828125,-2.6274218559265137,11.944270133972168,264.03643798828125,263.8630676269531,0.0003,0.0003,0.1
,,,,,327168,817.86676,239,,,,,,,,
,,,,,327379,670.35,211,,,,,,,,
,,,,,327568,576.9094,189,,,,,,,,
,,,,,327804,835.46594,236,,,,,,,,
,,,,,328000,,,-275.08953857421875,-1.746535301208496,5.542970180511475,274.2099609375,274.0714416503906,0.0003,0.0003,0.1
,,,,,328017,732.11676,213,,,,,,,,
,,,,,328218,637.30176,201,,,,,,,,
,,,,,328425,712.4744,207,,,,,,,,
,,,,,328473,78.43534,48,,,,,,,,
,,,,,328695,744.98584,222,,,,,,,,
,,,,,328879,575.9629,184,,,,,,,,
,,,,,329000,,,-267.2029113769531,-2.373264789581299,111.70869445800781,264.9482727050781,265.1569519042969,0.0003,0.0003,0.1
,,,,,329100,751.8849,221,,,,,,,,
,,,,,329341,846.58307,241,,,,,,,,
,,,,,329537,641.2242,196,,,,,,,,
,,,,,329740,706.1652,203,,,,,,,,
,,,,,329948,668.9342,208,,,,,,,,
749.8594,56.87592,836.62787,630.49884,220.8,330000,,,-270.01324462890625,-1.7313346862792969,14.082560539245605,268.3143615722656,269.0801696777344,0.0003,0.0003,0.1
,,,,,330145,642.87585,197,,,,,,,,
,,,,,330378,819.7947,233,,,,,,,,
,,,,,330586,712.66425,208,,,,,,,,
,,,,,330784,644.22186,198,,,,,,,,
,,,,,331000,725.94495,216,,,,,,,,
,,,,,331000,,,-260.7332763671875,-2.385469675064087,8.859115600585938,259.658447265625,259.2421569824219,0.0003,0.0003,0.1
,,,,,331183,575.5236,183,,,,,,,,
,,,,,331409,773.7639,226,,,,,,,,
,,,,,331622,755.5664,213,,,,,,,,
,,,,,331824,668.87537,202,,,,,,,,
,,,,,332000,,,-271.1864013671875,-1.8858587741851807,8.531142234802246,269.6587219238281,270.280517578125,0.0003,0.0003,0.1
,,,,,332029,679.88654,205,,,,,,,,
,,,,,332231,704.2214,202,,,,,,,,
,,,,,332439,665.80115,208,,,,,,,,
,,,,,332670,775.81616,231,,,,,,,,
,,,,,332878,692.7075,208,,,,,,,,
,,,,,333000,,,-263.66619873046875,-2.373601198196411,7.930209636688232,261.16217041015625,261.79107666015625,0.0003,0.0003,0.1
,,,,,333080,693.13696,202,,,,,,,,
,,,,,333280,650.76746,200,,,,,,,,
,,,,,333445,496.04492,165,,,,,,,,
,,,,,333672,779.7454,227,,,,,,,,
,,,,,333899,796.0345,227,,,,,,,,
,,,,,334000,,,-262.1134033203125,-2.2130839824676514,8.191947937011719,260.9721984863281,260.6597900390625,0.0003,0.0003,0.1
,,,,,334099,654.9731,200,,,,,,,,
,,,,,334329,811.53656,230,,,,,,,,
,,,,,334564,802.4438,235,,,,,,,,
,,,,,334780,733.24225,216,,,,,,,,
615.4194,216.07024,870.1998,33.24164,183.5,335000,,,-270.3736572265625,-2.153186082839966,7.3383660316467285,269.1031188964844,269.3388671875,0.0003,0.0003,0.1
,,,,,335024,845.5915,244,,,,,,,,
,,,,,335233,714.0964,209,,,,,,,,
,,,,,335442,734.2209,209,,,,,,,,
,,,,,335658,739.1795,216,,,,,,,,
,,,,,335876,731.3884,218,,,,,,,,
,,,,,336000,,,-269.0210266113281,-2.300375461578369,22.38232421875,267.0311279296875,266.973876953125,0.0003,0.0003,0.1
,,,,,336084,670.29944,208,,,,,,,,
,,,,,336304,752.73505,220,,,,,,,,
,,,,,336565,905.2759,261,,,,,,,,
,,,,,336772,668.3497,207,,,,,,,,
,,,,,337000,,,-275.03515625,-1.7915191650390625,10.868768692016602,273.40545654296875,273.6195373535156,0.0003,0.0003,0.1
,,,,,337011,822.03674,239,,,,,,,,
,,,,,337220,710.21295,209,,,,,,,,
,,,,,337411,576.5212,191,,,,,,,,
,,,,,337663,859.782,252,,,,,,,,
,,,,,337884,725.70886,221,,,,,,,,
,,,,,338000,,,-263.6485900878906,-2.160813331604004,6.489649772644043,262.36480712890625,262.70233154296875,0.0003,0.0003,0.1
,,,,,338108,757.7123,224,,,,,,,,
,,,,,338319,701.6008,211,,,,,,,,
,,,,,338524,645.8908,205,,,,,,,,
,,,,,338712,584.01483,188,,,,,,,,
,,,,,338948,794.4369,236,,,,,,,,
,,,,,339000,,,-267.86224365234375,-1.963350772857666,10.600149154663086,265.9088134765625,265.95794677734375,0.0003,0.0003,0.1
,,,,,339174,763.52344,226,,,,,,,,
,,,,,339379,646.60486,205,,,,,,,,
,,,,,339583,648.20184,204,,,,,,,,
,,,,,339804,736.54456,221,,,,,,,,
819.6543,63.87606,888.3683,695.17865,237.7,340000,,,-266.1033020019531,-2.0322210788726807,27.567800521850586,264.27471923828125,265.35552978515625,0.0003,0.0003,0.1
,,,,,340019,720.37354,215,,,,,,,,
,,,,,340231,696.1409,212,,,,,,,,
,,,,,340425,638.93317,194,,,,,,,,
,,,,,340679,905.42395,254,,,,,,,,
,,,,,340915,820.29517,236,,,,,,,,
,,,,,341000,,,-275.17144775390625,-1.9778910875320435,54.14098358154297,273.0406494140625,273.2951965332031,0.0003,0.0003,0.1
,,,,,341160,861.23944,245,,,,,,,,
,,,,,341423,934.8842,263,,,,,,,,
,,,,,341629,736.6963,206,,,,,,,,
,,,,,341844,724.94403,215,,,,,,,,
,,,,,342000,,,-266.74908447265625,-2.179412841796875,56.63519287109375,263.45965576171875,263.8350830078125,0.0003,0.0003,0.1
,,,,,342071,721.4138,227,,,,,,,,
,,,,,342313,862.0921,242,,,,,,,,
,,,,,342496,603.8854,183,,,,,,,,
,,,,,342727,759.8679,231,,,,,,,,
,,,,,342964,805.0482,237,,,,,,,,
,,,,,343000,,,-273.7359619140625,-1.9193315505981445,5.969002723693848,272.8196716308594,273.21063232421875,0.0003,0.0003,0.1
,,,,,343202,799.5684,238,,,,,,,,
,,,,,343441,811.87256,239,,,,,,,,
,,,,,343659,730.28296,218,,,,,,,,
,,,,,343897,817.5695,238,,,,,,,,
,,,,,344000,,,-267.885498046875,-1.850195050239563,28.083955764770508,266.041748046875,266.4925537109375,0.0003,0.0003,0.1
,,,,,344140,799.5928,243,,,,,,,,
,,,,,344162,22.96578,22,,,,,,,,
,,,,,344420,916.96655,258,,,,,,,,
,,,,,344649,777.6726,229,,,,,,,,
,,,,,344838,579.3658,189,,,,,,,,
,,,,,344948,263.85907,110,,,,,,,,
825.4344,176.17622,983.33105,316.37683,242.2,345000,,,-268.73260498046875,-2.0929348468780518,6.933699131011963,267.6159973144531,268.0289001464844,0.0003,0.0003,0.1
,,,,,345195,837.2785,247,,,,,,,,
,,,,,345437,824.8441,242,,,,,,,,
,,,,,345639,683.282,202,,,,,,,,
,,,,,345857,723.8161,218,,,,,,,,
,,,,,346000,,,-270.2100524902344,-1.7832468748092651,44.85515594482422,269.15911865234375,268.73486328125,0.0003,0.0003,0.1
,,,,,346103,829.0065,246,,,,,,,,
,,,,,346368,925.77875,265,,,,,,,,
,,,,,346623,874.4976,255,,,,,,,,
,,,,,346847,729.00946,224,,,,,,,,
,,,,,347000,,,-270.6942138671875,-2.0184121131896973,13.87404727935791,269.6651916503906,269.4832763671875,0.0003,0.0003,0.1
,,,,,347051,664.51025,204,,,,,,,,
,,,,,347257,717.50793,206,,,,,,,,
,,,,,347488,772.06305,231,,,,,,,,
,,,,,347720,780.08185,232,,,,,,,,
,,,,,347946,768.45074,226,,,,,,,,
,,,,,348000,,,-267.8331604003906,-1.831463098526001,4.549504280090332,266.9031066894531,267.20166015625,0.0003,0.0003,0.1
,,,,,348132,568.2996,186,,,,,,,,
,,,,,348259,312.6967,127,,,,,,,,
,,,,,348538,919.071,279,,,,,,,,
,,,,,348800,867.5189,262,,,,,,,,
,,,,,349000,,,-258.4549560546875,-2.3371524810791016,14.8652982711792,256.16864013671875,256.00482177734375,0.0003,0.0003,0.1
,,,,,349012,754.9445,212,,,,,,,,
,,,,,349246,820.619,234,,,,,,,,
,,,,,349412,463.7601,166,,,,,,,,
,,,,,349679,923.4578,267,,,,,,,,
,,,,,349899,682.01733,220,,,,,,,,
885.7463,46.361176,936.0487,768.91077,260.9,350000,,,-272.3366394042969,-1.8383702039718628,6.921673774719238,271.24835205078125,271.09014892578125,0.0003,0.0003,0.1
,,,,,350100,628.14404,201,,,,,,,,
,,,,,350337,799.77594,237,,,,,,,,
,,,,,350573,793.4106,236,,,,,,,,
,,,,,350819,861.94165,246,,,,,,,,
,,,,,351000,,,-272.8652038574219,-1.9863438606262207,20.392887115478516,269.4950866699219,269.9009704589844,0.0003,0.0003,0.1
,,,,,351125,1041.6737,306,,,,,,,,
,,,,,351356,720.02954,231,,,,,,,,
,,,,,351589,820.6852,233,,,,,,,,
,,,,,351820,798.1302,231,,,,,,,,
,,,,,352000,,,-270.5374450683594,-1.9096031188964844,236.44122314453125,268.93377685546875,267.82470703125,0.0003,0.0003,0.1
,,,,,352053,785.64685,233,,,,,,,,
,,,,,352280,763.2161,227,,,,,,,,
,,,,,352498,733.1198,218,,,,,,,,
,,,,,352704,671.9637,206,,,,,,,,
,,,,,352793,189.06656,89,,,,,,,,
,,,,,353000,,,-270.3309631347656,-2.2526466846466064,6.057779312133789,269.0291748046875,269.03253173828125,0.0003,0.0003,0.1
,,,,,353032,752.4302,239,,,,,,,,
,,,,,353233,567.48236,201,,,,,,,,
,,,,,353455,770.31213,222,,,,,,,,
,,,,,353654,634.87897,199,,,,,,,,
,,,,,353890,800.9029,236,,,,,,,,
,,,,,354000,,,-268.2767028808594,-1.8161988258361816,7.646353721618652,266.79315185546875,266.94482421875,0.0003,0.0003,0.1
,,,,,354057,457.51508,167,,,,,,,,
,,,,,354269,694.15216,212,,,,,,,,
,,,,,354449,515.001,180,,,,,,,,
,,,,,354709,889.079,260,,,,,,,,
,,,,,354953,861.9995,244,,,,,,,,
576.52313,58.146584,664.83765,437.45987,187.3,355000,,,-269.0597229003906,-2.1658623218536377,14.401456832885742,268.3312683105469,266.78558349609375,0.0003,0.0003,0.1
,,,,,355133,562.4172,180,,,,,,,,
,,,,,355325,590.8541,192,,,,,,,,
,,,,,355548,763.0143,223,,,,,,,,
,,,,,355714,472.53635,166,,,,,,,,
,,,,,355939,809.0582,225,,,,,,,,
,,,,,356000,,,-274.30206298828125,-1.97715425491333,8.90932846069336,272.1897277832031,272.16864013671875,0.0003,0.0003,0.1
,,,,,356132,592.75696,193,,,,,,,,
,,,,,356308,521.2173,176,,,,,,,,
,,,,,356511,639.29205,203,,,,,,,,
,,,,,356781,955.26355,270,,,,,,,,
,,,,,356986,651.8254,205,,,,,,,,
,,,,,357000,,,-261.2326354980469,-2.1366100311279297,9.9536714553833,258.5020751953125,258.7524108886719,0.0003,0.0003,0.1
,,,,,357216,752.99805,230,,,,,,,,
,,,,,357432,731.66016,216,,,,,,,,
,,,,,357607,509.80612,175,,,,,,,,
,,,,,357842,821.15283,235,,,,,,,,
,,,,,358000,,,-267.28009033203125,-2.446857452392578,11.987571716308594,265.9765319824219,266.22296142578125,0.0003,0.0003,0.1
,,,,,358017,513.49426,175,,,,,,,,
,,,,,358305,841.3031,288,,,,,,,,
,,,,,358546,730.3306,241,,,,,,,,
,,,,,358744,638.39044,198,,,,,,,,
,,,,,358909,507.58942,165,,,,,,,,
,,,,,359000,,,-275.4449157714844,-1.8546416759490967,118.62144470214844,272.9844665527344,272.5935363769531,0.0003,0.0003,0.1
,,,,,359155,765.3962,246,,,,,,,,
,,,,,359316,498.7114,161,,,,,,,,
,,,,,359815,1116.279,499,,,,,,,,
616.31635,150.30913,802.18744,229.1898,191.6,360000,,,-260.1707763671875,-2.3431074619293213,10.568418502807617,257.7321472167969,258.1738586425781,0.0003,0.0003,0.1
,,,,,360014,680.2385,199,,,,,,,,
,,,,,360244,729.0206,230,,,,,,,,
,,,,,360488,837.31793,244,,,,,,,,
,,,,,360715,689.3292,227,,,,,,,,
,,,,,360960,817.24945,245,,,,,,,,
,,,,,361000,,,-276.7149353027344,-1.9531699419021606,6.7935590744018555,275.3428955078125,275.0328369140625,0.0003,0.0003,0.1
,,,,,361192,812.7649,232,,,,,,,,
,,,,,361445,875.51227,253,,,,,,,,
,,,,,361653,652.0307,208,,,,,,,,
,,,,,361920,899.57764,267,,,,,,,,
,,,,,362000,,,-263.6589660644531,-2.2439208030700684,27.752269744873047,261.229736328125,260.96783447265625,0.0003,0.0003,0.1
,,,,,362202,942.1029,282,,,,,,,,
,,,,,362424,731.788,222,,,,,,,,
,,,,,362681,892.7251,257,,,,,,,,
,,,,,362911,783.64386,230,,,,,,,,
,,,,,363000,,,-260.0173034667969,-1.9588613510131836,11.836406707763672,258.69873046875,258.6694641113281,0.0003,0.0003,0.1
,,,,,363133,780.41364,222,,,,,,,,
,,,,,363345,728.18176,212,,,,,,,,
,,,,,363545,681.83923,200,,,,,,,,
,,,,,363802,898.8754,257,,,,,,,,
,,,,,364000,,,-268.2272644042969,-2.2319698333740234,8.537507057189941,265.469970703125,265.2935791015625,0.0003,0.0003,0.1
,,,,,364050,837.5019,248,,,,,,,,
,,,,,364235,635.72375,185,,,,,,,,
,,,,,364459,746.4618,224,,,,,,,,
,,,,,364742,936.1426,283,,,,,,,,
,,,,,364971,724.9651,229,,,,,,,,
773.8825,65.639435,855.102,646.39276,228.7,365000,,,-267.58233642578125,-1.9215916395187378,8.70954704284668,266.2630920410156,266.62664794921875,0.0003,0.0003,0.1
,,,,,365223,857.13745,252,,,,,,,,
,,,,,365443,722.59625,220,,,,,,,,
,,,,,365671,765.3783,228,,,,,,,,
,,,,,365867,594.391,196,,,,,,,,
,,,,,366000,,,-266.7606506347656,-2.3179047107696533,10.382524490356445,264.59967041015625,264.4172668457031,0.0003,0.0003,0.1
,,,,,366109,793.13464,242,,,,,,,,
,,,,,366413,952.7194,304,,,,,,,,
,,,,,366638,772.817,225,,,,,,,,
,,,,,366879,822.20276,241,,,,,,,,
,,,,,367000,,,-258.019775390625,-2.4412119388580322,27.439987182617188,256.9483642578125,256.60235595703125,0.0003,0.0003,0.1
,,,,,367136,756.18555,257,,,,,,,,
,,,,,367408,887.88605,272,,,,,,,,
,,,,,367654,858.2076,246,,,,,,,,
,,,,,367895,834.45795,241,,,,,,,,
,,,,,368000,,,-276.190185546875,-1.6154556274414062,8.244362831115723,274.35455322265625,274.8216247558594,0.0003,0.0003,0.1
,,,,,368138,840.36755,243,,,,,,,,
,,,,,368349,669.7706,211,,,,,,,,
,,,,,368573,721.20856,224,,,,,,,,
,,,,,368814,818.25543,241,,,,,,,,
,,,,,369000,,,-266.7427673339844,-2.193429946899414,14.339279174804688,265.60205078125,265.71112060546875,0.0003,0.0003,0.1
,,,,,369056,843.0517,242,,,,,,,,
,,,,,369302,859.4705,246,,,,,,,,
,,,,,369529,785.8255,227,,,,,,,,
,,,,,369787,895.2577,258,,,,,,,,
838.3517,140.58517,1135.6647,655.133,242.0,370000,,,-265.0235900878906,-2.366863489151001,6.876751899719238,263.6019287109375,263.18023681640625,0.0003,0.0003,0.1
,,,,,370017,838.32623,230,,,,,,,,
,,,,,370274,891.68726,257,,,,,,,,
,,,,,370445,511.6069,171,,,,,,,,
,,,,,370694,875.0128,249,,,,,,,,
,,,,,370962,927.63226,268,,,,,,,,
,,,,,371000,,,-272.1544189453125,-2.0311131477355957,8.499935150146484,271.16436767578125,270.75732421875,0.0003,0.0003,0.1
,,,,,371218,879.37006,256,,,,,,,,
,,,,,371435,728.0356,217,,,,,,,,
,,,,,371678,831.6938,243,,,,,,,,
,,,,,371880,681.0585,202,,,,,,,,
,,,,,372000,,,-266.683837890625,-2.068990707397461,6.84004020690918,265.4164733886719,265.43670654296875,0.0003,0.0003,0.1
,,,,,372130,864.4201,250,,,,,,,,
,,,,,372286,458.7182,156,,,,,,,,
,,,,,372466,584.47003,180,,,,,,,,
,,,,,372726,914.2063,260,,,,,,,,
,,,,,372941,784.31274,215,,,,,,,,
,,,,,373000,,,-269.5326232910156,-1.962608814239502,8.126603126525879,267.12432861328125,267.2364196777344,0.0003,0.0003,0.1
,,,,,373188,901.1646,247,,,,,,,,
,,,,,373514,1131.788,326,,,,,,,,
,,,,,373738,707.82715,224,,,,,,,,
,,,,,373959,779.4746,221,,,,,,,,
,,,,,374000,,,-271.0671691894531,-2.276310682296753,11.511750221252441,269.5247802734375,269.4374084472656,0.0003,0.0003,0.1
,,,,,374164,709.68353,205,,,,,,,,
,,,,,374411,909.2982,247,,,,,,,,
,,,,,374659,892.1866,248,,,,,,,,
,,,,,374911,867.18604,252,,,,,,,,
829.2376,116.81411,1124.3317,666.2513,242.4,375000,,,-273.72314453125,-2.3152084350585938,11.454065322875977,272.1644287109375,272.3334045410156,0.0003,0.0003,0.1
,,,,,375155,808.2296,244,,,,,,,,
,,,,,375413,887.21387,258,,,,,,,,
,,,,,375655,908.63495,242,,,,,,,,
,,,,,375716,110.5919,61,,,,,,,,
,,,,,375770,97.31823,54,,,,,,,,
,,,,,375923,464.0444,153,,,,,,,,
,,,,,375974,91.7599,51,,,,,,,,
,,,,,376000,,,-273.5471496582031,-1.665454626083374,6.670041084289551,272.6829833984375,271.91192626953125,0.0003,0.0003,0.1
,,,,,376031,103.904434,57,,,,,,,,
,,,,,376265,815.98206,234,,,,,,,,
,,,,,376469,663.97107,204,,,,,,,,
,,,,,376525,101.407906,56,,,,,,,,
,,,,,376782,899.74445,257,,,,,,,,
,,,,,376953,532.9157,171,,,,,,,,
,,,,,377000,,,-271.2524719238281,-1.9351171255111694,7.837468147277832,269.9657897949219,270.2916564941406,0.0003,0.0003,0.1
,,,,,377185,774.3353,232,,,,,,,,
,,,,,377368,585.94226,183,,,,,,,,
,,,,,377603,789.2802,235,,,,,,,,
,,,,,377799,654.07886,196,,,,,,,,
,,,,,378000,,,-269.67718505859375,-2.062626600265503,11.941883087158203,266.72314453125,266.71435546875,0.0003,0.0003,0.1
,,,,,378042,830.5661,243,,,,,,,,
,,,,,378227,582.87646,185,,,,,,,,
,,,,,378408,581.9567,181,,,,,,,,
,,,,,378642,828.269,234,,,,,,,,
,,,,,378817,547.9462,175,,,,,,,,
,,,,,379000,565.53033,183,,,,,,,,
,,,,,379000,,,-266.75347900390625,-2.0042407512664795,12.74216079711914,264.02642822265625,263.7136535644531,0.0003,0.0003,0.1
,,,,,379247,838.7468,247,,,,,,,,
,,,,,379482,779.9232,235,,,,,,,,
,,,,,379747,854.02765,265,,,,,,,,
,,,,,379994,824.1754,247,,,,,,,,
756.76855,123.135025,895.2809,494.5609,228.0,380000,,,-280.2704772949219,-1.928297996520996,24.357013702392578,277.79669189453125,277.857421875,0.0003,0.0003,0.1
,,,,,380276,956.5603,282,,,,,,,,
,,,,,380527,850.7723,251,,,,,,,,
,,,,,380759,860.5466,232,,,,,,,,
,,,,,380969,674.0347,210,,,,,,,,
,,,,,381000,,,-267.2393493652344,-2.2441530227661133,7.1771650314331055,265.909912109375,265.71807861328125,0.0003,0.0003,0.1
,,,,,381221,858.8064,252,,,,,,,,
,,,,,381458,784.0487,237,,,,,,,,
,,,,,381685,759.2704,227,,,,,,,,
,,,,,381912,765.08105,227,,,,,,,,
,,,,,382000,,,-274.793701171875,-2.273754119873047,5.449111461639404,272.88922119140625,272.8621520996094,0.0003,0.0003,0.1
,,,,,382099,592.6051,187,,,,,,,,
,,,,,382354,858.4233,255,,,,,,,,
,,,,,382558,609.22705,204,,,,,,,,
,,,,,382793,776.69434,235,,,,,,,,
,,,,,383000,,,-275.9151306152344,-2.193687915802002,7.959776401519775,274.3375244140625,274.5039367675781,0.0003,0.0003,0.1
,,,,,383045,829.03577,252,,,,,,,,
,,,,,383293,826.46277,248,,,,,,,,
,,,,,383546,878.2253,253,,,,,,,,
,,,,,383796,819.1045,250,,,,,,,,
,,,,,383977,552.00183,181,,,,,,,,
,,,,,384000,,,-271.34234619140625,-1.7640893459320068,5.824974060058594,270.46771240234375,270.3778991699219,0.0003,0.0003,0.1
,,,,,384156,536.079,179,,,,,,,,
,,,,,384298,380.38757,142,,,,,,,,
,,,,,384512,701.9044,214,,,,,,,,
,,,,,384703,581.3504,191,,,,,,,,
,,,,,384900,607.29785,197,,,,,,,,
565.00616,178.67819,793.71893,149.9609,187.0,385000,,,-279.8343505859375,-1.9188222885131836,6.456113815307617,278.84637451171875,279.01385498046875,0.0003,0.0003,0.1
,,,,,385139,842.1756,239,,,,,,,,
,,,,,385325,587.4987,186,,,,,,,,
,,,,,385541,691.68805,216,,,,,,,,
,,,,,385622,155.10646,81,,,,,,,,
,,,,,385702,154.84326,80,,,,,,,,
,,,,,385909,648.04535,207,,,,,,,,
,,,,,386000,,,-260.49725341796875,-2.104588031768799,37.975135803222656,258.62420654296875,259.06781005859375,0.0003,0.0003,0.1
,,,,,386174,894.439,265,,,,,,,,
,,,,,386355,546.6934,181,,,,,,,,
,,,,,386594,808.2937,239,,,,,,,,
,,,,,386766,514.2358,172,,,,,,,,
,,,,,386964,623.7419,198,,,,,,,,
,,,,,387000,,,-266.09027099609375,-2.108224391937256,13.020297050476074,264.71307373046875,264.51416015625,0.0003,0.0003,0.1
,,,,,387203,818.65247,239,,,,,,,,
,,,,,387427,718.43964,224,,,,,,,,
,,,,,387626,649.4666,199,,,,,,,,
,,,,,387862,764.5672,236,,,,,,,,
,,,,,388000,,,-270.74261474609375,-1.8919259309768677,34.29769515991211,267.4975280761719,267.74871826171875,0.0003,0.0003,0.1
,,,,,388059,593.639,197,,,,,,,,
,,,,,388245,569.1445,186,,,,,,,,
,,,,,388458,724.00854,213,,,,,,,,
,,,,,388657,586.3755,199,,,,,,,,
,,,,,388738,154.92395,81,,,,,,,,
,,,,,388867,336.1979,129,,,,,,,,
,,,,,389000,,,-269.9951171875,-2.2213850021362305,5.862922668457031,269.0055236816406,268.69818115234375,0.0003,0.0003,0.1
,,,,,389040,526.026,173,,,,,,,,
,,,,,389301,875.4598,261,,,,,,,,
,,,,,389500,609.8633,199,,,,,,,,
,,,,,389689,581.79114,189,,,,,,,,
,,,,,389952,905.7892,263,,,,,,,,
847.0568,128.66881,1180.1416,723.2354,241.6,390000,,,-265.5530700683594,-2.601231813430786,8.530258178710938,264.0398254394531,264.32269287109375,0.0003,0.0003,0.1
,,,,,390182,788.22424,230,,,,,,,,
,,,,,390399,723.66187,217,,,,,,,,
,,,,,390588,603.44995,189,,,,,,,,
,,,,,390812,759.8934,224,,,,,,,,
,,,,,391000,,,-266.14361572265625,-1.7173590660095215,14.18876838684082,264.8609619140625,265.9723205566406,0.0003,0.0003,0.1
,,,,,391063,886.0289,251,,,,,,,,
,,,,,391272,732.22314,209,,,,,,,,
,,,,,391442,514.7757,170,,,,,,,,
,,,,,391642,676.3962,200,,,,,,,,
,,,,,391904,902.0089,262,,,,,,,,
,,,,,392000,,,-269.5475158691406,-2.02048397064209,5.143477439880371,267.6856689453125,268.1583557128906,0.0003,0.0003,0.1
,,,,,392132,753.3689,228,,,,,,,,
,,,,,392401,917.11755,269,,,,,,,,
,,,,,392667,907.40546,266,,,,,,,,
,,,,,392886,745.885,219,,,,,,,,
,,,,,393000,,,-272.0555725097656,-2.232999324798584,4.8789215087890625,271.0338134765625,271.6688537597656,0.0003,0.0003,0.1
,,,,,393085,667.2881,199,,,,,,,,
,,,,,393331,866.7837,246,,,,,,,,
,,,,,393530,683.54895,199,,,,,,,,
,,,,,393738,718.83386,208,,,,,,,,
,,,,,393992,904.03485,254,,,,,,,,
,,,,,394000,,,-270.8724060058594,-1.8418800830841064,6.290954113006592,269.7921447753906,269.97576904296875,0.0003,0.0003,0.1
,,,,,394231,843.21014,239,,,,,,,,
,,,,,394469,833.30743,238,,,,,,,,
,,,,,394714,859.9189,245,,,,,,,,
,,,,,394996,963.14996,282,,,,,,,,
835.4574,68.10456,947.27625,688.50055,242.1,395000,,,-272.13934326171875,-2.420198440551758,20.65776824951172,270.64306640625,270.302490234375,0.0003,0.0003,0.1
,,,,,395208,703.5579,212,,,,,,,,
,,,,,395456,875.3536,248,,,,,,,,
,,,,,395690,837.36835,234,,,,,,,,
,,,,,395936,872.2527,246,,,,,,,,
,,,,,396000,,,-274.8271484375,-1.9032034873962402,25.424652099609375,272.7558288574219,272.37335205078125,0.0003,0.0003,0.1
,,,,,396112,520.5909,176,,,,,,,,
,,,,,396365,859.2687,253,,,,,,,,
,,,,,396617,880.0041,252,,,,,,,,
,,,,,396832,722.5802,215,,,,,,,,
,,,,,397000,,,-271.3583984375,-2.375844955444336,10.989248275756836,270.38323974609375,271.00048828125,0.0003,0.0003,0.1
,,,,,397055,807.0301,223,,,,,,,,
,,,,,397252,644.91974,197,,,,,,,,
,,,,,397495,869.2447,243,,,,,,,,
,,,,,397752,908.37213,257,,,,,,,,
,,,,,397991,847.7812,239,,,,,,,,
,,,,,398000,,,-270.3716125488281,-2.300356388092041,10.9900484085083,268.3233337402344,268.3464660644531,0.0003,0.0003,0.1
,,,,,398186,654.965,195,,,,,,,,
,,,,,398400,721.89667,214,,,,,,,,
,,,,,398599,693.24347,199,,,,,,,,
,,,,,398862,930.09564,263,,,,,,,,
,,,,,399000,,,-278.57794189453125,-2.962759017944336,8.864328384399414,277.4524230957031,278.1829833984375,0.0003,0.0003,0.1
,,,,,399092,830.795,230,,,,,,,,
,,,,,399317,781.0826,225,,,,,,,,
,,,,,399558,865.2526,241,,,,,,,,
,,,,,399786,798.02747,228,,,,,,,,
708.8528,169.55795,898.8698,430.43384,215.6,400000,,,-270.7013244628906,-2.242661714553833,11.698680877685547,268.0787658691406,268.1976318359375,0.0003,0.0003,0.1
,,,,,400002,742.09973,216,,,,,,,,
,,,,,400248,806.2277,246,,,,,,,,
,,,,,400466,731.9194,218,,,,,,,,
,,,,,400675,692.8734,209,,,,,,,,
,,,,,400917,892.4642,242,,,,,,,,
,,,,,401000,,,-268.9041748046875,-2.196601152420044,8.496549606323242,267.32855224609375,267.98040771484375,0.0003,0.0003,0.1
,,,,,401167,840.2375,250,,,,,,,,
,,,,,401384,755.16614,217,,,,,,,,
,,,,,401603,784.8736,219,,,,,,,,
,,,,,401831,765.90845,228,,,,,,,,
,,,,,401893,122.03968,62,,,,,,,,
,,,,,402000,,,-263.0146789550781,-2.224141836166382,8.654754638671875,261.7974548339844,262.64080810546875,0.0003,0.0003,0.1
,,,,,402151,905.3786,258,,,,,,,,
,,,,,402371,764.9095,220,,,,,,,,
,,,,,402562,657.8082,191,,,,,,,,
,,,,,402752,590.8542,190,,,,,,,,
,,,,,402948,636.1745,196,,,,,,,,
,,,,,403000,,,-260.1321716308594,-1.7706340551376343,7.3835978507995605,259.276611328125,258.72802734375,0.0003,0.0003,0.1
,,,,,403184,872.7274,236,,,,,,,,
,,,,,403428,874.3138,244,,,,,,,,
,,,,,403627,647.33685,199,,,,,,,,
,,,,,403834,693.26245,207,,,,,,,,
,,,,,404000,,,-267.4905700683594,-1.9535478353500366,9.30941390991211,265.92230224609375,265.5914306640625,0.0003,0.0003,0.1
,,,,,404027,623.83246,193,,,,,,,,
,,,,,404244,734.15265,217,,,,,,,,
,,,,,404465,762.6994,221,,,,,,,,
,,,,,404497,53.724537,32,,,,,,,,
,,,,,404713,740.53577,216,,,,,,,,
,,,,,404894,578.4162,181,,,,,,,,
741.4026,90.865456,919.62946,645.3828,220.9,405000,,,-267.5763854980469,-2.1083247661590576,6.473454475402832,266.2452392578125,266.6077880859375,0.0003,0.0003,0.1
,,,,,405131,811.91565,237,,,,,,,,
,,,,,405346,718.71234,215,,,,,,,,
,,,,,405570,772.9186,224,,,,,,,,
,,,,,405751,583.58185,181,,,,,,,,
,,,,,405948,683.29987,197,,,,,,,,
,,,,,406000,,,-271.9708251953125,-2.1599056720733643,12.671634674072266,269.2958984375,269.2748107910156,0.0003,0.0003,0.1
,,,,,406186,878.9429,238,,,,,,,,
,,,,,406363,518.96185,177,,,,,,,,
,,,,,406568,663.63666,205,,,,,,,,
,,,,,406818,908.0983,250,,,,,,,,
,,,,,406971,460.11185,153,,,,,,,,
,,,,,407000,,,-279.0739440917969,-1.6560230255126953,52.11266326904297,277.75146484375,277.53582763671875,0.0003,0.0003,0.1
,,,,,407148,574.9913,177,,,,,,,,
,,,,,407403,840.12054,255,,,,,,,,
,,,,,407636,840.8708,233,,,,,,,,
,,,,,407837,638.25555,201,,,,,,,,
,,,,,408000,,,-275.9225158691406,-1.8813762664794922,7.815406799316406,275.26605224609375,274.7991027832031,0.0003,0.0003,0.1
,,,,,408038,637.65576,201,,,,,,,,
,,,,,408197,424.29306,159,,,,,,,,
,,,,,408405,676.4755,208,,,,,,,,
,,,,,408629,710.5949,224,,,,,,,,
,,,,,408856,772.35004,227,,,,,,,,
,,,,,409000,,,-273.5067443847656,-2.0473108291625977,31.670238494873047,272.15594482421875,273.0005798339844,0.0003,0.0003,0.1
,,,,,409064,693.8258,208,,,,,,,,
,,,,,409324,943.42175,260,,,,,,,,
,,,,,409529,714.9732,205,,,,,,,,
,,,,,409571,74.01338,42,,,,,,,,
,,,,,409778,683.3127,207,,,,,,,,
766.70374,62.076492,852.9202,677.3341,226.2,410000,,,-271.84051513671875,-1.7589861154556274,10.164239883422852,270.59051513671875,270.615478515625,0.0003,0.0003,0.1
,,,,,410011,823.2976,233,,,,,,,,
,,,,,410200,574.20337,189,,,,,,,,
,,,,,410401,672.6607,201,,,,,,,,
,,,,,410580,554.1053,179,,,,,,,,
,,,,,410703,311.14148,123,,,,,,,,
,,,,,410916,698.1679,213,,,,,,,,
,,,,,411000,,,-267.8258056640625,-1.7511253356933594,11.705499649047852,266.89080810546875,266.46783447265625,0.0003,0.0003,0.1
,,,,,411155,809.6345,239,,,,,,,,
,,,,,411384,776.11487,229,,,,,,,,
,,,,,411629,825.63635,245,,,,,,,,
,,,,,411846,716.8207,217,,,,,,,,
,,,,,412000,,,-268.2877197265625,-1.8095475435256958,4.441155433654785,265.80963134765625,266.174072265625,0.0003,0.0003,0.1
,,,,,412041,574.471,195,,,,,,,,
,,,,,412241,606.8661,200,,,,,,,,
,,,,,412482,839.21594,241,,,,,,,,
,,,,,412707,794.4099,225,,,,,,,,
,,,,,412926,717.5385,219,,,,,,,,
,,,,,413000,,,-258.65484619140625,-1.926507592201233,32.64170837402344,256.87017822265625,256.56964111328125,0.0003,0.0003,0.1
,,,,,413130,688.05286,204,,,,,,,,
,,,,,413369,850.47894,239,,,,,,,,
,,,,,413564,592.64355,195,,,,,,,,
,,,,,413761,596.36096,197,,,,,,,,
,,,,,413987,770.60205,226,,,,,,,,
,,,,,414000,,,-269.33154296875,-1.9947015047073364,23.383014678955078,267.1372375488281,266.8216552734375,0.0003,0.0003,0.1
,,,,,414161,561.9142,174,,,,,,,,
,,,,,414356,648.3554,195,,,,,,,,
,,,,,414530,537.0847,174,,,,,,,,
,,,,,414743,722.51324,213,,,,,,,,
,,,,,414945,675.7737,202,,,,,,,,
728.63464,63.40334,870.24036,629.116,213.0,415000,,,-251.8876953125,-2.167630434036255,12.575151443481445,250.1649169921875,250.1435546875,0.0003,0.0003,0.1
,,,,,415155,729.83374,210,,,,,,,,
,,,,,415346,627.18085,191,,,,,,,,
,,,,,415545,671.9717,199,,,,,,,,
,,,,,415783,833.3589,238,,,,,,,,
,,,,,415977,668.9408,194,,,,,,,,
,,,,,416000,,,-275.06292724609375,-1.9477639198303223,13.067644119262695,273.14227294921875,273.66436767578125,0.0003,0.0003,0.1
,,,,,416190,724.9091,213,,,,,,,,
,,,,,416420,826.43335,230,,,,,,,,
,,,,,416610,657.06396,190,,,,,,,,
,,,,,416818,708.8588,208,,,,,,,,
,,,,,417000,,,-257.0687255859375,-2.0087695121765137,20.78968048095703,255.2423095703125,255.84999084472656,0.0003,0.0003,0.1
,,,,,417039,728.95685,221,,,,,,,,
,,,,,417064,31.192625,25,,,,,,,,
,,,,,417308,836.5051,244,,,,,,,,
,,,,,417439,355.9287,131,,,,,,,,
,,,,,417460,23.990515,21,,,,,,,,
,,,,,417681,764.5134,221,,,,,,,,
,,,,,417706,30.526775,25,,,,,,,,
,,,,,417961,870.90155,255,,,,,,,,
,,,,,418000,,,-275.8569030761719,-1.8300954103469849,90.52822875976562,274.54083251953125,273.8363037109375,0.0003,0.0003,0.1
,,,,,418168,726.83813,207,,,,,,,,
,,,,,418402,810.2575,234,,,,,,,,
,,,,,418620,750.25397,218,,,,,,,,
,,,,,418884,953.964,264,,,,,,,,
,,,,,418894,9.098597,10,,,,,,,,
,,,,,419000,,,-263.3442077636719,-1.9800382852554321,7.6156110763549805,261.5506286621094,261.7364501953125,0.0003,0.0003,0.1
,,,,,419148,871.6818,254,,,,,,,,
,,,,,419400,937.70953,252,,,,,,,,
,,,,,419646,838.08636,246,,,,,,,,
,,,,,419814,493.5407,168,,,,,,,,
781.1351,108.61871,886.53314,497.02866,228.0,420000,,,-272.19525146484375,-2.1039228439331055,7.277233123779297,270.9449462890625,270.5465087890625,0.0003,0.0003,0.1
,,,,,420069,865.18225,255,,,,,,,,
,,,,,420312,895.28125,243,,,,,,,,
,,,,,420531,719.5445,219,,,,,,,,
,,,,,420763,826.86993,232,,,,,,,,
,,,,,420965,679.1816,202,,,,,,,,
,,,,,421000,,,-269.3855285644531,-1.8202588558197021,6.827441215515137,268.8700256347656,268.9949951171875,0.0003,0.0003,0.1
,,,,,421177,749.982,212,,,,,,,,
,,,,,421442,908.6003,265,,,,,,,,
,,,,,421676,826.5181,234,,,,,,,,
,,,,,421899,767.45294,223,,,,,,,,
,,,,,422000,,,-272.7636413574219,-1.8832188844680786,17.62611198425293,270.39202880859375,270.10467529296875,0.0003,0.0003,0.1
,,,,,422148,824.4201,249,,,,,,,,
,,,,,422382,806.7064,234,,,,,,,,
,,,,,422594,706.2131,212,,,,,,,,
,,,,,422799,651.70874,205,,,,,,,,
,,,,,423000,,,-276.04595947265625,-2.316570281982422,23.73493194580078,273.3672180175781,273.060791015625,0.0003,0.0003,0.1
,,,,,423045,859.1674,246,,,,,,,,
,,,,,423210,475.85565,165,,,,,,,,
,,,,,423391,555.90857,181,,,,,,,,
,,,,,423639,876.95636,248,,,,,,,,
,,,,,423892,890.9684,253,,,,,,,,
,,,,,424000,,,-263.7309265136719,-1.6215288639068604,11.741613388061523,260.4466857910156,261.1021728515625,0.0003,0.0003,0.1
,,,,,424136,830.9242,244,,,,,,,,
,,,,,424406,900.0517,270,,,,,,,,
,,,,,424636,819.3444,230,,,,,,,,
,,,,,424874,846.24664,238,,,,,,,,
609.36615,180.11914,841.86774,138.398,190.6,425000,,,-275.6961975097656,-1.6485276222229004,56.61396789550781,274.0907897949219,274.05810546875,0.0003,0.0003,0.1
,,,,,425120,868.11206,246,,,,,,,,
,,,,,425365,851.1953,245,,,,,,,,
,,,,,425585,750.15015,220,,,,,,,,
,,,,,425811,769.04156,226,,,,,,,,
,,,,,426000,,,-274.3183898925781,-1.5764524936676025,7.352715492248535,272.0875244140625,271.49188232421875,0.0003,0.0003,0.1
,,,,,426053,832.44507,242,,,,,,,,
,,,,,426280,791.7661,227,,,,,,,,
,,,,,426545,922.3966,265,,,,,,,,
,,,,,426788,871.88855,243,,,,,,,,
,,,,,426978,590.49585,190,,,,,,,,
,,,,,427000,,,-273.0526428222656,-1.7977653741836548,13.674701690673828,271.03167724609375,270.4095153808594,0.0003,0.0003,0.1
,,,,,427026,85.37988,48,,,,,,,,
,,,,,427255,790.774,229,,,,,,,,
,,,,,427457,665.3554,202,,,,,,,,
,,,,,427684,784.0684,227,,,,,,,,
,,,,,427907,773.97565,223,,,,,,,,
,,,,,428000,,,-273.8977966308594,-2.0267109870910645,6.473690032958984,273.134765625,272.944580078125,0.0003,0.0003,0.1
,,,,,428144,847.76495,237,,,,,,,,
,,,,,428394,888.1986,250,,,,,,,,
,,,,,428621,780.84717,227,,,,,,,,
,,,,,428855,834.40643,234,,,,,,,,
,,,,,429000,,,-276.9737243652344,-1.8332178592681885,12.511177062988281,275.95458984375,275.51123046875,0.0003,0.0003,0.1
,,,,,429112,893.2941,257,,,,,,,,
,,,,,429329,714.6835,217,,,,,,,,
,,,,,429571,835.91736,242,,,,,,,,
,,,,,429809,826.53595,238,,,,,,,,
821.47186,80.06766,917.88116,677.5809,238.1,430000,,,-271.4172668457031,-2.168178081512451,132.87010192871094,267.09234619140625,266.70587158203125,0.0003,0.0003,0.1
,,,,,430022,706.34937,213,,,,,,,,
,,,,,430253,804.06744,231,,,,,,,,
,,,,,430527,946.2556,274,,,,,,,,
,,,,,430786,887.60803,259,,,,,,,,
,,,,,430989,673.84955,203,,,,,,,,
,,,,,431000,,,-268.9925842285156,-2.1586408615112305,8.357419967651367,267.7115783691406,268.2969970703125,0.0003,0.0003,0.1
,,,,,431222,828.08734,233,,,,,,,,
,,,,,431476,889.6203,254,,,,,,,,
,,,,,431723,816.5695,247,,,,,,,,
,,,,,431980,887.81903,257,,,,,,,,
,,,,,432000,,,-266.7402038574219,-1.6707284450531006,5.132731914520264,265.6724853515625,265.8140869140625,0.0003,0.0003,0.1
,,,,,432188,677.14453,208,,,,,,,,
,,,,,432394,709.134,206,,,,,,,,
,,,,,432603,715.08716,209,,,,,,,,
,,,,,432853,878.65546,250,,,,,,,,
,,,,,433000,,,-272.86480712890625,-1.7956206798553467,19.035049438476562,271.5373840332031,271.82073974609375,0.0003,0.0003,0.1
,,,,,433109,868.7579,256,,,,,,,,
,,,,,433339,803.1539,230,,,,,,,,
,,,,,433586,864.11676,247,,,,,,,,
,,,,,433756,511.33832,170,,,,,,,,
,,,,,433975,739.6386,219,,,,,,,,
,,,,,434000,,,-265.1014709472656,-1.6483681201934814,17.72686767578125,263.1017761230469,263.16790771484375,0.0003,0.0003,0.1
,,,,,434197,787.0237,222,,,,,,,,
,,,,,434412,723.63885,215,,,,,,,,
,,,,,434664,901.5108,252,,,,,,,,
,,,,,434799,354.5938,135,,,,,,,,
733.0869,75.84066,888.31885,619.8664,216.8,435000,,,-274.7137451171875,-1.6772575378417969,5.333320617675781,273.7882385253906,273.9034423828125,0.0003,0.0003,0.1
,,,,,435008,720.1763,209,,,,,,,,
,,,,,435216,720.33075,208,,,,,,,,
,,,,,435428,725.2555,212,,,,,,,,
,,,,,435626,662.0838,198,,,,,,,,
,,,,,435654,39.6346,28,,,,,,,,
,,,,,435904,864.6982,250,,,,,,,,
,,,,,436000,,,-263.0425720214844,-2.046941041946411,8.754438400268555,262.0607604980469,262.1094970703125,0.0003,0.0003,0.1
,,,,,436119,719.76746,215,,,,,,,,
,,,,,436326,717.26886,207,,,,,,,,
,,,,,436532,689.23,206,,,,,,,,
,,,,,436739,645.465,207,,,,,,,,
,,,,,436980,845.80286,241,,,,,,,,
,,,,,437000,,,-263.2784729003906,-1.9987434148788452,9.125990867614746,262.29449462890625,261.981201171875,0.0003,0.0003,0.1
,,,,,437246,860.6343,266,,,,,,,,
,,,,,437490,871.3709,244,,,,,,,,
,,,,,437670,583.471,180,,,,,,,,
,,,,,437882,701.1957,212,,,,,,,,
,,,,,438000,,,-261.4336242675781,-1.7664387226104736,15.538545608520508,260.7181396484375,261.0653381347656,0.0003,0.0003,0.1
,,,,,438140,934.27454,258,,,,,,,,
,,,,,438370,831.24817,230,,,,,,,,
,,,,,438612,834.49347,242,,,,,,,,
,,,,,438781,501.93872,169,,,,,,,,
,,,,,438992,712.5332,211,,,,,,,,
,,,,,439000,,,-268.12890625,-1.9146549701690674,6.651553153991699,267.10211181640625,266.5341796875,0.0003,0.0003,0.1
,,,,,439170,554.71515,178,,,,,,,,
,,,,,439411,834.2646,241,,,,,,,,
,,,,,439614,654.1816,203,,,,,,,,
,,,,,439840,778.04816,226,,,,,,,,
674.2548,90.102486,850.1764,519.13354,207.5,440000,,,-273.5008850097656,-1.6866052150726318,18.502166748046875,271.92169189453125,272.3492126464844,0.0003,0.0003,0.1
,,,,,440003,533.9489,163,,,,,,,,
,,,,,440229,770.6784,226,,,,,,,,
,,,,,440430,658.2303,201,,,,,,,,
,,,,,440627,618.92944,197,,,,,,,,
,,,,,440840,709.4157,213,,,,,,,,
,,,,,441000,,,-269.953369140625,-2.1238808631896973,8.360530853271484,268.85888671875,268.9334716796875,0.0003,0.0003,0.1
,,,,,441028,641.19977,188,,,,,,,,
,,,,,441267,820.00037,239,,,,,,,,
,,,,,441460,601.6129,193,,,,,,,,
,,,,,441650,583.75903,190,,,,,,,,
,,,,,441884,815.8388,234,,,,,,,,
,,,,,442000,,,-272.1996765136719,-1.6957449913024902,9.124357223510742,269.4490966796875,269.2815856933594,0.0003,0.0003,0.1
,,,,,442115,751.7991,231,,,,,,,,
,,,,,442314,635.3227,199,,,,,,,,
,,,,,442506,620.9825,192,,,,,,,,
,,,,,442701,616.24384,195,,,,,,,,
,,,,,442913,698.84784,212,,,,,,,,
,,,,,443000,,,-266.17584228515625,-1.7969510555267334,4.860793113708496,264.98333740234375,265.09912109375,0.0003,0.0003,0.1
,,,,,443155,866.4336,242,,,,,,,,
,,,,,443404,871.1504,249,,,,,,,,
,,,,,443662,913.53973,258,,,,,,,,
,,,,,443886,786.6848,224,,,,,,,,
,,,,,444000,,,-272.7242736816406,-1.5804818868637085,6.620819091796875,271.5834655761719,271.59124755859375,0.0003,0.0003,0.1
,,,,,444081,653.0935,195,,,,,,,,
,,,,,444284,644.1656,203,,,,,,,,
,,,,,444528,830.31976,244,,,,,,,,
,,,,,444774,818.11584,246,,,,,,,,
744.20013,214.37785,903.33685,129.98488,217.3,445000,,,-269.0941467285156,-1.5948808193206787,5.544105529785156,268.17279052734375,268.7509765625,0.0003,0.0003,0.1
,,,,,445021,852.1431,247,,,,,,,,
,,,,,445240,716.1082,219,,,,,,,,
,,,,,445520,985.2919,280,,,,,,,,
,,,,,445799,930.922,279,,,,,,,,
,,,,,446000,,,-269.0793762207031,-1.6074097156524658,7.31043815612793,267.96514892578125,267.4843444824219,0.0003,0.0003,0.1
,,,,,446050,871.52045,251,,,,,,,,
,,,,,446256,692.1553,206,,,,,,,,
,,,,,446452,656.8238,196,,,,,,,,
,,,,,446688,771.37897,236,,,,,,,,
,,,,,446895,718.88556,207,,,,,,,,
,,,,,447000,,,-272.7970275878906,-1.6729702949523926,6.661273956298828,271.91278076171875,271.9239196777344,0.0003,0.0003,0.1
,,,,,447117,773.23346,222,,,,,,,,
,,,,,447377,915.5944,260,,,,,,,,
,,,,,447635,874.77545,258,,,,,,,,
,,,,,447885,877.08563,250,,,,,,,,
,,,,,448000,,,-273.2701416015625,-1.8663527965545654,7.516611099243164,272.2530517578125,272.92022705078125,0.0003,0.0003,0.1
,,,,,448120,797.0318,235,,,,,,,,
,,,,,448346,774.0963,226,,,,,,,,
,,,,,448604,899.40546,258,,,,,,,,
,,,,,448855,883.37067,251,,,,,,,,
,,,,,449000,,,-275.10919189453125,-2.0361266136169434,11.284457206726074,274.12615966796875,273.6243896484375,0.0003,0.0003,0.1
,,,,,449058,646.61554,203,,,,,,,,
,,,,,449246,603.3045,188,,,,,,,,
,,,,,449462,733.398,216,,,,,,,,
,,,,,449655,601.3161,193,,,,,,,,
,,,,,449902,810.09045,247,,,,,,,,
713.4153,90.33125,869.31805,619.7306,217.8,450000,,,-271.5190124511719,-2.0393025875091553,7.215214729309082,270.39581298828125,270.1050109863281,0.0003,0.0003,0.1
,,,,,450153,873.70593,251,,,,,,,,
,,,,,450406,883.9642,253,,,,,,,,
,,,,,450561,450.31128,155,,,,,,,,
,,,,,450834,949.4323,273,,,,,,,,
,,,,,451000,,,-271.1981201171875,-1.9617737531661987,7.748495101928711,270.17413330078125,270.484130859375,0.0003,0.0003,0.1
,,,,,451072,800.32056,238,,,,,,,,
,,,,,451320,856.1596,248,,,,,,,,
,,,,,451549,802.1555,229,,,,,,,,
,,,,,451783,844.42316,234,,,,,,,,
,,,,,452000,,,-272.44952392578125,-1.6706047058105469,4.100667953491211,271.4612121582031,271.01458740234375,0.0003,0.0003,0.1
,,,,,452015,829.4107,232,,,,,,,,
,,,,,452214,618.7242,199,,,,,,,,
,,,,,452422,684.7017,208,,,,,,,,
,,,,,452641,740.54987,219,,,,,,,,
,,,,,452863,666.99774,222,,,,,,,,
,,,,,453000,,,-269.2422180175781,-2.1328773498535156,11.324913024902344,267.76519775390625,266.5341491699219,0.0003,0.0003,0.1
,,,,,453110,850.4677,247,,,,,,,,
,,,,,453345,800.33325,235,,,,,,,,
,,,,,453566,731.23535,221,,,,,,,,
,,,,,453774,631.15405,208,,,,,,,,
,,,,,453989,737.1842,215,,,,,,,,
,,,,,454000,,,-278.7212829589844,-1.900723934173584,4.433367729187012,277.74664306640625,277.9177551269531,0.0003,0.0003,0.1
,,,,,454226,851.18054,237,,,,,,,,
,,,,,454452,777.02356,226,,,,,,,,
,,,,,454693,788.71857,241,,,,,,,,
,,,,,454755,124.046234,62,,,,,,,,
,,,,,454997,822.698,242,,,,,,,,
575.85547,297.615,821.24396,118.66605,176.8,455000,,,-268.03515625,-1.6461918354034424,7.602148532867432,266.354736328125,266.78271484375,0.0003,0.0003,0.1
,,,,,455259,890.96216,262,,,,,,,,
,,,,,455493,794.6208,234,,,,,,,,
,,,,,455722,781.5219,229,,,,,,,,
,,,,,455943,762.3498,221,,,,,,,,
,,,,,456000,,,-274.50799560546875,-1.4761381149291992,31.203760147094727,273.44622802734375,273.3168029785156,0.0003,0.0003,0.1
,,,,,456185,842.7117,242,,,,,,,,
,,,,,456416,812.9819,231,,,,,,,,
,,,,,456624,714.6385,208,,,,,,,,
,,,,,456853,799.0568,229,,,,,,,,
,,,,,457000,,,-263.85736083984375,-2.085038661956787,9.073400497436523,262.03271484375,262.0182800292969,0.0003,0.0003,0.1
,,,,,457080,794.8696,227,,,,,,,,
,,,,,457277,615.88806,197,,,,,,,,
,,,,,457479,639.681,202,,,,,,,,
,,,,,457688,670.4683,209,,,,,,,,
,,,,,457918,768.4312,230,,,,,,,,
,,,,,458000,,,-265.24053955078125,-2.0712904930114746,6.68790340423584,264.0115966796875,263.9983215332031,0.0003,0.0003,0.1
,,,,,458134,746.4682,216,,,,,,,,
,,,,,458338,690.8555,204,,,,,,,,
,,,,,458588,858.1651,250,,,,,,,,
,,,,,458832,849.2963,244,,,,,,,,
,,,,,459000,,,-271.1301574707031,-1.7477986812591553,6.884763717651367,269.58306884765625,269.42974853515625,0.0003,0.0003,0.1
,,,,,459034,624.7067,202,,,,,,,,
,,,,,459219,581.0956,185,,,,,,,,
,,,,,459435,734.397,216,,,,,,,,
,,,,,459620,591.0482,185,,,,,,,,
,,,,,459807,600.36884,187,,,,,,,,
805.9998,89.92163,967.3355,680.89136,232.1,460000,,,-264.38592529296875,-2.0004560947418213,8.698568344116211,261.6794128417969,261.51422119140625,0.0003,0.0003,0.1
,,,,,460006,674.8286,199,,,,,,,,
,,,,,460236,778.94885,230,,,,,,,,
,,,,,460503,915.04156,267,,,,,,,,
,,,,,460710,644.0291,207,,,,,,,,
,,,,,460959,831.1943,249,,,,,,,,
,,,,,461000,,,-274.3900146484375,-2.006895065307617,7.807442665100098,273.1733093261719,273.0578918457031,0.0003,0.0003,0.1
,,,,,461190,786.14545,231,,,,,,,,
,,,,,461402,706.82214,212,,,,,,,,
,,,,,461661,916.6463,259,,,,,,,,
,,,,,461904,795.16223,243,,,,,,,,
,,,,,462000,,,-267.25732421875,-2.0190439224243164,10.753276824951172,265.8629455566406,265.26763916015625,0.0003,0.0003,0.1
,,,,,462112,671.36176,208,,,,,,,,
,,,,,462364,885.03845,252,,,,,,,,
,,,,,462545,588.0133,181,,,,,,,,
,,,,,462774,775.3833,229,,,,,,,,
,,,,,463000,,,-267.3067932128906,-1.7259212732315063,12.64344596862793,264.033447265625,264.12506103515625,0.0003,0.0003,0.1
,,,,,463064,988.5759,290,,,,,,,,
,,,,,463309,864.76263,245,,,,,,,,
,,,,,463556,844.043,247,,,,,,,,
,,,,,463737,613.47974,181,,,,,,,,
,,,,,463951,712.045,214,,,,,,,,
,,,,,464000,,,-269.0137634277344,-1.9413070678710938,6.322840690612793,266.8135986328125,267.02410888671875,0.0003,0.0003,0.1
,,,,,464156,670.4996,205,,,,,,,,
,,,,,464379,772.1962,223,,,,,,,,
,,,,,464611,812.0797,232,,,,,,,,
,,,,,464826,734.61414,215,,,,,,,,
830.47833,52.07914,914.8823,725.78925,237.8,465000,,,-264.39453125,-2.0120654106140137,16.77969741821289,263.27581787109375,263.3811340332031,0.0003,0.0003,0.1
,,,,,465083,950.80316,257,,,,,,,,
,,,,,465321,859.324,238,,,,,,,,
,,,,,465525,711.59436,204,,,,,,,,
,,,,,465726,662.40674,201,,,,,,,,
,,,,,465934,667.2294,208,,,,,,,,
,,,,,466000,,,-278.6418151855469,-1.60856294631958,4.913425445556641,277.67608642578125,277.3638610839844,0.0003,0.0003,0.1
,,,,,466160,798.40454,226,,,,,,,,
,,,,,466412,842.4446,252,,,,,,,,
,,,,,466645,845.83673,233,,,,,,,,
,,,,,466893,885.39624,248,,,,,,,,
,,,,,467000,,,-281.15521240234375,-2.066591739654541,7.12147331237793,278.728515625,278.39971923828125,0.0003,0.0003,0.1
,,,,,467132,823.21075,239,,,,,,,,
,,,,,467194,120.01347,62,,,,,,,,
,,,,,467398,690.10614,204,,,,,,,,
,,,,,467612,684.3686,214,,,,,,,,
,,,,,467809,625.3422,197,,,,,,,,
,,,,,468000,,,-272.57421875,-1.65842604637146,9.75014591217041,271.0765380859375,271.1269836425781,0.0003,0.0003,0.1
,,,,,468043,809.63367,234,,,,,,,,
,,,,,468287,870.1526,244,,,,,,,,
,,,,,468606,1131.7225,319,,,,,,,,
,,,,,468700,206.59555,94,,,,,,,,
,,,,,468896,699.47296,196,,,,,,,,
,,,,,469000,,,-272.4285583496094,-1.8764674663543701,6.311702251434326,271.66766357421875,271.4207763671875,0.0003,0.0003,0.1
,,,,,469123,777.14215,227,,,,,,,,
,,,,,469330,700.19403,207,,,,,,,,
,,,,,469572,840.3561,242,,,,,,,,
,,,,,469753,544.3318,181,,,,,,,,
,,,,,469968,695.1647,215,,,,,,,,
727.56555,246.17148,918.18604,26.158867,213.1,470000,,,-275.6268615722656,-1.6378452777862549,4.161262512207031,274.5395812988281,274.51373291015625,0.0003,0.0003,0.1
,,,,,470152,575.9092,184,,,,,,,,
,,,,,470428,943.0129,276,,,,,,,,
,,,,,470683,895.04645,255,,,,,,,,
,,,,,470891,730.13605,208,,,,,,,,
,,,,,471000,,,-276.28778076171875,-1.5874733924865723,8.519749641418457,274.8111572265625,274.8231201171875,0.0003,0.0003,0.1
,,,,,471107,699.396,216,,,,,,,,
,,,,,471337,811.46967,230,,,,,,,,
,,,,,471590,858.2501,253,,,,,,,,
,,,,,471841,855.5468,251,,,,,,,,
,,,,,472000,,,-270.150634765625,-1.8627808094024658,6.808621883392334,269.268310546875,269.48272705078125,0.0003,0.0003,0.1
,,,,,472087,842.2804,246,,,,,,,,
,,,,,472286,632.8059,199,,,,,,,,
,,,,,472307,20.771132,21,,,,,,,,
,,,,,472490,584.91626,183,,,,,,,,
,,,,,472552,122.10383,62,,,,,,,,
,,,,,472805,877.7738,253,,,,,,,,
,,,,,473000,,,-268.4188232421875,-1.8537490367889404,25.583580017089844,266.7361145019531,266.702392578125,0.0003,0.0003,0.1
,,,,,473052,862.3466,247,,,,,,,,
,,,,,473290,804.56604,238,,,,,,,,
,,,,,473528,855.52527,238,,,,,,,,
,,,,,473773,843.9231,245,,,,,,,,
,,,,,473981,677.9654,208,,,,,,,,
,,,,,474000,,,-270.13665771484375,-1.7713048458099365,18.596847534179688,269.0867614746094,269.59368896484375,0.0003,0.0003,0.1
,,,,,474229,858.1965,248,,,,,,,,
,,,,,474446,732.1879,217,,,,,,,,
,,,,,474703,917.50946,257,,,,,,,,
,,,,,474769,132.83853,66,,,,,,,,
,,,,,474982,729.77924,213,,,,,,,,
785.75226,103.455826,887.4033,551.366,232.1,475000,,,-265.37835693359375,-2.4567089080810547,12.56171989440918,263.8437805175781,264.2922058105469,0.0003,0.0003,0.1
,,,,,475228,859.2099,246,,,,,,,,
,,,,,475485,870.1789,257,,,,,,,,
,,,,,475746,904.4657,261,,,,,,,,
,,,,,475990,830.0792,244,,,,,,,,
,,,,,476000,,,-260.38079833984375,-1.9898266792297363,13.756959915161133,258.75848388671875,259.19140625,0.0003,0.0003,0.1
,,,,,476196,686.5548,206,,,,,,,,
,,,,,476426,795.46204,230,,,,,,,,
,,,,,476644,707.217,218,,,,,,,,
,,,,,476899,883.3135,255,,,,,,,,
,,,,,477000,,,-275.11993408203125,-2.072211742401123,8.002184867858887,273.1636962890625,273.1572265625,0.0003,0.0003,0.1
,,,,,477112,662.26355,213,,,,,,,,
,,,,,477333,742.8733,221,,,,,,,,
,,,,,477557,785.88214,224,,,,,,,,
,,,,,477818,898.61163,261,,,,,,,,
,,,,,478000,,,-273.7731018066406,-1.329200267791748,5.715195178985596,273.28955078125,272.6783447265625,0.0003,0.0003,0.1
,,,,,478069,868.8904,251,,,,,,,,
,,,,,478320,914.4093,251,,,,,,,,
,,,,,478548,832.87384,228,,,,,,,,
,,,,,478728,607.248,180,,,,,,,,
,,,,,479000,,,-263.6719665527344,-1.7795276641845703,9.238140106201172,262.6663818359375,262.2825012207031,0.0003,0.0003,0.1
,,,,,479002,936.80743,274,,,,,,,,
,,,,,479208,707.6048,206,,,,,,,,
,,,,,479478,932.49664,270,,,,,,,,
,,,,,479731,852.29926,253,,,,,,,,
,,,,,479976,843.92883,245,,,,,,,,
872.2565,61.994083,1013.8993,805.7589,260.4,480000,,,-264.6360778808594,-1.9749950170516968,5.4579758644104,263.60662841796875,263.4678649902344,0.0003,0.0003,0.1
,,,,,480184,604.1512,208,,,,,,,,
,,,,,480442,875.9542,258,,,,,,,,
,,,,,480667,767.5009,225,,,,,,,,
,,,,,480914,830.2799,247,,,,,,,,
,,,,,481000,,,-274.26507568359375,-1.883303165435791,5.964143753051758,273.19781494140625,273.2398376464844,0.0003,0.0003,0.1
,,,,,481159,854.9071,245,,,,,,,,
,,,,,481404,868.5702,245,,,,,,,,
,,,,,481618,732.3686,214,,,,,,,,
,,,,,481852,840.86646,234,,,,,,,,
,,,,,482000,,,-278.43597412109375,-2.0300421714782715,4.6033477783203125,277.4867248535156,277.12994384765625,0.0003,0.0003,0.1
,,,,,482063,658.95,211,,,,,,,,
,,,,,482297,778.23236,234,,,,,,,,
,,,,,482547,883.48566,250,,,,,,,,
,,,,,482741,672.51843,194,,,,,,,,
,,,,,482945,666.5784,204,,,,,,,,
,,,,,483000,,,-268.6505126953125,-1.8997106552124023,12.153261184692383,267.67724609375,267.32421875,0.0003,0.0003,0.1
,,,,,483200,883.0359,255,,,,,,,,
,,,,,483397,675.8184,197,,,,,,,,
,,,,,483647,865.25146,250,,,,,,,,
,,,,,483917,950.20966,270,,,,,,,,
,,,,,484000,,,-263.48382568359375,-2.0035343170166016,10.437349319458008,261.31585693359375,261.6750183105469,0.0003,0.0003,0.1
,,,,,484125,681.6268,208,,,,,,,,
,,,,,484355,795.11896,230,,,,,,,,
,,,,,484598,848.3777,243,,,,,,,,
,,,,,484840,831.5078,242,,,,,,,,
700.0543,101.16329,841.2585,560.62836,212.2,485000,,,-279.8158874511719,-1.4731674194335938,6.46674919128418,278.72271728515625,278.49176025390625,0.0003,0.0003,0.1
,,,,,485026,565.94257,186,,,,,,,,
,,,,,485233,662.7227,207,,,,,,,,
,,,,,485462,771.3197,229,,,,,,,,
,,,,,485711,862.4287,249,,,,,,,,
,,,,,485930,726.30634,219,,,,,,,,
,,,,,486000,,,-271.90875244140625,-2.257509231567383,7.487376689910889,270.24078369140625,270.61431884765625,0.0003,0.0003,0.1
,,,,,486133,634.138,203,,,,,,,,
,,,,,486374,812.28467,241,,,,,,,,
,,,,,486621,870.8815,247,,,,,,,,
,,,,,486861,795.1758,240,,,,,,,,
,,,,,487000,,,-274.2255554199219,-1.868476390838623,9.384536743164062,273.1847229003906,273.480224609375,0.0003,0.0003,0.1
,,,,,487122,836.97644,261,,,,,,,,
,,,,,487318,638.4609,196,,,,,,,,
,,,,,487544,798.14844,226,,,,,,,,
,,,,,487762,731.4282,218,,,,,,,,
,,,,,488000,,,-265.84429931640625,-2.1358213424682617,11.299631118774414,264.87945556640625,264.70599365234375,0.0003,0.0003,0.1
,,,,,488013,892.6903,251,,,,,,,,
,,,,,488257,835.0172,244,,,,,,,,
,,,,,488509,931.7165,252,,,,,,,,
,,,,,488703,679.2123,194,,,,,,,,
,,,,,488941,835.97345,238,,,,,,,,
,,,,,489000,,,-269.4601745605469,-1.971254825592041,32.56102752685547,268.1767578125,268.7389831542969,0.0003,0.0003,0.1
,,,,,489155,714.18646,214,,,,,,,,
,,,,,489376,734.1891,221,,,,,,,,
,,,,,489577,643.2446,201,,,,,,,,
,,,,,489783,714.33606,206,,,,,,,,
653.28674,117.33451,799.34534,497.08347,198.9,490000,,,-273.3287353515625,-1.8346880674362183,11.799412727355957,271.92376708984375,271.51141357421875,0.0003,0.0003,0.1
,,,,,490008,776.05457,225,,,,,,,,
,,,,,490267,897.1499,259,,,,,,,,
,,,,,490476,726.7774,209,,,,,,,,
,,,,,490713,824.5345,237,,,,,,,,
,,,,,490921,684.3043,208,,,,,,,,
,,,,,491000,,,-274.0982666015625,-2.2621002197265625,33.46149826049805,272.03179931640625,272.31689453125,0.0003,0.0003,0.1
,,,,,491147,776.17993,226,,,,,,,,
,,,,,491354,657.97516,207,,,,,,,,
,,,,,491535,616.55774,181,,,,,,,,
,,,,,491735,682.9701,200,,,,,,,,
,,,,,491933,690.5271,198,,,,,,,,
,,,,,492000,,,-264.2435607910156,-1.7745130062103271,36.26920700073242,263.00604248046875,262.8896484375,0.0003,0.0003,0.1
,,,,,492184,890.4856,251,,,,,,,,
,,,,,492257,151.8416,73,,,,,,,,
,,,,,492465,734.3624,208,,,,,,,,
,,,,,492669,706.0285,204,,,,,,,,
,,,,,492856,559.08636,187,,,,,,,,
,,,,,493000,,,-273.2324523925781,-1.7458062171936035,16.473867416381836,271.772216796875,271.4345397949219,0.0003,0.0003,0.1
,,,,,493060,732.64746,204,,,,,,,,
,,,,,493240,569.4989,180,,,,,,,,
,,,,,493411,498.0532,171,,,,,,,,
,,,,,493656,877.68427,245,,,,,,,,
,,,,,493822,492.2307,166,,,,,,,,
,,,,,494000,,,-268.4831848144531,-1.63057541847229,7.452540397644043,267.4613952636719,267.893798828125,0.0003,0.0003,0.1
,,,,,494057,820.159,235,,,,,,,,
,,,,,494294,829.27985,237,,,,,,,,
,,,,,494533,824.1815,239,,,,,,,,
,,,,,494737,721.45544,204,,,,,,,,
,,,,,494937,687.71515,200,,,,,,,,
839.4878,47.01044,881.79004,708.597,240.0,495000,,,-269.7425842285156,-1.9013603925704956,13.357697486877441,268.18865966796875,268.5488586425781,0.0003,0.0003,0.1
,,,,,495174,861.0757,237,,,,,,,,
,,,,,495383,723.0948,209,,,,,,,,
,,,,,495584,727.33307,201,,,,,,,,
,,,,,495828,862.62933,244,,,,,,,,
,,,,,496000,,,-269.16253662109375,-1.5776668787002563,7.472774982452393,268.3183288574219,268.7018127441406,0.0003,0.0003,0.1
,,,,,496069,829.814,241,,,,,,,,
,,,,,496265,621.5912,196,,,,,,,,
,,,,,496462,702.24756,197,,,,,,,,
,,,,,496671,708.9511,209,,,,,,,,
,,,,,496897,782.32007,226,,,,,,,,
,,,,,497000,,,-268.1474914550781,-1.9137780666351318,8.111883163452148,266.8486022949219,266.52508544921875,0.0003,0.0003,0.1
,,,,,497138,845.61035,241,,,,,,,,
,,,,,497337,612.7879,199,,,,,,,,
,,,,,497536,697.5015,199,,,,,,,,
,,,,,497757,757.132,221,,,,,,,,
,,,,,497960,681.5984,203,,,,,,,,
,,,,,498000,,,-276.9905700683594,-2.0707485675811768,12.98483943939209,275.56011962890625,276.0574035644531,0.0003,0.0003,0.1
,,,,,498207,869.8754,247,,,,,,,,
,,,,,498411,713.3933,204,,,,,,,,
,,,,,498610,682.9793,199,,,,,,,,
,,,,,498825,750.9402,215,,,,,,,,
,,,,,499000,,,-275.6952819824219,-1.384526014328003,7.452456951141357,274.480224609375,274.41571044921875,0.0003,0.0003,0.1
,,,,,499039,756.46246,214,,,,,,,,
,,,,,499247,713.06354,208,,,,,,,,
,,,,,499468,731.8146,221,,,,,,,,
,,,,,499660,597.17554,192,,,,,,,,
,,,,,499869,710.9006,209,,,,,,,,
