Eval_AverageReturn,Eval_StdReturn,Eval_MaxReturn,Eval_MinReturn,Eval_AverageEpLen,step,Train_EpisodeReturn,Train_EpisodeLen,actor_loss,entropy,critic_loss,q_values,target_values,actor_lr,critic_lr,temperature
-243.46094,53.874474,-128.41495,-315.73486,1000.0,0,,,,,,,,,,
,,,,,999,-172.30164,1000,,,,,,,,
,,,,,1999,-364.91144,1000,,,,,,,,
,,,,,2999,-236.81291,1000,,,,,,,,
,,,,,3999,-322.78714,1000,,,,,,,,
,,,,,4999,-239.06085,1000,,,,,,,,
-218.99165,69.65433,-102.77616,-322.3173,1000.0,5000,,,,,,,,,,
,,,,,5999,-255.13159,1000,,,,,,,,
,,,,,6999,-161.8259,1000,,,,,,,,
,,,,,7999,-225.64738,1000,,,,,,,,
,,,,,8999,-179.68483,1000,,,,,,,,
,,,,,9999,-235.30132,1000,,,,,,,,
-240.50456,69.99241,-133.8943,-352.81067,1000.0,10000,,,-0.3597528040409088,3.7638862133026123,0.40514183044433594,-0.0138254938647151,0.07095959782600403,0.0003,0.0003,0.1
,,,,,10999,-174.38702,1000,,,,,,,,
,,,,,11000,,,-2.6219329833984375,2.183605432510376,0.4762609899044037,1.8756080865859985,1.803941011428833,0.0003,0.0003,0.1
,,,,,11999,-221.9224,1000,,,,,,,,
,,,,,12000,,,-3.896466016769409,3.276843786239624,0.7190259695053101,3.3035526275634766,3.459604263305664,0.0003,0.0003,0.1
,,,,,12999,-159.04968,1000,,,,,,,,
,,,,,13000,,,-5.190721035003662,2.7627978324890137,1.0154316425323486,4.5784125328063965,4.407739162445068,0.0003,0.0003,0.1
,,,,,13999,-234.66258,1000,,,,,,,,
,,,,,14000,,,-7.047779560089111,2.406414270401001,0.7096621990203857,6.364735126495361,6.527361869812012,0.0003,0.0003,0.1
,,,,,14999,-245.61876,1000,,,,,,,,
-198.47409,16.770473,-169.51881,-222.14539,1000.0,15000,,,-9.74472427368164,2.202258348464966,0.7481935024261475,8.887551307678223,8.979636192321777,0.0003,0.0003,0.1
,,,,,15999,-182.05438,1000,,,,,,,,
,,,,,16000,,,-12.179037094116211,2.099709987640381,0.5260953903198242,11.351491928100586,11.44211196899414,0.0003,0.0003,0.1
,,,,,16999,-203.4108,1000,,,,,,,,
,,,,,17000,,,-13.872491836547852,2.25496506690979,0.5215091109275818,12.990808486938477,12.96533203125,0.0003,0.0003,0.1
,,,,,17999,-59.331318,1000,,,,,,,,
,,,,,18000,,,-16.28900909423828,1.934658169746399,0.5846213698387146,15.455506324768066,15.560126304626465,0.0003,0.0003,0.1
,,,,,18999,-104.35311,1000,,,,,,,,
,,,,,19000,,,-17.67041778564453,2.046208381652832,0.45575523376464844,16.818866729736328,16.866256713867188,0.0003,0.0003,0.1
,,,,,19999,106.502655,1000,,,,,,,,
294.70242,331.85178,939.3922,-86.057274,1000.0,20000,,,-19.650732040405273,1.8312997817993164,0.47660642862319946,18.820308685302734,18.841041564941406,0.0003,0.0003,0.1
,,,,,20999,-64.01992,1000,,,,,,,,
,,,,,21000,,,-21.936580657958984,1.5875329971313477,0.415966272354126,21.095989227294922,21.152612686157227,0.0003,0.0003,0.1
,,,,,21999,18.999865,1000,,,,,,,,
,,,,,22000,,,-22.615554809570312,1.9599450826644897,0.394828736782074,21.854393005371094,21.76177978515625,0.0003,0.0003,0.1
,,,,,22999,774.6439,1000,,,,,,,,
,,,,,23000,,,-24.989206314086914,1.8457087278366089,0.4937290549278259,24.15898895263672,24.16619110107422,0.0003,0.0003,0.1
,,,,,23999,898.71094,1000,,,,,,,,
,,,,,24000,,,-28.564727783203125,1.6738455295562744,0.482902467250824,27.72876739501953,27.75163459777832,0.0003,0.0003,0.1
,,,,,24999,926.9369,1000,,,,,,,,
929.89374,222.32211,1065.3915,273.19907,1000.0,25000,,,-31.62198257446289,1.739220380783081,0.3901057541370392,30.985668182373047,30.968538284301758,0.0003,0.0003,0.1
,,,,,25999,1146.8342,1000,,,,,,,,
,,,,,26000,,,-36.48724365234375,1.056809902191162,0.4763337969779968,35.649253845214844,35.70049285888672,0.0003,0.0003,0.1
,,,,,26999,1225.4103,1000,,,,,,,,
,,,,,27000,,,-36.668087005615234,1.0748218297958374,0.4368200898170471,35.88275146484375,35.847137451171875,0.0003,0.0003,0.1
,,,,,27999,1239.5162,1000,,,,,,,,
,,,,,28000,,,-41.96046447753906,0.846642017364502,0.6161907911300659,41.030731201171875,41.04623031616211,0.0003,0.0003,0.1
,,,,,28999,1384.5944,1000,,,,,,,,
,,,,,29000,,,-44.811309814453125,0.8452481031417847,0.5750071406364441,43.99302673339844,44.00755310058594,0.0003,0.0003,0.1
,,,,,29999,577.0835,1000,,,,,,,,
1365.6964,421.0983,1717.2659,490.6561,1000.0,30000,,,-48.56633758544922,0.35591602325439453,0.541509211063385,47.50445556640625,47.597599029541016,0.0003,0.0003,0.1
,,,,,30999,1678.6567,1000,,,,,,,,
,,,,,31000,,,-51.685997009277344,0.5139911770820618,0.5922216176986694,50.76129913330078,50.87400817871094,0.0003,0.0003,0.1
,,,,,31999,1723.722,1000,,,,,,,,
,,,,,32000,,,-57.288150787353516,0.196103036403656,0.5507937669754028,56.298988342285156,56.422569274902344,0.0003,0.0003,0.1
,,,,,32999,1852.2078,1000,,,,,,,,
,,,,,33000,,,-58.509613037109375,0.42089641094207764,0.6760666370391846,57.56015396118164,57.53070831298828,0.0003,0.0003,0.1
,,,,,33999,1957.4968,1000,,,,,,,,
,,,,,34000,,,-67.14362335205078,0.24225272238254547,0.5871792435646057,66.14689636230469,66.12884521484375,0.0003,0.0003,0.1
,,,,,34999,2029.4537,1000,,,,,,,,
2049.9448,30.09839,2089.8564,1993.8582,1000.0,35000,,,-67.71265411376953,-0.15372884273529053,0.663184642791748,66.60596466064453,66.59014129638672,0.0003,0.0003,0.1
,,,,,35999,2111.6077,1000,,,,,,,,
,,,,,36000,,,-76.16151428222656,-0.579399824142456,0.6265450716018677,74.98930358886719,75.03437805175781,0.0003,0.0003,0.1
,,,,,36999,2230.5107,1000,,,,,,,,
,,,,,37000,,,-79.7492904663086,-0.5396620631217957,0.6642663478851318,78.576904296875,78.65641021728516,0.0003,0.0003,0.1
,,,,,37999,2270.235,1000,,,,,,,,
,,,,,38000,,,-81.56383514404297,-0.3858306109905243,0.6228951215744019,80.30725860595703,80.41519165039062,0.0003,0.0003,0.1
,,,,,38999,2341.9038,1000,,,,,,,,
,,,,,39000,,,-92.17080688476562,-0.7924466133117676,0.7093209624290466,91.00248718261719,90.9405746459961,0.0003,0.0003,0.1
,,,,,39999,2382.726,1000,,,,,,,,
2349.1736,358.378,2537.5798,1280.0543,1000.0,40000,,,-95.21083068847656,-0.9504908323287964,0.6246832013130188,93.86325073242188,93.8744888305664,0.0003,0.0003,0.1
,,,,,40999,2482.929,1000,,,,,,,,
,,,,,41000,,,-99.2849349975586,-1.1327481269836426,0.8075475692749023,98.26850891113281,98.27192687988281,0.0003,0.0003,0.1
,,,,,41999,2465.5947,1000,,,,,,,,
,,,,,42000,,,-103.44886779785156,-1.3782460689544678,0.8304309844970703,102.45072937011719,102.39912414550781,0.0003,0.0003,0.1
,,,,,42999,2575.971,1000,,,,,,,,
,,,,,43000,,,-105.43067932128906,-1.497482180595398,0.8573506474494934,104.00341033935547,104.1845703125,0.0003,0.0003,0.1
,,,,,43999,2564.0242,1000,,,,,,,,
,,,,,44000,,,-108.46797180175781,-1.340467929840088,0.7813116908073425,107.25139617919922,107.21775817871094,0.0003,0.0003,0.1
,,,,,44999,2613.8333,1000,,,,,,,,
2575.2563,32.046772,2611.43,2506.3064,1000.0,45000,,,-119.45467376708984,-1.3531752824783325,0.6579641103744507,118.16461181640625,118.05189514160156,0.0003,0.0003,0.1
,,,,,45999,2585.9507,1000,,,,,,,,
,,,,,46000,,,-123.76676940917969,-1.267235517501831,0.8228763341903687,122.56768798828125,122.70758056640625,0.0003,0.0003,0.1
,,,,,46999,2593.285,1000,,,,,,,,
,,,,,47000,,,-129.2203369140625,-1.5503106117248535,0.7531424760818481,128.03466796875,128.11595153808594,0.0003,0.0003,0.1
,,,,,47999,2719.9426,1000,,,,,,,,
,,,,,48000,,,-135.38075256347656,-1.7753939628601074,0.8390074968338013,134.15188598632812,134.22171020507812,0.0003,0.0003,0.1
,,,,,48999,2660.9438,1000,,,,,,,,
,,,,,49000,,,-138.5279083251953,-1.82355797290802,0.8434691429138184,137.08004760742188,137.06808471679688,0.0003,0.0003,0.1
,,,,,49999,2752.811,1000,,,,,,,,
2727.552,58.76132,2781.2751,2601.987,1000.0,50000,,,-143.6548614501953,-1.8681285381317139,0.8131394386291504,142.10113525390625,142.1097412109375,0.0003,0.0003,0.1
,,,,,50999,2799.5005,1000,,,,,,,,
,,,,,51000,,,-150.33871459960938,-1.6649837493896484,0.6760542392730713,149.02426147460938,149.09457397460938,0.0003,0.0003,0.1
,,,,,51999,77.57523,1000,,,,,,,,
,,,,,52000,,,-154.2328338623047,-1.2228628396987915,0.6516309976577759,153.14015197753906,153.21713256835938,0.0003,0.0003,0.1
,,,,,52999,2768.3801,1000,,,,,,,,
,,,,,53000,,,-153.15391540527344,-0.6570848226547241,0.7467533349990845,152.05697631835938,152.07522583007812,0.0003,0.0003,0.1
,,,,,53999,2813.0083,1000,,,,,,,,
,,,,,54000,,,-160.23204040527344,-0.8808982372283936,0.6564785242080688,159.21304321289062,159.2301788330078,0.0003,0.0003,0.1
,,,,,54999,2817.2634,1000,,,,,,,,
2826.9316,28.02028,2869.1653,2775.5718,1000.0,55000,,,-163.7877655029297,-0.9352991580963135,0.6621371507644653,162.66647338867188,162.70443725585938,0.0003,0.0003,0.1
,,,,,55999,2765.1733,1000,,,,,,,,
,,,,,56000,,,-159.38607788085938,-1.1266512870788574,0.6435593962669373,158.26332092285156,158.2791290283203,0.0003,0.0003,0.1
,,,,,56999,2881.091,1000,,,,,,,,
,,,,,57000,,,-171.71060180664062,-1.045358419418335,0.5637162923812866,170.66110229492188,170.61746215820312,0.0003,0.0003,0.1
,,,,,57999,2836.7798,1000,,,,,,,,
,,,,,58000,,,-174.01754760742188,-1.1932415962219238,0.5018988847732544,173.1904296875,173.207763671875,0.0003,0.0003,0.1
,,,,,58999,1137.7649,1000,,,,,,,,
,,,,,59000,,,-181.81236267089844,-1.6157134771347046,0.7870645523071289,180.9078826904297,180.861572265625,0.0003,0.0003,0.1
,,,,,59999,2959.6711,1000,,,,,,,,
3012.6313,40.533695,3074.008,2931.5515,1000.0,60000,,,-174.5186309814453,-1.1256392002105713,0.7108678221702576,173.4715118408203,173.68099975585938,0.0003,0.0003,0.1
,,,,,60999,2995.1172,1000,,,,,,,,
,,,,,61000,,,-175.0133819580078,-1.1211786270141602,1.0370845794677734,173.94790649414062,173.885498046875,0.0003,0.0003,0.1
,,,,,61999,2989.4514,1000,,,,,,,,
,,,,,62000,,,-180.42742919921875,-1.23960280418396,0.6938128471374512,179.2161407470703,179.12203979492188,0.0003,0.0003,0.1
,,,,,62999,3088.173,1000,,,,,,,,
,,,,,63000,,,-190.8690948486328,-1.3069533109664917,0.984056293964386,189.89227294921875,189.94036865234375,0.0003,0.0003,0.1
,,,,,63999,2975.2656,1000,,,,,,,,
,,,,,64000,,,-187.8517303466797,-1.1098015308380127,0.5586977005004883,186.87232971191406,186.982177734375,0.0003,0.0003,0.1
,,,,,64999,3072.2905,1000,,,,,,,,
3120.6797,39.89968,3177.395,3061.585,1000.0,65000,,,-189.9088592529297,-1.2227779626846313,0.6793556213378906,189.03858947753906,189.09393310546875,0.0003,0.0003,0.1
,,,,,65999,3128.5532,1000,,,,,,,,
,,,,,66000,,,-195.4585418701172,-1.963788628578186,1.034522533416748,194.30606079101562,194.2790985107422,0.0003,0.0003,0.1
,,,,,66999,3103.0002,1000,,,,,,,,
,,,,,67000,,,-201.11495971679688,-1.580549955368042,0.7152043581008911,200.10018920898438,200.07546997070312,0.0003,0.0003,0.1
,,,,,67999,3196.777,1000,,,,,,,,
,,,,,68000,,,-205.71775817871094,-1.6750304698944092,1.2356901168823242,204.45315551757812,204.36044311523438,0.0003,0.0003,0.1
,,,,,68999,3274.0825,1000,,,,,,,,
,,,,,69000,,,-209.01446533203125,-1.8822789192199707,1.051783561706543,207.87722778320312,207.9629669189453,0.0003,0.0003,0.1
,,,,,69999,3242.3884,1000,,,,,,,,
2804.774,829.27234,3162.9006,319.7917,1000.0,70000,,,-214.26507568359375,-1.6826465129852295,0.6855674982070923,213.02633666992188,213.10255432128906,0.0003,0.0003,0.1
,,,,,70999,3195.829,1000,,,,,,,,
,,,,,71000,,,-210.3878173828125,-1.7435133457183838,0.8530891537666321,209.15975952148438,209.18093872070312,0.0003,0.0003,0.1
,,,,,71999,3269.6082,1000,,,,,,,,
,,,,,72000,,,-219.0543975830078,-1.767179250717163,0.6378862857818604,217.98904418945312,218.06430053710938,0.0003,0.0003,0.1
,,,,,72999,2142.982,1000,,,,,,,,
,,,,,73000,,,-224.82025146484375,-1.43211829662323,0.8519281148910522,223.89218139648438,223.9661102294922,0.0003,0.0003,0.1
,,,,,73999,3310.2634,1000,,,,,,,,
,,,,,74000,,,-217.35108947753906,-1.4604839086532593,1.4927557706832886,216.33462524414062,216.4603271484375,0.0003,0.0003,0.1
,,,,,74999,3375.382,1000,,,,,,,,
3329.8926,40.022503,3385.9688,3261.9368,1000.0,75000,,,-228.18284606933594,-1.7179391384124756,0.8580666780471802,227.13232421875,227.14901733398438,0.0003,0.0003,0.1
,,,,,75999,3282.0422,1000,,,,,,,,
,,,,,76000,,,-218.5316925048828,-1.2932294607162476,0.7458704710006714,217.45907592773438,217.52613830566406,0.0003,0.0003,0.1
,,,,,76999,3381.778,1000,,,,,,,,
,,,,,77000,,,-230.2418975830078,-1.6432139873504639,0.7292284965515137,229.39041137695312,229.23297119140625,0.0003,0.0003,0.1
,,,,,77999,3401.1963,1000,,,,,,,,
,,,,,78000,,,-226.80516052246094,-1.910175085067749,0.9923733472824097,225.60989379882812,225.73870849609375,0.0003,0.0003,0.1
,,,,,78999,3424.8633,1000,,,,,,,,
,,,,,79000,,,-232.17921447753906,-1.8659800291061401,0.6757745742797852,231.01097106933594,231.0233917236328,0.0003,0.0003,0.1
,,,,,79999,3378.296,1000,,,,,,,,
3115.1323,792.5685,3516.1082,749.1494,1000.0,80000,,,-235.7951202392578,-1.8611112833023071,0.754013180732727,234.69517517089844,234.65875244140625,0.0003,0.0003,0.1
,,,,,80999,1969.8516,1000,,,,,,,,
,,,,,81000,,,-233.5732421875,-1.8760812282562256,0.7244718074798584,232.6038818359375,232.60675048828125,0.0003,0.0003,0.1
,,,,,81999,3470.7231,1000,,,,,,,,
,,,,,82000,,,-244.51597595214844,-2.124410629272461,0.7451913356781006,243.39654541015625,243.43792724609375,0.0003,0.0003,0.1
,,,,,82999,3526.9417,1000,,,,,,,,
,,,,,83000,,,-246.01612854003906,-1.9532902240753174,1.0283188819885254,245.12525939941406,244.9781494140625,0.0003,0.0003,0.1
,,,,,83999,3516.6782,1000,,,,,,,,
,,,,,84000,,,-241.8818817138672,-1.8052128553390503,1.0583651065826416,240.70965576171875,240.50253295898438,0.0003,0.0003,0.1
,,,,,84999,3578.7222,1000,,,,,,,,
3516.9316,51.366665,3621.2961,3453.5054,1000.0,85000,,,-246.22891235351562,-2.1313185691833496,1.4591822624206543,244.9146728515625,244.8369598388672,0.0003,0.0003,0.1
,,,,,85999,3523.8345,1000,,,,,,,,
,,,,,86000,,,-253.4080047607422,-2.664613962173462,3.1442017555236816,252.0908660888672,252.12872314453125,0.0003,0.0003,0.1
,,,,,86999,3573.2676,1000,,,,,,,,
,,,,,87000,,,-255.51185607910156,-2.92822265625,1.5488799810409546,253.96945190429688,253.90277099609375,0.0003,0.0003,0.1
,,,,,87999,3648.707,1000,,,,,,,,
,,,,,88000,,,-259.0604248046875,-2.490609645843506,1.710338830947876,257.4422912597656,257.30853271484375,0.0003,0.0003,0.1
,,,,,88999,3661.5964,1000,,,,,,,,
,,,,,89000,,,-257.0408630371094,-3.0350863933563232,1.3505098819732666,255.34249877929688,255.60336303710938,0.0003,0.0003,0.1
,,,,,89999,3674.549,1000,,,,,,,,
3607.8457,90.07635,3689.8826,3362.2043,1000.0,90000,,,-265.3124084472656,-2.3615119457244873,0.9018521308898926,263.8843688964844,263.9652099609375,0.0003,0.0003,0.1
,,,,,90999,3625.4128,1000,,,,,,,,
,,,,,91000,,,-273.0751953125,-2.946390151977539,0.9942062497138977,271.6131591796875,271.6939697265625,0.0003,0.0003,0.1
,,,,,91999,3579.3987,1000,,,,,,,,
,,,,,92000,,,-275.1094665527344,-2.8298444747924805,1.1236443519592285,273.88336181640625,273.8681640625,0.0003,0.0003,0.1
,,,,,92999,3702.1545,1000,,,,,,,,
,,,,,93000,,,-279.87335205078125,-2.9505295753479004,0.9875012636184692,278.3828430175781,278.41070556640625,0.0003,0.0003,0.1
,,,,,93999,3725.8413,1000,,,,,,,,
,,,,,94000,,,-284.20196533203125,-2.7195582389831543,1.2332839965820312,283.0909118652344,283.08587646484375,0.0003,0.0003,0.1
,,,,,94999,3791.4924,1000,,,,,,,,
3761.9487,28.213352,3789.7302,3707.1216,1000.0,95000,,,-281.5142822265625,-2.9476616382598877,1.1322743892669678,280.20281982421875,280.3011474609375,0.0003,0.0003,0.1
,,,,,95999,3828.2583,1000,,,,,,,,
,,,,,96000,,,-287.5465393066406,-2.3207364082336426,0.8453819751739502,286.375,286.5150146484375,0.0003,0.0003,0.1
,,,,,96999,3803.2302,1000,,,,,,,,
,,,,,97000,,,-290.2511291503906,-2.678600311279297,0.8387925624847412,288.787353515625,288.79595947265625,0.0003,0.0003,0.1
,,,,,97999,3871.9287,1000,,,,,,,,
,,,,,98000,,,-296.8815002441406,-2.5637998580932617,0.8640204071998596,295.6259765625,295.49139404296875,0.0003,0.0003,0.1
,,,,,98999,3875.032,1000,,,,,,,,
,,,,,99000,,,-290.22589111328125,-2.6426892280578613,1.329540729522705,288.950927734375,288.711669921875,0.0003,0.0003,0.1
,,,,,99999,3893.3008,1000,,,,,,,,
3886.7954,43.719048,3933.4285,3795.6252,1000.0,100000,,,-300.49786376953125,-2.7805161476135254,0.9980629682540894,299.1866455078125,299.30474853515625,0.0003,0.0003,0.1
,,,,,100999,3684.083,1000,,,,,,,,
,,,,,101000,,,-297.544921875,-2.7690906524658203,1.3264992237091064,296.53900146484375,296.38067626953125,0.0003,0.0003,0.1
,,,,,101999,2346.988,1000,,,,,,,,
,,,,,102000,,,-302.1437683105469,-2.7518434524536133,1.3430235385894775,300.78594970703125,300.86358642578125,0.0003,0.0003,0.1
,,,,,102999,3887.3293,1000,,,,,,,,
,,,,,103000,,,-302.33538818359375,-2.202730417251587,0.9080536365509033,301.50048828125,301.4044189453125,0.0003,0.0003,0.1
,,,,,103999,3858.5815,1000,,,,,,,,
,,,,,104000,,,-297.0843200683594,-2.0139153003692627,0.7911545038223267,296.0544738769531,296.17877197265625,0.0003,0.0003,0.1
,,,,,104999,3892.045,1000,,,,,,,,
3905.75,34.250374,3958.2551,3846.8206,1000.0,105000,,,-301.34271240234375,-2.6466925144195557,0.854490339756012,300.2322692871094,300.270751953125,0.0003,0.0003,0.1
,,,,,105999,3970.272,1000,,,,,,,,
,,,,,106000,,,-297.4751281738281,-1.8990650177001953,0.7899020910263062,296.43524169921875,296.55316162109375,0.0003,0.0003,0.1
,,,,,106999,3955.2412,1000,,,,,,,,
,,,,,107000,,,-303.6861877441406,-2.393519878387451,1.2534936666488647,302.46429443359375,302.6153564453125,0.0003,0.0003,0.1
,,,,,107999,3935.3035,1000,,,,,,,,
,,,,,108000,,,-306.93524169921875,-2.168522357940674,0.9412190914154053,306.11126708984375,306.15234375,0.0003,0.0003,0.1
,,,,,108999,3951.1824,1000,,,,,,,,
,,,,,109000,,,-305.88104248046875,-2.1394124031066895,1.1334285736083984,304.9617919921875,304.6912536621094,0.0003,0.0003,0.1
,,,,,109999,3923.9204,1000,,,,,,,,
3958.0757,31.371977,4026.1614,3905.468,1000.0,110000,,,-309.44342041015625,-2.1314516067504883,0.8022276163101196,308.4643859863281,308.484375,0.0003,0.0003,0.1
,,,,,110999,3991.685,1000,,,,,,,,
,,,,,111000,,,-311.52728271484375,-2.585995674133301,2.326268434524536,310.1897277832031,310.479248046875,0.0003,0.0003,0.1
,,,,,111999,4023.3071,1000,,,,,,,,
,,,,,112000,,,-307.89068603515625,-2.3357324600219727,3.430959939956665,306.70440673828125,306.6238708496094,0.0003,0.0003,0.1
,,,,,112999,4010.7454,1000,,,,,,,,
,,,,,113000,,,-319.3049621582031,-2.5682222843170166,0.8795392513275146,318.50445556640625,318.56890869140625,0.0003,0.0003,0.1
,,,,,113999,4017.5334,1000,,,,,,,,
,,,,,114000,,,-314.42950439453125,-2.8535208702087402,0.9594577550888062,313.5421142578125,313.4963684082031,0.0003,0.0003,0.1
,,,,,114999,4086.6487,1000,,,,,,,,
4044.235,44.78227,4108.7183,3930.9998,1000.0,115000,,,-323.22711181640625,-2.5138373374938965,0.8295979499816895,322.20989990234375,322.2843017578125,0.0003,0.0003,0.1
,,,,,115999,4083.645,1000,,,,,,,,
,,,,,116000,,,-312.12322998046875,-2.578078269958496,1.1076512336730957,311.2812194824219,311.3228759765625,0.0003,0.0003,0.1
,,,,,116999,4091.1711,1000,,,,,,,,
,,,,,117000,,,-326.4305419921875,-2.6796164512634277,1.117355465888977,325.5524597167969,325.3321533203125,0.0003,0.0003,0.1
,,,,,117999,4107.9067,1000,,,,,,,,
,,,,,118000,,,-322.9942626953125,-3.016946315765381,1.4144108295440674,321.86871337890625,321.9552001953125,0.0003,0.0003,0.1
,,,,,118999,4096.367,1000,,,,,,,,
,,,,,119000,,,-322.1646728515625,-2.7720425128936768,0.9541907906532288,320.8343505859375,320.8572998046875,0.0003,0.0003,0.1
,,,,,119999,4022.6038,1000,,,,,,,,
3916.0703,627.3506,4169.783,2039.8318,1000.0,120000,,,-319.2939758300781,-2.9537386894226074,1.1150729656219482,318.2808837890625,317.994384765625,0.0003,0.0003,0.1
,,,,,120999,4118.847,1000,,,,,,,,
,,,,,121000,,,-328.950439453125,-3.274453639984131,1.354062795639038,327.84210205078125,327.827880859375,0.0003,0.0003,0.1
,,,,,121999,4139.0913,1000,,,,,,,,
,,,,,122000,,,-329.3828430175781,-3.2475974559783936,1.258316159248352,328.2044982910156,328.1767272949219,0.0003,0.0003,0.1
,,,,,122999,4196.398,1000,,,,,,,,
,,,,,123000,,,-335.0557556152344,-2.811156988143921,1.2498791217803955,333.633056640625,333.7113342285156,0.0003,0.0003,0.1
,,,,,123999,4102.4727,1000,,,,,,,,
,,,,,124000,,,-334.3144836425781,-3.055202007293701,1.104131817817688,333.260009765625,333.2325439453125,0.0003,0.0003,0.1
,,,,,124999,4166.1475,1000,,,,,,,,
4187.1294,27.413101,4238.9907,4145.159,1000.0,125000,,,-326.27569580078125,-2.729123830795288,0.9370169639587402,325.1025390625,325.21075439453125,0.0003,0.0003,0.1
,,,,,125999,4280.6577,1000,,,,,,,,
,,,,,126000,,,-336.35308837890625,-3.095484972000122,1.030348300933838,335.10052490234375,335.067138671875,0.0003,0.0003,0.1
,,,,,126999,4246.323,1000,,,,,,,,
,,,,,127000,,,-338.5209655761719,-3.1417925357818604,1.1648612022399902,337.35235595703125,337.23004150390625,0.0003,0.0003,0.1
,,,,,127999,-58.06033,1000,,,,,,,,
,,,,,128000,,,-331.5198669433594,-3.204763650894165,1.9667562246322632,330.3826904296875,330.1761474609375,0.0003,0.0003,0.1
,,,,,128999,172.39125,1000,,,,,,,,
,,,,,129000,,,-334.56817626953125,-2.735811471939087,1.1332154273986816,333.47271728515625,333.4306335449219,0.0003,0.0003,0.1
,,,,,129999,4178.9907,1000,,,,,,,,
4123.6064,81.89405,4201.7437,3981.0442,1000.0,130000,,,-343.1770935058594,-2.5581185817718506,1.32547926902771,342.28656005859375,342.35186767578125,0.0003,0.0003,0.1
,,,,,130999,4178.3066,1000,,,,,,,,
,,,,,131000,,,-347.742919921875,-2.556727886199951,0.9520748257637024,346.93963623046875,347.024169921875,0.0003,0.0003,0.1
,,,,,131999,4160.294,1000,,,,,,,,
,,,,,132000,,,-343.1390686035156,-2.6874728202819824,8.597084999084473,342.2730407714844,342.06158447265625,0.0003,0.0003,0.1
,,,,,132999,4252.9023,1000,,,,,,,,
,,,,,133000,,,-338.7381286621094,-2.186692714691162,1.2291572093963623,337.6646423339844,337.607421875,0.0003,0.0003,0.1
,,,,,133999,4102.4077,1000,,,,,,,,
,,,,,134000,,,-331.4974670410156,-2.729308605194092,1.2874834537506104,330.40594482421875,330.5158386230469,0.0003,0.0003,0.1
,,,,,134999,4201.123,1000,,,,,,,,
4145.7603,58.79586,4223.8755,3999.8713,1000.0,135000,,,-352.3707275390625,-2.932252883911133,1.8407832384109497,351.4920959472656,351.5195007324219,0.0003,0.0003,0.1
,,,,,135999,4063.2566,1000,,,,,,,,
,,,,,136000,,,-341.5642395019531,-2.8557324409484863,2.1590473651885986,340.3008728027344,340.3343200683594,0.0003,0.0003,0.1
,,,,,136999,4277.7554,1000,,,,,,,,
,,,,,137000,,,-354.9229736328125,-2.8815066814422607,1.7770938873291016,353.8114013671875,353.8313293457031,0.0003,0.0003,0.1
,,,,,137999,4280.378,1000,,,,,,,,
,,,,,138000,,,-342.93353271484375,-2.96480131149292,1.5856536626815796,341.8795166015625,341.80145263671875,0.0003,0.0003,0.1
,,,,,138999,4259.897,1000,,,,,,,,
,,,,,139000,,,-353.01702880859375,-2.653815269470215,1.2820757627487183,352.0518493652344,351.9857482910156,0.0003,0.0003,0.1
,,,,,139999,4262.6426,1000,,,,,,,,
4136.91,459.08536,4336.3228,2765.0557,1000.0,140000,,,-360.22918701171875,-3.1233913898468018,1.1740418672561646,359.3149719238281,359.2587890625,0.0003,0.0003,0.1
,,,,,140999,4222.3887,1000,,,,,,,,
,,,,,141000,,,-357.8302307128906,-3.2203943729400635,2.275451421737671,356.7754211425781,356.5035400390625,0.0003,0.0003,0.1
,,,,,141999,4347.8936,1000,,,,,,,,
,,,,,142000,,,-342.6346130371094,-3.2161779403686523,2.0132341384887695,341.32354736328125,341.5400390625,0.0003,0.0003,0.1
,,,,,142999,4403.857,1000,,,,,,,,
,,,,,143000,,,-358.14349365234375,-3.583113670349121,1.5808138847351074,356.7601318359375,356.65106201171875,0.0003,0.0003,0.1
,,,,,143999,4370.4097,1000,,,,,,,,
,,,,,144000,,,-356.1435241699219,-3.158977746963501,1.8514145612716675,354.771484375,354.55926513671875,0.0003,0.0003,0.1
,,,,,144999,2791.6577,1000,,,,,,,,
3968.6465,1256.7949,4461.159,200.65697,1000.0,145000,,,-356.7306823730469,-3.2447237968444824,7.131003379821777,355.3077392578125,355.17041015625,0.0003,0.0003,0.1
,,,,,145999,4335.62,1000,,,,,,,,
,,,,,146000,,,-355.1885986328125,-3.2544288635253906,2.6033101081848145,353.7551574707031,353.82177734375,0.0003,0.0003,0.1
,,,,,146999,4406.0493,1000,,,,,,,,
,,,,,147000,,,-366.5950012207031,-3.6960582733154297,1.89082670211792,365.19549560546875,365.4123229980469,0.0003,0.0003,0.1
,,,,,147999,840.6195,1000,,,,,,,,
,,,,,148000,,,-369.49713134765625,-3.0796937942504883,1.3742642402648926,368.3227233886719,368.38262939453125,0.0003,0.0003,0.1
,,,,,148999,4497.834,1000,,,,,,,,
,,,,,149000,,,-376.3828430175781,-3.4285998344421387,2.5489509105682373,375.3599853515625,375.14910888671875,0.0003,0.0003,0.1
,,,,,149999,4276.3003,1000,,,,,,,,
4399.202,122.61245,4499.718,4075.3518,1000.0,150000,,,-368.4123840332031,-2.7025725841522217,1.6117173433303833,367.5007629394531,367.33587646484375,0.0003,0.0003,0.1
,,,,,150999,4414.833,1000,,,,,,,,
,,,,,151000,,,-367.99224853515625,-2.40610933303833,1.4722979068756104,366.91790771484375,366.77294921875,0.0003,0.0003,0.1
,,,,,151999,4388.037,1000,,,,,,,,
,,,,,152000,,,-376.67401123046875,-2.728968620300293,1.1800329685211182,375.69873046875,375.7694091796875,0.0003,0.0003,0.1
,,,,,152999,4402.471,1000,,,,,,,,
,,,,,153000,,,-374.5980224609375,-2.8950917720794678,1.1600313186645508,373.5718994140625,373.4395751953125,0.0003,0.0003,0.1
,,,,,153999,4478.927,1000,,,,,,,,
,,,,,154000,,,-363.6546936035156,-3.2759010791778564,2.911001682281494,362.61541748046875,362.88763427734375,0.0003,0.0003,0.1
,,,,,154999,4385.091,1000,,,,,,,,
4469.8594,59.114666,4536.815,4358.8193,1000.0,155000,,,-371.40802001953125,-2.9419314861297607,1.8881579637527466,369.92437744140625,370.199462890625,0.0003,0.0003,0.1
,,,,,155999,4534.594,1000,,,,,,,,
,,,,,156000,,,-374.11309814453125,-3.12396240234375,1.482810616493225,373.178955078125,373.154052734375,0.0003,0.0003,0.1
,,,,,156999,4371.0923,1000,,,,,,,,
,,,,,157000,,,-372.0561828613281,-2.965980052947998,1.2850000858306885,371.0347595214844,371.06463623046875,0.0003,0.0003,0.1
,,,,,157999,4496.615,1000,,,,,,,,
,,,,,158000,,,-374.3406677246094,-2.927083969116211,1.9966837167739868,373.2105712890625,373.28546142578125,0.0003,0.0003,0.1
,,,,,158999,4545.468,1000,,,,,,,,
,,,,,159000,,,-376.439697265625,-3.2057929039001465,1.6354219913482666,375.2963562011719,375.37579345703125,0.0003,0.0003,0.1
,,,,,159999,4494.9478,1000,,,,,,,,
4532.584,40.593975,4598.652,4473.2183,1000.0,160000,,,-379.09423828125,-3.2387702465057373,1.0777229070663452,377.9189453125,377.9735412597656,0.0003,0.0003,0.1
,,,,,160999,4522.7417,1000,,,,,,,,
,,,,,161000,,,-376.1614074707031,-3.4981842041015625,1.6670801639556885,374.65966796875,374.6867370605469,0.0003,0.0003,0.1
,,,,,161999,4470.095,1000,,,,,,,,
,,,,,162000,,,-379.039306640625,-3.0614161491394043,1.6190108060836792,377.7756042480469,377.6597900390625,0.0003,0.0003,0.1
,,,,,162999,4540.835,1000,,,,,,,,
,,,,,163000,,,-382.860107421875,-3.4956016540527344,1.208574891090393,381.54736328125,381.51873779296875,0.0003,0.0003,0.1
,,,,,163999,4647.2983,1000,,,,,,,,
,,,,,164000,,,-381.0566101074219,-3.703315496444702,1.9371793270111084,379.88873291015625,379.98406982421875,0.0003,0.0003,0.1
,,,,,164999,467.69104,1000,,,,,,,,
4559.9,54.783875,4648.487,4457.533,1000.0,165000,,,-386.2245178222656,-3.650394916534424,2.353458881378174,385.0381774902344,385.0312194824219,0.0003,0.0003,0.1
,,,,,165999,4575.126,1000,,,,,,,,
,,,,,166000,,,-381.9070739746094,-3.148643970489502,3.5332062244415283,380.826904296875,380.8808288574219,0.0003,0.0003,0.1
,,,,,166999,4555.845,1000,,,,,,,,
,,,,,167000,,,-389.5596923828125,-2.583735466003418,1.1776278018951416,388.4012756347656,388.4971923828125,0.0003,0.0003,0.1
,,,,,167999,4657.446,1000,,,,,,,,
,,,,,168000,,,-385.76190185546875,-2.946697235107422,1.3307533264160156,384.65667724609375,384.7886962890625,0.0003,0.0003,0.1
,,,,,168999,4613.6187,1000,,,,,,,,
,,,,,169000,,,-388.8853454589844,-3.0676536560058594,1.3160451650619507,387.8724365234375,387.85357666015625,0.0003,0.0003,0.1
,,,,,169999,4494.1895,1000,,,,,,,,
4473.9624,27.841288,4514.2344,4433.0083,1000.0,170000,,,-395.806396484375,-3.1902084350585938,1.94783353805542,394.8728942871094,395.0211486816406,0.0003,0.0003,0.1
,,,,,170999,4585.65,1000,,,,,,,,
,,,,,171000,,,-379.8969421386719,-2.560683250427246,1.8774268627166748,378.58807373046875,378.72735595703125,0.0003,0.0003,0.1
,,,,,171999,4666.086,1000,,,,,,,,
,,,,,172000,,,-380.5205078125,-3.2159528732299805,1.9994515180587769,379.52166748046875,379.4886474609375,0.0003,0.0003,0.1
,,,,,172999,1453.8467,1000,,,,,,,,
,,,,,173000,,,-392.67596435546875,-3.262504816055298,3.640258550643921,391.7110595703125,391.7046203613281,0.0003,0.0003,0.1
,,,,,173999,4627.6846,1000,,,,,,,,
,,,,,174000,,,-383.0228271484375,-2.86318039894104,3.984673023223877,381.8909912109375,382.16986083984375,0.0003,0.0003,0.1
,,,,,174999,4663.0093,1000,,,,,,,,
3732.2207,1284.1312,4757.769,612.3049,1000.0,175000,,,-385.9095153808594,-3.074718952178955,2.480710029602051,384.96697998046875,384.9857482910156,0.0003,0.0003,0.1
,,,,,175999,4653.6167,1000,,,,,,,,
,,,,,176000,,,-397.03936767578125,-3.8337223529815674,2.529235363006592,395.71484375,395.96527099609375,0.0003,0.0003,0.1
,,,,,176999,4629.234,1000,,,,,,,,
,,,,,177000,,,-390.6058654785156,-3.429333209991455,1.950065016746521,389.5745849609375,389.5579833984375,0.0003,0.0003,0.1
,,,,,177999,3451.8162,1000,,,,,,,,
,,,,,178000,,,-403.5963134765625,-3.5285680294036865,3.274749517440796,402.55853271484375,402.8071594238281,0.0003,0.0003,0.1
,,,,,178999,4653.2666,1000,,,,,,,,
,,,,,179000,,,-393.7894287109375,-3.6455676555633545,2.3235809803009033,392.7940368652344,392.8339538574219,0.0003,0.0003,0.1
,,,,,179999,4675.18,1000,,,,,,,,
4541.093,126.25915,4712.0825,4263.01,1000.0,180000,,,-398.6668395996094,-2.99173903465271,6.366151332855225,397.85028076171875,397.87030029296875,0.0003,0.0003,0.1
,,,,,180999,4675.6426,1000,,,,,,,,
,,,,,181000,,,-395.6187744140625,-3.325697422027588,1.5366212129592896,394.5998840332031,394.51214599609375,0.0003,0.0003,0.1
,,,,,181999,4723.8364,1000,,,,,,,,
,,,,,182000,,,-395.0174560546875,-3.1512773036956787,1.3923118114471436,393.81671142578125,393.95281982421875,0.0003,0.0003,0.1
,,,,,182999,4761.3394,1000,,,,,,,,
,,,,,183000,,,-394.5436706542969,-3.1575918197631836,1.4278175830841064,393.48162841796875,393.4605712890625,0.0003,0.0003,0.1
,,,,,183999,4706.212,1000,,,,,,,,
,,,,,184000,,,-393.7919006347656,-2.8744869232177734,2.4633588790893555,392.91290283203125,392.8858642578125,0.0003,0.0003,0.1
,,,,,184999,3783.2234,1000,,,,,,,,
4187.906,790.441,4770.0767,2556.223,1000.0,185000,,,-392.2503356933594,-3.8018617630004883,7.260509014129639,390.89599609375,391.00506591796875,0.0003,0.0003,0.1
,,,,,185999,4699.1704,1000,,,,,,,,
,,,,,186000,,,-408.5543518066406,-2.910454750061035,1.858116865158081,407.4109802246094,407.32818603515625,0.0003,0.0003,0.1
,,,,,186999,4669.824,1000,,,,,,,,
,,,,,187000,,,-403.6938781738281,-2.7405014038085938,1.483257532119751,402.8719787597656,403.05731201171875,0.0003,0.0003,0.1
,,,,,187999,4034.2363,1000,,,,,,,,
,,,,,188000,,,-398.86529541015625,-3.236837148666382,1.7303473949432373,397.70550537109375,397.85699462890625,0.0003,0.0003,0.1
,,,,,188999,4853.9453,1000,,,,,,,,
,,,,,189000,,,-409.0116882324219,-3.824821949005127,2.098640203475952,407.77337646484375,407.7423095703125,0.0003,0.0003,0.1
,,,,,189999,4780.2104,1000,,,,,,,,
4735.607,201.96826,4849.0303,4134.4277,1000.0,190000,,,-401.3684387207031,-3.6677658557891846,1.8482146263122559,400.00030517578125,399.909912109375,0.0003,0.0003,0.1
,,,,,190999,4823.045,1000,,,,,,,,
,,,,,191000,,,-409.42584228515625,-4.381060600280762,3.7374086380004883,407.92230224609375,408.284423828125,0.0003,0.0003,0.1
,,,,,191999,4799.1304,1000,,,,,,,,
,,,,,192000,,,-415.30255126953125,-3.4922730922698975,2.165036201477051,413.8577880859375,413.95245361328125,0.0003,0.0003,0.1
,,,,,192999,4830.339,1000,,,,,,,,
,,,,,193000,,,-410.55194091796875,-3.870802640914917,2.133232593536377,409.3911437988281,409.42340087890625,0.0003,0.0003,0.1
,,,,,193999,3305.5342,1000,,,,,,,,
,,,,,194000,,,-412.105224609375,-3.456080436706543,2.8703155517578125,410.77459716796875,410.81085205078125,0.0003,0.0003,0.1
,,,,,194999,4908.6504,1000,,,,,,,,
4877.2637,158.77542,5003.2334,4503.7627,1000.0,195000,,,-415.3573303222656,-3.6629154682159424,2.8696722984313965,414.2599792480469,414.30206298828125,0.0003,0.0003,0.1
,,,,,195999,4514.1587,1000,,,,,,,,
,,,,,196000,,,-416.2506103515625,-3.3912248611450195,3.5802130699157715,415.23175048828125,415.1416015625,0.0003,0.0003,0.1
,,,,,196999,4724.4277,1000,,,,,,,,
,,,,,197000,,,-417.8058166503906,-3.8039145469665527,2.1497998237609863,416.6788330078125,416.8360595703125,0.0003,0.0003,0.1
,,,,,197999,4836.713,1000,,,,,,,,
,,,,,198000,,,-419.89935302734375,-3.9949300289154053,3.0967679023742676,418.45831298828125,418.2463684082031,0.0003,0.0003,0.1
,,,,,198999,4735.225,1000,,,,,,,,
,,,,,199000,,,-420.14923095703125,-4.14915132522583,4.33613920211792,418.6240539550781,418.8235778808594,0.0003,0.0003,0.1
,,,,,199999,4635.0176,1000,,,,,,,,
4726.1675,725.94836,5004.915,2549.1748,1000.0,200000,,,-419.8605041503906,-3.785234212875366,4.351344585418701,418.755615234375,418.856201171875,0.0003,0.0003,0.1
,,,,,200999,4965.345,1000,,,,,,,,
,,,,,201000,,,-423.0171813964844,-3.5751900672912598,2.4662587642669678,421.78839111328125,421.9137878417969,0.0003,0.0003,0.1
,,,,,201999,5013.875,1000,,,,,,,,
,,,,,202000,,,-420.0837707519531,-3.93223237991333,2.8542158603668213,418.8657531738281,418.5120544433594,0.0003,0.0003,0.1
,,,,,202999,4988.008,1000,,,,,,,,
,,,,,203000,,,-422.4375915527344,-3.878218412399292,4.569138526916504,421.2861022949219,421.39886474609375,0.0003,0.0003,0.1
,,,,,203999,4961.788,1000,,,,,,,,
,,,,,204000,,,-426.5682373046875,-4.245584011077881,1.7373802661895752,425.16729736328125,425.0867919921875,0.0003,0.0003,0.1
,,,,,204999,4808.3335,1000,,,,,,,,
4901.855,71.115204,5025.589,4765.6777,1000.0,205000,,,-423.65191650390625,-3.6416356563568115,2.274855136871338,422.61761474609375,422.30816650390625,0.0003,0.0003,0.1
,,,,,205999,4812.4927,1000,,,,,,,,
,,,,,206000,,,-432.2731628417969,-3.776527166366577,1.4652870893478394,430.9938659667969,430.9521179199219,0.0003,0.0003,0.1
,,,,,206999,4887.56,1000,,,,,,,,
,,,,,207000,,,-433.4124450683594,-3.844236135482788,1.8451597690582275,432.2717590332031,432.1929016113281,0.0003,0.0003,0.1
,,,,,207999,4549.2754,1000,,,,,,,,
,,,,,208000,,,-432.63507080078125,-3.7893824577331543,2.0141711235046387,431.3804626464844,431.5519104003906,0.0003,0.0003,0.1
,,,,,208999,5017.0146,1000,,,,,,,,
,,,,,209000,,,-433.8883972167969,-4.142282485961914,2.3791544437408447,432.5055236816406,432.3651428222656,0.0003,0.0003,0.1
,,,,,209999,4508.3228,1000,,,,,,,,
4770.999,312.19342,5043.9893,4167.0947,1000.0,210000,,,-441.4354553222656,-3.9658820629119873,1.9706531763076782,440.4701843261719,440.3648681640625,0.0003,0.0003,0.1
,,,,,210999,5013.2397,1000,,,,,,,,
,,,,,211000,,,-436.9600524902344,-4.023914337158203,3.567687511444092,435.50555419921875,435.89111328125,0.0003,0.0003,0.1
,,,,,211999,4865.9746,1000,,,,,,,,
,,,,,212000,,,-430.6034851074219,-3.5483012199401855,1.7411754131317139,429.2103271484375,429.5076904296875,0.0003,0.0003,0.1
,,,,,212999,5090.19,1000,,,,,,,,
,,,,,213000,,,-437.6700439453125,-4.069797515869141,4.784053325653076,436.640380859375,436.4285888671875,0.0003,0.0003,0.1
,,,,,213999,5078.554,1000,,,,,,,,
,,,,,214000,,,-439.358154296875,-4.012901306152344,2.8062376976013184,437.9176025390625,437.8897399902344,0.0003,0.0003,0.1
,,,,,214999,5075.023,1000,,,,,,,,
4974.8193,210.78201,5135.3647,4362.7725,1000.0,215000,,,-441.7831115722656,-3.7034480571746826,1.6021158695220947,440.72845458984375,440.46588134765625,0.0003,0.0003,0.1
,,,,,215999,5074.7153,1000,,,,,,,,
,,,,,216000,,,-442.8364562988281,-4.104039192199707,1.4821908473968506,441.7121276855469,441.6865234375,0.0003,0.0003,0.1
,,,,,216999,5008.2266,1000,,,,,,,,
,,,,,217000,,,-433.39501953125,-3.5990686416625977,2.6066396236419678,431.9287109375,432.0289306640625,0.0003,0.0003,0.1
,,,,,217999,5062.0747,1000,,,,,,,,
,,,,,218000,,,-437.578369140625,-4.197539806365967,2.1590209007263184,436.2209777832031,436.11968994140625,0.0003,0.0003,0.1
,,,,,218999,5122.929,1000,,,,,,,,
,,,,,219000,,,-443.0915832519531,-4.2109575271606445,2.1783437728881836,442.1586608886719,442.103271484375,0.0003,0.0003,0.1
,,,,,219999,5058.1177,1000,,,,,,,,
5126.9224,37.94581,5178.9336,5060.5845,1000.0,220000,,,-444.1737060546875,-3.5137033462524414,1.5194509029388428,443.15643310546875,443.13958740234375,0.0003,0.0003,0.1
,,,,,220999,4940.223,1000,,,,,,,,
,,,,,221000,,,-447.1109924316406,-3.9479100704193115,1.8399088382720947,445.8270263671875,445.80059814453125,0.0003,0.0003,0.1
,,,,,221999,5148.0845,1000,,,,,,,,
,,,,,222000,,,-451.3765869140625,-4.3116044998168945,2.0177459716796875,450.1640625,450.2859802246094,0.0003,0.0003,0.1
,,,,,222999,5183.3794,1000,,,,,,,,
,,,,,223000,,,-449.7991638183594,-3.861597776412964,2.153439521789551,448.97589111328125,448.8073425292969,0.0003,0.0003,0.1
,,,,,223999,5010.3022,1000,,,,,,,,
,,,,,224000,,,-443.9851989746094,-4.05511474609375,2.254403591156006,442.52069091796875,442.509033203125,0.0003,0.0003,0.1
,,,,,224999,5124.9463,1000,,,,,,,,
5205.314,55.121952,5291.195,5094.77,1000.0,225000,,,-449.581298828125,-4.193426132202148,2.755650043487549,448.3946533203125,448.23773193359375,0.0003,0.0003,0.1
,,,,,225999,5176.391,1000,,,,,,,,
,,,,,226000,,,-450.15911865234375,-4.053432464599609,1.79240083694458,448.8759765625,448.85693359375,0.0003,0.0003,0.1
,,,,,226999,4895.095,1000,,,,,,,,
,,,,,227000,,,-448.7404479980469,-4.124560356140137,3.4425246715545654,447.440673828125,447.41650390625,0.0003,0.0003,0.1
,,,,,227999,5230.888,1000,,,,,,,,
,,,,,228000,,,-460.3880920410156,-4.328222274780273,2.161668062210083,458.97918701171875,459.2671203613281,0.0003,0.0003,0.1
,,,,,228999,5306.0527,1000,,,,,,,,
,,,,,229000,,,-458.8884582519531,-4.274738311767578,2.1532022953033447,457.71539306640625,457.3868408203125,0.0003,0.0003,0.1
,,,,,229999,5308.67,1000,,,,,,,,
3254.497,378.2994,3861.0425,2487.6902,1000.0,230000,,,-458.0397033691406,-4.496501922607422,2.848571538925171,456.67529296875,456.7763977050781,0.0003,0.0003,0.1
,,,,,230999,5191.5537,1000,,,,,,,,
,,,,,231000,,,-461.4256591796875,-4.038698673248291,2.0684432983398438,460.381103515625,460.1103515625,0.0003,0.0003,0.1
,,,,,231999,5251.6724,1000,,,,,,,,
,,,,,232000,,,-458.0997009277344,-3.976266860961914,2.105201244354248,456.8893127441406,456.8953857421875,0.0003,0.0003,0.1
,,,,,232999,5254.6924,1000,,,,,,,,
,,,,,233000,,,-460.9476013183594,-4.66339111328125,2.0380380153656006,459.5960388183594,459.5998840332031,0.0003,0.0003,0.1
,,,,,233999,4110.7065,1000,,,,,,,,
,,,,,234000,,,-464.62347412109375,-4.123847961425781,2.201262950897217,463.564208984375,463.33184814453125,0.0003,0.0003,0.1
,,,,,234999,5346.1445,1000,,,,,,,,
5354.428,43.14755,5414.871,5291.5474,1000.0,235000,,,-455.5131530761719,-3.9876697063446045,2.4048619270324707,454.12091064453125,454.3297119140625,0.0003,0.0003,0.1
,,,,,235999,5317.93,1000,,,,,,,,
,,,,,236000,,,-467.0959167480469,-4.315743446350098,2.1527509689331055,466.13330078125,465.74432373046875,0.0003,0.0003,0.1
,,,,,236999,5354.6953,1000,,,,,,,,
,,,,,237000,,,-463.71234130859375,-4.157924175262451,2.2822036743164062,462.4154052734375,462.4026184082031,0.0003,0.0003,0.1
,,,,,237999,3631.992,1000,,,,,,,,
,,,,,238000,,,-460.8285827636719,-3.767894744873047,2.837726593017578,459.665771484375,459.58013916015625,0.0003,0.0003,0.1
,,,,,238999,5453.414,1000,,,,,,,,
,,,,,239000,,,-456.4578552246094,-3.8998234272003174,3.1156418323516846,454.7021484375,454.98895263671875,0.0003,0.0003,0.1
,,,,,239999,5240.438,1000,,,,,,,,
5164.841,411.49222,5517.5513,4191.0474,1000.0,240000,,,-451.2266540527344,-4.013302803039551,2.456451416015625,450.38873291015625,450.56964111328125,0.0003,0.0003,0.1
,,,,,240999,5304.383,1000,,,,,,,,
,,,,,241000,,,-472.3480529785156,-3.698471784591675,2.0866992473602295,471.2867736816406,471.23114013671875,0.0003,0.0003,0.1
,,,,,241999,5404.2764,1000,,,,,,,,
,,,,,242000,,,-467.349365234375,-4.153811454772949,2.886108875274658,466.0734558105469,465.853759765625,0.0003,0.0003,0.1
,,,,,242999,5406.537,1000,,,,,,,,
,,,,,243000,,,-466.42059326171875,-4.451243877410889,3.1594467163085938,465.2987060546875,465.11785888671875,0.0003,0.0003,0.1
,,,,,243999,5469.279,1000,,,,,,,,
,,,,,244000,,,-470.2026062011719,-4.002655029296875,1.7125959396362305,468.85614013671875,468.97705078125,0.0003,0.0003,0.1
,,,,,244999,5487.922,1000,,,,,,,,
5308.5933,259.15744,5501.4614,4694.774,1000.0,245000,,,-462.982666015625,-4.087553977966309,1.7361276149749756,461.96405029296875,461.8891906738281,0.0003,0.0003,0.1
,,,,,245999,5479.261,1000,,,,,,,,
,,,,,246000,,,-474.0971374511719,-4.605462551116943,2.689915418624878,472.68902587890625,472.59466552734375,0.0003,0.0003,0.1
,,,,,246999,5445.323,1000,,,,,,,,
,,,,,247000,,,-477.2642517089844,-4.1246514320373535,1.5463228225708008,475.9443359375,475.861328125,0.0003,0.0003,0.1
,,,,,247999,5476.361,1000,,,,,,,,
,,,,,248000,,,-470.1346740722656,-5.038699150085449,2.2880773544311523,468.6054382324219,468.58929443359375,0.0003,0.0003,0.1
,,,,,248999,5473.9087,1000,,,,,,,,
,,,,,249000,,,-474.48162841796875,-4.225156784057617,2.231448173522949,473.02874755859375,473.26727294921875,0.0003,0.0003,0.1
,,,,,249999,5494.122,1000,,,,,,,,
5522.728,66.538765,5679.3994,5449.4814,1000.0,250000,,,-474.7033386230469,-4.264718055725098,2.2644782066345215,473.15960693359375,473.098876953125,0.0003,0.0003,0.1
,,,,,250999,5502.2485,1000,,,,,,,,
,,,,,251000,,,-471.4832458496094,-4.536630630493164,2.3772904872894287,469.9120178222656,470.0520935058594,0.0003,0.0003,0.1
,,,,,251999,5572.0005,1000,,,,,,,,
,,,,,252000,,,-473.6827087402344,-4.337808609008789,2.751091957092285,472.41522216796875,472.107421875,0.0003,0.0003,0.1
,,,,,252999,5522.531,1000,,,,,,,,
,,,,,253000,,,-478.6314697265625,-5.011091232299805,2.5651118755340576,477.4939880371094,477.5135192871094,0.0003,0.0003,0.1
,,,,,253999,5464.9443,1000,,,,,,,,
,,,,,254000,,,-473.8048400878906,-4.626284599304199,2.179567575454712,472.46075439453125,472.3658142089844,0.0003,0.0003,0.1
,,,,,254999,5416.9785,1000,,,,,,,,
5405.8867,381.1164,5698.128,4446.9146,1000.0,255000,,,-472.81640625,-4.104283332824707,3.314159393310547,471.3564147949219,471.1614990234375,0.0003,0.0003,0.1
,,,,,255999,5628.9517,1000,,,,,,,,
,,,,,256000,,,-486.25543212890625,-4.169809341430664,2.186782121658325,484.7448425292969,484.9298095703125,0.0003,0.0003,0.1
,,,,,256999,5177.2783,1000,,,,,,,,
,,,,,257000,,,-480.1759033203125,-4.012486457824707,2.198336601257324,479.05023193359375,479.033447265625,0.0003,0.0003,0.1
,,,,,257999,5635.8354,1000,,,,,,,,
,,,,,258000,,,-487.606201171875,-4.519207954406738,2.508613109588623,486.53302001953125,486.2784729003906,0.0003,0.0003,0.1
,,,,,258999,5535.8506,1000,,,,,,,,
,,,,,259000,,,-486.8742980957031,-4.525928497314453,1.7925434112548828,485.5394287109375,485.7857360839844,0.0003,0.0003,0.1
,,,,,259999,5655.4053,1000,,,,,,,,
5552.466,216.99072,5746.244,5021.0127,1000.0,260000,,,-482.2569580078125,-4.675914287567139,2.9949326515197754,480.8224182128906,480.88531494140625,0.0003,0.0003,0.1
,,,,,260999,3051.8167,1000,,,,,,,,
,,,,,261000,,,-487.2265625,-4.027287483215332,2.5376510620117188,486.0675354003906,486.0406188964844,0.0003,0.0003,0.1
,,,,,261999,5601.2607,1000,,,,,,,,
,,,,,262000,,,-480.069091796875,-4.389225006103516,2.709477663040161,478.3983154296875,478.2918701171875,0.0003,0.0003,0.1
,,,,,262999,5794.942,1000,,,,,,,,
,,,,,263000,,,-490.12939453125,-4.403108596801758,2.141735553741455,488.78009033203125,488.88665771484375,0.0003,0.0003,0.1
,,,,,263999,5649.0234,1000,,,,,,,,
,,,,,264000,,,-490.8612365722656,-4.384420394897461,2.2740437984466553,489.30584716796875,489.41192626953125,0.0003,0.0003,0.1
,,,,,264999,5642.2207,1000,,,,,,,,
5658.406,54.982723,5763.315,5567.923,1000.0,265000,,,-490.60980224609375,-4.5531816482543945,2.3738744258880615,489.3900146484375,489.140625,0.0003,0.0003,0.1
,,,,,265999,5738.1187,1000,,,,,,,,
,,,,,266000,,,-488.864990234375,-4.770986557006836,3.8124547004699707,487.8973388671875,487.94842529296875,0.0003,0.0003,0.1
,,,,,266999,5784.015,1000,,,,,,,,
,,,,,267000,,,-489.63232421875,-4.922416687011719,2.567732334136963,488.0182189941406,488.15374755859375,0.0003,0.0003,0.1
,,,,,267999,5794.06,1000,,,,,,,,
,,,,,268000,,,-490.4196472167969,-5.188948631286621,2.3561525344848633,488.77716064453125,488.7115478515625,0.0003,0.0003,0.1
,,,,,268999,5728.219,1000,,,,,,,,
,,,,,269000,,,-497.69500732421875,-4.763252258300781,2.259714126586914,496.44964599609375,496.5361633300781,0.0003,0.0003,0.1
,,,,,269999,5698.62,1000,,,,,,,,
5710.926,120.376114,5800.55,5371.6562,1000.0,270000,,,-499.51751708984375,-4.453701972961426,1.523362159729004,498.2786865234375,498.4134826660156,0.0003,0.0003,0.1
,,,,,270999,5728.0747,1000,,,,,,,,
,,,,,271000,,,-497.73455810546875,-4.226093769073486,2.100800037384033,496.3873596191406,496.3783874511719,0.0003,0.0003,0.1
,,,,,271999,5546.4883,1000,,,,,,,,
,,,,,272000,,,-497.025390625,-4.517536640167236,2.916412830352783,495.89910888671875,495.631103515625,0.0003,0.0003,0.1
,,,,,272999,5729.24,1000,,,,,,,,
,,,,,273000,,,-498.3404235839844,-4.9124860763549805,2.276707172393799,496.996337890625,497.1320495605469,0.0003,0.0003,0.1
,,,,,273999,5547.7583,1000,,,,,,,,
,,,,,274000,,,-498.0,-4.690614700317383,3.5685644149780273,496.5086975097656,496.7716369628906,0.0003,0.0003,0.1
,,,,,274999,5732.4287,1000,,,,,,,,
5763.294,317.97116,5926.3384,4814.338,1000.0,275000,,,-498.55584716796875,-5.0560736656188965,2.237470865249634,496.98321533203125,497.1336975097656,0.0003,0.0003,0.1
,,,,,275999,5893.014,1000,,,,,,,,
,,,,,276000,,,-503.013671875,-5.0353007316589355,2.7661707401275635,501.59759521484375,501.4664306640625,0.0003,0.0003,0.1
,,,,,276999,5875.1636,1000,,,,,,,,
,,,,,277000,,,-504.5218505859375,-4.711627006530762,2.5856804847717285,503.22686767578125,503.14190673828125,0.0003,0.0003,0.1
,,,,,277999,5705.6514,1000,,,,,,,,
,,,,,278000,,,-508.47686767578125,-4.662426948547363,2.4168033599853516,507.189697265625,507.0639343261719,0.0003,0.0003,0.1
,,,,,278999,5708.662,1000,,,,,,,,
,,,,,279000,,,-508.4709777832031,-4.5820441246032715,2.7347710132598877,507.3796691894531,507.2620544433594,0.0003,0.0003,0.1
,,,,,279999,5718.611,1000,,,,,,,,
5827.02,83.24719,5919.07,5604.335,1000.0,280000,,,-503.12371826171875,-5.158203601837158,2.17470383644104,501.4837646484375,501.7259521484375,0.0003,0.0003,0.1
,,,,,280999,5794.7363,1000,,,,,,,,
,,,,,281000,,,-513.5367431640625,-4.907493591308594,2.066213369369507,512.0595092773438,511.92254638671875,0.0003,0.0003,0.1
,,,,,281999,5846.8853,1000,,,,,,,,
,,,,,282000,,,-507.3492736816406,-4.331686973571777,2.0003087520599365,505.9486083984375,505.7057800292969,0.0003,0.0003,0.1
,,,,,282999,5810.9736,1000,,,,,,,,
,,,,,283000,,,-508.8642883300781,-4.476553440093994,1.9414021968841553,507.4783020019531,507.39422607421875,0.0003,0.0003,0.1
,,,,,283999,5877.7954,1000,,,,,,,,
,,,,,284000,,,-507.8377685546875,-4.929300308227539,3.1481592655181885,506.4013977050781,506.35516357421875,0.0003,0.0003,0.1
,,,,,284999,5931.3477,1000,,,,,,,,
5932.834,78.13528,6035.3804,5798.4624,1000.0,285000,,,-514.9300537109375,-4.662903785705566,2.800280809402466,513.4908447265625,513.3445434570312,0.0003,0.0003,0.1
,,,,,285999,5859.651,1000,,,,,,,,
,,,,,286000,,,-514.7454223632812,-4.458850860595703,3.0460381507873535,513.508056640625,513.0753173828125,0.0003,0.0003,0.1
,,,,,286999,5889.25,1000,,,,,,,,
,,,,,287000,,,-518.0571899414062,-4.801812171936035,2.676353931427002,516.4945678710938,515.9959716796875,0.0003,0.0003,0.1
,,,,,287999,5860.113,1000,,,,,,,,
,,,,,288000,,,-512.7702026367188,-4.244702339172363,2.6829686164855957,511.52020263671875,511.606201171875,0.0003,0.0003,0.1
,,,,,288999,5930.948,1000,,,,,,,,
,,,,,289000,,,-521.9515380859375,-4.761971473693848,2.1236119270324707,520.5711669921875,520.7943115234375,0.0003,0.0003,0.1
,,,,,289999,5942.0977,1000,,,,,,,,
5905.806,188.4444,6035.189,5360.988,1000.0,290000,,,-515.9435424804688,-4.671679973602295,2.1910855770111084,514.354736328125,514.3605346679688,0.0003,0.0003,0.1
,,,,,290999,6037.0176,1000,,,,,,,,
,,,,,291000,,,-513.1868286132812,-5.179961681365967,2.6409332752227783,511.43585205078125,511.29315185546875,0.0003,0.0003,0.1
,,,,,291999,5972.0015,1000,,,,,,,,
,,,,,292000,,,-525.7379150390625,-4.556061744689941,2.2074716091156006,524.7119140625,524.61083984375,0.0003,0.0003,0.1
,,,,,292999,5731.9253,1000,,,,,,,,
,,,,,293000,,,-522.0823974609375,-5.220941543579102,2.250654935836792,520.7660522460938,520.564453125,0.0003,0.0003,0.1
,,,,,293999,5882.139,1000,,,,,,,,
,,,,,294000,,,-505.7109069824219,-4.744021415710449,2.619159698486328,504.060791015625,503.6936340332031,0.0003,0.0003,0.1
,,,,,294999,5977.135,1000,,,,,,,,
6055.969,47.2713,6160.8955,5993.4106,1000.0,295000,,,-523.52392578125,-4.8715596199035645,2.0656256675720215,522.3046875,522.33837890625,0.0003,0.0003,0.1
,,,,,295999,6060.2827,1000,,,,,,,,
,,,,,296000,,,-528.3403930664062,-4.914016246795654,2.8997409343719482,527.1419067382812,526.526123046875,0.0003,0.0003,0.1
,,,,,296999,5957.0327,1000,,,,,,,,
,,,,,297000,,,-531.3602905273438,-4.825071811676025,3.465937614440918,530.109619140625,529.9505004882812,0.0003,0.0003,0.1
,,,,,297999,5833.2163,1000,,,,,,,,
,,,,,298000,,,-525.7893676757812,-4.430361747741699,2.0130395889282227,523.843994140625,523.7591552734375,0.0003,0.0003,0.1
,,,,,298999,5749.617,1000,,,,,,,,
,,,,,299000,,,-532.3666381835938,-4.741778373718262,2.2745728492736816,531.077392578125,531.0010986328125,0.0003,0.0003,0.1
,,,,,299999,6028.427,1000,,,,,,,,
6052.61,43.058426,6127.448,5990.9395,1000.0,300000,,,-528.419921875,-5.049800872802734,2.8642988204956055,527.178466796875,526.76220703125,0.0003,0.0003,0.1
,,,,,300999,6003.4043,1000,,,,,,,,
,,,,,301000,,,-527.0111083984375,-5.004002571105957,2.3249716758728027,525.5259399414062,525.5047607421875,0.0003,0.0003,0.1
,,,,,301999,6093.566,1000,,,,,,,,
,,,,,302000,,,-528.1890258789062,-4.454777240753174,2.546074867248535,526.6480712890625,526.6312866210938,0.0003,0.0003,0.1
,,,,,302999,5938.2964,1000,,,,,,,,
,,,,,303000,,,-538.1472778320312,-4.612184524536133,2.2538819313049316,536.6654663085938,536.8753662109375,0.0003,0.0003,0.1
,,,,,303999,6032.5835,1000,,,,,,,,
,,,,,304000,,,-529.9790649414062,-5.265707015991211,2.8933608531951904,528.9195556640625,528.749755859375,0.0003,0.0003,0.1
,,,,,304999,6057.637,1000,,,,,,,,
5852.3877,481.06097,6115.171,4426.768,1000.0,305000,,,-534.6962890625,-4.364458084106445,2.024172306060791,533.1973876953125,533.3427734375,0.0003,0.0003,0.1
,,,,,305999,6127.6787,1000,,,,,,,,
,,,,,306000,,,-531.1441040039062,-4.4502105712890625,3.2735395431518555,529.3880615234375,529.4188842773438,0.0003,0.0003,0.1
,,,,,306999,6096.2886,1000,,,,,,,,
,,,,,307000,,,-536.6859130859375,-4.964336395263672,5.131586074829102,535.0421142578125,535.3209228515625,0.0003,0.0003,0.1
,,,,,307999,6125.764,1000,,,,,,,,
,,,,,308000,,,-537.9493408203125,-4.9780473709106445,2.6441071033477783,536.1846923828125,536.602783203125,0.0003,0.0003,0.1
,,,,,308999,6248.863,1000,,,,,,,,
,,,,,309000,,,-546.6552124023438,-4.733094215393066,1.858515977859497,545.498779296875,545.4779663085938,0.0003,0.0003,0.1
,,,,,309999,5974.4653,1000,,,,,,,,
5873.928,815.35754,6233.204,3432.7888,1000.0,310000,,,-539.9906005859375,-4.567313194274902,1.8239250183105469,538.7031860351562,538.630859375,0.0003,0.0003,0.1
,,,,,310999,6143.275,1000,,,,,,,,
,,,,,311000,,,-538.5442504882812,-5.011462688446045,2.3902688026428223,537.4539794921875,537.4989013671875,0.0003,0.0003,0.1
,,,,,311999,6215.9126,1000,,,,,,,,
,,,,,312000,,,-535.3818969726562,-4.993375778198242,2.1725425720214844,533.8495483398438,533.8718872070312,0.0003,0.0003,0.1
,,,,,312999,6203.9927,1000,,,,,,,,
,,,,,313000,,,-544.8375854492188,-4.523118019104004,2.5997390747070312,543.53662109375,543.6513671875,0.0003,0.0003,0.1
,,,,,313999,6064.2686,1000,,,,,,,,
,,,,,314000,,,-543.1115112304688,-4.5207905769348145,5.755343437194824,541.3206787109375,541.8353881835938,0.0003,0.0003,0.1
,,,,,314999,6163.501,1000,,,,,,,,
5558.56,1706.2263,6227.364,449.7656,1000.0,315000,,,-541.5731201171875,-4.872760772705078,2.3842356204986572,540.1520385742188,540.1484985351562,0.0003,0.0003,0.1
,,,,,315999,6051.451,1000,,,,,,,,
,,,,,316000,,,-541.4137573242188,-5.046763896942139,2.0420494079589844,539.9962158203125,540.0426025390625,0.0003,0.0003,0.1
,,,,,316999,5837.198,1000,,,,,,,,
,,,,,317000,,,-541.5467529296875,-4.641324043273926,2.2402472496032715,539.9820556640625,540.2131958007812,0.0003,0.0003,0.1
,,,,,317999,6204.058,1000,,,,,,,,
,,,,,318000,,,-545.302490234375,-4.727643013000488,3.240279197692871,543.5478515625,543.44970703125,0.0003,0.0003,0.1
,,,,,318999,6133.4717,1000,,,,,,,,
,,,,,319000,,,-551.25732421875,-5.070672035217285,2.327728509902954,549.9566040039062,549.9984130859375,0.0003,0.0003,0.1
,,,,,319999,6320.214,1000,,,,,,,,
6249.597,60.207184,6338.9204,6152.068,1000.0,320000,,,-551.6875610351562,-5.393719673156738,2.8011651039123535,550.28076171875,550.0891723632812,0.0003,0.0003,0.1
,,,,,320999,6242.7524,1000,,,,,,,,
,,,,,321000,,,-550.3546752929688,-4.616141319274902,2.467467784881592,548.89208984375,548.900390625,0.0003,0.0003,0.1
,,,,,321999,6277.5923,1000,,,,,,,,
,,,,,322000,,,-555.4454956054688,-4.6527204513549805,2.7570395469665527,554.1212158203125,554.1812744140625,0.0003,0.0003,0.1
,,,,,322999,6222.6343,1000,,,,,,,,
,,,,,323000,,,-547.1790161132812,-4.993300914764404,2.6798768043518066,545.5474853515625,545.8294067382812,0.0003,0.0003,0.1
,,,,,323999,6328.1987,1000,,,,,,,,
,,,,,324000,,,-555.2197875976562,-5.077314376831055,2.902230739593506,553.817626953125,553.2403564453125,0.0003,0.0003,0.1
,,,,,324999,6235.1406,1000,,,,,,,,
6228.7334,314.61203,6436.019,5313.272,1000.0,325000,,,-557.0252685546875,-5.1147966384887695,2.4144043922424316,555.3278198242188,555.41943359375,0.0003,0.0003,0.1
,,,,,325999,6216.0093,1000,,,,,,,,
,,,,,326000,,,-555.3087768554688,-4.920192718505859,2.482757568359375,553.9996337890625,554.1754760742188,0.0003,0.0003,0.1
,,,,,326999,3550.0488,1000,,,,,,,,
,,,,,327000,,,-550.435791015625,-4.709189414978027,2.635432720184326,549.0220336914062,548.5651245117188,0.0003,0.0003,0.1
,,,,,327999,6337.4116,1000,,,,,,,,
,,,,,328000,,,-557.716796875,-5.321187973022461,2.437700033187866,556.5167236328125,556.4190063476562,0.0003,0.0003,0.1
,,,,,328999,6160.575,1000,,,,,,,,
,,,,,329000,,,-560.3206787109375,-4.6566548347473145,3.729020833969116,558.641357421875,559.162109375,0.0003,0.0003,0.1
,,,,,329999,6320.2734,1000,,,,,,,,
6302.124,61.12983,6385.426,6161.5947,1000.0,330000,,,-558.5022583007812,-4.9069037437438965,2.328892707824707,556.8858032226562,556.9837646484375,0.0003,0.0003,0.1
,,,,,330999,6153.642,1000,,,,,,,,
,,,,,331000,,,-559.5192260742188,-4.853113651275635,2.3097708225250244,558.00244140625,558.0513916015625,0.0003,0.0003,0.1
,,,,,331999,6331.7656,1000,,,,,,,,
,,,,,332000,,,-557.9132690429688,-4.3195648193359375,2.4246225357055664,556.5515747070312,556.564208984375,0.0003,0.0003,0.1
,,,,,332999,6060.6543,1000,,,,,,,,
,,,,,333000,,,-559.26953125,-5.136107444763184,4.612819671630859,558.0729370117188,557.955322265625,0.0003,0.0003,0.1
,,,,,333999,6312.9136,1000,,,,,,,,
,,,,,334000,,,-556.3253784179688,-5.058952808380127,3.890345811843872,554.7877197265625,554.635986328125,0.0003,0.0003,0.1
,,,,,334999,6241.729,1000,,,,,,,,
6402.2344,82.17844,6529.037,6272.689,1000.0,335000,,,-564.424560546875,-5.057582855224609,3.9155850410461426,562.977783203125,562.995361328125,0.0003,0.0003,0.1
,,,,,335999,6319.45,1000,,,,,,,,
,,,,,336000,,,-558.5372314453125,-4.911800384521484,3.7155473232269287,557.0896606445312,556.8575439453125,0.0003,0.0003,0.1
,,,,,336999,6170.4326,1000,,,,,,,,
,,,,,337000,,,-561.6166381835938,-4.660005569458008,2.594970464706421,560.46240234375,560.2254638671875,0.0003,0.0003,0.1
,,,,,337999,6430.138,1000,,,,,,,,
,,,,,338000,,,-550.0242309570312,-5.184700012207031,3.168940782546997,548.8026123046875,548.6968994140625,0.0003,0.0003,0.1
,,,,,338999,6454.8047,1000,,,,,,,,
,,,,,339000,,,-558.2598266601562,-5.433084487915039,2.9874935150146484,556.9044189453125,556.729248046875,0.0003,0.0003,0.1
,,,,,339999,6359.815,1000,,,,,,,,
6351.079,39.96245,6432.0103,6304.0015,1000.0,340000,,,-558.7105712890625,-4.9326934814453125,2.6767404079437256,557.1767578125,557.695068359375,0.0003,0.0003,0.1
,,,,,340999,6446.7896,1000,,,,,,,,
,,,,,341000,,,-560.7147216796875,-4.97648286819458,2.9503326416015625,558.8027954101562,558.3760375976562,0.0003,0.0003,0.1
,,,,,341999,6362.5503,1000,,,,,,,,
,,,,,342000,,,-564.0054931640625,-4.797334671020508,2.346564769744873,562.7294921875,562.52587890625,0.0003,0.0003,0.1
,,,,,342999,6074.1626,1000,,,,,,,,
,,,,,343000,,,-571.0238647460938,-4.866028785705566,2.5021448135375977,569.3226318359375,569.3756103515625,0.0003,0.0003,0.1
,,,,,343999,6391.255,1000,,,,,,,,
,,,,,344000,,,-565.7379760742188,-4.890048027038574,3.299673557281494,563.9760131835938,563.9447631835938,0.0003,0.0003,0.1
,,,,,344999,6450.4287,1000,,,,,,,,
6395.1743,76.552124,6454.0923,6243.927,1000.0,345000,,,-568.8201904296875,-5.201357841491699,3.697850227355957,567.4005737304688,567.8748779296875,0.0003,0.0003,0.1
,,,,,345999,6477.4644,1000,,,,,,,,
,,,,,346000,,,-573.821044921875,-4.9720025062561035,3.7648556232452393,572.4912719726562,572.39990234375,0.0003,0.0003,0.1
,,,,,346999,6584.576,1000,,,,,,,,
,,,,,347000,,,-570.7598266601562,-5.253210544586182,4.267155647277832,569.0615234375,569.53515625,0.0003,0.0003,0.1
,,,,,347999,6496.7676,1000,,,,,,,,
,,,,,348000,,,-576.0092163085938,-5.122635841369629,2.498659610748291,574.489013671875,574.666259765625,0.0003,0.0003,0.1
,,,,,348999,6416.441,1000,,,,,,,,
,,,,,349000,,,-578.734130859375,-5.273561477661133,2.689993381500244,576.9713134765625,576.8894653320312,0.0003,0.0003,0.1
,,,,,349999,6499.5522,1000,,,,,,,,
6390.587,104.856865,6537.9175,6196.6045,1000.0,350000,,,-563.803955078125,-5.256875991821289,3.9962236881256104,561.7694091796875,561.8392944335938,0.0003,0.0003,0.1
,,,,,350999,6511.236,1000,,,,,,,,
,,,,,351000,,,-572.6976928710938,-5.307361602783203,2.7595417499542236,571.2869873046875,571.33642578125,0.0003,0.0003,0.1
,,,,,351999,6322.1743,1000,,,,,,,,
,,,,,352000,,,-572.0247192382812,-4.675667762756348,2.40950345993042,570.5368041992188,570.461181640625,0.0003,0.0003,0.1
,,,,,352999,6525.9707,1000,,,,,,,,
,,,,,353000,,,-579.62646484375,-5.221750259399414,2.7560019493103027,578.1516723632812,578.1087646484375,0.0003,0.0003,0.1
,,,,,353999,6487.652,1000,,,,,,,,
,,,,,354000,,,-575.9473876953125,-5.523989677429199,2.7709898948669434,574.1588134765625,574.4063720703125,0.0003,0.0003,0.1
,,,,,354999,6526.8706,1000,,,,,,,,
6575.245,24.72843,6613.0796,6530.1104,1000.0,355000,,,-582.4990844726562,-4.47312068939209,2.379650354385376,581.05029296875,581.10693359375,0.0003,0.0003,0.1
,,,,,355999,6553.672,1000,,,,,,,,
,,,,,356000,,,-578.1221313476562,-5.050057411193848,2.6390933990478516,576.8372192382812,576.689697265625,0.0003,0.0003,0.1
,,,,,356999,6501.192,1000,,,,,,,,
,,,,,357000,,,-579.7094116210938,-4.951315879821777,3.57845139503479,578.0045166015625,578.282958984375,0.0003,0.0003,0.1
,,,,,357999,6552.415,1000,,,,,,,,
,,,,,358000,,,-578.891357421875,-4.719313621520996,2.2840518951416016,577.0469360351562,577.0228271484375,0.0003,0.0003,0.1
,,,,,358999,6518.453,1000,,,,,,,,
,,,,,359000,,,-579.7216186523438,-4.660736560821533,2.4026989936828613,578.31591796875,578.25634765625,0.0003,0.0003,0.1
,,,,,359999,6645.6387,1000,,,,,,,,
6562.12,72.635254,6701.682,6447.337,1000.0,360000,,,-579.5007934570312,-5.458416938781738,2.5830955505371094,578.0223388671875,578.122314453125,0.0003,0.0003,0.1
,,,,,360999,5956.683,1000,,,,,,,,
,,,,,361000,,,-580.9976806640625,-5.026910781860352,3.3639426231384277,579.290771484375,579.30810546875,0.0003,0.0003,0.1
,,,,,361999,6683.8633,1000,,,,,,,,
,,,,,362000,,,-577.9456787109375,-5.0168046951293945,3.047945022583008,576.0128173828125,575.9830932617188,0.0003,0.0003,0.1
,,,,,362999,6546.326,1000,,,,,,,,
,,,,,363000,,,-587.5269775390625,-5.251646995544434,2.2106242179870605,585.880859375,585.92529296875,0.0003,0.0003,0.1
,,,,,363999,6629.9404,1000,,,,,,,,
,,,,,364000,,,-586.9317016601562,-4.845829010009766,5.641021728515625,585.4117431640625,585.0884399414062,0.0003,0.0003,0.1
,,,,,364999,6548.413,1000,,,,,,,,
6652.4873,219.38275,6807.478,6017.805,1000.0,365000,,,-582.25244140625,-5.100500583648682,3.116736888885498,580.7669067382812,580.7652587890625,0.0003,0.0003,0.1
,,,,,365999,6501.4263,1000,,,,,,,,
,,,,,366000,,,-588.29248046875,-5.423391342163086,3.0260276794433594,586.558349609375,586.464599609375,0.0003,0.0003,0.1
,,,,,366999,6666.6157,1000,,,,,,,,
,,,,,367000,,,-588.9530639648438,-5.353344917297363,3.594882011413574,587.9022827148438,587.7318115234375,0.0003,0.0003,0.1
,,,,,367999,6701.857,1000,,,,,,,,
,,,,,368000,,,-590.9385375976562,-5.152190208435059,2.9064910411834717,589.327880859375,589.4122924804688,0.0003,0.0003,0.1
,,,,,368999,6632.2954,1000,,,,,,,,
,,,,,369000,,,-587.7429809570312,-4.8559794425964355,2.5466156005859375,586.3557739257812,586.207763671875,0.0003,0.0003,0.1
,,,,,369999,6573.659,1000,,,,,,,,
6735.638,87.47921,6810.642,6492.86,1000.0,370000,,,-586.1921997070312,-5.470986366271973,2.513552188873291,584.4348754882812,584.280029296875,0.0003,0.0003,0.1
,,,,,370999,6646.609,1000,,,,,,,,
,,,,,371000,,,-589.2613525390625,-5.350439071655273,3.096700668334961,587.646240234375,587.5349731445312,0.0003,0.0003,0.1
,,,,,371999,6716.122,1000,,,,,,,,
,,,,,372000,,,-592.2215576171875,-5.523210525512695,2.3373947143554688,590.5137939453125,590.4735107421875,0.0003,0.0003,0.1
,,,,,372999,6774.1133,1000,,,,,,,,
,,,,,373000,,,-590.5145874023438,-4.991883754730225,2.5455827713012695,588.8504028320312,589.18310546875,0.0003,0.0003,0.1
,,,,,373999,6653.3677,1000,,,,,,,,
,,,,,374000,,,-593.3350830078125,-5.258596420288086,2.5753207206726074,592.003173828125,591.759521484375,0.0003,0.0003,0.1
,,,,,374999,6803.952,1000,,,,,,,,
6778.3047,44.380836,6850.9307,6706.861,1000.0,375000,,,-596.2484130859375,-5.395795822143555,3.459893226623535,594.669921875,594.7833862304688,0.0003,0.0003,0.1
,,,,,375999,6705.119,1000,,,,,,,,
,,,,,376000,,,-597.2113037109375,-5.125950813293457,3.305233955383301,595.7261352539062,595.5192260742188,0.0003,0.0003,0.1
,,,,,376999,6778.962,1000,,,,,,,,
,,,,,377000,,,-597.7276000976562,-5.0150041580200195,2.349313497543335,596.249755859375,596.177978515625,0.0003,0.0003,0.1
,,,,,377999,5131.9565,1000,,,,,,,,
,,,,,378000,,,-593.0557861328125,-5.074178695678711,2.7613906860351562,591.53662109375,591.756591796875,0.0003,0.0003,0.1
,,,,,378999,6718.971,1000,,,,,,,,
,,,,,379000,,,-593.8523559570312,-4.956577301025391,2.0632572174072266,592.8404541015625,592.677001953125,0.0003,0.0003,0.1
,,,,,379999,6732.2964,1000,,,,,,,,
6653.0244,48.76663,6719.765,6553.6523,1000.0,380000,,,-595.9865112304688,-4.752808094024658,3.196389675140381,594.4489135742188,594.265625,0.0003,0.0003,0.1
,,,,,380999,6769.1313,1000,,,,,,,,
,,,,,381000,,,-597.7216796875,-5.6625776290893555,3.026277780532837,596.1209716796875,595.8946533203125,0.0003,0.0003,0.1
,,,,,381999,6732.173,1000,,,,,,,,
,,,,,382000,,,-599.8277587890625,-5.581156253814697,3.442171573638916,598.6721801757812,598.3597412109375,0.0003,0.0003,0.1
,,,,,382999,6831.025,1000,,,,,,,,
,,,,,383000,,,-588.9781494140625,-5.099169731140137,3.0448038578033447,587.1173095703125,587.147705078125,0.0003,0.0003,0.1
,,,,,383999,6601.159,1000,,,,,,,,
,,,,,384000,,,-607.7512817382812,-5.2270660400390625,2.5265774726867676,606.1762084960938,606.332275390625,0.0003,0.0003,0.1
,,,,,384999,6712.578,1000,,,,,,,,
6620.176,274.80627,6776.7246,5826.2417,1000.0,385000,,,-601.4913940429688,-5.343657970428467,2.949563980102539,600.206298828125,599.6153564453125,0.0003,0.0003,0.1
,,,,,385999,6812.5923,1000,,,,,,,,
,,,,,386000,,,-599.457763671875,-4.7063517570495605,3.096104860305786,597.8675537109375,597.5518798828125,0.0003,0.0003,0.1
,,,,,386999,6801.9766,1000,,,,,,,,
,,,,,387000,,,-602.2232666015625,-5.138049125671387,2.3789401054382324,600.6471557617188,600.610107421875,0.0003,0.0003,0.1
,,,,,387999,6844.328,1000,,,,,,,,
,,,,,388000,,,-602.791015625,-5.3468017578125,3.216292142868042,600.93408203125,600.9674072265625,0.0003,0.0003,0.1
,,,,,388999,6782.0317,1000,,,,,,,,
,,,,,389000,,,-610.0681762695312,-5.2203264236450195,2.85764479637146,608.7921142578125,608.4813232421875,0.0003,0.0003,0.1
,,,,,389999,6919.383,1000,,,,,,,,
6798.671,94.48044,6915.3257,6553.458,1000.0,390000,,,-600.579345703125,-5.302829742431641,2.3799796104431152,598.91064453125,599.0562744140625,0.0003,0.0003,0.1
,,,,,390999,6849.0947,1000,,,,,,,,
,,,,,391000,,,-604.0570678710938,-5.182548522949219,2.8257453441619873,602.4161376953125,602.088134765625,0.0003,0.0003,0.1
,,,,,391999,6933.0327,1000,,,,,,,,
,,,,,392000,,,-607.9879760742188,-4.865153789520264,2.8400962352752686,606.4124755859375,606.8453369140625,0.0003,0.0003,0.1
,,,,,392999,6055.876,1000,,,,,,,,
,,,,,393000,,,-607.3598022460938,-5.0043044090271,2.4929537773132324,605.8714599609375,605.90771484375,0.0003,0.0003,0.1
,,,,,393999,6687.6016,1000,,,,,,,,
,,,,,394000,,,-612.3443603515625,-5.022401332855225,3.0932607650756836,611.03369140625,610.900146484375,0.0003,0.0003,0.1
,,,,,394999,6734.345,1000,,,,,,,,
6819.6343,55.59651,6910.9595,6699.267,1000.0,395000,,,-612.5078735351562,-5.415637493133545,3.3352978229522705,610.911865234375,611.1100463867188,0.0003,0.0003,0.1
,,,,,395999,6724.3345,1000,,,,,,,,
,,,,,396000,,,-607.2151489257812,-4.952991485595703,2.719940662384033,605.4075317382812,605.6676025390625,0.0003,0.0003,0.1
,,,,,396999,6861.5474,1000,,,,,,,,
,,,,,397000,,,-605.3792724609375,-5.793934345245361,3.7416129112243652,603.4271240234375,603.6099853515625,0.0003,0.0003,0.1
,,,,,397999,4909.019,1000,,,,,,,,
,,,,,398000,,,-610.8865356445312,-5.157601833343506,2.8627891540527344,609.472900390625,609.28564453125,0.0003,0.0003,0.1
,,,,,398999,6865.599,1000,,,,,,,,
,,,,,399000,,,-607.3604736328125,-4.93141508102417,3.252042531967163,605.7743530273438,605.95458984375,0.0003,0.0003,0.1
,,,,,399999,6619.4004,1000,,,,,,,,
6825.6445,218.27031,7049.919,6243.881,1000.0,400000,,,-615.7434692382812,-5.439772605895996,2.4728376865386963,614.0738525390625,614.436279296875,0.0003,0.0003,0.1
,,,,,400999,6970.645,1000,,,,,,,,
,,,,,401000,,,-613.345458984375,-5.291934967041016,2.862678050994873,611.9061279296875,611.7576904296875,0.0003,0.0003,0.1
,,,,,401999,6906.927,1000,,,,,,,,
,,,,,402000,,,-614.53857421875,-4.76225471496582,4.00506591796875,613.3294677734375,613.16357421875,0.0003,0.0003,0.1
,,,,,402999,6990.5425,1000,,,,,,,,
,,,,,403000,,,-608.4649047851562,-5.5686798095703125,3.715120792388916,606.7145385742188,606.8551025390625,0.0003,0.0003,0.1
,,,,,403999,6967.51,1000,,,,,,,,
,,,,,404000,,,-617.076416015625,-5.673283576965332,3.2270100116729736,615.3828125,615.20068359375,0.0003,0.0003,0.1
,,,,,404999,6989.3726,1000,,,,,,,,
7100.0938,57.261246,7240.3906,7007.9165,1000.0,405000,,,-616.8406372070312,-5.393556594848633,2.769702434539795,615.1898193359375,615.3863525390625,0.0003,0.0003,0.1
,,,,,405999,7043.44,1000,,,,,,,,
,,,,,406000,,,-618.2941284179688,-5.695010185241699,3.6432042121887207,616.90185546875,616.4519653320312,0.0003,0.0003,0.1
,,,,,406999,6900.567,1000,,,,,,,,
,,,,,407000,,,-615.1705932617188,-4.819485664367676,2.673093318939209,613.5341796875,613.3375244140625,0.0003,0.0003,0.1
,,,,,407999,6994.3555,1000,,,,,,,,
,,,,,408000,,,-620.7833251953125,-4.659199237823486,3.4029462337493896,619.2661743164062,619.4817504882812,0.0003,0.0003,0.1
,,,,,408999,7075.969,1000,,,,,,,,
,,,,,409000,,,-629.31787109375,-5.085111618041992,8.5750093460083,628.0855102539062,627.7599487304688,0.0003,0.0003,0.1
,,,,,409999,7146.4946,1000,,,,,,,,
7069.147,78.52414,7181.014,6952.192,1000.0,410000,,,-622.106689453125,-5.404694557189941,4.043859481811523,620.5072021484375,620.5036010742188,0.0003,0.0003,0.1
,,,,,410999,7155.3457,1000,,,,,,,,
,,,,,411000,,,-623.1749267578125,-5.836453437805176,2.7616171836853027,621.2996826171875,621.2598266601562,0.0003,0.0003,0.1
,,,,,411999,7009.2656,1000,,,,,,,,
,,,,,412000,,,-619.0432739257812,-5.4675703048706055,3.03757381439209,617.2268676757812,617.278076171875,0.0003,0.0003,0.1
,,,,,412999,7103.767,1000,,,,,,,,
,,,,,413000,,,-613.2372436523438,-6.044234275817871,4.489299774169922,611.4360961914062,611.46435546875,0.0003,0.0003,0.1
,,,,,413999,7207.214,1000,,,,,,,,
,,,,,414000,,,-626.39306640625,-5.310561180114746,2.66996169090271,624.81689453125,624.8402099609375,0.0003,0.0003,0.1
,,,,,414999,7092.6353,1000,,,,,,,,
7134.124,124.75576,7256.206,6792.822,1000.0,415000,,,-621.708251953125,-6.1377410888671875,3.522620677947998,620.232666015625,620.113525390625,0.0003,0.0003,0.1
,,,,,415999,7149.6157,1000,,,,,,,,
,,,,,416000,,,-619.8311767578125,-5.304723739624023,3.157667398452759,618.1626586914062,618.044921875,0.0003,0.0003,0.1
,,,,,416999,7253.72,1000,,,,,,,,
,,,,,417000,,,-623.3755493164062,-5.405859470367432,3.715146541595459,622.3486328125,621.7577514648438,0.0003,0.0003,0.1
,,,,,417999,7145.9775,1000,,,,,,,,
,,,,,418000,,,-625.3720092773438,-6.0265092849731445,3.9670259952545166,623.79443359375,623.6943359375,0.0003,0.0003,0.1
,,,,,418999,7221.0854,1000,,,,,,,,
,,,,,419000,,,-631.7813720703125,-5.364428520202637,4.199883937835693,630.42236328125,630.4918823242188,0.0003,0.0003,0.1
,,,,,419999,7251.707,1000,,,,,,,,
7070.243,79.68339,7182.453,6958.442,1000.0,420000,,,-625.7846069335938,-5.4969658851623535,5.105276584625244,624.43603515625,624.1442260742188,0.0003,0.0003,0.1
,,,,,420999,7181.1113,1000,,,,,,,,
,,,,,421000,,,-631.174560546875,-5.162311553955078,2.8358521461486816,629.363525390625,629.7049560546875,0.0003,0.0003,0.1
,,,,,421999,7036.5396,1000,,,,,,,,
,,,,,422000,,,-633.3463745117188,-5.5113325119018555,2.41243839263916,632.0230102539062,632.0379638671875,0.0003,0.0003,0.1
,,,,,422999,7245.0347,1000,,,,,,,,
,,,,,423000,,,-632.6035766601562,-5.50339412689209,3.3948636054992676,631.0148315429688,630.7752685546875,0.0003,0.0003,0.1
,,,,,423999,7195.643,1000,,,,,,,,
,,,,,424000,,,-628.958740234375,-5.341742992401123,3.017124891281128,626.990478515625,627.1881713867188,0.0003,0.0003,0.1
,,,,,424999,7088.7466,1000,,,,,,,,
7102.9233,103.20161,7289.928,6934.1987,1000.0,425000,,,-634.9533081054688,-5.413097381591797,3.3385298252105713,633.3754272460938,633.1277465820312,0.0003,0.0003,0.1
,,,,,425999,7200.997,1000,,,,,,,,
,,,,,426000,,,-635.611083984375,-4.732700347900391,3.350376605987549,634.2847900390625,634.1533203125,0.0003,0.0003,0.1
,,,,,426999,7137.027,1000,,,,,,,,
,,,,,427000,,,-636.2974853515625,-5.356622219085693,4.443850517272949,633.9842529296875,634.57421875,0.0003,0.0003,0.1
,,,,,427999,7303.2485,1000,,,,,,,,
,,,,,428000,,,-645.4340209960938,-5.2643866539001465,3.7685389518737793,643.7579956054688,644.06591796875,0.0003,0.0003,0.1
,,,,,428999,7475.6484,1000,,,,,,,,
,,,,,429000,,,-635.4876098632812,-5.688082695007324,4.285248279571533,633.9320678710938,633.70263671875,0.0003,0.0003,0.1
,,,,,429999,7340.661,1000,,,,,,,,
7116.5454,271.58496,7466.15,6455.999,1000.0,430000,,,-633.15771484375,-5.27548885345459,4.416139125823975,631.37060546875,631.2071533203125,0.0003,0.0003,0.1
,,,,,430999,7078.917,1000,,,,,,,,
,,,,,431000,,,-635.4091796875,-5.493507385253906,4.270651340484619,633.79541015625,633.73291015625,0.0003,0.0003,0.1
,,,,,431999,7253.7476,1000,,,,,,,,
,,,,,432000,,,-632.6517944335938,-5.337430477142334,3.5956950187683105,630.8265380859375,630.8531494140625,0.0003,0.0003,0.1
,,,,,432999,7326.5317,1000,,,,,,,,
,,,,,433000,,,-635.393310546875,-5.291491508483887,3.8416666984558105,633.0643310546875,633.699951171875,0.0003,0.0003,0.1
,,,,,433999,7295.922,1000,,,,,,,,
,,,,,434000,,,-642.619873046875,-5.5889739990234375,2.7990517616271973,640.8421020507812,640.5892333984375,0.0003,0.0003,0.1
,,,,,434999,7270.7285,1000,,,,,,,,
7294.4204,119.64758,7465.463,7106.0103,1000.0,435000,,,-641.3422241210938,-5.3166303634643555,2.8625969886779785,639.3703002929688,639.45654296875,0.0003,0.0003,0.1
,,,,,435999,7090.036,1000,,,,,,,,
,,,,,436000,,,-642.4893798828125,-5.800230026245117,3.702908515930176,640.5324096679688,640.6221923828125,0.0003,0.0003,0.1
,,,,,436999,6394.295,1000,,,,,,,,
,,,,,437000,,,-639.070068359375,-5.905833721160889,3.2328543663024902,637.1903076171875,636.9600830078125,0.0003,0.0003,0.1
,,,,,437999,7262.202,1000,,,,,,,,
,,,,,438000,,,-641.3529663085938,-5.1900224685668945,3.4440159797668457,639.9818115234375,640.0450439453125,0.0003,0.0003,0.1
,,,,,438999,7167.327,1000,,,,,,,,
,,,,,439000,,,-657.9659423828125,-5.5104804039001465,3.6842377185821533,656.364013671875,656.3634033203125,0.0003,0.0003,0.1
,,,,,439999,7433.2925,1000,,,,,,,,
7299.2593,389.87735,7499.3877,6138.745,1000.0,440000,,,-650.3063354492188,-5.901742935180664,3.1898398399353027,648.5107421875,648.6095581054688,0.0003,0.0003,0.1
,,,,,440999,7278.861,1000,,,,,,,,
,,,,,441000,,,-645.5094604492188,-5.409668922424316,3.5808863639831543,643.929931640625,643.744140625,0.0003,0.0003,0.1
,,,,,441999,7407.039,1000,,,,,,,,
,,,,,442000,,,-647.1277465820312,-5.716222763061523,2.9019289016723633,645.0198974609375,645.5587768554688,0.0003,0.0003,0.1
,,,,,442999,7363.156,1000,,,,,,,,
,,,,,443000,,,-647.28955078125,-5.971814155578613,3.1017534732818604,645.3543701171875,645.1246337890625,0.0003,0.0003,0.1
,,,,,443999,7136.83,1000,,,,,,,,
,,,,,444000,,,-654.4119262695312,-5.660844326019287,3.9943602085113525,652.5265502929688,652.883056640625,0.0003,0.0003,0.1
,,,,,444999,7449.937,1000,,,,,,,,
7380.3945,44.17287,7445.2544,7302.23,1000.0,445000,,,-650.20166015625,-5.765989303588867,3.217512607574463,648.5086059570312,648.2001953125,0.0003,0.0003,0.1
,,,,,445999,7396.566,1000,,,,,,,,
,,,,,446000,,,-648.6236572265625,-5.568667888641357,3.793581962585449,646.7996826171875,647.0619506835938,0.0003,0.0003,0.1
,,,,,446999,5241.334,1000,,,,,,,,
,,,,,447000,,,-652.20166015625,-5.57843542098999,4.277987957000732,650.5052490234375,650.3267822265625,0.0003,0.0003,0.1
,,,,,447999,7161.73,1000,,,,,,,,
,,,,,448000,,,-658.7266845703125,-5.225916862487793,2.6112287044525146,657.5062255859375,657.2305297851562,0.0003,0.0003,0.1
,,,,,448999,7472.713,1000,,,,,,,,
,,,,,449000,,,-658.5575561523438,-5.503947734832764,3.764043092727661,656.7028198242188,656.4476318359375,0.0003,0.0003,0.1
,,,,,449999,7518.2974,1000,,,,,,,,
7476.5796,49.322845,7534.7393,7356.2837,1000.0,450000,,,-656.524169921875,-5.564707279205322,3.504408836364746,654.6806030273438,654.4107666015625,0.0003,0.0003,0.1
,,,,,450999,5074.936,1000,,,,,,,,
,,,,,451000,,,-656.3980712890625,-5.49778938293457,3.354020595550537,654.4844970703125,654.673583984375,0.0003,0.0003,0.1
,,,,,451999,7096.1816,1000,,,,,,,,
,,,,,452000,,,-657.9793701171875,-5.482138156890869,3.5964345932006836,656.505859375,656.714599609375,0.0003,0.0003,0.1
,,,,,452999,7528.868,1000,,,,,,,,
,,,,,453000,,,-661.0096435546875,-6.218831539154053,4.8088483810424805,658.8123168945312,658.9505004882812,0.0003,0.0003,0.1
,,,,,453999,7450.8125,1000,,,,,,,,
,,,,,454000,,,-649.9798583984375,-6.153894424438477,4.788254737854004,648.16015625,648.15771484375,0.0003,0.0003,0.1
,,,,,454999,6745.613,1000,,,,,,,,
7463.1006,47.246723,7544.6504,7409.9067,1000.0,455000,,,-662.5216674804688,-5.689342021942139,6.278809547424316,660.939208984375,660.8609619140625,0.0003,0.0003,0.1
,,,,,455999,6057.1094,1000,,,,,,,,
,,,,,456000,,,-658.8365478515625,-5.83563232421875,3.619614601135254,657.0496826171875,657.327392578125,0.0003,0.0003,0.1
,,,,,456999,7364.425,1000,,,,,,,,
,,,,,457000,,,-658.91796875,-5.7784295082092285,3.2394509315490723,657.1324462890625,656.951171875,0.0003,0.0003,0.1
,,,,,457999,7414.2793,1000,,,,,,,,
,,,,,458000,,,-661.6073608398438,-5.636855125427246,4.446547985076904,659.7727661132812,660.204833984375,0.0003,0.0003,0.1
,,,,,458999,7394.074,1000,,,,,,,,
,,,,,459000,,,-663.3056030273438,-5.4235429763793945,3.373892307281494,661.9085693359375,662.0440673828125,0.0003,0.0003,0.1
,,,,,459999,7231.5215,1000,,,,,,,,
7423.922,82.09057,7613.9883,7330.8267,1000.0,460000,,,-661.2557373046875,-5.064845561981201,3.717709541320801,659.564453125,659.4489135742188,0.0003,0.0003,0.1
,,,,,460999,7533.3965,1000,,,,,,,,
,,,,,461000,,,-667.4683227539062,-5.618178367614746,3.8364202976226807,665.7861328125,665.7330322265625,0.0003,0.0003,0.1
,,,,,461999,7093.9106,1000,,,,,,,,
,,,,,462000,,,-665.3743896484375,-5.552033424377441,4.326198101043701,663.8388671875,664.0703735351562,0.0003,0.0003,0.1
,,,,,462999,7534.2085,1000,,,,,,,,
,,,,,463000,,,-656.9218139648438,-5.6070556640625,5.229955196380615,654.9508056640625,654.867919921875,0.0003,0.0003,0.1
,,,,,463999,7579.6055,1000,,,,,,,,
,,,,,464000,,,-677.7152709960938,-6.106807231903076,3.7509891986846924,676.2479858398438,676.3152465820312,0.0003,0.0003,0.1
,,,,,464999,7475.3057,1000,,,,,,,,
7454.6494,184.3221,7590.1426,6922.086,1000.0,465000,,,-666.0404663085938,-5.371613025665283,4.373109817504883,664.59326171875,664.3170776367188,0.0003,0.0003,0.1
,,,,,465999,7624.4185,1000,,,,,,,,
,,,,,466000,,,-669.8964233398438,-5.92253303527832,3.022611141204834,668.2855834960938,668.0716552734375,0.0003,0.0003,0.1
,,,,,466999,7600.5024,1000,,,,,,,,
,,,,,467000,,,-672.7933349609375,-5.58934211730957,3.5271081924438477,671.4820556640625,670.9021606445312,0.0003,0.0003,0.1
,,,,,467999,7480.6714,1000,,,,,,,,
,,,,,468000,,,-661.6112060546875,-5.898369789123535,3.5189435482025146,659.899169921875,659.7813720703125,0.0003,0.0003,0.1
,,,,,468999,7547.5405,1000,,,,,,,,
,,,,,469000,,,-670.2897338867188,-5.9321088790893555,3.8617098331451416,668.7239990234375,668.6614990234375,0.0003,0.0003,0.1
,,,,,469999,7723.9814,1000,,,,,,,,
7656.728,119.0929,7908.962,7487.3457,1000.0,470000,,,-682.4627075195312,-5.482590198516846,3.2076258659362793,681.0279541015625,680.83935546875,0.0003,0.0003,0.1
,,,,,470999,7658.516,1000,,,,,,,,
,,,,,471000,,,-679.1370849609375,-5.727445125579834,3.8404836654663086,677.6726684570312,677.1384887695312,0.0003,0.0003,0.1
,,,,,471999,7581.0884,1000,,,,,,,,
,,,,,472000,,,-671.9618530273438,-5.2168192863464355,3.9512338638305664,670.3875122070312,670.428466796875,0.0003,0.0003,0.1
,,,,,472999,7515.6816,1000,,,,,,,,
,,,,,473000,,,-675.631591796875,-5.812033176422119,3.9701385498046875,674.4068603515625,674.0842895507812,0.0003,0.0003,0.1
,,,,,473999,7264.3374,1000,,,,,,,,
,,,,,474000,,,-679.72607421875,-5.485721111297607,3.630685329437256,678.0372314453125,677.8653564453125,0.0003,0.0003,0.1
,,,,,474999,7360.664,1000,,,,,,,,
7702.702,138.87456,7863.995,7414.82,1000.0,475000,,,-674.9976196289062,-5.729257583618164,4.271949291229248,672.882080078125,673.228271484375,0.0003,0.0003,0.1
,,,,,475999,7616.5566,1000,,,,,,,,
,,,,,476000,,,-673.3875122070312,-5.816459655761719,3.8161866664886475,671.1817626953125,671.014404296875,0.0003,0.0003,0.1
,,,,,476999,7716.381,1000,,,,,,,,
,,,,,477000,,,-675.7841186523438,-5.939518928527832,4.085648536682129,673.5150146484375,673.236083984375,0.0003,0.0003,0.1
,,,,,477999,7632.945,1000,,,,,,,,
,,,,,478000,,,-670.2654418945312,-5.520325183868408,3.8068976402282715,668.422119140625,668.289794921875,0.0003,0.0003,0.1
,,,,,478999,7516.3853,1000,,,,,,,,
,,,,,479000,,,-671.8108520507812,-5.743985176086426,3.2517237663269043,670.0830078125,670.2521362304688,0.0003,0.0003,0.1
,,,,,479999,7614.7476,1000,,,,,,,,
7704.607,63.733288,7854.216,7620.652,1000.0,480000,,,-685.7207641601562,-6.121255397796631,3.582919120788574,684.3970336914062,684.14111328125,0.0003,0.0003,0.1
,,,,,480999,7537.5547,1000,,,,,,,,
,,,,,481000,,,-680.1625366210938,-5.535138130187988,4.820812225341797,678.42529296875,678.3726806640625,0.0003,0.0003,0.1
,,,,,481999,7619.631,1000,,,,,,,,
,,,,,482000,,,-681.6802368164062,-5.665146350860596,4.568367004394531,680.3319091796875,680.3291625976562,0.0003,0.0003,0.1
,,,,,482999,7781.0737,1000,,,,,,,,
,,,,,483000,,,-680.2100830078125,-5.401534557342529,5.154252052307129,678.291259765625,677.9349365234375,0.0003,0.0003,0.1
,,,,,483999,7590.749,1000,,,,,,,,
,,,,,484000,,,-680.8348388671875,-5.261600017547607,3.161362648010254,679.051025390625,678.8333740234375,0.0003,0.0003,0.1
,,,,,484999,6881.4854,1000,,,,,,,,
7512.979,387.5416,7914.728,6742.283,1000.0,485000,,,-682.2685546875,-6.020420074462891,3.5930497646331787,680.0934448242188,680.3089599609375,0.0003,0.0003,0.1
,,,,,485999,7637.42,1000,,,,,,,,
,,,,,486000,,,-692.9681396484375,-6.0618391036987305,2.876101016998291,691.3786010742188,691.4614868164062,0.0003,0.0003,0.1
,,,,,486999,7660.572,1000,,,,,,,,
,,,,,487000,,,-678.1375732421875,-6.245994567871094,3.7108004093170166,676.4918212890625,676.85302734375,0.0003,0.0003,0.1
,,,,,487999,7675.473,1000,,,,,,,,
,,,,,488000,,,-687.8287963867188,-5.481329917907715,3.9256153106689453,685.5904541015625,685.9837036132812,0.0003,0.0003,0.1
,,,,,488999,7779.023,1000,,,,,,,,
,,,,,489000,,,-684.7310180664062,-6.192408084869385,3.241058111190796,682.787841796875,682.587890625,0.0003,0.0003,0.1
,,,,,489999,7611.9194,1000,,,,,,,,
7743.802,60.821888,7875.3086,7682.76,1000.0,490000,,,-686.8704833984375,-6.033776760101318,3.1252105236053467,684.8414306640625,685.1559448242188,0.0003,0.0003,0.1
,,,,,490999,7757.058,1000,,,,,,,,
,,,,,491000,,,-690.5888671875,-5.793648719787598,3.448328971862793,688.7542724609375,688.876708984375,0.0003,0.0003,0.1
,,,,,491999,7845.9087,1000,,,,,,,,
,,,,,492000,,,-687.6028442382812,-6.109055042266846,6.227054119110107,685.994873046875,685.3684692382812,0.0003,0.0003,0.1
,,,,,492999,7718.192,1000,,,,,,,,
,,,,,493000,,,-685.5647583007812,-6.6034040451049805,7.469101905822754,683.8098754882812,683.5064086914062,0.0003,0.0003,0.1
,,,,,493999,7839.6357,1000,,,,,,,,
,,,,,494000,,,-691.39111328125,-6.336415767669678,4.332164764404297,689.5692138671875,689.4464721679688,0.0003,0.0003,0.1
,,,,,494999,7941.321,1000,,,,,,,,
7281.979,429.09048,7488.6934,6008.2207,1000.0,495000,,,-691.5899658203125,-5.801665306091309,2.751661777496338,689.931396484375,690.0736083984375,0.0003,0.0003,0.1
,,,,,495999,7837.884,1000,,,,,,,,
,,,,,496000,,,-685.9766235351562,-5.804847240447998,3.8176591396331787,684.0888061523438,684.0248413085938,0.0003,0.0003,0.1
,,,,,496999,7776.5444,1000,,,,,,,,
,,,,,497000,,,-694.8727416992188,-5.775893211364746,6.275339603424072,692.9749755859375,692.916015625,0.0003,0.0003,0.1
,,,,,497999,7801.4155,1000,,,,,,,,
,,,,,498000,,,-694.85107421875,-6.180721759796143,3.8640952110290527,693.2569580078125,693.4961547851562,0.0003,0.0003,0.1
,,,,,498999,7724.5923,1000,,,,,,,,
,,,,,499000,,,-695.1788330078125,-5.709386825561523,3.7113547325134277,693.2906494140625,693.3336181640625,0.0003,0.0003,0.1
,,,,,499999,7787.5605,1000,,,,,,,,
7874.697,81.22839,7984.902,7749.7603,1000.0,500000,,,-687.8758544921875,-5.9177350997924805,6.081774711608887,685.4820556640625,685.6719970703125,0.0003,0.0003,0.1
,,,,,500999,7794.926,1000,,,,,,,,
,,,,,501000,,,-688.5462036132812,-6.553869247436523,5.118724822998047,686.6744384765625,686.7893676757812,0.0003,0.0003,0.1
,,,,,501999,7787.264,1000,,,,,,,,
,,,,,502000,,,-699.7173461914062,-5.84778356552124,3.597038984298706,698.2679443359375,698.1268310546875,0.0003,0.0003,0.1
,,,,,502999,7909.07,1000,,,,,,,,
,,,,,503000,,,-696.4596557617188,-6.06866455078125,3.441160202026367,694.4735107421875,694.579345703125,0.0003,0.0003,0.1
,,,,,503999,8036.9214,1000,,,,,,,,
,,,,,504000,,,-703.8150634765625,-5.837728500366211,4.0289812088012695,702.3404541015625,702.5906982421875,0.0003,0.0003,0.1
,,,,,504999,7966.4463,1000,,,,,,,,
7619.293,575.6954,8083.5005,5933.9985,1000.0,505000,,,-701.8824462890625,-5.988519668579102,5.354828834533691,700.2294921875,699.8656005859375,0.0003,0.0003,0.1
,,,,,505999,7931.9814,1000,,,,,,,,
,,,,,506000,,,-704.6029663085938,-5.976123809814453,3.777175188064575,703.0822143554688,702.77099609375,0.0003,0.0003,0.1
,,,,,506999,7900.5356,1000,,,,,,,,
,,,,,507000,,,-703.5927734375,-5.8928632736206055,4.282978057861328,702.1898193359375,701.8283081054688,0.0003,0.0003,0.1
,,,,,507999,7966.4097,1000,,,,,,,,
,,,,,508000,,,-695.5299072265625,-6.123360633850098,3.96799898147583,693.927734375,693.5653076171875,0.0003,0.0003,0.1
,,,,,508999,7759.4814,1000,,,,,,,,
,,,,,509000,,,-700.5906982421875,-5.841344833374023,3.465177059173584,699.02783203125,698.8656005859375,0.0003,0.0003,0.1
,,,,,509999,7897.819,1000,,,,,,,,
7881.349,121.84877,8037.535,7562.24,1000.0,510000,,,-699.3182373046875,-5.5993123054504395,4.48558235168457,697.2092895507812,697.491455078125,0.0003,0.0003,0.1
,,,,,510999,7471.7476,1000,,,,,,,,
,,,,,511000,,,-702.32470703125,-5.6815714836120605,4.560144424438477,700.4197998046875,700.36083984375,0.0003,0.0003,0.1
,,,,,511999,7919.308,1000,,,,,,,,
,,,,,512000,,,-702.9902954101562,-5.940732002258301,3.620429039001465,700.9677734375,701.0303955078125,0.0003,0.0003,0.1
,,,,,512999,7978.121,1000,,,,,,,,
,,,,,513000,,,-695.7487182617188,-6.346868515014648,4.86760139465332,694.0245971679688,693.9010620117188,0.0003,0.0003,0.1
,,,,,513999,7941.668,1000,,,,,,,,
,,,,,514000,,,-711.2742309570312,-5.999145030975342,4.100603103637695,709.3365478515625,709.37109375,0.0003,0.0003,0.1
,,,,,514999,8033.0366,1000,,,,,,,,
7841.932,105.63673,7982.3687,7661.8535,1000.0,515000,,,-698.44677734375,-6.044428825378418,3.6092846393585205,696.64404296875,696.6477661132812,0.0003,0.0003,0.1
,,,,,515999,7909.007,1000,,,,,,,,
,,,,,516000,,,-701.0435180664062,-6.300768852233887,4.925729274749756,699.398193359375,698.8160400390625,0.0003,0.0003,0.1
,,,,,516999,6759.818,1000,,,,,,,,
,,,,,517000,,,-701.4642944335938,-5.961250305175781,3.497197389602661,699.3727416992188,699.02392578125,0.0003,0.0003,0.1
,,,,,517999,7811.783,1000,,,,,,,,
,,,,,518000,,,-712.307373046875,-5.72782039642334,4.571831703186035,710.1936645507812,710.9354248046875,0.0003,0.0003,0.1
,,,,,518999,8071.249,1000,,,,,,,,
,,,,,519000,,,-711.8294677734375,-5.844050407409668,4.351366996765137,709.6187744140625,709.8330078125,0.0003,0.0003,0.1
,,,,,519999,7933.247,1000,,,,,,,,
7948.556,63.212635,8043.771,7847.362,1000.0,520000,,,-707.310546875,-5.527510643005371,5.093526363372803,705.411865234375,705.8717041015625,0.0003,0.0003,0.1
,,,,,520999,7995.094,1000,,,,,,,,
,,,,,521000,,,-708.8118896484375,-5.911603927612305,3.967958927154541,707.450927734375,707.46044921875,0.0003,0.0003,0.1
,,,,,521999,8053.9707,1000,,,,,,,,
,,,,,522000,,,-720.3356323242188,-5.942262649536133,4.189109802246094,718.771728515625,718.80712890625,0.0003,0.0003,0.1
,,,,,522999,7978.903,1000,,,,,,,,
,,,,,523000,,,-711.239013671875,-6.412192344665527,3.6922366619110107,709.4578857421875,709.1983642578125,0.0003,0.0003,0.1
,,,,,523999,8058.1934,1000,,,,,,,,
,,,,,524000,,,-707.5123901367188,-5.8029584884643555,6.5677876472473145,704.9586791992188,705.70458984375,0.0003,0.0003,0.1
,,,,,524999,8094.463,1000,,,,,,,,
8092.4775,48.605724,8154.884,8016.4087,1000.0,525000,,,-715.2134399414062,-5.90472412109375,3.1584153175354004,713.5289306640625,713.5609741210938,0.0003,0.0003,0.1
,,,,,525999,7263.18,1000,,,,,,,,
,,,,,526000,,,-719.9614868164062,-6.529138565063477,4.60532808303833,718.2418212890625,718.32861328125,0.0003,0.0003,0.1
,,,,,526999,7862.4487,1000,,,,,,,,
,,,,,527000,,,-718.8265380859375,-5.714795112609863,4.474315643310547,717.0462646484375,717.1824340820312,0.0003,0.0003,0.1
,,,,,527999,8004.4575,1000,,,,,,,,
,,,,,528000,,,-705.2379150390625,-6.246171474456787,4.041684150695801,703.4051513671875,703.6275634765625,0.0003,0.0003,0.1
,,,,,528999,7828.2993,1000,,,,,,,,
,,,,,529000,,,-710.2217407226562,-5.847986221313477,4.270822525024414,708.5205688476562,708.525390625,0.0003,0.0003,0.1
,,,,,529999,8071.4033,1000,,,,,,,,
8083.3804,60.10138,8168.686,7991.867,1000.0,530000,,,-721.5355834960938,-6.14469051361084,4.507233619689941,719.747314453125,719.70458984375,0.0003,0.0003,0.1
,,,,,530999,8059.555,1000,,,,,,,,
,,,,,531000,,,-716.6052856445312,-5.9959306716918945,3.4215168952941895,714.8075561523438,715.0140380859375,0.0003,0.0003,0.1
,,,,,531999,8179.964,1000,,,,,,,,
,,,,,532000,,,-712.7963256835938,-6.557663440704346,5.104727268218994,710.6917724609375,710.6045532226562,0.0003,0.0003,0.1
,,,,,532999,8100.1294,1000,,,,,,,,
,,,,,533000,,,-727.1532592773438,-5.496066093444824,3.8984155654907227,725.518798828125,725.00341796875,0.0003,0.0003,0.1
,,,,,533999,8142.233,1000,,,,,,,,
,,,,,534000,,,-725.093994140625,-5.951093673706055,3.42525053024292,723.6161499023438,723.9854125976562,0.0003,0.0003,0.1
,,,,,534999,8123.772,1000,,,,,,,,
8051.707,102.575066,8172.7217,7786.432,1000.0,535000,,,-716.449951171875,-5.728490352630615,4.475456714630127,714.5078125,715.0479736328125,0.0003,0.0003,0.1
,,,,,535999,7985.3203,1000,,,,,,,,
,,,,,536000,,,-723.866455078125,-6.345637321472168,5.743382453918457,722.09619140625,722.330322265625,0.0003,0.0003,0.1
,,,,,536999,8187.0386,1000,,,,,,,,
,,,,,537000,,,-724.3531494140625,-5.710514068603516,3.69570255279541,722.1387939453125,722.4606323242188,0.0003,0.0003,0.1
,,,,,537999,8250.07,1000,,,,,,,,
,,,,,538000,,,-719.796142578125,-5.766196250915527,4.970078468322754,717.8795776367188,717.5419921875,0.0003,0.0003,0.1
,,,,,538999,8121.1055,1000,,,,,,,,
,,,,,539000,,,-724.1781005859375,-5.697127342224121,6.461615085601807,722.453857421875,722.082275390625,0.0003,0.0003,0.1
,,,,,539999,8098.494,1000,,,,,,,,
8074.3896,56.3941,8187.7993,7957.715,1000.0,540000,,,-724.5343627929688,-6.619542121887207,5.203638076782227,722.0111083984375,722.3624267578125,0.0003,0.0003,0.1
,,,,,540999,8139.668,1000,,,,,,,,
,,,,,541000,,,-716.962890625,-6.408117294311523,4.6997809410095215,715.0283203125,714.890625,0.0003,0.0003,0.1
,,,,,541999,7916.966,1000,,,,,,,,
,,,,,542000,,,-716.2855834960938,-6.238398551940918,3.772991180419922,713.9893798828125,714.4024658203125,0.0003,0.0003,0.1
,,,,,542999,8153.324,1000,,,,,,,,
,,,,,543000,,,-723.3145141601562,-6.2798991203308105,4.287398815155029,721.7877197265625,721.7056884765625,0.0003,0.0003,0.1
,,,,,543999,7170.633,1000,,,,,,,,
,,,,,544000,,,-726.4024047851562,-5.890270233154297,3.362795829772949,724.7240600585938,724.4559936523438,0.0003,0.0003,0.1
,,,,,544999,7858.5923,1000,,,,,,,,
3369.1667,252.86139,3646.926,2735.506,1000.0,545000,,,-729.6362915039062,-5.913571834564209,11.242630004882812,728.0787353515625,727.5505981445312,0.0003,0.0003,0.1
,,,,,545999,7994.543,1000,,,,,,,,
,,,,,546000,,,-721.5415649414062,-6.063336372375488,4.372128486633301,719.5133056640625,719.3887939453125,0.0003,0.0003,0.1
,,,,,546999,8246.973,1000,,,,,,,,
,,,,,547000,,,-729.500732421875,-6.026279926300049,3.749514579772949,727.650146484375,728.180419921875,0.0003,0.0003,0.1
,,,,,547999,8291.017,1000,,,,,,,,
,,,,,548000,,,-725.1983032226562,-6.002439022064209,4.497531890869141,723.2697143554688,723.586181640625,0.0003,0.0003,0.1
,,,,,548999,8097.17,1000,,,,,,,,
,,,,,549000,,,-734.3302612304688,-5.477779865264893,3.9506120681762695,732.3062133789062,732.6832275390625,0.0003,0.0003,0.1
,,,,,549999,8191.9985,1000,,,,,,,,
8070.874,93.91019,8239.273,7948.93,1000.0,550000,,,-729.0233764648438,-5.762965679168701,4.957645416259766,727.0440063476562,727.0243530273438,0.0003,0.0003,0.1
,,,,,550999,8250.828,1000,,,,,,,,
,,,,,551000,,,-726.2592163085938,-6.022119998931885,4.149725914001465,724.6692504882812,724.3095092773438,0.0003,0.0003,0.1
,,,,,551999,8326.152,1000,,,,,,,,
,,,,,552000,,,-738.549560546875,-6.066882133483887,6.035393238067627,737.3062744140625,737.2655029296875,0.0003,0.0003,0.1
,,,,,552999,8232.345,1000,,,,,,,,
,,,,,553000,,,-722.3024291992188,-6.108754634857178,5.479518413543701,720.8370361328125,720.9129638671875,0.0003,0.0003,0.1
,,,,,553999,8232.463,1000,,,,,,,,
,,,,,554000,,,-735.9508056640625,-5.499258041381836,4.553044319152832,734.3431396484375,734.055908203125,0.0003,0.0003,0.1
,,,,,554999,8337.689,1000,,,,,,,,
8143.913,358.6045,8340.905,7079.795,1000.0,555000,,,-734.601318359375,-5.673910617828369,4.772803783416748,732.864990234375,732.439208984375,0.0003,0.0003,0.1
,,,,,555999,8309.605,1000,,,,,,,,
,,,,,556000,,,-740.2183837890625,-6.1463470458984375,8.453369140625,738.8114013671875,738.6144409179688,0.0003,0.0003,0.1
,,,,,556999,8294.53,1000,,,,,,,,
,,,,,557000,,,-735.9219970703125,-6.253653526306152,3.711459159851074,734.3807373046875,734.112060546875,0.0003,0.0003,0.1
,,,,,557999,8296.9375,1000,,,,,,,,
,,,,,558000,,,-729.4078369140625,-6.113319396972656,4.467850208282471,727.1358642578125,727.26318359375,0.0003,0.0003,0.1
,,,,,558999,8364.419,1000,,,,,,,,
,,,,,559000,,,-732.0067749023438,-6.753702163696289,5.4773430824279785,729.711181640625,729.5020751953125,0.0003,0.0003,0.1
,,,,,559999,8320.892,1000,,,,,,,,
8303.867,82.375534,8411.092,8096.535,1000.0,560000,,,-731.5427856445312,-6.476993083953857,5.43895149230957,729.5686645507812,729.227783203125,0.0003,0.0003,0.1
,,,,,560999,8286.599,1000,,,,,,,,
,,,,,561000,,,-741.4428100585938,-5.702791690826416,6.094310760498047,739.6043701171875,740.13720703125,0.0003,0.0003,0.1
,,,,,561999,8133.7285,1000,,,,,,,,
,,,,,562000,,,-730.9695434570312,-6.686667442321777,5.271749019622803,728.8746337890625,729.2067260742188,0.0003,0.0003,0.1
,,,,,562999,8165.222,1000,,,,,,,,
,,,,,563000,,,-741.1195068359375,-6.259932518005371,5.3158159255981445,738.6676635742188,738.8648071289062,0.0003,0.0003,0.1
,,,,,563999,8100.1694,1000,,,,,,,,
,,,,,564000,,,-750.7547607421875,-5.612823963165283,3.607947587966919,748.93994140625,748.8958129882812,0.0003,0.0003,0.1
,,,,,564999,8337.277,1000,,,,,,,,
8414.362,75.147934,8499.815,8260.412,1000.0,565000,,,-740.5142822265625,-6.2401814460754395,4.83252477645874,738.6488647460938,738.727294921875,0.0003,0.0003,0.1
,,,,,565999,8436.946,1000,,,,,,,,
,,,,,566000,,,-741.5819702148438,-6.350560188293457,3.4805808067321777,739.6084594726562,739.8653564453125,0.0003,0.0003,0.1
,,,,,566999,8390.419,1000,,,,,,,,
,,,,,567000,,,-741.2301635742188,-6.028274059295654,3.8257579803466797,739.1473999023438,738.9598388671875,0.0003,0.0003,0.1
,,,,,567999,8363.267,1000,,,,,,,,
,,,,,568000,,,-751.6388549804688,-6.322404861450195,4.233841896057129,749.7216796875,750.0040283203125,0.0003,0.0003,0.1
,,,,,568999,8465.934,1000,,,,,,,,
,,,,,569000,,,-748.0040283203125,-6.110040664672852,3.298168659210205,746.0966796875,746.069580078125,0.0003,0.0003,0.1
,,,,,569999,8396.109,1000,,,,,,,,
8211.896,320.52017,8513.175,7482.5664,1000.0,570000,,,-745.349365234375,-5.915615081787109,4.551236629486084,743.87353515625,743.6239013671875,0.0003,0.0003,0.1
,,,,,570999,8348.476,1000,,,,,,,,
,,,,,571000,,,-746.2628784179688,-5.891502380371094,4.152732849121094,744.1380615234375,744.372314453125,0.0003,0.0003,0.1
,,,,,571999,8441.136,1000,,,,,,,,
,,,,,572000,,,-746.5127563476562,-6.230136871337891,5.474095821380615,744.8460083007812,744.8556518554688,0.0003,0.0003,0.1
,,,,,572999,8508.827,1000,,,,,,,,
,,,,,573000,,,-745.684814453125,-6.270591735839844,4.484914779663086,743.9829711914062,743.652587890625,0.0003,0.0003,0.1
,,,,,573999,8217.9375,1000,,,,,,,,
,,,,,574000,,,-743.7407836914062,-6.598409175872803,5.004828453063965,741.0868530273438,741.3883666992188,0.0003,0.0003,0.1
,,,,,574999,8417.039,1000,,,,,,,,
8460.372,64.352295,8549.146,8383.384,1000.0,575000,,,-739.5119018554688,-5.976813316345215,4.900102615356445,737.5445556640625,737.31787109375,0.0003,0.0003,0.1
,,,,,575999,8329.856,1000,,,,,,,,
,,,,,576000,,,-746.49365234375,-6.349820137023926,4.434545516967773,744.6905517578125,744.5433349609375,0.0003,0.0003,0.1
,,,,,576999,8391.693,1000,,,,,,,,
,,,,,577000,,,-745.139892578125,-5.573927879333496,5.740466594696045,743.1400146484375,742.7642211914062,0.0003,0.0003,0.1
,,,,,577999,8638.316,1000,,,,,,,,
,,,,,578000,,,-748.8338623046875,-6.251038074493408,4.573979377746582,746.8192138671875,746.983642578125,0.0003,0.0003,0.1
,,,,,578999,8550.942,1000,,,,,,,,
,,,,,579000,,,-755.1549072265625,-6.5469560623168945,4.361651420593262,753.33740234375,752.9229736328125,0.0003,0.0003,0.1
,,,,,579999,8575.387,1000,,,,,,,,
8419.255,56.537327,8487.4375,8334.134,1000.0,580000,,,-747.920166015625,-5.944719314575195,5.673578262329102,746.0706176757812,746.1301879882812,0.0003,0.0003,0.1
,,,,,580999,8523.726,1000,,,,,,,,
,,,,,581000,,,-759.83447265625,-5.960873603820801,4.578502655029297,758.3468627929688,758.0704345703125,0.0003,0.0003,0.1
,,,,,581999,8454.186,1000,,,,,,,,
,,,,,582000,,,-753.810302734375,-6.386770248413086,4.48680305480957,752.0800170898438,752.0371704101562,0.0003,0.0003,0.1
,,,,,582999,8196.352,1000,,,,,,,,
,,,,,583000,,,-750.5936889648438,-5.752209663391113,4.9399542808532715,748.3380126953125,747.9986572265625,0.0003,0.0003,0.1
,,,,,583999,8576.905,1000,,,,,,,,
,,,,,584000,,,-760.5407104492188,-6.466474533081055,4.548880577087402,758.3706665039062,758.4157104492188,0.0003,0.0003,0.1
,,,,,584999,8425.871,1000,,,,,,,,
8370.569,539.30786,8735.999,7052.0117,1000.0,585000,,,-754.9425048828125,-6.428238868713379,4.713923454284668,752.85546875,752.5415649414062,0.0003,0.0003,0.1
,,,,,585999,7636.7217,1000,,,,,,,,
,,,,,586000,,,-759.62890625,-6.312970161437988,5.381196975708008,757.6428833007812,757.5013427734375,0.0003,0.0003,0.1
,,,,,586999,8494.494,1000,,,,,,,,
,,,,,587000,,,-754.1090087890625,-6.896848678588867,11.480220794677734,752.521240234375,752.1243286132812,0.0003,0.0003,0.1
,,,,,587999,8505.34,1000,,,,,,,,
,,,,,588000,,,-756.906494140625,-6.344112396240234,4.359440326690674,755.04345703125,754.521728515625,0.0003,0.0003,0.1
,,,,,588999,8267.109,1000,,,,,,,,
,,,,,589000,,,-757.3992309570312,-5.577019214630127,5.661181449890137,755.56201171875,755.367919921875,0.0003,0.0003,0.1
,,,,,589999,8554.434,1000,,,,,,,,
8561.662,88.83876,8681.914,8424.103,1000.0,590000,,,-757.3125,-6.304013252258301,3.832638740539551,755.2594604492188,755.34912109375,0.0003,0.0003,0.1
,,,,,590999,8576.499,1000,,,,,,,,
,,,,,591000,,,-751.7389526367188,-6.092752456665039,5.07816743850708,749.6380004882812,750.1056518554688,0.0003,0.0003,0.1
,,,,,591999,8592.037,1000,,,,,,,,
,,,,,592000,,,-761.3457641601562,-6.10590934753418,4.291303634643555,759.9127807617188,759.9125366210938,0.0003,0.0003,0.1
,,,,,592999,8551.194,1000,,,,,,,,
,,,,,593000,,,-753.4735717773438,-6.632685661315918,5.38333797454834,751.340576171875,751.0493774414062,0.0003,0.0003,0.1
,,,,,593999,8457.809,1000,,,,,,,,
,,,,,594000,,,-762.8386840820312,-6.148496627807617,4.475093841552734,761.3553466796875,761.3164672851562,0.0003,0.0003,0.1
,,,,,594999,8679.676,1000,,,,,,,,
8442.795,109.67788,8543.981,8176.1953,1000.0,595000,,,-757.2689208984375,-6.364859580993652,6.112334251403809,755.461669921875,755.68017578125,0.0003,0.0003,0.1
,,,,,595999,8528.957,1000,,,,,,,,
,,,,,596000,,,-762.721923828125,-6.289080619812012,4.3523430824279785,761.1596069335938,760.7318115234375,0.0003,0.0003,0.1
,,,,,596999,8485.008,1000,,,,,,,,
,,,,,597000,,,-765.11669921875,-6.20139741897583,3.347095012664795,763.4161987304688,763.5235595703125,0.0003,0.0003,0.1
,,,,,597999,8700.551,1000,,,,,,,,
,,,,,598000,,,-762.118408203125,-7.05594539642334,7.230335712432861,760.0678100585938,759.7689819335938,0.0003,0.0003,0.1
,,,,,598999,8706.802,1000,,,,,,,,
,,,,,599000,,,-762.6160278320312,-6.581207275390625,15.387123107910156,760.764404296875,760.7037963867188,0.0003,0.0003,0.1
,,,,,599999,8692.773,1000,,,,,,,,
8663.158,99.10959,8792.192,8513.165,1000.0,600000,,,-760.4273681640625,-6.401803970336914,4.525917053222656,758.4054565429688,758.0143432617188,0.0003,0.0003,0.1
,,,,,600999,8536.362,1000,,,,,,,,
,,,,,601000,,,-767.635498046875,-5.797074317932129,3.630925178527832,766.021728515625,766.0244140625,0.0003,0.0003,0.1
,,,,,601999,8624.193,1000,,,,,,,,
,,,,,602000,,,-766.3988647460938,-5.941092491149902,3.8821918964385986,764.8421630859375,764.6694946289062,0.0003,0.0003,0.1
,,,,,602999,8862.18,1000,,,,,,,,
,,,,,603000,,,-771.9657592773438,-6.864728927612305,4.082504749298096,770.665283203125,770.3582153320312,0.0003,0.0003,0.1
,,,,,603999,8622.245,1000,,,,,,,,
,,,,,604000,,,-767.0242919921875,-6.682158470153809,6.353842735290527,765.0118408203125,764.741943359375,0.0003,0.0003,0.1
,,,,,604999,8700.584,1000,,,,,,,,
8670.169,65.61057,8792.36,8557.062,1000.0,605000,,,-763.9235229492188,-6.133589744567871,4.131844520568848,761.8501586914062,761.93408203125,0.0003,0.0003,0.1
,,,,,605999,8755.152,1000,,,,,,,,
,,,,,606000,,,-763.2881469726562,-6.185764312744141,7.701040267944336,761.543701171875,760.9808959960938,0.0003,0.0003,0.1
,,,,,606999,8736.698,1000,,,,,,,,
,,,,,607000,,,-769.8839721679688,-6.0081377029418945,5.043246269226074,767.669677734375,768.2528686523438,0.0003,0.0003,0.1
,,,,,607999,8696.852,1000,,,,,,,,
,,,,,608000,,,-774.9854736328125,-6.920310020446777,4.825313091278076,772.087646484375,772.357421875,0.0003,0.0003,0.1
,,,,,608999,8668.784,1000,,,,,,,,
,,,,,609000,,,-779.8316650390625,-6.6587018966674805,4.158750534057617,777.6873779296875,777.8470458984375,0.0003,0.0003,0.1
,,,,,609999,8715.67,1000,,,,,,,,
8881.506,92.47526,9025.058,8732.174,1000.0,610000,,,-771.9505004882812,-6.133297443389893,5.364233016967773,769.61767578125,770.285400390625,0.0003,0.0003,0.1
,,,,,610999,8374.433,1000,,,,,,,,
,,,,,611000,,,-772.3348999023438,-5.997900009155273,3.8090362548828125,770.658447265625,770.7672119140625,0.0003,0.0003,0.1
,,,,,611999,8654.05,1000,,,,,,,,
,,,,,612000,,,-780.5014038085938,-6.941477298736572,3.800347089767456,778.5631103515625,778.7601318359375,0.0003,0.0003,0.1
,,,,,612999,8889.445,1000,,,,,,,,
,,,,,613000,,,-772.8707275390625,-6.504199028015137,4.818508625030518,770.5946044921875,770.6085205078125,0.0003,0.0003,0.1
,,,,,613999,8767.649,1000,,,,,,,,
,,,,,614000,,,-781.1869506835938,-6.256592750549316,5.135992050170898,779.5963134765625,779.4384765625,0.0003,0.0003,0.1
,,,,,614999,8796.314,1000,,,,,,,,
8748.146,100.38094,8950.44,8599.4375,1000.0,615000,,,-776.910888671875,-6.552338600158691,5.247506141662598,774.8359985351562,774.7794189453125,0.0003,0.0003,0.1
,,,,,615999,8896.9,1000,,,,,,,,
,,,,,616000,,,-775.5089721679688,-6.373505592346191,5.2400970458984375,773.3865966796875,773.9547119140625,0.0003,0.0003,0.1
,,,,,616999,8654.807,1000,,,,,,,,
,,,,,617000,,,-767.8748168945312,-6.971034049987793,4.981774806976318,765.826416015625,765.6806640625,0.0003,0.0003,0.1
,,,,,617999,8622.138,1000,,,,,,,,
,,,,,618000,,,-777.98095703125,-6.39023494720459,5.791773796081543,775.97509765625,776.045166015625,0.0003,0.0003,0.1
,,,,,618999,8784.972,1000,,,,,,,,
,,,,,619000,,,-777.5513305664062,-6.605121612548828,6.518842697143555,775.7071533203125,775.9140625,0.0003,0.0003,0.1
,,,,,619999,8891.252,1000,,,,,,,,
8914.461,44.73875,8976.984,8816.615,1000.0,620000,,,-780.8380126953125,-6.616077899932861,4.930673122406006,778.665771484375,779.0428466796875,0.0003,0.0003,0.1
,,,,,620999,7983.115,1000,,,,,,,,
,,,,,621000,,,-778.494873046875,-6.069806098937988,4.31973123550415,776.390869140625,776.7023315429688,0.0003,0.0003,0.1
,,,,,621999,8805.865,1000,,,,,,,,
,,,,,622000,,,-773.4851684570312,-6.536489963531494,6.0513691902160645,771.1641235351562,771.1543579101562,0.0003,0.0003,0.1
,,,,,622999,8809.973,1000,,,,,,,,
,,,,,623000,,,-779.9994506835938,-7.075817108154297,5.389523983001709,778.31787109375,778.4825439453125,0.0003,0.0003,0.1
,,,,,623999,9007.337,1000,,,,,,,,
,,,,,624000,,,-779.2922973632812,-6.986963748931885,5.673423767089844,777.280029296875,777.146240234375,0.0003,0.0003,0.1
,,,,,624999,8546.149,1000,,,,,,,,
8860.744,60.29848,8936.325,8714.771,1000.0,625000,,,-784.7813720703125,-6.177912712097168,4.568563938140869,783.31640625,783.370361328125,0.0003,0.0003,0.1
,,,,,625999,8960.994,1000,,,,,,,,
,,,,,626000,,,-777.060302734375,-6.258882522583008,5.58336067199707,774.9581298828125,775.1527709960938,0.0003,0.0003,0.1
,,,,,626999,8940.287,1000,,,,,,,,
,,,,,627000,,,-787.2969360351562,-7.098747253417969,4.408038139343262,785.13330078125,785.1832275390625,0.0003,0.0003,0.1
,,,,,627999,8903.698,1000,,,,,,,,
,,,,,628000,,,-783.1576538085938,-6.656289100646973,5.2276105880737305,781.3861083984375,781.114990234375,0.0003,0.0003,0.1
,,,,,628999,8802.275,1000,,,,,,,,
,,,,,629000,,,-786.8499145507812,-6.207846641540527,4.4702653884887695,785.19580078125,785.167236328125,0.0003,0.0003,0.1
,,,,,629999,8864.708,1000,,,,,,,,
8796.606,478.4602,9079.009,7386.313,1000.0,630000,,,-785.679443359375,-6.924355506896973,4.542769908905029,783.6277465820312,783.1988525390625,0.0003,0.0003,0.1
,,,,,630999,8774.41,1000,,,,,,,,
,,,,,631000,,,-784.0792846679688,-6.292546272277832,9.39035415649414,782.6326904296875,782.0255126953125,0.0003,0.0003,0.1
,,,,,631999,8743.546,1000,,,,,,,,
,,,,,632000,,,-783.583740234375,-6.476863861083984,8.064380645751953,782.0247802734375,782.00927734375,0.0003,0.0003,0.1
,,,,,632999,8604.472,1000,,,,,,,,
,,,,,633000,,,-789.0121459960938,-6.295007228851318,8.806516647338867,787.7703857421875,787.1300659179688,0.0003,0.0003,0.1
,,,,,633999,8941.72,1000,,,,,,,,
,,,,,634000,,,-791.575439453125,-6.399126052856445,7.229478359222412,789.7041015625,790.090576171875,0.0003,0.0003,0.1
,,,,,634999,8851.553,1000,,,,,,,,
8627.009,419.1178,8878.334,7390.352,1000.0,635000,,,-790.281982421875,-6.129112243652344,5.750298500061035,788.2784423828125,787.701416015625,0.0003,0.0003,0.1
,,,,,635999,8924.522,1000,,,,,,,,
,,,,,636000,,,-788.416015625,-6.087747097015381,5.415122032165527,786.3455810546875,786.3543701171875,0.0003,0.0003,0.1
,,,,,636999,8956.438,1000,,,,,,,,
,,,,,637000,,,-780.9612426757812,-6.933082580566406,6.491368293762207,778.721435546875,778.5194091796875,0.0003,0.0003,0.1
,,,,,637999,8911.068,1000,,,,,,,,
,,,,,638000,,,-789.4239501953125,-6.901986122131348,5.029933929443359,787.3383178710938,787.1607055664062,0.0003,0.0003,0.1
,,,,,638999,9009.755,1000,,,,,,,,
,,,,,639000,,,-789.612060546875,-6.438291549682617,3.9832167625427246,787.7369384765625,787.6954345703125,0.0003,0.0003,0.1
,,,,,639999,8919.033,1000,,,,,,,,
8940.896,240.64996,9094.064,8242.3545,1000.0,640000,,,-788.7324829101562,-6.901449203491211,6.924170970916748,786.506103515625,786.16259765625,0.0003,0.0003,0.1
,,,,,640999,8870.121,1000,,,,,,,,
,,,,,641000,,,-789.160888671875,-6.487915992736816,4.655669212341309,786.7366943359375,787.3914794921875,0.0003,0.0003,0.1
,,,,,641999,8914.127,1000,,,,,,,,
,,,,,642000,,,-784.6890869140625,-6.648074626922607,7.0304341316223145,782.8138427734375,782.625732421875,0.0003,0.0003,0.1
,,,,,642999,8935.146,1000,,,,,,,,
,,,,,643000,,,-786.956298828125,-6.480981826782227,5.882807731628418,785.2156982421875,785.0520629882812,0.0003,0.0003,0.1
,,,,,643999,8888.582,1000,,,,,,,,
,,,,,644000,,,-800.298095703125,-6.237277030944824,4.768653392791748,798.55810546875,798.306396484375,0.0003,0.0003,0.1
,,,,,644999,8950.995,1000,,,,,,,,
8805.229,178.67284,8988.656,8316.981,1000.0,645000,,,-789.062255859375,-5.907474517822266,7.872769355773926,786.37841796875,786.8118896484375,0.0003,0.0003,0.1
,,,,,645999,8929.082,1000,,,,,,,,
,,,,,646000,,,-787.5008544921875,-6.725880146026611,6.340392589569092,785.5946044921875,785.7742919921875,0.0003,0.0003,0.1
,,,,,646999,9000.915,1000,,,,,,,,
,,,,,647000,,,-798.861572265625,-6.166871070861816,4.490631580352783,796.4547119140625,796.7557373046875,0.0003,0.0003,0.1
,,,,,647999,9045.948,1000,,,,,,,,
,,,,,648000,,,-801.4398803710938,-6.604711532592773,9.189977645874023,799.2484741210938,799.9215698242188,0.0003,0.0003,0.1
,,,,,648999,8555.053,1000,,,,,,,,
,,,,,649000,,,-785.2811889648438,-6.159095764160156,5.546661853790283,782.6876220703125,782.9732666015625,0.0003,0.0003,0.1
,,,,,649999,9053.714,1000,,,,,,,,
8955.67,62.442703,9020.566,8793.143,1000.0,650000,,,-796.3995361328125,-6.085433006286621,3.6459102630615234,794.6168212890625,794.669677734375,0.0003,0.0003,0.1
,,,,,650999,9060.275,1000,,,,,,,,
,,,,,651000,,,-800.3555297851562,-6.192854881286621,4.319976329803467,797.6201782226562,798.07373046875,0.0003,0.0003,0.1
,,,,,651999,8913.26,1000,,,,,,,,
,,,,,652000,,,-798.2282104492188,-6.414220809936523,4.492386817932129,796.298828125,796.3585205078125,0.0003,0.0003,0.1
,,,,,652999,9082.401,1000,,,,,,,,
,,,,,653000,,,-794.6241455078125,-6.920860290527344,7.929087162017822,792.5609741210938,792.3442993164062,0.0003,0.0003,0.1
,,,,,653999,8992.715,1000,,,,,,,,
,,,,,654000,,,-801.3858642578125,-7.060632228851318,5.705290794372559,799.3463134765625,799.3231201171875,0.0003,0.0003,0.1
,,,,,654999,9081.58,1000,,,,,,,,
8118.8447,2560.0962,9173.141,487.4625,1000.0,655000,,,-797.3883056640625,-6.103216648101807,3.9427852630615234,794.6517333984375,794.95068359375,0.0003,0.0003,0.1
,,,,,655999,9038.486,1000,,,,,,,,
,,,,,656000,,,-797.1724243164062,-7.08241605758667,10.092013359069824,795.2325439453125,795.0814208984375,0.0003,0.0003,0.1
,,,,,656999,7328.005,1000,,,,,,,,
,,,,,657000,,,-804.7849731445312,-6.8646955490112305,6.080657958984375,803.019775390625,802.934326171875,0.0003,0.0003,0.1
,,,,,657999,9150.384,1000,,,,,,,,
,,,,,658000,,,-810.3908081054688,-6.5694732666015625,9.136844635009766,808.2477416992188,807.9720458984375,0.0003,0.0003,0.1
,,,,,658999,9020.771,1000,,,,,,,,
,,,,,659000,,,-795.3438110351562,-6.501154899597168,5.422281265258789,793.1485595703125,793.359619140625,0.0003,0.0003,0.1
,,,,,659999,2793.4363,1000,,,,,,,,
9124.612,82.642525,9319.272,9021.812,1000.0,660000,,,-810.65966796875,-6.468856334686279,4.163698196411133,808.4169311523438,808.6455688476562,0.0003,0.0003,0.1
,,,,,660999,7700.1836,1000,,,,,,,,
,,,,,661000,,,-806.2761840820312,-7.047339916229248,4.5101141929626465,803.8316650390625,804.3414306640625,0.0003,0.0003,0.1
,,,,,661999,8606.178,1000,,,,,,,,
,,,,,662000,,,-807.3316650390625,-6.279402732849121,4.844672203063965,805.5477905273438,805.3109741210938,0.0003,0.0003,0.1
,,,,,662999,9055.1045,1000,,,,,,,,
,,,,,663000,,,-798.58837890625,-7.063681602478027,5.809013843536377,796.398681640625,796.4389038085938,0.0003,0.0003,0.1
,,,,,663999,9200.033,1000,,,,,,,,
,,,,,664000,,,-807.1659545898438,-6.198402404785156,7.268834114074707,805.6767578125,805.35400390625,0.0003,0.0003,0.1
,,,,,664999,9103.371,1000,,,,,,,,
9030.396,401.88907,9242.096,7835.5854,1000.0,665000,,,-804.1989135742188,-6.6020612716674805,8.353310585021973,802.1290283203125,802.11083984375,0.0003,0.0003,0.1
,,,,,665999,9138.733,1000,,,,,,,,
,,,,,666000,,,-813.521484375,-6.204344749450684,5.501070499420166,810.9542236328125,811.079833984375,0.0003,0.0003,0.1
,,,,,666999,9024.314,1000,,,,,,,,
,,,,,667000,,,-813.3408813476562,-6.768174648284912,7.730473041534424,811.611572265625,811.2673950195312,0.0003,0.0003,0.1
,,,,,667999,8794.128,1000,,,,,,,,
,,,,,668000,,,-811.0661010742188,-6.60195255279541,6.856289863586426,809.0379028320312,809.1404418945312,0.0003,0.0003,0.1
,,,,,668999,9174.627,1000,,,,,,,,
,,,,,669000,,,-807.126708984375,-6.64148473739624,4.772866725921631,805.3294677734375,805.3311767578125,0.0003,0.0003,0.1
,,,,,669999,7727.1987,1000,,,,,,,,
9138.302,84.83565,9269.061,9000.03,1000.0,670000,,,-815.06103515625,-5.743354797363281,6.632174491882324,813.370361328125,813.599609375,0.0003,0.0003,0.1
,,,,,670999,8795.748,1000,,,,,,,,
,,,,,671000,,,-802.1301879882812,-6.475705146789551,5.774407863616943,799.9962158203125,799.7918701171875,0.0003,0.0003,0.1
,,,,,671999,9075.083,1000,,,,,,,,
,,,,,672000,,,-804.1406860351562,-6.354641914367676,5.304449081420898,801.694091796875,801.9949951171875,0.0003,0.0003,0.1
,,,,,672999,9149.152,1000,,,,,,,,
,,,,,673000,,,-809.3369140625,-7.022005558013916,4.685538291931152,807.4478759765625,807.035400390625,0.0003,0.0003,0.1
,,,,,673999,8813.964,1000,,,,,,,,
,,,,,674000,,,-814.5463256835938,-6.57140588760376,6.371879577636719,812.3814086914062,812.6258544921875,0.0003,0.0003,0.1
,,,,,674999,9083.607,1000,,,,,,,,
9124.8125,214.5769,9324.656,8551.882,1000.0,675000,,,-822.194580078125,-6.95060920715332,5.100530624389648,820.0833129882812,819.98046875,0.0003,0.0003,0.1
,,,,,675999,9138.416,1000,,,,,,,,
,,,,,676000,,,-811.3099975585938,-6.823552131652832,6.582061767578125,809.3784790039062,809.9005126953125,0.0003,0.0003,0.1
,,,,,676999,7406.7847,1000,,,,,,,,
,,,,,677000,,,-812.4952392578125,-6.2973527908325195,6.6691741943359375,810.4479370117188,810.6788940429688,0.0003,0.0003,0.1
,,,,,677999,9128.229,1000,,,,,,,,
,,,,,678000,,,-822.9425659179688,-6.194547176361084,5.070795059204102,821.047119140625,820.9024047851562,0.0003,0.0003,0.1
,,,,,678999,9201.915,1000,,,,,,,,
,,,,,679000,,,-805.75,-6.899205207824707,6.292717933654785,803.8447875976562,803.4254150390625,0.0003,0.0003,0.1
,,,,,679999,9175.742,1000,,,,,,,,
9158.041,55.924683,9271.449,9083.797,1000.0,680000,,,-810.4338989257812,-6.665878772735596,4.930997371673584,808.2954711914062,808.380126953125,0.0003,0.0003,0.1
,,,,,680999,9268.96,1000,,,,,,,,
,,,,,681000,,,-809.1592407226562,-6.594849109649658,5.549404621124268,806.7001953125,806.9457397460938,0.0003,0.0003,0.1
,,,,,681999,9033.794,1000,,,,,,,,
,,,,,682000,,,-806.1558837890625,-6.432644844055176,10.37539291381836,803.8029174804688,803.3125,0.0003,0.0003,0.1
,,,,,682999,9106.548,1000,,,,,,,,
,,,,,683000,,,-822.1195678710938,-7.06732177734375,5.028409004211426,819.4681396484375,819.7410278320312,0.0003,0.0003,0.1
,,,,,683999,9248.5205,1000,,,,,,,,
,,,,,684000,,,-816.6103515625,-6.510277271270752,11.046343803405762,814.6896362304688,814.1200561523438,0.0003,0.0003,0.1
,,,,,684999,9351.169,1000,,,,,,,,
9265.662,43.105595,9346.655,9189.113,1000.0,685000,,,-813.4501953125,-6.958928108215332,6.623935699462891,811.72021484375,811.86279296875,0.0003,0.0003,0.1
,,,,,685999,9132.225,1000,,,,,,,,
,,,,,686000,,,-815.5297241210938,-6.509253978729248,6.778433322906494,812.9713134765625,813.3453369140625,0.0003,0.0003,0.1
,,,,,686999,9170.011,1000,,,,,,,,
,,,,,687000,,,-814.974609375,-6.525602340698242,6.587498188018799,813.3414306640625,813.2691040039062,0.0003,0.0003,0.1
,,,,,687999,9254.604,1000,,,,,,,,
,,,,,688000,,,-821.0931396484375,-6.883832931518555,5.074124336242676,819.420654296875,819.4196166992188,0.0003,0.0003,0.1
,,,,,688999,9154.59,1000,,,,,,,,
,,,,,689000,,,-821.8447875976562,-6.385158061981201,5.472128868103027,819.6551513671875,819.4923095703125,0.0003,0.0003,0.1
,,,,,689999,9078.81,1000,,,,,,,,
9220.105,45.512356,9319.853,9139.658,1000.0,690000,,,-826.7757568359375,-6.610089302062988,5.104979515075684,825.05517578125,825.1602172851562,0.0003,0.0003,0.1
,,,,,690999,9214.516,1000,,,,,,,,
,,,,,691000,,,-823.8904418945312,-6.326247692108154,5.5137224197387695,822.0198974609375,821.9398803710938,0.0003,0.0003,0.1
,,,,,691999,9151.608,1000,,,,,,,,
,,,,,692000,,,-826.59619140625,-6.1329545974731445,5.162442684173584,823.97900390625,824.4622192382812,0.0003,0.0003,0.1
,,,,,692999,9244.967,1000,,,,,,,,
,,,,,693000,,,-824.0018920898438,-6.5814056396484375,7.577428817749023,821.9778442382812,821.193603515625,0.0003,0.0003,0.1
,,,,,693999,9356.5205,1000,,,,,,,,
,,,,,694000,,,-822.72021484375,-6.482657432556152,5.433108329772949,820.6416015625,821.0921630859375,0.0003,0.0003,0.1
,,,,,694999,9315.305,1000,,,,,,,,
9358.955,147.44353,9472.935,8960.203,1000.0,695000,,,-825.29638671875,-6.761910438537598,5.174379348754883,823.04345703125,823.0509033203125,0.0003,0.0003,0.1
,,,,,695999,9303.469,1000,,,,,,,,
,,,,,696000,,,-818.5615234375,-6.756614685058594,5.521493434906006,816.6194458007812,816.62109375,0.0003,0.0003,0.1
,,,,,696999,9192.926,1000,,,,,,,,
,,,,,697000,,,-832.6611938476562,-6.662171363830566,5.6017937660217285,830.550048828125,830.3775634765625,0.0003,0.0003,0.1
,,,,,697999,7176.2153,1000,,,,,,,,
,,,,,698000,,,-829.6658935546875,-5.971879005432129,4.176455497741699,827.8189697265625,828.0565185546875,0.0003,0.0003,0.1
,,,,,698999,9174.742,1000,,,,,,,,
,,,,,699000,,,-820.661865234375,-6.443963050842285,7.439338684082031,818.924560546875,818.40185546875,0.0003,0.0003,0.1
,,,,,699999,9333.7295,1000,,,,,,,,
9393.876,72.21224,9496.297,9283.327,1000.0,700000,,,-829.0110473632812,-7.21469259262085,5.60664701461792,826.949462890625,826.6575927734375,0.0003,0.0003,0.1
,,,,,700999,9259.617,1000,,,,,,,,
,,,,,701000,,,-825.7477416992188,-6.666142463684082,6.522945404052734,823.1416015625,823.2078857421875,0.0003,0.0003,0.1
,,,,,701999,9228.649,1000,,,,,,,,
,,,,,702000,,,-824.993896484375,-6.524494171142578,8.882793426513672,822.7872924804688,822.9039306640625,0.0003,0.0003,0.1
,,,,,702999,9377.96,1000,,,,,,,,
,,,,,703000,,,-832.4110717773438,-7.2685747146606445,7.088212013244629,829.861572265625,829.9066772460938,0.0003,0.0003,0.1
,,,,,703999,9295.922,1000,,,,,,,,
,,,,,704000,,,-825.9376831054688,-7.049617290496826,7.577230453491211,823.8692016601562,823.4259643554688,0.0003,0.0003,0.1
,,,,,704999,9062.912,1000,,,,,,,,
9345.832,58.430336,9437.806,9250.972,1000.0,705000,,,-831.5350341796875,-6.203246116638184,8.748556137084961,829.22607421875,829.0955810546875,0.0003,0.0003,0.1
,,,,,705999,9222.74,1000,,,,,,,,
,,,,,706000,,,-826.0278930664062,-6.556980133056641,6.1455841064453125,823.80712890625,824.0064697265625,0.0003,0.0003,0.1
,,,,,706999,9344.266,1000,,,,,,,,
,,,,,707000,,,-830.8096313476562,-6.780474662780762,5.189358711242676,828.21435546875,828.3472900390625,0.0003,0.0003,0.1
,,,,,707999,9280.389,1000,,,,,,,,
,,,,,708000,,,-823.3734130859375,-6.776679039001465,6.028741359710693,821.3650512695312,821.3381958007812,0.0003,0.0003,0.1
,,,,,708999,9159.997,1000,,,,,,,,
,,,,,709000,,,-828.5535278320312,-6.60862922668457,13.07612133026123,826.2984619140625,825.626220703125,0.0003,0.0003,0.1
,,,,,709999,9149.992,1000,,,,,,,,
8404.862,2748.651,9543.029,167.25209,1000.0,710000,,,-839.0935668945312,-6.61922025680542,7.06966495513916,837.0833740234375,837.0582275390625,0.0003,0.0003,0.1
,,,,,710999,9172.928,1000,,,,,,,,
,,,,,711000,,,-830.4507446289062,-6.679694652557373,4.810421943664551,828.2783203125,828.3140258789062,0.0003,0.0003,0.1
,,,,,711999,9360.024,1000,,,,,,,,
,,,,,712000,,,-824.3461303710938,-6.380282402038574,5.739165306091309,821.988525390625,822.2974243164062,0.0003,0.0003,0.1
,,,,,712999,9053.588,1000,,,,,,,,
,,,,,713000,,,-829.3600463867188,-7.079757213592529,5.525850296020508,827.203125,827.1104736328125,0.0003,0.0003,0.1
,,,,,713999,9258.259,1000,,,,,,,,
,,,,,714000,,,-834.0003662109375,-6.578829765319824,5.371206283569336,832.2783813476562,831.4072265625,0.0003,0.0003,0.1
,,,,,714999,9394.9375,1000,,,,,,,,
9331.795,50.76002,9385.251,9201.45,1000.0,715000,,,-833.5433349609375,-7.04477071762085,5.724327087402344,831.75390625,831.8845825195312,0.0003,0.0003,0.1
,,,,,715999,9362.195,1000,,,,,,,,
,,,,,716000,,,-835.7691650390625,-6.8743085861206055,7.009481430053711,833.6687622070312,833.8546142578125,0.0003,0.0003,0.1
,,,,,716999,9397.757,1000,,,,,,,,
,,,,,717000,,,-843.6807250976562,-6.555315971374512,6.219125747680664,842.1063232421875,842.1156616210938,0.0003,0.0003,0.1
,,,,,717999,8902.513,1000,,,,,,,,
,,,,,718000,,,-835.3148803710938,-7.34876823425293,5.8844075202941895,832.8616333007812,833.36083984375,0.0003,0.0003,0.1
,,,,,718999,9143.63,1000,,,,,,,,
,,,,,719000,,,-839.0208129882812,-6.096042156219482,12.943032264709473,836.92041015625,837.0418090820312,0.0003,0.0003,0.1
,,,,,719999,9138.152,1000,,,,,,,,
6995.37,2263.9795,8706.941,2139.7766,1000.0,720000,,,-833.6782836914062,-6.293805122375488,9.077438354492188,831.5438232421875,831.8876953125,0.0003,0.0003,0.1
,,,,,720999,9029.745,1000,,,,,,,,
,,,,,721000,,,-840.7396240234375,-6.820959091186523,6.180349349975586,838.6593017578125,839.168212890625,0.0003,0.0003,0.1
,,,,,721999,9514.635,1000,,,,,,,,
,,,,,722000,,,-836.5765991210938,-6.486351013183594,7.033230304718018,834.5491943359375,834.356201171875,0.0003,0.0003,0.1
,,,,,722999,7759.7905,1000,,,,,,,,
,,,,,723000,,,-838.100341796875,-6.519574165344238,6.251190185546875,835.9910888671875,835.531982421875,0.0003,0.0003,0.1
,,,,,723999,9203.73,1000,,,,,,,,
,,,,,724000,,,-841.9301147460938,-6.553224086761475,5.8489837646484375,840.279541015625,840.483154296875,0.0003,0.0003,0.1
,,,,,724999,9370.34,1000,,,,,,,,
9351.424,43.54646,9416.027,9259.125,1000.0,725000,,,-832.4171752929688,-6.933932304382324,6.20372200012207,830.4655151367188,830.7202758789062,0.0003,0.0003,0.1
,,,,,725999,9341.012,1000,,,,,,,,
,,,,,726000,,,-839.0731201171875,-6.289623260498047,5.584415912628174,836.35595703125,836.2623291015625,0.0003,0.0003,0.1
,,,,,726999,9429.079,1000,,,,,,,,
,,,,,727000,,,-851.5089111328125,-6.592863082885742,8.896117210388184,849.866455078125,849.650390625,0.0003,0.0003,0.1
,,,,,727999,9377.275,1000,,,,,,,,
,,,,,728000,,,-841.8125,-7.347534656524658,5.971567153930664,839.3101196289062,839.2298583984375,0.0003,0.0003,0.1
,,,,,728999,9353.012,1000,,,,,,,,
,,,,,729000,,,-842.6792602539062,-6.386010646820068,6.843480110168457,840.452880859375,840.6051635742188,0.0003,0.0003,0.1
,,,,,729999,9306.066,1000,,,,,,,,
9217.006,377.272,9425.2,8095.9233,1000.0,730000,,,-847.3622436523438,-6.5620222091674805,4.777270317077637,845.3702392578125,845.3751831054688,0.0003,0.0003,0.1
,,,,,730999,9447.439,1000,,,,,,,,
,,,,,731000,,,-844.3458862304688,-7.463253498077393,4.822821140289307,843.155029296875,842.7982177734375,0.0003,0.0003,0.1
,,,,,731999,9344.543,1000,,,,,,,,
,,,,,732000,,,-845.9791870117188,-6.534352779388428,5.4966888427734375,844.1244506835938,843.7177734375,0.0003,0.0003,0.1
,,,,,732999,9358.839,1000,,,,,,,,
,,,,,733000,,,-856.8922119140625,-6.55026388168335,4.5899810791015625,854.5960693359375,854.78857421875,0.0003,0.0003,0.1
,,,,,733999,9386.888,1000,,,,,,,,
,,,,,734000,,,-853.720947265625,-6.323150634765625,6.197585105895996,852.2831420898438,852.08203125,0.0003,0.0003,0.1
,,,,,734999,9453.897,1000,,,,,,,,
9474.613,50.31279,9568.734,9411.683,1000.0,735000,,,-844.5440673828125,-6.766094207763672,5.332142353057861,842.231689453125,842.3297119140625,0.0003,0.0003,0.1
,,,,,735999,9306.857,1000,,,,,,,,
,,,,,736000,,,-842.3432006835938,-7.081239223480225,5.882911205291748,840.39794921875,840.8856201171875,0.0003,0.0003,0.1
,,,,,736999,8477.678,1000,,,,,,,,
,,,,,737000,,,-851.5506591796875,-6.437968730926514,5.806952476501465,849.10693359375,848.941650390625,0.0003,0.0003,0.1
,,,,,737999,9321.908,1000,,,,,,,,
,,,,,738000,,,-844.65087890625,-6.683770179748535,6.230991363525391,842.6025390625,842.2674560546875,0.0003,0.0003,0.1
,,,,,738999,9468.676,1000,,,,,,,,
,,,,,739000,,,-859.11181640625,-5.760458946228027,4.630816459655762,857.2802734375,857.011962890625,0.0003,0.0003,0.1
,,,,,739999,9438.618,1000,,,,,,,,
9354.808,436.7587,9626.394,8063.4805,1000.0,740000,,,-846.02294921875,-6.946114540100098,7.473200798034668,843.8206787109375,844.163818359375,0.0003,0.0003,0.1
,,,,,740999,9222.539,1000,,,,,,,,
,,,,,741000,,,-838.453369140625,-6.673996925354004,8.382223129272461,836.3168334960938,836.8223266601562,0.0003,0.0003,0.1
,,,,,741999,9259.211,1000,,,,,,,,
,,,,,742000,,,-853.0619506835938,-6.747757911682129,6.855543613433838,850.8155517578125,851.3671875,0.0003,0.0003,0.1
,,,,,742999,9414.689,1000,,,,,,,,
,,,,,743000,,,-841.9900512695312,-6.557017803192139,6.369356155395508,840.2437744140625,840.32080078125,0.0003,0.0003,0.1
,,,,,743999,9576.469,1000,,,,,,,,
,,,,,744000,,,-851.0940551757812,-6.157800674438477,5.413999557495117,849.2901611328125,849.0991821289062,0.0003,0.0003,0.1
,,,,,744999,9514.837,1000,,,,,,,,
9462.666,44.7012,9531.017,9387.808,1000.0,745000,,,-854.2225341796875,-7.110440254211426,5.805617809295654,852.5987548828125,852.0789184570312,0.0003,0.0003,0.1
,,,,,745999,9300.328,1000,,,,,,,,
,,,,,746000,,,-849.7089233398438,-6.441277980804443,6.335590362548828,847.1864013671875,847.721435546875,0.0003,0.0003,0.1
,,,,,746999,9298.492,1000,,,,,,,,
,,,,,747000,,,-852.7398071289062,-6.683156490325928,7.403385162353516,850.75537109375,850.2896728515625,0.0003,0.0003,0.1
,,,,,747999,9414.19,1000,,,,,,,,
,,,,,748000,,,-848.9298095703125,-7.007042407989502,5.359045028686523,846.8460693359375,846.69970703125,0.0003,0.0003,0.1
,,,,,748999,9426.932,1000,,,,,,,,
,,,,,749000,,,-846.5270385742188,-6.697086334228516,6.54501485824585,843.9261474609375,844.2218017578125,0.0003,0.0003,0.1
,,,,,749999,9446.14,1000,,,,,,,,
9480.47,85.335236,9599.138,9267.104,1000.0,750000,,,-855.098876953125,-7.075866222381592,7.704973220825195,853.4041748046875,853.4033813476562,0.0003,0.0003,0.1
,,,,,750999,9346.535,1000,,,,,,,,
,,,,,751000,,,-854.5233154296875,-6.5622053146362305,6.509766578674316,852.5810546875,852.9188232421875,0.0003,0.0003,0.1
,,,,,751999,9259.604,1000,,,,,,,,
,,,,,752000,,,-849.792236328125,-6.418494701385498,6.477806091308594,847.5892333984375,848.417236328125,0.0003,0.0003,0.1
,,,,,752999,9350.445,1000,,,,,,,,
,,,,,753000,,,-856.1583862304688,-6.7037529945373535,4.049704074859619,854.216796875,854.32666015625,0.0003,0.0003,0.1
,,,,,753999,9375.539,1000,,,,,,,,
,,,,,754000,,,-853.94677734375,-7.011287212371826,5.955811500549316,851.9197998046875,851.6980590820312,0.0003,0.0003,0.1
,,,,,754999,9540.975,1000,,,,,,,,
9516.131,116.0736,9658.216,9336.843,1000.0,755000,,,-847.2058715820312,-7.071850299835205,5.758381366729736,844.75341796875,844.4589233398438,0.0003,0.0003,0.1
,,,,,755999,9505.855,1000,,,,,,,,
,,,,,756000,,,-854.7108154296875,-6.721410751342773,4.721467018127441,852.2969360351562,852.6956176757812,0.0003,0.0003,0.1
,,,,,756999,9402.998,1000,,,,,,,,
,,,,,757000,,,-862.000244140625,-6.527447700500488,4.948643684387207,859.700927734375,859.932861328125,0.0003,0.0003,0.1
,,,,,757999,9422.239,1000,,,,,,,,
,,,,,758000,,,-861.5896606445312,-6.567732810974121,4.696055889129639,859.4769287109375,859.2027587890625,0.0003,0.0003,0.1
,,,,,758999,9512.405,1000,,,,,,,,
,,,,,759000,,,-857.3755493164062,-7.055188179016113,6.330390930175781,855.563232421875,855.42919921875,0.0003,0.0003,0.1
,,,,,759999,9507.616,1000,,,,,,,,
9549.346,100.69959,9650.936,9305.098,1000.0,760000,,,-857.6172485351562,-6.773753643035889,6.063226222991943,855.0587158203125,855.0791625976562,0.0003,0.0003,0.1
,,,,,760999,9474.897,1000,,,,,,,,
,,,,,761000,,,-850.0244140625,-6.92083215713501,8.58780574798584,847.1399536132812,847.5421142578125,0.0003,0.0003,0.1
,,,,,761999,9131.075,1000,,,,,,,,
,,,,,762000,,,-860.1705322265625,-6.434767723083496,9.09296989440918,858.2734375,857.9505004882812,0.0003,0.0003,0.1
,,,,,762999,9480.218,1000,,,,,,,,
,,,,,763000,,,-856.7268676757812,-6.751220703125,11.349846839904785,854.7044067382812,855.299072265625,0.0003,0.0003,0.1
,,,,,763999,9480.307,1000,,,,,,,,
,,,,,764000,,,-867.3781127929688,-6.675127983093262,8.904825210571289,865.2589111328125,864.97412109375,0.0003,0.0003,0.1
,,,,,764999,9560.506,1000,,,,,,,,
9423.039,379.44696,9673.995,8315.111,1000.0,765000,,,-852.4052734375,-6.509030818939209,5.229560852050781,850.2409057617188,850.33984375,0.0003,0.0003,0.1
,,,,,765999,9355.458,1000,,,,,,,,
,,,,,766000,,,-859.076171875,-6.675772666931152,4.639349937438965,856.9270629882812,857.0338134765625,0.0003,0.0003,0.1
,,,,,766999,7547.241,1000,,,,,,,,
,,,,,767000,,,-856.5093383789062,-6.689237594604492,10.422968864440918,854.4872436523438,854.6932373046875,0.0003,0.0003,0.1
,,,,,767999,9647.205,1000,,,,,,,,
,,,,,768000,,,-851.3038940429688,-6.829704284667969,7.4624152183532715,849.0299072265625,849.01025390625,0.0003,0.0003,0.1
,,,,,768999,9551.821,1000,,,,,,,,
,,,,,769000,,,-860.9063720703125,-6.924068450927734,5.773931980133057,859.0371704101562,859.0596313476562,0.0003,0.0003,0.1
,,,,,769999,9223.619,1000,,,,,,,,
8793.613,2109.6287,9591.869,2468.0933,1000.0,770000,,,-862.8841552734375,-6.651320457458496,5.888486862182617,860.737060546875,860.6270751953125,0.0003,0.0003,0.1
,,,,,770999,9418.244,1000,,,,,,,,
,,,,,771000,,,-860.083251953125,-7.197300434112549,6.932406425476074,857.992919921875,858.3958740234375,0.0003,0.0003,0.1
,,,,,771999,9425.888,1000,,,,,,,,
,,,,,772000,,,-870.3578491210938,-6.4713850021362305,6.363797187805176,869.0423583984375,868.7449340820312,0.0003,0.0003,0.1
,,,,,772999,9487.84,1000,,,,,,,,
,,,,,773000,,,-865.745849609375,-6.89329719543457,4.989073753356934,863.1864624023438,863.220458984375,0.0003,0.0003,0.1
,,,,,773999,9468.128,1000,,,,,,,,
,,,,,774000,,,-862.1720581054688,-6.969717025756836,6.226431369781494,860.657958984375,860.5178833007812,0.0003,0.0003,0.1
,,,,,774999,9511.381,1000,,,,,,,,
8972.924,869.135,9549.724,6588.013,1000.0,775000,,,-858.9248046875,-6.656674385070801,8.308899879455566,856.9873046875,856.85693359375,0.0003,0.0003,0.1
,,,,,775999,9500.71,1000,,,,,,,,
,,,,,776000,,,-874.0863647460938,-6.98576545715332,5.78130578994751,871.9136962890625,872.1513671875,0.0003,0.0003,0.1
,,,,,776999,9643.383,1000,,,,,,,,
,,,,,777000,,,-869.5590209960938,-6.780564785003662,7.266846179962158,867.619140625,867.5247802734375,0.0003,0.0003,0.1
,,,,,777999,9649.154,1000,,,,,,,,
,,,,,778000,,,-872.2553100585938,-6.269917964935303,4.1623992919921875,870.2530517578125,870.68115234375,0.0003,0.0003,0.1
,,,,,778999,9660.774,1000,,,,,,,,
,,,,,779000,,,-865.8060913085938,-7.113783836364746,5.062381267547607,863.9197387695312,863.904052734375,0.0003,0.0003,0.1
,,,,,779999,9605.347,1000,,,,,,,,
9374.218,159.50679,9537.247,8955.82,1000.0,780000,,,-864.0455932617188,-7.070972442626953,8.843608856201172,862.3279418945312,861.8223266601562,0.0003,0.0003,0.1
,,,,,780999,9565.359,1000,,,,,,,,
,,,,,781000,,,-864.726806640625,-7.2561354637146,4.980087757110596,862.5215454101562,862.14501953125,0.0003,0.0003,0.1
,,,,,781999,9665.768,1000,,,,,,,,
,,,,,782000,,,-865.8848876953125,-6.644445419311523,6.992199897766113,864.0008544921875,863.8382568359375,0.0003,0.0003,0.1
,,,,,782999,7892.986,1000,,,,,,,,
,,,,,783000,,,-867.091796875,-6.635313510894775,4.43729305267334,864.972412109375,864.8489990234375,0.0003,0.0003,0.1
,,,,,783999,9590.539,1000,,,,,,,,
,,,,,784000,,,-858.5206298828125,-6.6614837646484375,7.317698001861572,855.5527954101562,856.4600830078125,0.0003,0.0003,0.1
,,,,,784999,9606.184,1000,,,,,,,,
9594.627,78.4313,9683.046,9425.914,1000.0,785000,,,-870.2793579101562,-7.215978622436523,4.705739974975586,868.6774291992188,868.8276977539062,0.0003,0.0003,0.1
,,,,,785999,9462.868,1000,,,,,,,,
,,,,,786000,,,-867.73681640625,-6.715436935424805,8.44011402130127,865.0057373046875,864.9241943359375,0.0003,0.0003,0.1
,,,,,786999,9447.254,1000,,,,,,,,
,,,,,787000,,,-870.1331787109375,-6.630105018615723,5.73160457611084,867.8656616210938,867.588134765625,0.0003,0.0003,0.1
,,,,,787999,9367.682,1000,,,,,,,,
,,,,,788000,,,-869.6775512695312,-7.049091815948486,5.380692481994629,868.0520629882812,867.7760009765625,0.0003,0.0003,0.1
,,,,,788999,9628.177,1000,,,,,,,,
,,,,,789000,,,-860.2554931640625,-6.42033052444458,8.27728271484375,857.7353515625,858.1824340820312,0.0003,0.0003,0.1
,,,,,789999,9661.848,1000,,,,,,,,
9381.463,93.12996,9494.916,9172.655,1000.0,790000,,,-859.5982055664062,-6.785175800323486,7.654072284698486,857.2035522460938,856.8292846679688,0.0003,0.0003,0.1
,,,,,790999,9681.551,1000,,,,,,,,
,,,,,791000,,,-867.4578247070312,-6.519850730895996,6.611555099487305,866.126220703125,866.2531127929688,0.0003,0.0003,0.1
,,,,,791999,9558.268,1000,,,,,,,,
,,,,,792000,,,-868.48876953125,-7.03145694732666,8.420014381408691,866.30712890625,866.2796020507812,0.0003,0.0003,0.1
,,,,,792999,9678.056,1000,,,,,,,,
,,,,,793000,,,-867.2819213867188,-6.550656318664551,5.051526069641113,865.258056640625,865.5238037109375,0.0003,0.0003,0.1
,,,,,793999,9710.351,1000,,,,,,,,
,,,,,794000,,,-869.1611938476562,-7.353277683258057,5.46353816986084,866.51171875,866.6377563476562,0.0003,0.0003,0.1
,,,,,794999,9631.219,1000,,,,,,,,
8756.442,2884.9307,9884.333,107.950645,1000.0,795000,,,-863.897705078125,-6.9020586013793945,6.013580799102783,861.1948852539062,861.4221801757812,0.0003,0.0003,0.1
,,,,,795999,9595.105,1000,,,,,,,,
,,,,,796000,,,-875.6614379882812,-6.993827819824219,6.266310214996338,873.9323120117188,873.917236328125,0.0003,0.0003,0.1
,,,,,796999,9691.333,1000,,,,,,,,
,,,,,797000,,,-871.3062133789062,-6.954462051391602,6.603030204772949,869.5410766601562,869.2501831054688,0.0003,0.0003,0.1
,,,,,797999,9366.421,1000,,,,,,,,
,,,,,798000,,,-861.0685424804688,-7.592324256896973,11.428698539733887,858.43017578125,858.7425537109375,0.0003,0.0003,0.1
,,,,,798999,9427.691,1000,,,,,,,,
,,,,,799000,,,-871.877197265625,-6.727107048034668,14.739754676818848,869.8298950195312,869.9344482421875,0.0003,0.0003,0.1
,,,,,799999,9473.997,1000,,,,,,,,
9751.81,71.53398,9860.324,9606.346,1000.0,800000,,,-872.5711669921875,-6.754271984100342,5.081009864807129,870.6505126953125,870.8019409179688,0.0003,0.0003,0.1
,,,,,800999,3198.6704,1000,,,,,,,,
,,,,,801000,,,-871.5612182617188,-6.76794958114624,6.0985846519470215,869.55615234375,869.5460205078125,0.0003,0.0003,0.1
,,,,,801999,9690.951,1000,,,,,,,,
,,,,,802000,,,-873.5399780273438,-7.065031051635742,6.041804313659668,871.1172485351562,871.006103515625,0.0003,0.0003,0.1
,,,,,802999,9513.287,1000,,,,,,,,
,,,,,803000,,,-862.7660522460938,-7.1028852462768555,6.141822814941406,860.8692626953125,860.6240234375,0.0003,0.0003,0.1
,,,,,803999,6915.435,1000,,,,,,,,
,,,,,804000,,,-874.4786376953125,-7.1565704345703125,11.35526180267334,872.8843994140625,872.9313354492188,0.0003,0.0003,0.1
,,,,,804999,9672.216,1000,,,,,,,,
9288.734,1237.038,9883.154,5594.4897,1000.0,805000,,,-884.7764282226562,-6.276212692260742,5.645739555358887,882.6202392578125,882.6853637695312,0.0003,0.0003,0.1
,,,,,805999,9700.553,1000,,,,,,,,
,,,,,806000,,,-877.45263671875,-6.555911064147949,9.180805206298828,875.0068969726562,875.348876953125,0.0003,0.0003,0.1
,,,,,806999,9644.609,1000,,,,,,,,
,,,,,807000,,,-868.2131958007812,-6.936515808105469,4.6219024658203125,866.6649169921875,866.541015625,0.0003,0.0003,0.1
,,,,,807999,9700.923,1000,,,,,,,,
,,,,,808000,,,-871.2964477539062,-7.243370056152344,5.0791192054748535,869.107666015625,868.9076538085938,0.0003,0.0003,0.1
,,,,,808999,9617.959,1000,,,,,,,,
,,,,,809000,,,-874.1598510742188,-7.2111310958862305,6.09129524230957,872.5604858398438,872.4884643554688,0.0003,0.0003,0.1
,,,,,809999,9384.357,1000,,,,,,,,
9601.907,82.13542,9688.24,9443.88,1000.0,810000,,,-875.5070190429688,-6.742298603057861,5.524482727050781,873.6544799804688,873.3521118164062,0.0003,0.0003,0.1
,,,,,810999,9641.286,1000,,,,,,,,
,,,,,811000,,,-870.9761352539062,-7.176647186279297,5.018263339996338,868.8602905273438,869.570556640625,0.0003,0.0003,0.1
,,,,,811999,9596.873,1000,,,,,,,,
,,,,,812000,,,-873.1149291992188,-6.484048843383789,9.950517654418945,871.0711669921875,871.4202270507812,0.0003,0.0003,0.1
,,,,,812999,9443.253,1000,,,,,,,,
,,,,,813000,,,-875.50146484375,-6.842341423034668,7.647640228271484,873.6989135742188,874.0330810546875,0.0003,0.0003,0.1
,,,,,813999,9799.747,1000,,,,,,,,
,,,,,814000,,,-873.1776123046875,-6.916473388671875,7.870888710021973,871.334716796875,871.8359375,0.0003,0.0003,0.1
,,,,,814999,9670.842,1000,,,,,,,,
9415.545,562.2324,9721.978,7743.949,1000.0,815000,,,-886.54345703125,-6.5758185386657715,4.933131694793701,884.8070068359375,885.0098876953125,0.0003,0.0003,0.1
,,,,,815999,9397.479,1000,,,,,,,,
,,,,,816000,,,-877.830078125,-6.416015625,7.73478889465332,875.7100219726562,875.527587890625,0.0003,0.0003,0.1
,,,,,816999,9712.781,1000,,,,,,,,
,,,,,817000,,,-875.5610961914062,-6.961245536804199,4.866440296173096,873.147705078125,873.2514038085938,0.0003,0.0003,0.1
,,,,,817999,9608.975,1000,,,,,,,,
,,,,,818000,,,-882.9721069335938,-6.171245574951172,8.275434494018555,881.0670166015625,880.6044921875,0.0003,0.0003,0.1
,,,,,818999,8041.8193,1000,,,,,,,,
,,,,,819000,,,-876.8814697265625,-6.586556434631348,8.066469192504883,874.743896484375,875.2010498046875,0.0003,0.0003,0.1
,,,,,819999,9574.535,1000,,,,,,,,
9658.175,98.912926,9767.806,9488.815,1000.0,820000,,,-884.432861328125,-6.594756126403809,8.208904266357422,882.608154296875,882.188232421875,0.0003,0.0003,0.1
,,,,,820999,9681.583,1000,,,,,,,,
,,,,,821000,,,-874.7032470703125,-7.017020225524902,5.75790548324585,871.8089599609375,872.4852294921875,0.0003,0.0003,0.1
,,,,,821999,9576.671,1000,,,,,,,,
,,,,,822000,,,-867.164306640625,-7.062755584716797,7.075888633728027,865.416259765625,865.4974975585938,0.0003,0.0003,0.1
,,,,,822999,9356.653,1000,,,,,,,,
,,,,,823000,,,-874.5798950195312,-6.8542585372924805,8.98616886138916,872.2515869140625,872.472412109375,0.0003,0.0003,0.1
,,,,,823999,9532.59,1000,,,,,,,,
,,,,,824000,,,-884.6392211914062,-6.8782639503479,4.688823223114014,883.195068359375,883.2593994140625,0.0003,0.0003,0.1
,,,,,824999,7970.234,1000,,,,,,,,
9444.891,87.85208,9557.663,9264.547,1000.0,825000,,,-879.353515625,-6.536252021789551,6.642144203186035,877.058837890625,877.1276245117188,0.0003,0.0003,0.1
,,,,,825999,9485.59,1000,,,,,,,,
,,,,,826000,,,-887.59130859375,-6.996758460998535,7.551691055297852,885.25634765625,885.4721069335938,0.0003,0.0003,0.1
,,,,,826999,9451.447,1000,,,,,,,,
,,,,,827000,,,-880.3593139648438,-6.82003116607666,6.568231105804443,878.3748779296875,879.1964721679688,0.0003,0.0003,0.1
,,,,,827999,8187.3726,1000,,,,,,,,
,,,,,828000,,,-879.3847045898438,-6.389595985412598,7.126040458679199,877.6361083984375,877.6614990234375,0.0003,0.0003,0.1
,,,,,828999,9726.113,1000,,,,,,,,
,,,,,829000,,,-887.787353515625,-6.289706230163574,5.376808166503906,885.8809204101562,886.3665161132812,0.0003,0.0003,0.1
,,,,,829999,9564.961,1000,,,,,,,,
9664.779,149.20277,9871.711,9351.914,1000.0,830000,,,-894.1196899414062,-5.979324817657471,6.2625932693481445,892.466064453125,892.4241333007812,0.0003,0.0003,0.1
,,,,,830999,9374.555,1000,,,,,,,,
,,,,,831000,,,-886.7440185546875,-6.241666793823242,6.631825923919678,884.649658203125,884.3275146484375,0.0003,0.0003,0.1
,,,,,831999,9606.869,1000,,,,,,,,
,,,,,832000,,,-888.9552612304688,-6.229704856872559,4.575144290924072,887.1282958984375,887.0596923828125,0.0003,0.0003,0.1
,,,,,832999,9602.836,1000,,,,,,,,
,,,,,833000,,,-879.836181640625,-6.546717643737793,6.696175575256348,877.95361328125,878.4129028320312,0.0003,0.0003,0.1
,,,,,833999,9778.429,1000,,,,,,,,
,,,,,834000,,,-880.5631713867188,-6.863894462585449,5.159252166748047,877.9911499023438,878.0675048828125,0.0003,0.0003,0.1
,,,,,834999,9619.356,1000,,,,,,,,
8760.866,2614.751,9807.681,941.1369,1000.0,835000,,,-884.7266845703125,-6.777441501617432,8.015359878540039,882.8336181640625,883.0905151367188,0.0003,0.0003,0.1
,,,,,835999,8430.504,1000,,,,,,,,
,,,,,836000,,,-883.1754760742188,-6.749608039855957,8.571699142456055,881.5436401367188,881.3707885742188,0.0003,0.0003,0.1
,,,,,836999,9794.945,1000,,,,,,,,
,,,,,837000,,,-884.382080078125,-7.719566345214844,8.648855209350586,882.0287475585938,882.8348999023438,0.0003,0.0003,0.1
,,,,,837999,9227.663,1000,,,,,,,,
,,,,,838000,,,-893.3558959960938,-6.39500617980957,5.745011329650879,891.9058837890625,891.5501708984375,0.0003,0.0003,0.1
,,,,,838999,3645.432,1000,,,,,,,,
,,,,,839000,,,-893.19921875,-6.182583808898926,10.001986503601074,891.3750610351562,891.52734375,0.0003,0.0003,0.1
,,,,,839999,9471.642,1000,,,,,,,,
9832.167,46.549965,9921.398,9774.273,1000.0,840000,,,-893.029052734375,-6.971529483795166,5.733356475830078,891.2093505859375,891.0256958007812,0.0003,0.0003,0.1
,,,,,840999,9039.44,1000,,,,,,,,
,,,,,841000,,,-884.0653686523438,-6.538654327392578,6.69389009475708,882.357177734375,882.1892700195312,0.0003,0.0003,0.1
,,,,,841999,9472.784,1000,,,,,,,,
,,,,,842000,,,-880.2184448242188,-6.857148170471191,7.3331451416015625,877.7098388671875,877.96240234375,0.0003,0.0003,0.1
,,,,,842999,9078.799,1000,,,,,,,,
,,,,,843000,,,-874.0787963867188,-6.714598655700684,10.986083984375,872.236572265625,872.46533203125,0.0003,0.0003,0.1
,,,,,843999,9689.794,1000,,,,,,,,
,,,,,844000,,,-900.7277221679688,-6.229521751403809,7.896428108215332,898.6502685546875,898.4815673828125,0.0003,0.0003,0.1
,,,,,844999,9771.193,1000,,,,,,,,
9414.01,63.854492,9509.966,9319.603,1000.0,845000,,,-884.497802734375,-6.82228946685791,6.49174690246582,881.9094848632812,882.5358276367188,0.0003,0.0003,0.1
,,,,,845999,9585.561,1000,,,,,,,,
,,,,,846000,,,-883.7703857421875,-6.917611598968506,5.561316013336182,881.8677978515625,882.009521484375,0.0003,0.0003,0.1
,,,,,846999,9676.685,1000,,,,,,,,
,,,,,847000,,,-895.5249633789062,-7.03812313079834,5.398190498352051,894.0341796875,894.0265502929688,0.0003,0.0003,0.1
,,,,,847999,9347.816,1000,,,,,,,,
,,,,,848000,,,-895.412353515625,-6.954493522644043,5.700625896453857,893.77294921875,894.1798095703125,0.0003,0.0003,0.1
,,,,,848999,9666.242,1000,,,,,,,,
,,,,,849000,,,-896.8820190429688,-6.388124942779541,7.163947105407715,895.272216796875,895.07470703125,0.0003,0.0003,0.1
,,,,,849999,9704.871,1000,,,,,,,,
9021.408,1801.0908,9690.192,3619.4395,1000.0,850000,,,-893.2977294921875,-6.6675567626953125,5.901866912841797,892.21044921875,891.4228515625,0.0003,0.0003,0.1
,,,,,850999,9783.635,1000,,,,,,,,
,,,,,851000,,,-894.3570556640625,-7.011981964111328,7.5386199951171875,892.2083740234375,892.869140625,0.0003,0.0003,0.1
,,,,,851999,9859.958,1000,,,,,,,,
,,,,,852000,,,-880.5930786132812,-6.726393699645996,7.833425521850586,878.42578125,878.3577880859375,0.0003,0.0003,0.1
,,,,,852999,9781.124,1000,,,,,,,,
,,,,,853000,,,-893.58056640625,-6.611223220825195,5.875349044799805,891.396484375,891.1497802734375,0.0003,0.0003,0.1
,,,,,853999,9852.406,1000,,,,,,,,
,,,,,854000,,,-883.1793212890625,-6.287091255187988,4.891260623931885,881.3045043945312,880.7930908203125,0.0003,0.0003,0.1
,,,,,854999,9595.389,1000,,,,,,,,
9588.003,561.9092,9850.08,7908.4683,1000.0,855000,,,-898.27490234375,-7.119792938232422,6.095988750457764,896.2439575195312,897.22900390625,0.0003,0.0003,0.1
,,,,,855999,9567.039,1000,,,,,,,,
,,,,,856000,,,-892.2052001953125,-6.764333724975586,6.341835975646973,890.316650390625,890.5029296875,0.0003,0.0003,0.1
,,,,,856999,9787.2295,1000,,,,,,,,
,,,,,857000,,,-884.2116088867188,-6.2935686111450195,13.114823341369629,881.9660034179688,882.1265869140625,0.0003,0.0003,0.1
,,,,,857999,1457.8035,1000,,,,,,,,
,,,,,858000,,,-886.9042358398438,-7.007665634155273,5.524339199066162,884.316162109375,884.2263793945312,0.0003,0.0003,0.1
,,,,,858999,8713.666,1000,,,,,,,,
,,,,,859000,,,-884.2791748046875,-6.4785566329956055,4.510889053344727,881.95654296875,882.164306640625,0.0003,0.0003,0.1
,,,,,859999,9731.613,1000,,,,,,,,
9509.174,829.71185,9930.852,7066.249,1000.0,860000,,,-891.727294921875,-7.125401973724365,6.106821537017822,889.9481811523438,890.280517578125,0.0003,0.0003,0.1
,,,,,860999,9619.778,1000,,,,,,,,
,,,,,861000,,,-893.2210083007812,-6.538240432739258,7.277730941772461,891.1101684570312,891.4343872070312,0.0003,0.0003,0.1
,,,,,861999,9870.429,1000,,,,,,,,
,,,,,862000,,,-894.4288330078125,-6.623073577880859,6.382750988006592,892.1820068359375,892.5460205078125,0.0003,0.0003,0.1
,,,,,862999,9533.911,1000,,,,,,,,
,,,,,863000,,,-895.11474609375,-6.428437232971191,6.897855758666992,893.3026123046875,893.4937744140625,0.0003,0.0003,0.1
,,,,,863999,9780.271,1000,,,,,,,,
,,,,,864000,,,-891.7090454101562,-6.774469375610352,5.283352375030518,890.1441650390625,890.075439453125,0.0003,0.0003,0.1
,,,,,864999,9756.104,1000,,,,,,,,
9906.584,107.72,10092.717,9713.793,1000.0,865000,,,-900.5313720703125,-6.94957971572876,4.718949317932129,898.7459716796875,899.0122680664062,0.0003,0.0003,0.1
,,,,,865999,9707.685,1000,,,,,,,,
,,,,,866000,,,-895.837158203125,-6.584602355957031,5.549793243408203,894.13916015625,894.5502319335938,0.0003,0.0003,0.1
,,,,,866999,9783.274,1000,,,,,,,,
,,,,,867000,,,-888.3095703125,-6.387273788452148,5.806267738342285,886.4558715820312,886.24267578125,0.0003,0.0003,0.1
,,,,,867999,9919.949,1000,,,,,,,,
,,,,,868000,,,-886.7848510742188,-6.990222930908203,7.6239423751831055,884.40185546875,884.4317016601562,0.0003,0.0003,0.1
,,,,,868999,9980.593,1000,,,,,,,,
,,,,,869000,,,-891.010009765625,-7.04832649230957,10.873603820800781,888.8133544921875,888.4706420898438,0.0003,0.0003,0.1
,,,,,869999,9499.837,1000,,,,,,,,
9757.525,66.06678,9864.227,9640.73,1000.0,870000,,,-885.188720703125,-7.341348171234131,15.906989097595215,883.4158935546875,882.75830078125,0.0003,0.0003,0.1
,,,,,870999,9694.416,1000,,,,,,,,
,,,,,871000,,,-895.46337890625,-6.959145545959473,9.250834465026855,893.4559326171875,893.739990234375,0.0003,0.0003,0.1
,,,,,871999,9699.299,1000,,,,,,,,
,,,,,872000,,,-890.7243041992188,-7.145430564880371,8.167510986328125,888.899169921875,888.681396484375,0.0003,0.0003,0.1
,,,,,872999,9723.343,1000,,,,,,,,
,,,,,873000,,,-886.763671875,-7.1853556632995605,5.4277424812316895,885.08447265625,884.93798828125,0.0003,0.0003,0.1
,,,,,873999,8791.227,1000,,,,,,,,
,,,,,874000,,,-891.6984252929688,-6.474941730499268,8.66952133178711,889.8330078125,889.7742919921875,0.0003,0.0003,0.1
,,,,,874999,9678.083,1000,,,,,,,,
9586.508,49.29682,9655.274,9499.247,1000.0,875000,,,-903.56787109375,-6.636635780334473,14.009415626525879,901.301513671875,901.75537109375,0.0003,0.0003,0.1
,,,,,875999,9788.184,1000,,,,,,,,
,,,,,876000,,,-908.1396484375,-6.4936137199401855,3.7175045013427734,906.3529052734375,906.4680786132812,0.0003,0.0003,0.1
,,,,,876999,9888.585,1000,,,,,,,,
,,,,,877000,,,-896.7905883789062,-7.235872268676758,16.570850372314453,894.5671997070312,894.6990966796875,0.0003,0.0003,0.1
,,,,,877999,9852.145,1000,,,,,,,,
,,,,,878000,,,-894.513427734375,-6.9878644943237305,5.367720603942871,892.6849365234375,892.6742553710938,0.0003,0.0003,0.1
,,,,,878999,9852.427,1000,,,,,,,,
,,,,,879000,,,-896.664306640625,-6.440792083740234,6.149170875549316,894.122802734375,894.169921875,0.0003,0.0003,0.1
,,,,,879999,9851.949,1000,,,,,,,,
7756.837,3459.535,10009.326,1061.0393,1000.0,880000,,,-895.6292114257812,-6.526274681091309,6.823415279388428,893.56640625,893.4847412109375,0.0003,0.0003,0.1
,,,,,880999,9722.433,1000,,,,,,,,
,,,,,881000,,,-890.3407592773438,-7.00750207901001,8.779897689819336,888.3685302734375,888.3858642578125,0.0003,0.0003,0.1
,,,,,881999,9544.043,1000,,,,,,,,
,,,,,882000,,,-896.9915161132812,-6.785336494445801,11.027151107788086,895.0560302734375,895.5584106445312,0.0003,0.0003,0.1
,,,,,882999,7363.393,1000,,,,,,,,
,,,,,883000,,,-888.7523803710938,-6.912530422210693,10.454900741577148,886.4805908203125,886.4633178710938,0.0003,0.0003,0.1
,,,,,883999,9976.8,1000,,,,,,,,
,,,,,884000,,,-901.9638061523438,-6.251467704772949,11.141532897949219,900.5105590820312,900.5714111328125,0.0003,0.0003,0.1
,,,,,884999,9711.833,1000,,,,,,,,
9769.9795,64.44923,9866.337,9682.542,1000.0,885000,,,-896.46630859375,-6.720882415771484,8.989428520202637,894.5362548828125,894.60400390625,0.0003,0.0003,0.1
,,,,,885999,9673.658,1000,,,,,,,,
,,,,,886000,,,-897.150146484375,-6.531667232513428,6.118538856506348,895.1162109375,895.3486328125,0.0003,0.0003,0.1
,,,,,886999,9747.718,1000,,,,,,,,
,,,,,887000,,,-888.7893676757812,-6.823345184326172,5.88902473449707,886.568359375,886.4749755859375,0.0003,0.0003,0.1
,,,,,887999,9482.347,1000,,,,,,,,
,,,,,888000,,,-895.3257446289062,-6.891195297241211,6.121190547943115,893.4696044921875,893.28564453125,0.0003,0.0003,0.1
,,,,,888999,9585.101,1000,,,,,,,,
,,,,,889000,,,-893.1412353515625,-6.8544230461120605,11.52904987335205,891.7308959960938,891.8297119140625,0.0003,0.0003,0.1
,,,,,889999,9861.729,1000,,,,,,,,
9981.547,60.992233,10098.168,9883.661,1000.0,890000,,,-889.7259521484375,-7.0078582763671875,8.528223037719727,887.7631225585938,887.0572509765625,0.0003,0.0003,0.1
,,,,,890999,9905.002,1000,,,,,,,,
,,,,,891000,,,-898.9945678710938,-7.112431526184082,8.216804504394531,896.6790771484375,896.849609375,0.0003,0.0003,0.1
,,,,,891999,7716.51,1000,,,,,,,,
,,,,,892000,,,-901.3899536132812,-7.184162139892578,8.132040023803711,899.4637451171875,899.67724609375,0.0003,0.0003,0.1
,,,,,892999,9838.051,1000,,,,,,,,
,,,,,893000,,,-883.2069091796875,-7.513210773468018,9.272282600402832,881.309326171875,881.4488525390625,0.0003,0.0003,0.1
,,,,,893999,9479.916,1000,,,,,,,,
,,,,,894000,,,-909.5906372070312,-7.061034679412842,6.714768409729004,907.873291015625,907.9075927734375,0.0003,0.0003,0.1
,,,,,894999,9642.703,1000,,,,,,,,
10000.381,50.837418,10074.474,9890.988,1000.0,895000,,,-889.4020385742188,-7.032942771911621,6.69216775894165,887.0949096679688,886.47216796875,0.0003,0.0003,0.1
,,,,,895999,9679.862,1000,,,,,,,,
,,,,,896000,,,-897.331298828125,-6.840082168579102,8.538314819335938,894.8204956054688,894.6576538085938,0.0003,0.0003,0.1
,,,,,896999,9988.846,1000,,,,,,,,
,,,,,897000,,,-900.3297729492188,-6.920734882354736,7.8662919998168945,898.244140625,898.1839599609375,0.0003,0.0003,0.1
,,,,,897999,10005.899,1000,,,,,,,,
,,,,,898000,,,-895.6903076171875,-6.754331588745117,10.598746299743652,893.24755859375,894.1116943359375,0.0003,0.0003,0.1
,,,,,898999,9154.453,1000,,,,,,,,
,,,,,899000,,,-885.7625732421875,-6.694598197937012,7.007002830505371,883.5384521484375,884.066650390625,0.0003,0.0003,0.1
,,,,,899999,9918.2705,1000,,,,,,,,
9575.606,54.543552,9648.154,9465.367,1000.0,900000,,,-904.3794555664062,-6.85456657409668,13.554414749145508,902.1260986328125,901.6724853515625,0.0003,0.0003,0.1
,,,,,900999,9790.809,1000,,,,,,,,
,,,,,901000,,,-908.0283813476562,-6.882742881774902,8.187641143798828,906.258056640625,906.27294921875,0.0003,0.0003,0.1
,,,,,901999,9753.26,1000,,,,,,,,
,,,,,902000,,,-890.7682495117188,-7.010851860046387,7.797055244445801,888.797119140625,889.0140380859375,0.0003,0.0003,0.1
,,,,,902999,9888.59,1000,,,,,,,,
,,,,,903000,,,-900.2786254882812,-6.699264049530029,13.985525131225586,898.3297119140625,898.0640258789062,0.0003,0.0003,0.1
,,,,,903999,9010.738,1000,,,,,,,,
,,,,,904000,,,-899.8546142578125,-7.089723587036133,6.941661834716797,897.300048828125,897.463134765625,0.0003,0.0003,0.1
,,,,,904999,9886.966,1000,,,,,,,,
9122.842,1468.623,9668.538,4717.6216,1000.0,905000,,,-902.9526977539062,-7.175556182861328,10.491983413696289,900.868896484375,900.2001953125,0.0003,0.0003,0.1
,,,,,905999,9939.189,1000,,,,,,,,
,,,,,906000,,,-912.72900390625,-6.448160171508789,5.222872257232666,910.7427978515625,911.0498046875,0.0003,0.0003,0.1
,,,,,906999,9490.232,1000,,,,,,,,
,,,,,907000,,,-910.4923095703125,-6.457911491394043,4.052685737609863,909.044677734375,908.9548950195312,0.0003,0.0003,0.1
,,,,,907999,9687.194,1000,,,,,,,,
,,,,,908000,,,-902.0547485351562,-6.943698883056641,7.886148929595947,899.6005859375,900.1134643554688,0.0003,0.0003,0.1
,,,,,908999,9892.734,1000,,,,,,,,
,,,,,909000,,,-904.4180908203125,-6.849617958068848,7.554559707641602,902.5780029296875,902.645751953125,0.0003,0.0003,0.1
,,,,,909999,9284.956,1000,,,,,,,,
10016.674,84.023415,10221.677,9938.707,1000.0,910000,,,-905.7223510742188,-6.554824352264404,7.8971052169799805,903.6109008789062,902.8801879882812,0.0003,0.0003,0.1
,,,,,910999,9903.971,1000,,,,,,,,
,,,,,911000,,,-905.9850463867188,-7.272597312927246,7.880834579467773,904.4682006835938,904.76220703125,0.0003,0.0003,0.1
,,,,,911999,9778.251,1000,,,,,,,,
,,,,,912000,,,-908.4063720703125,-6.560307025909424,8.10541820526123,906.328857421875,906.57568359375,0.0003,0.0003,0.1
,,,,,912999,9742.743,1000,,,,,,,,
,,,,,913000,,,-906.2942504882812,-6.872845649719238,5.711055755615234,904.6072387695312,904.3301391601562,0.0003,0.0003,0.1
,,,,,913999,9680.785,1000,,,,,,,,
,,,,,914000,,,-907.82958984375,-6.877694129943848,8.982165336608887,905.4675903320312,905.333251953125,0.0003,0.0003,0.1
,,,,,914999,9805.099,1000,,,,,,,,
10045.142,82.52807,10181.953,9912.801,1000.0,915000,,,-901.0042114257812,-7.186704158782959,7.805344581604004,898.9971923828125,899.43408203125,0.0003,0.0003,0.1
,,,,,915999,9863.336,1000,,,,,,,,
,,,,,916000,,,-911.0889282226562,-6.334422588348389,5.764612674713135,909.3538818359375,909.30078125,0.0003,0.0003,0.1
,,,,,916999,9996.279,1000,,,,,,,,
,,,,,917000,,,-909.380615234375,-6.336569309234619,7.256960868835449,907.123046875,906.7432250976562,0.0003,0.0003,0.1
,,,,,917999,9844.203,1000,,,,,,,,
,,,,,918000,,,-904.5969848632812,-6.773314952850342,7.1243696212768555,902.4500122070312,902.70361328125,0.0003,0.0003,0.1
,,,,,918999,9348.572,1000,,,,,,,,
,,,,,919000,,,-902.2789306640625,-6.677865505218506,7.763347148895264,900.375244140625,900.517333984375,0.0003,0.0003,0.1
,,,,,919999,9860.959,1000,,,,,,,,
9462.015,390.055,9952.216,8546.551,1000.0,920000,,,-917.4692993164062,-6.61745548248291,6.97365665435791,915.7052001953125,915.6822509765625,0.0003,0.0003,0.1
,,,,,920999,9933.381,1000,,,,,,,,
,,,,,921000,,,-897.997802734375,-6.548036575317383,9.70374870300293,895.9212036132812,895.5440673828125,0.0003,0.0003,0.1
,,,,,921999,9676.225,1000,,,,,,,,
,,,,,922000,,,-900.9761352539062,-7.215873718261719,6.259364128112793,898.89501953125,898.8611450195312,0.0003,0.0003,0.1
,,,,,922999,9924.317,1000,,,,,,,,
,,,,,923000,,,-909.152099609375,-7.079151153564453,7.29387092590332,907.373291015625,906.9490356445312,0.0003,0.0003,0.1
,,,,,923999,9800.869,1000,,,,,,,,
,,,,,924000,,,-911.2135009765625,-6.5917158126831055,17.839496612548828,908.631103515625,909.4454345703125,0.0003,0.0003,0.1
,,,,,924999,9906.489,1000,,,,,,,,
9748.89,145.02116,9919.956,9406.946,1000.0,925000,,,-902.3963012695312,-6.769448280334473,8.443669319152832,900.5205078125,900.27294921875,0.0003,0.0003,0.1
,,,,,925999,9765.685,1000,,,,,,,,
,,,,,926000,,,-906.471435546875,-7.7307281494140625,7.533482551574707,904.240478515625,904.8583374023438,0.0003,0.0003,0.1
,,,,,926999,9996.02,1000,,,,,,,,
,,,,,927000,,,-913.7891235351562,-6.80451774597168,11.53356647491455,912.221923828125,911.5128173828125,0.0003,0.0003,0.1
,,,,,927999,9666.374,1000,,,,,,,,
,,,,,928000,,,-911.349609375,-6.6387038230896,12.264205932617188,909.6935424804688,909.7786865234375,0.0003,0.0003,0.1
,,,,,928999,9829.596,1000,,,,,,,,
,,,,,929000,,,-899.4461059570312,-7.268465042114258,6.511501789093018,897.5733642578125,897.361328125,0.0003,0.0003,0.1
,,,,,929999,9751.496,1000,,,,,,,,
9960.705,42.793606,10032.131,9878.737,1000.0,930000,,,-896.72900390625,-7.252071380615234,15.754081726074219,894.7978515625,894.6985473632812,0.0003,0.0003,0.1
,,,,,930999,10113.725,1000,,,,,,,,
,,,,,931000,,,-904.33203125,-7.224722385406494,7.80559778213501,902.6461181640625,902.471923828125,0.0003,0.0003,0.1
,,,,,931999,9979.784,1000,,,,,,,,
,,,,,932000,,,-917.9227905273438,-6.749566555023193,9.912946701049805,916.1422119140625,915.7227783203125,0.0003,0.0003,0.1
,,,,,932999,10111.19,1000,,,,,,,,
,,,,,933000,,,-905.1884765625,-6.517270088195801,8.442747116088867,903.5125122070312,903.1337280273438,0.0003,0.0003,0.1
,,,,,933999,10070.678,1000,,,,,,,,
,,,,,934000,,,-906.451904296875,-6.707857608795166,5.788084030151367,904.57666015625,904.903076171875,0.0003,0.0003,0.1
,,,,,934999,9654.694,1000,,,,,,,,
10035.881,65.879036,10189.064,9950.613,1000.0,935000,,,-904.4212036132812,-6.892450332641602,10.375221252441406,902.1817626953125,901.9287719726562,0.0003,0.0003,0.1
,,,,,935999,10001.21,1000,,,,,,,,
,,,,,936000,,,-910.1619873046875,-6.722271919250488,8.902379989624023,908.0547485351562,908.02490234375,0.0003,0.0003,0.1
,,,,,936999,10131.229,1000,,,,,,,,
,,,,,937000,,,-915.4547729492188,-6.847927093505859,7.216301918029785,913.452392578125,912.922119140625,0.0003,0.0003,0.1
,,,,,937999,6247.6875,1000,,,,,,,,
,,,,,938000,,,-912.5411987304688,-7.161062717437744,8.079666137695312,910.5340576171875,910.694580078125,0.0003,0.0003,0.1
,,,,,938999,9592.266,1000,,,,,,,,
,,,,,939000,,,-916.5121459960938,-7.2000555992126465,7.9549384117126465,914.60595703125,914.2249145507812,0.0003,0.0003,0.1
,,,,,939999,9709.84,1000,,,,,,,,
9974.982,99.61586,10079.511,9770.566,1000.0,940000,,,-917.5885009765625,-6.244824409484863,5.298518657684326,916.0216064453125,915.4093017578125,0.0003,0.0003,0.1
,,,,,940999,8554.762,1000,,,,,,,,
,,,,,941000,,,-917.8543090820312,-6.5679473876953125,7.431294918060303,915.656005859375,915.598876953125,0.0003,0.0003,0.1
,,,,,941999,9900.896,1000,,,,,,,,
,,,,,942000,,,-919.4354858398438,-6.444863319396973,5.499351501464844,917.4078369140625,917.045654296875,0.0003,0.0003,0.1
,,,,,942999,10063.77,1000,,,,,,,,
,,,,,943000,,,-908.0120239257812,-6.946878433227539,6.986617565155029,905.9793701171875,906.3294677734375,0.0003,0.0003,0.1
,,,,,943999,10027.489,1000,,,,,,,,
,,,,,944000,,,-899.1009521484375,-6.790875434875488,13.535231590270996,896.8042602539062,896.754638671875,0.0003,0.0003,0.1
,,,,,944999,9833.448,1000,,,,,,,,
9998.274,27.939596,10060.659,9964.116,1000.0,945000,,,-906.2406005859375,-6.965410232543945,9.573835372924805,903.8842163085938,904.4659423828125,0.0003,0.0003,0.1
,,,,,945999,10028.856,1000,,,,,,,,
,,,,,946000,,,-915.5242309570312,-7.079255104064941,10.417007446289062,913.538330078125,913.711181640625,0.0003,0.0003,0.1
,,,,,946999,10089.727,1000,,,,,,,,
,,,,,947000,,,-917.8504028320312,-6.92070198059082,6.345621585845947,915.46337890625,916.255615234375,0.0003,0.0003,0.1
,,,,,947999,10079.021,1000,,,,,,,,
,,,,,948000,,,-920.3184814453125,-6.262457847595215,5.17439079284668,918.3814086914062,918.507080078125,0.0003,0.0003,0.1
,,,,,948999,9915.381,1000,,,,,,,,
,,,,,949000,,,-911.5184326171875,-7.329504013061523,8.321508407592773,908.6890869140625,908.946044921875,0.0003,0.0003,0.1
,,,,,949999,9953.061,1000,,,,,,,,
10085.83,90.235756,10240.787,9936.848,1000.0,950000,,,-913.2808837890625,-6.734567642211914,9.710577964782715,911.0223999023438,910.562744140625,0.0003,0.0003,0.1
,,,,,950999,9952.834,1000,,,,,,,,
,,,,,951000,,,-927.6375122070312,-6.686290740966797,8.363064765930176,925.41796875,925.4129638671875,0.0003,0.0003,0.1
,,,,,951999,10060.862,1000,,,,,,,,
,,,,,952000,,,-918.3439331054688,-6.792638778686523,6.1313276290893555,916.6969604492188,916.6597290039062,0.0003,0.0003,0.1
,,,,,952999,10042.382,1000,,,,,,,,
,,,,,953000,,,-907.2573852539062,-7.1219658851623535,8.65988826751709,904.9390258789062,905.9042358398438,0.0003,0.0003,0.1
,,,,,953999,9924.784,1000,,,,,,,,
,,,,,954000,,,-915.2130126953125,-7.208402633666992,6.756687641143799,913.5301513671875,913.4607543945312,0.0003,0.0003,0.1
,,,,,954999,9883.842,1000,,,,,,,,
9131.966,2611.7393,10114.582,1303.9127,1000.0,955000,,,-900.0101928710938,-6.822168350219727,7.033583641052246,898.12451171875,898.0362548828125,0.0003,0.0003,0.1
,,,,,955999,10071.677,1000,,,,,,,,
,,,,,956000,,,-917.84765625,-6.542724609375,8.034415245056152,915.8466796875,916.185791015625,0.0003,0.0003,0.1
,,,,,956999,10036.585,1000,,,,,,,,
,,,,,957000,,,-913.15966796875,-7.145711421966553,9.489327430725098,911.3070068359375,910.8662719726562,0.0003,0.0003,0.1
,,,,,957999,10111.098,1000,,,,,,,,
,,,,,958000,,,-915.729736328125,-6.337604522705078,6.772478103637695,913.3712768554688,914.440673828125,0.0003,0.0003,0.1
,,,,,958999,9906.496,1000,,,,,,,,
,,,,,959000,,,-921.988525390625,-6.899434566497803,6.093541145324707,920.5899658203125,920.03955078125,0.0003,0.0003,0.1
,,,,,959999,5230.99,1000,,,,,,,,
9510.543,657.3622,10136.029,8396.371,1000.0,960000,,,-919.9242553710938,-7.0697245597839355,5.792449951171875,918.517333984375,918.2407836914062,0.0003,0.0003,0.1
,,,,,960999,9907.444,1000,,,,,,,,
,,,,,961000,,,-910.426513671875,-6.727950096130371,8.231904029846191,908.2240600585938,908.8287353515625,0.0003,0.0003,0.1
,,,,,961999,10138.703,1000,,,,,,,,
,,,,,962000,,,-909.0062866210938,-6.5583696365356445,9.411022186279297,907.1112060546875,907.1965942382812,0.0003,0.0003,0.1
,,,,,962999,10016.3545,1000,,,,,,,,
,,,,,963000,,,-922.5345458984375,-6.844079971313477,7.35056209564209,921.1650390625,920.6002807617188,0.0003,0.0003,0.1
,,,,,963999,10127.46,1000,,,,,,,,
,,,,,964000,,,-914.2584228515625,-6.062198638916016,6.487001895904541,912.7098999023438,912.600830078125,0.0003,0.0003,0.1
,,,,,964999,9996.115,1000,,,,,,,,
10229.428,87.29813,10353.223,10064.377,1000.0,965000,,,-914.5137329101562,-6.837681770324707,21.552169799804688,912.456787109375,912.1868286132812,0.0003,0.0003,0.1
,,,,,965999,10107.446,1000,,,,,,,,
,,,,,966000,,,-927.9415893554688,-7.044018268585205,9.995376586914062,926.2127685546875,926.3549194335938,0.0003,0.0003,0.1
,,,,,966999,10041.211,1000,,,,,,,,
,,,,,967000,,,-924.5292358398438,-6.81201171875,7.926880836486816,922.85400390625,922.6759033203125,0.0003,0.0003,0.1
,,,,,967999,9862.1875,1000,,,,,,,,
,,,,,968000,,,-910.1658325195312,-6.661932945251465,11.678215026855469,908.001708984375,908.5130615234375,0.0003,0.0003,0.1
,,,,,968999,10011.299,1000,,,,,,,,
,,,,,969000,,,-906.0046997070312,-6.692740440368652,6.795013427734375,904.122802734375,904.37451171875,0.0003,0.0003,0.1
,,,,,969999,10030.515,1000,,,,,,,,
10017.502,62.07319,10131.602,9897.608,1000.0,970000,,,-924.2333984375,-6.426623344421387,6.565374374389648,922.4730224609375,922.3870849609375,0.0003,0.0003,0.1
,,,,,970999,10126.201,1000,,,,,,,,
,,,,,971000,,,-926.19873046875,-6.510668754577637,7.738918781280518,924.3120727539062,924.5796508789062,0.0003,0.0003,0.1
,,,,,971999,9851.51,1000,,,,,,,,
,,,,,972000,,,-920.7484130859375,-6.276742458343506,6.495079040527344,919.1975708007812,918.5050048828125,0.0003,0.0003,0.1
,,,,,972999,10162.545,1000,,,,,,,,
,,,,,973000,,,-916.45166015625,-6.448348045349121,6.956730842590332,914.3638916015625,914.2266845703125,0.0003,0.0003,0.1
,,,,,973999,10213.604,1000,,,,,,,,
,,,,,974000,,,-918.2359619140625,-6.549317359924316,10.400235176086426,916.311279296875,917.333984375,0.0003,0.0003,0.1
,,,,,974999,10024.888,1000,,,,,,,,
10141.156,261.29086,10289.876,9368.064,1000.0,975000,,,-933.2724609375,-6.928779602050781,8.71464729309082,931.3421630859375,931.581298828125,0.0003,0.0003,0.1
,,,,,975999,10109.768,1000,,,,,,,,
,,,,,976000,,,-923.6380004882812,-7.059996128082275,56.51316833496094,921.5570678710938,921.461181640625,0.0003,0.0003,0.1
,,,,,976999,10160.058,1000,,,,,,,,
,,,,,977000,,,-919.5418701171875,-6.335592746734619,6.796705722808838,917.334228515625,917.4205322265625,0.0003,0.0003,0.1
,,,,,977999,10212.413,1000,,,,,,,,
,,,,,978000,,,-918.07373046875,-6.936393737792969,20.491609573364258,915.737060546875,916.0804443359375,0.0003,0.0003,0.1
,,,,,978999,9997.104,1000,,,,,,,,
,,,,,979000,,,-910.5787963867188,-6.118413925170898,5.903858184814453,908.2772216796875,908.4454956054688,0.0003,0.0003,0.1
,,,,,979999,10163.028,1000,,,,,,,,
10132.846,144.28806,10279.217,9778.252,1000.0,980000,,,-927.9666748046875,-6.443276882171631,9.386817932128906,926.5062866210938,926.4226684570312,0.0003,0.0003,0.1
,,,,,980999,10005.385,1000,,,,,,,,
,,,,,981000,,,-925.8602294921875,-6.89375638961792,8.118053436279297,923.6334838867188,923.7421264648438,0.0003,0.0003,0.1
,,,,,981999,10177.772,1000,,,,,,,,
,,,,,982000,,,-912.147216796875,-7.172537803649902,10.599848747253418,909.7598876953125,909.2078857421875,0.0003,0.0003,0.1
,,,,,982999,8234.657,1000,,,,,,,,
,,,,,983000,,,-920.1618041992188,-7.0002546310424805,13.109504699707031,917.716796875,918.0331420898438,0.0003,0.0003,0.1
,,,,,983999,8745.086,1000,,,,,,,,
,,,,,984000,,,-925.4385375976562,-7.217217922210693,9.806524276733398,923.4439086914062,922.9547119140625,0.0003,0.0003,0.1
,,,,,984999,10172.304,1000,,,,,,,,
10144.459,77.20332,10248.714,10026.08,1000.0,985000,,,-918.233642578125,-6.659256458282471,7.199138641357422,915.5929565429688,915.8302001953125,0.0003,0.0003,0.1
,,,,,985999,8315.962,1000,,,,,,,,
,,,,,986000,,,-924.0144653320312,-7.160393714904785,8.941900253295898,922.75048828125,923.1898803710938,0.0003,0.0003,0.1
,,,,,986999,9517.766,1000,,,,,,,,
,,,,,987000,,,-922.4095458984375,-6.317096710205078,6.569366455078125,920.5650634765625,920.710205078125,0.0003,0.0003,0.1
,,,,,987999,10180.554,1000,,,,,,,,
,,,,,988000,,,-921.0971069335938,-6.200761795043945,7.776206970214844,918.707275390625,918.6165771484375,0.0003,0.0003,0.1
,,,,,988999,10141.22,1000,,,,,,,,
,,,,,989000,,,-908.6414794921875,-7.477575302124023,41.07777786254883,905.99267578125,906.4439697265625,0.0003,0.0003,0.1
,,,,,989999,10003.973,1000,,,,,,,,
7457.503,2635.958,10303.863,1954.8843,1000.0,990000,,,-923.2246704101562,-6.183255195617676,8.128100395202637,920.8259887695312,921.35791015625,0.0003,0.0003,0.1
,,,,,990999,9627.205,1000,,,,,,,,
,,,,,991000,,,-911.6983032226562,-6.977883338928223,8.792638778686523,910.4366455078125,910.282470703125,0.0003,0.0003,0.1
,,,,,991999,9763.105,1000,,,,,,,,
,,,,,992000,,,-920.5162963867188,-6.452301502227783,7.797685623168945,918.6754150390625,918.7026977539062,0.0003,0.0003,0.1
,,,,,992999,10188.767,1000,,,,,,,,
,,,,,993000,,,-928.3594360351562,-7.100111961364746,6.723855018615723,926.3294677734375,926.3169555664062,0.0003,0.0003,0.1
,,,,,993999,10121.279,1000,,,,,,,,
,,,,,994000,,,-923.1063232421875,-6.661568641662598,8.503958702087402,921.1790771484375,920.82177734375,0.0003,0.0003,0.1
,,,,,994999,10186.75,1000,,,,,,,,
10129.426,95.45781,10284.184,10008.23,1000.0,995000,,,-925.03076171875,-6.3695902824401855,6.6935014724731445,923.5107421875,923.4449462890625,0.0003,0.0003,0.1
,,,,,995999,10232.161,1000,,,,,,,,
,,,,,996000,,,-912.2415771484375,-6.563745021820068,8.399496078491211,910.2469482421875,910.602294921875,0.0003,0.0003,0.1
,,,,,996999,10102.144,1000,,,,,,,,
,,,,,997000,,,-922.9212036132812,-6.6580071449279785,12.324609756469727,920.30224609375,920.925048828125,0.0003,0.0003,0.1
,,,,,997999,10179.906,1000,,,,,,,,
,,,,,998000,,,-929.3509521484375,-6.6395134925842285,8.302087783813477,927.5311279296875,927.2927856445312,0.0003,0.0003,0.1
,,,,,998999,10113.4795,1000,,,,,,,,
,,,,,999000,,,-932.444091796875,-6.0417585372924805,6.1336774826049805,930.52099609375,930.515625,0.0003,0.0003,0.1
,,,,,999999,9976.412,1000,,,,,,,,
