Eval_AverageReturn,Eval_StdReturn,Eval_MaxReturn,Eval_MinReturn,Eval_AverageEpLen,step,Train_EpisodeReturn,Train_EpisodeLen,actor_loss,entropy,critic_loss,q_values,target_values,alpha,alpha_loss,actor_lr,critic_lr,temperature
-233.39502,52.125202,-145.08928,-312.3668,1000.0,0,,,,,,,,,,,,
,,,,,999,-206.25403,1000,,,,,,,,,,
,,,,,1999,-332.3879,1000,,,,,,,,,,
,,,,,2999,-293.88925,1000,,,,,,,,,,
,,,,,3999,-263.37344,1000,,,,,,,,,,
,,,,,4999,-183.49974,1000,,,,,,,,,,
-239.16328,51.520752,-164.95706,-349.72308,1000.0,5000,,,,,,,,,,,,
,,,,,5999,-258.44128,1000,,,,,,,,,,
,,,,,6999,-163.15068,1000,,,,,,,,,,
,,,,,7999,-223.22696,1000,,,,,,,,,,
,,,,,8999,-178.14647,1000,,,,,,,,,,
,,,,,9999,-278.15787,1000,,,,,,,,,,
-252.79265,76.47079,-158.77335,-444.36893,1000.0,10000,,,-0.34804242849349976,3.7372584342956543,0.4565581679344177,-0.018262889236211777,0.03094729408621788,0.10000000149011612,-22.31305694580078,0.0003,0.0003,0.09999001026153564
,,,,,10999,-210.46909,1000,,,,,,,,,,
,,,,,11000,,,-2.318342685699463,2.2785024642944336,0.522620677947998,1.592256784439087,1.6074212789535522,0.09069114923477173,-19.90264129638672,0.0003,0.0003,0.09068235009908676
,,,,,11999,-242.96606,1000,,,,,,,,,,
,,,,,12000,,,-3.5933737754821777,2.57039475440979,0.6029459238052368,3.0086781978607178,3.117661952972412,0.082013338804245,-21.579378128051758,0.0003,0.0003,0.08200503140687943
,,,,,12999,-238.64937,1000,,,,,,,,,,
,,,,,13000,,,-5.4318647384643555,1.6478571891784668,0.6134993433952332,4.816522598266602,4.782686710357666,0.07446813583374023,-19.928279876708984,0.0003,0.0003,0.07446103543043137
,,,,,13999,-214.9387,1000,,,,,,,,,,
,,,,,14000,,,-7.455263137817383,0.939850926399231,0.7326364517211914,6.659829139709473,6.663627624511719,0.06779339164495468,-18.514068603515625,0.0003,0.0003,0.06778702139854431
,,,,,14999,-176.64221,1000,,,,,,,,,,
-102.279434,23.789719,-64.330215,-130.77391,1000.0,15000,,,-9.197220802307129,1.0319080352783203,0.5531641244888306,8.379809379577637,8.538366317749023,0.061718180775642395,-19.173110961914062,0.0003,0.0003,0.061712294816970825
,,,,,15999,-60.80711,1000,,,,,,,,,,
,,,,,16000,,,-11.610123634338379,0.2936738133430481,0.41403114795684814,10.771217346191406,10.85658073425293,0.056169766932725906,-17.490909576416016,0.0003,0.0003,0.05616459622979164
,,,,,16999,-27.217344,1000,,,,,,,,,,
,,,,,17000,,,-12.977721214294434,0.2509874105453491,0.4044284522533417,12.209285736083984,12.281620025634766,0.051051896065473557,-18.352581024169922,0.0003,0.0003,0.05104711279273033
,,,,,17999,81.21948,1000,,,,,,,,,,
,,,,,18000,,,-14.102387428283691,-0.12084489315748215,0.3606668710708618,13.489127159118652,13.500171661376953,0.046459976583719254,-17.66407012939453,0.0003,0.0003,0.0464557483792305
,,,,,18999,35.216404,1000,,,,,,,,,,
,,,,,19000,,,-15.992666244506836,-0.43346700072288513,0.4561234712600708,15.352259635925293,15.456442832946777,0.042355727404356,-17.950313568115234,0.0003,0.0003,0.04235176742076874
,,,,,19999,287.66794,1000,,,,,,,,,,
522.34094,120.91931,766.72363,329.49124,1000.0,20000,,,-16.86920738220215,-1.0208828449249268,0.49165213108062744,16.28318977355957,16.133174896240234,0.03866870701313019,-16.083454132080078,0.0003,0.0003,0.03866525739431381
,,,,,20999,513.5624,1000,,,,,,,,,,
,,,,,21000,,,-19.96208381652832,-2.3159542083740234,0.4375858008861542,19.225557327270508,19.22625160217285,0.03542328625917435,-12.408876419067383,0.0003,0.0003,0.03542028367519379
,,,,,21999,507.40424,1000,,,,,,,,,,
,,,,,22000,,,-21.813154220581055,-2.3452606201171875,0.6250354647636414,21.024322509765625,20.96086311340332,0.03253203630447388,-11.770282745361328,0.0003,0.0003,0.032529182732105255
,,,,,22999,954.6165,1000,,,,,,,,,,
,,,,,23000,,,-24.71811866760254,-3.026402473449707,0.42328107357025146,23.934019088745117,23.9638614654541,0.029943760484457016,-10.469551086425781,0.0003,0.0003,0.029941318556666374
,,,,,23999,1202.3848,1000,,,,,,,,,,
,,,,,24000,,,-26.79520606994629,-3.23610258102417,0.46226996183395386,26.01837158203125,26.040142059326172,0.027578487992286682,-8.944263458251953,0.0003,0.0003,0.02757621929049492
,,,,,24999,1335.4296,1000,,,,,,,,,,
1421.0496,38.889526,1502.7406,1376.2601,1000.0,25000,,,-30.828628540039062,-3.727956533432007,0.4405389726161957,30.026762008666992,29.869583129882812,0.02553390897810459,-7.053983688354492,0.0003,0.0003,0.025532003492116928
,,,,,25999,1444.7009,1000,,,,,,,,,,
,,,,,26000,,,-35.692039489746094,-5.0711565017700195,0.513518214225769,34.76396179199219,34.79299545288086,0.023856695741415024,-3.5992774963378906,0.0003,0.0003,0.023855235427618027
,,,,,26999,1778.7122,1000,,,,,,,,,,
,,,,,27000,,,-39.09282684326172,-5.786999702453613,0.6456656455993652,38.14057540893555,38.230125427246094,0.02261572703719139,-1.318105936050415,0.0003,0.0003,0.022614801302552223
,,,,,27999,1860.3751,1000,,,,,,,,,,
,,,,,28000,,,-43.024566650390625,-6.366703987121582,0.542798638343811,42.01354217529297,42.03041458129883,0.02190929278731346,0.9531258344650269,0.0003,0.0003,0.0219090785831213
,,,,,28999,2033.6937,1000,,,,,,,,,,
,,,,,29000,,,-50.15464401245117,-6.2980756759643555,0.7018716931343079,49.03510284423828,49.01805114746094,0.022109366953372955,1.935028076171875,0.0003,0.0003,0.0221104733645916
,,,,,29999,2100.8467,1000,,,,,,,,,,
2016.3998,372.09598,2176.8115,903.22986,1000.0,30000,,,-55.260189056396484,-6.100655555725098,0.7164969444274902,54.14303970336914,54.104164123535156,0.023113971576094627,0.38854050636291504,0.0003,0.0003,0.023114556446671486
,,,,,30999,2184.2026,1000,,,,,,,,,,
,,,,,31000,,,-62.55001449584961,-5.8220343589782715,0.6096818447113037,61.30995178222656,61.312538146972656,0.024404246360063553,-0.17936570942401886,0.0003,0.0003,0.024404698982834816
,,,,,31999,2231.3318,1000,,,,,,,,,,
,,,,,32000,,,-67.75337982177734,-6.096357345581055,0.7359732389450073,66.3596420288086,66.56155395507812,0.025816360488533974,0.40531086921691895,0.0003,0.0003,0.02581828273832798
,,,,,32999,2355.6025,1000,,,,,,,,,,
,,,,,33000,,,-72.46907043457031,-6.2724528312683105,0.732372522354126,71.1954345703125,71.11539459228516,0.027014750987291336,1.1983191967010498,0.0003,0.0003,0.027016479521989822
,,,,,33999,2366.95,1000,,,,,,,,,,
,,,,,34000,,,-80.58273315429688,-6.152620315551758,0.7853420972824097,79.26290130615234,79.3991470336914,0.02831474505364895,0.2159879505634308,0.0003,0.0003,0.028315043076872826
,,,,,34999,2491.4202,1000,,,,,,,,,,
2192.5732,711.0373,2626.5044,301.90982,1000.0,35000,,,-85.38829040527344,-6.414525032043457,0.8125565648078918,83.96016693115234,83.95738220214844,0.02903074584901333,1.9699435234069824,0.0003,0.0003,0.0290323905646801
,,,,,35999,2546.8535,1000,,,,,,,,,,
,,,,,36000,,,-91.60455322265625,-6.13615608215332,0.6682724952697754,90.3160400390625,90.26802062988281,0.030350061133503914,-0.11542350053787231,0.0003,0.0003,0.030351947993040085
,,,,,36999,2551.074,1000,,,,,,,,,,
,,,,,37000,,,-99.82616424560547,-5.990544319152832,0.6187538504600525,98.58726501464844,98.6438217163086,0.03143754228949547,-0.04772275686264038,0.0003,0.0003,0.03143849968910217
,,,,,37999,2645.9014,1000,,,,,,,,,,
,,,,,38000,,,-103.10945892333984,-6.48579740524292,0.6285746097564697,101.74394989013672,101.87701416015625,0.032491061836481094,1.513177752494812,0.0003,0.0003,0.03249293565750122
,,,,,38999,2698.2087,1000,,,,,,,,,,
,,,,,39000,,,-113.38206481933594,-6.072685718536377,0.6169794797897339,112.0366439819336,111.90773010253906,0.03352144733071327,0.24524295330047607,0.0003,0.0003,0.03352241590619087
,,,,,39999,2735.3801,1000,,,,,,,,,,
2451.688,767.88885,2932.6228,725.1823,1000.0,40000,,,-117.96050262451172,-5.9658660888671875,0.6847180724143982,116.62691497802734,116.65115356445312,0.03481597080826759,-0.40633416175842285,0.0003,0.0003,0.034817565232515335
,,,,,40999,2561.3228,1000,,,,,,,,,,
,,,,,41000,,,-123.23556518554688,-6.0958709716796875,0.9076542854309082,121.8813247680664,121.79895782470703,0.03604600578546524,1.1854519844055176,0.0003,0.0003,0.03604825213551521
,,,,,41999,1033.0354,1000,,,,,,,,,,
,,,,,42000,,,-128.9572296142578,-5.892398834228516,0.7889978885650635,127.69630432128906,127.74687194824219,0.03543219715356827,-0.609113335609436,0.0003,0.0003,0.03543003275990486
,,,,,42999,381.34457,1000,,,,,,,,,,
,,,,,43000,,,-129.0848846435547,-5.683502197265625,0.8255859613418579,127.90155792236328,127.92074584960938,0.03218333050608635,-1.8192235231399536,0.0003,0.0003,0.03217945247888565
,,,,,43999,2859.946,1000,,,,,,,,,,
,,,,,44000,,,-133.19088745117188,-6.195838451385498,0.6237828135490417,132.00894165039062,132.1346893310547,0.02971903420984745,0.6423472166061401,0.0003,0.0003,0.02971823140978813
,,,,,44999,2834.2856,1000,,,,,,,,,,
2440.3691,885.09106,3040.718,480.44315,1000.0,45000,,,-136.8587646484375,-5.849452495574951,0.6771450042724609,135.75782775878906,135.762939453125,0.028622247278690338,-0.6142898797988892,0.0003,0.0003,0.028621414676308632
,,,,,45999,2859.8154,1000,,,,,,,,,,
,,,,,46000,,,-144.67723083496094,-5.810332298278809,0.6201388835906982,143.56028747558594,143.52517700195312,0.028605950996279716,-1.1359326839447021,0.0003,0.0003,0.028604883700609207
,,,,,46999,2902.154,1000,,,,,,,,,,
,,,,,47000,,,-147.87136840820312,-5.927606582641602,0.6533799171447754,146.95343017578125,146.9284210205078,0.02960083819925785,-0.4645073711872101,0.0003,0.0003,0.029602384194731712
,,,,,47999,2441.5576,1000,,,,,,,,,,
,,,,,48000,,,-153.4139404296875,-6.068805694580078,1.0448668003082275,152.25393676757812,152.33131408691406,0.030553245916962624,-1.1212018728256226,0.0003,0.0003,0.03055206499993801
,,,,,48999,2963.7676,1000,,,,,,,,,,
,,,,,49000,,,-158.48468017578125,-6.587543487548828,0.8130542635917664,157.32095336914062,157.35699462890625,0.0313626304268837,1.1341556310653687,0.0003,0.0003,0.031363409012556076
,,,,,49999,2799.2114,1000,,,,,,,,,,
2890.0186,437.94003,3158.6892,1658.5243,1000.0,50000,,,-162.6005859375,-6.088818550109863,0.5997281074523926,161.38479614257812,161.402099609375,0.031757570803165436,0.2302655279636383,0.0003,0.0003,0.03175903484225273
,,,,,50999,1974.1786,1000,,,,,,,,,,
,,,,,51000,,,-165.62716674804688,-6.785433769226074,0.7821301817893982,164.3667449951172,164.56069946289062,0.03275172412395477,2.138624668121338,0.0003,0.0003,0.032755933701992035
,,,,,51999,3006.0237,1000,,,,,,,,,,
,,,,,52000,,,-166.33609008789062,-5.768105506896973,0.774966835975647,165.33401489257812,165.31341552734375,0.03257105126976967,-0.3265494406223297,0.0003,0.0003,0.03257153183221817
,,,,,52999,3110.5183,1000,,,,,,,,,,
,,,,,53000,,,-173.3621826171875,-6.25218391418457,0.7418102025985718,172.1593780517578,172.15823364257812,0.03293429687619209,0.9267182946205139,0.0003,0.0003,0.032937582582235336
,,,,,53999,3188.2917,1000,,,,,,,,,,
,,,,,54000,,,-172.8611602783203,-5.825167655944824,1.3141586780548096,171.5711212158203,171.4431610107422,0.03362720087170601,-0.3639870882034302,0.0003,0.0003,0.033625852316617966
,,,,,54999,3206.1082,1000,,,,,,,,,,
3226.6775,57.235256,3284.1,3113.5876,1000.0,55000,,,-182.13099670410156,-6.49984073638916,1.9458441734313965,180.47015380859375,180.65664672851562,0.034384481608867645,1.5146760940551758,0.0003,0.0003,0.034384746104478836
,,,,,55999,3302.088,1000,,,,,,,,,,
,,,,,56000,,,-181.5114288330078,-5.933109760284424,0.9421328902244568,180.232421875,180.20193481445312,0.035161782056093216,-0.42254936695098877,0.0003,0.0003,0.03516314923763275
,,,,,56999,3219.6882,1000,,,,,,,,,,
,,,,,57000,,,-189.82388305664062,-5.78092098236084,0.7968915104866028,188.80294799804688,188.6121368408203,0.0361177958548069,-0.13375446200370789,0.0003,0.0003,0.036119475960731506
,,,,,57999,3344.0542,1000,,,,,,,,,,
,,,,,58000,,,-191.8979034423828,-6.216339111328125,0.9688774347305298,190.73367309570312,190.9047088623047,0.03748931735754013,0.3480583131313324,0.0003,0.0003,0.03749199956655502
,,,,,58999,3345.3616,1000,,,,,,,,,,
,,,,,59000,,,-200.22576904296875,-5.935365676879883,0.9688611030578613,199.25242614746094,199.38192749023438,0.038829244673252106,-0.058707818388938904,0.0003,0.0003,0.038830168545246124
,,,,,59999,3380.9822,1000,,,,,,,,,,
3226.6316,37.557144,3318.3716,3175.5476,1000.0,60000,,,-202.4241485595703,-6.045736312866211,0.9187302589416504,201.2427978515625,201.23367309570312,0.0399150513112545,0.37759488821029663,0.0003,0.0003,0.03991714119911194
,,,,,60999,3324.9045,1000,,,,,,,,,,
,,,,,61000,,,-200.1693878173828,-6.131581783294678,0.8770959377288818,198.9877471923828,198.92144775390625,0.041190821677446365,1.2328770160675049,0.0003,0.0003,0.04119233042001724
,,,,,61999,3380.7922,1000,,,,,,,,,,
,,,,,62000,,,-206.21603393554688,-5.910348892211914,0.9049369692802429,204.9140167236328,205.00387573242188,0.042634639889001846,0.25372573733329773,0.0003,0.0003,0.04263647273182869
,,,,,62999,3460.391,1000,,,,,,,,,,
,,,,,63000,,,-213.36036682128906,-6.5600409507751465,1.4502639770507812,212.07420349121094,212.15994262695312,0.043596792966127396,1.4600317478179932,0.0003,0.0003,0.043599408119916916
,,,,,63999,3312.1924,1000,,,,,,,,,,
,,,,,64000,,,-214.9499969482422,-5.97181510925293,1.1097737550735474,213.7047882080078,213.693359375,0.04438462480902672,-0.7501653432846069,0.0003,0.0003,0.044384993612766266
,,,,,64999,3444.653,1000,,,,,,,,,,
3127.4429,978.10266,3505.739,194.91983,1000.0,65000,,,-224.08456420898438,-6.2114057540893555,0.9918224811553955,223.09579467773438,223.10043334960938,0.04530689865350723,0.27312034368515015,0.0003,0.0003,0.04530911520123482
,,,,,65999,3519.0825,1000,,,,,,,,,,
,,,,,66000,,,-230.28436279296875,-5.906026840209961,1.0989649295806885,229.1485137939453,229.05429077148438,0.046267472207546234,-0.27695465087890625,0.0003,0.0003,0.04626832157373428
,,,,,66999,3511.5422,1000,,,,,,,,,,
,,,,,67000,,,-236.52296447753906,-5.921985626220703,0.9971227049827576,235.3597412109375,235.400390625,0.047185566276311874,0.25634944438934326,0.0003,0.0003,0.047186002135276794
,,,,,67999,251.07936,1000,,,,,,,,,,
,,,,,68000,,,-225.8762969970703,-6.3084564208984375,1.2138583660125732,224.5117950439453,224.5975341796875,0.046092234551906586,0.3131551742553711,0.0003,0.0003,0.0460921935737133
,,,,,68999,3493.4077,1000,,,,,,,,,,
,,,,,69000,,,-235.58901977539062,-5.86799430847168,1.045690894126892,234.26345825195312,234.4226531982422,0.04304180666804314,-0.6369376182556152,0.0003,0.0003,0.04303891211748123
,,,,,69999,2247.1924,1000,,,,,,,,,,
3653.019,35.373367,3716.8047,3596.5415,1000.0,70000,,,-237.10772705078125,-5.878271579742432,0.9892411231994629,236.1573486328125,236.09799194335938,0.04073195904493332,0.11863789707422256,0.0003,0.0003,0.04073154181241989
,,,,,70999,763.61615,1000,,,,,,,,,,
,,,,,71000,,,-235.53555297851562,-5.7021331787109375,0.9717085361480713,234.51681518554688,234.50222778320312,0.03932644799351692,-0.6337384581565857,0.0003,0.0003,0.03932492062449455
,,,,,71999,3714.354,1000,,,,,,,,,,
,,,,,72000,,,-235.40927124023438,-5.739357948303223,0.9448224902153015,234.37692260742188,234.33682250976562,0.03856046497821808,-0.4305655062198639,0.0003,0.0003,0.038559362292289734
,,,,,72999,3768.2622,1000,,,,,,,,,,
,,,,,73000,,,-247.8267822265625,-5.694512367248535,0.7749850153923035,246.84970092773438,246.6941680908203,0.037878893315792084,-0.843695342540741,0.0003,0.0003,0.03787864372134209
,,,,,73999,3688.3958,1000,,,,,,,,,,
,,,,,74000,,,-243.16358947753906,-5.689697265625,0.9414604306221008,242.16323852539062,242.27513122558594,0.0379120334982872,0.025061309337615967,0.0003,0.0003,0.03791308403015137
,,,,,74999,3684.3293,1000,,,,,,,,,,
3671.602,74.08533,3736.1707,3455.7354,1000.0,75000,,,-247.7084503173828,-5.719546794891357,0.8672724962234497,246.783447265625,246.72804260253906,0.0382123626768589,0.008036240935325623,0.0003,0.0003,0.038213472813367844
,,,,,75999,3719.7874,1000,,,,,,,,,,
,,,,,76000,,,-238.74700927734375,-5.872880935668945,1.188627004623413,237.72796630859375,237.85769653320312,0.03883263096213341,-0.38323429226875305,0.0003,0.0003,0.03883374109864235
,,,,,76999,3812.1702,1000,,,,,,,,,,
,,,,,77000,,,-260.9895935058594,-5.978626251220703,3.765181064605713,260.235595703125,260.06561279296875,0.0398668497800827,-0.3118336796760559,0.0003,0.0003,0.03987083211541176
,,,,,77999,3707.1592,1000,,,,,,,,,,
,,,,,78000,,,-252.48455810546875,-6.063570499420166,1.154876708984375,251.25172424316406,251.3275604248047,0.04010263830423355,0.24096249043941498,0.0003,0.0003,0.0401044562458992
,,,,,78999,3828.2822,1000,,,,,,,,,,
,,,,,79000,,,-262.770263671875,-6.227876663208008,1.2367992401123047,261.59295654296875,261.45306396484375,0.041541822254657745,1.3707575798034668,0.0003,0.0003,0.041543684899806976
,,,,,79999,3800.8555,1000,,,,,,,,,,
3819.209,49.78754,3888.1545,3731.894,1000.0,80000,,,-257.0586853027344,-6.13925838470459,1.1696984767913818,255.90353393554688,256.05804443359375,0.04212210327386856,0.7372325658798218,0.0003,0.0003,0.042120758444070816
,,,,,80999,3841.6724,1000,,,,,,,,,,
,,,,,81000,,,-262.38958740234375,-5.825512886047363,0.8838443160057068,261.43572998046875,261.31207275390625,0.04286178946495056,-0.05218466743826866,0.0003,0.0003,0.04286205396056175
,,,,,81999,3828.1316,1000,,,,,,,,,,
,,,,,82000,,,-264.22784423828125,-6.3843488693237305,1.1396477222442627,263.066650390625,263.07421875,0.043435655534267426,1.1829326152801514,0.0003,0.0003,0.04343704134225845
,,,,,82999,3871.3088,1000,,,,,,,,,,
,,,,,83000,,,-268.01513671875,-6.370811939239502,1.0445337295532227,266.91571044921875,266.929443359375,0.0441523939371109,0.7778447866439819,0.0003,0.0003,0.04415063560009003
,,,,,83999,3821.8604,1000,,,,,,,,,,
,,,,,84000,,,-265.1786193847656,-5.826474189758301,1.1374045610427856,264.09600830078125,263.9006652832031,0.04435556381940842,0.18349936604499817,0.0003,0.0003,0.04435434937477112
,,,,,84999,491.50638,1000,,,,,,,,,,
3125.4272,1342.8746,3856.6265,425.6792,1000.0,85000,,,-265.5953063964844,-5.993084907531738,0.9833940267562866,264.45147705078125,264.3580627441406,0.04416558891534805,-0.21755734086036682,0.0003,0.0003,0.0441628061234951
,,,,,85999,3869.5898,1000,,,,,,,,,,
,,,,,86000,,,-265.0596923828125,-5.468281269073486,1.2720967531204224,264.04150390625,264.0628967285156,0.0433402881026268,-1.7806142568588257,0.0003,0.0003,0.04334111511707306
,,,,,86999,3938.9248,1000,,,,,,,,,,
,,,,,87000,,,-276.8402099609375,-6.277587413787842,1.9045300483703613,275.8349609375,275.59503173828125,0.04334360361099243,1.3589223623275757,0.0003,0.0003,0.04334460571408272
,,,,,87999,3981.1316,1000,,,,,,,,,,
,,,,,88000,,,-278.1970520019531,-6.1035261154174805,1.2341399192810059,276.991455078125,276.93756103515625,0.04377719387412071,-0.003620237112045288,0.0003,0.0003,0.04377735033631325
,,,,,88999,3985.3394,1000,,,,,,,,,,
,,,,,89000,,,-274.070068359375,-6.1958160400390625,1.1036138534545898,272.6947021484375,272.70947265625,0.04396545886993408,0.3577839732170105,0.0003,0.0003,0.04396672546863556
,,,,,89999,3908.7866,1000,,,,,,,,,,
3591.7344,1064.3896,3996.8357,400.75797,1000.0,90000,,,-268.2823791503906,-5.604192733764648,1.4655685424804688,267.1604919433594,267.17376708984375,0.04495412856340408,-0.22408276796340942,0.0003,0.0003,0.044951725751161575
,,,,,90999,3851.2473,1000,,,,,,,,,,
,,,,,91000,,,-282.5314636230469,-6.107177734375,1.6718405485153198,281.4510803222656,281.42138671875,0.04550628736615181,-0.2544017434120178,0.0003,0.0003,0.04550488665699959
,,,,,91999,3936.6362,1000,,,,,,,,,,
,,,,,92000,,,-283.5237731933594,-6.485140800476074,1.9751518964767456,282.4306945800781,282.514892578125,0.04580849036574364,0.21118316054344177,0.0003,0.0003,0.04580873250961304
,,,,,92999,3973.2559,1000,,,,,,,,,,
,,,,,93000,,,-290.37158203125,-6.1107177734375,1.8333897590637207,289.0182189941406,289.09576416015625,0.04675476998090744,-0.4985318183898926,0.0003,0.0003,0.04675666242837906
,,,,,93999,3740.8354,1000,,,,,,,,,,
,,,,,94000,,,-291.3887634277344,-6.5374603271484375,1.1197116374969482,290.3454895019531,290.53466796875,0.0475105382502079,1.319488525390625,0.0003,0.0003,0.04750964418053627
,,,,,94999,4050.735,1000,,,,,,,,,,
4043.6204,32.831474,4097.3438,4000.005,1000.0,95000,,,-295.1378173828125,-6.140430450439453,1.3406524658203125,294.0985412597656,294.1502685546875,0.04825108125805855,-0.6215654611587524,0.0003,0.0003,0.04824965447187424
,,,,,95999,4080.1475,1000,,,,,,,,,,
,,,,,96000,,,-296.1708984375,-6.094606399536133,1.4270548820495605,295.462890625,295.45159912109375,0.04988887533545494,-0.012587189674377441,0.0003,0.0003,0.04988887533545494
,,,,,96999,4035.743,1000,,,,,,,,,,
,,,,,97000,,,-294.3587341308594,-5.949404716491699,2.050229072570801,293.4939880371094,293.4150695800781,0.05099497362971306,0.24716782569885254,0.0003,0.0003,0.05099672079086304
,,,,,97999,4007.1992,1000,,,,,,,,,,
,,,,,98000,,,-299.8304748535156,-6.182069778442383,1.5803110599517822,298.72900390625,298.76910400390625,0.0540294386446476,1.6828336715698242,0.0003,0.0003,0.05403396114706993
,,,,,98999,4063.9404,1000,,,,,,,,,,
,,,,,99000,,,-302.1210021972656,-6.201991081237793,1.8082456588745117,300.9682922363281,301.003662109375,0.05824519693851471,0.5178852081298828,0.0003,0.0003,0.05824798718094826
,,,,,99999,4064.993,1000,,,,,,,,,,
4008.647,53.690983,4084.1445,3894.7107,1000.0,100000,,,-315.984619140625,-6.200712203979492,3.698896884918213,314.70550537109375,314.4866943359375,0.06289411336183548,0.7329903841018677,0.0003,0.0003,0.06290039420127869
,,,,,100999,3988.7197,1000,,,,,,,,,,
,,,,,101000,,,-314.25762939453125,-6.026623725891113,4.810596942901611,312.7267761230469,312.6646728515625,0.06638570129871368,0.7850900292396545,0.0003,0.0003,0.06638585776090622
,,,,,101999,4012.458,1000,,,,,,,,,,
,,,,,102000,,,-309.7008361816406,-6.1050872802734375,5.395807266235352,308.327880859375,308.404541015625,0.06708621233701706,0.7394084930419922,0.0003,0.0003,0.06708624213933945
,,,,,102999,3969.645,1000,,,,,,,,,,
,,,,,103000,,,-311.9730224609375,-6.021867752075195,3.039951801300049,310.71832275390625,310.6017150878906,0.06553558260202408,0.8847296237945557,0.0003,0.0003,0.0655360221862793
,,,,,103999,4000.4795,1000,,,,,,,,,,
,,,,,104000,,,-312.579345703125,-5.727034091949463,4.436430931091309,311.43853759765625,311.5932312011719,0.06321629881858826,-0.46073010563850403,0.0003,0.0003,0.06321259588003159
,,,,,104999,3969.959,1000,,,,,,,,,,
3977.127,22.202513,4002.2405,3928.6045,1000.0,105000,,,-318.7818908691406,-5.964707374572754,2.264341115951538,317.18365478515625,316.9620361328125,0.061690401285886765,-0.27562835812568665,0.0003,0.0003,0.06168605014681816
,,,,,105999,4070.2275,1000,,,,,,,,,,
,,,,,106000,,,-323.760009765625,-5.9170122146606445,2.6157681941986084,322.4561767578125,322.64007568359375,0.061332229524850845,0.3790319561958313,0.0003,0.0003,0.06133698299527168
,,,,,106999,4076.3198,1000,,,,,,,,,,
,,,,,107000,,,-320.8279113769531,-5.975668430328369,3.207211971282959,319.5915222167969,319.4161682128906,0.061096224933862686,-0.3154986500740051,0.0003,0.0003,0.0610976479947567
,,,,,107999,4019.8755,1000,,,,,,,,,,
,,,,,108000,,,-334.1694641113281,-5.601659774780273,1.7308349609375,332.76678466796875,332.8548889160156,0.060894183814525604,-0.5336892604827881,0.0003,0.0003,0.060889724642038345
,,,,,108999,4006.4927,1000,,,,,,,,,,
,,,,,109000,,,-326.3400573730469,-5.926901340484619,2.0487163066864014,325.1671447753906,325.0205078125,0.06074202060699463,-0.2829897999763489,0.0003,0.0003,0.06073844060301781
,,,,,109999,4087.4336,1000,,,,,,,,,,
4071.6433,36.18659,4140.0625,4003.136,1000.0,110000,,,-329.6330261230469,-6.073338508605957,2.354794502258301,328.4781799316406,328.49591064453125,0.06033296883106232,-0.30636200308799744,0.0003,0.0003,0.06033089756965637
,,,,,110999,4141.8086,1000,,,,,,,,,,
,,,,,111000,,,-332.9997253417969,-6.25114107131958,2.4099133014678955,331.34661865234375,331.49688720703125,0.05974365398287773,0.14861899614334106,0.0003,0.0003,0.05974144861102104
,,,,,111999,4138.3774,1000,,,,,,,,,,
,,,,,112000,,,-333.0177307128906,-6.509550094604492,2.472177743911743,331.636962890625,331.6969299316406,0.05923456326127052,0.6503424644470215,0.0003,0.0003,0.0592334009706974
,,,,,112999,4162.879,1000,,,,,,,,,,
,,,,,113000,,,-341.95294189453125,-6.119195938110352,1.6180812120437622,340.9010009765625,340.7692565917969,0.05929628014564514,0.8193871974945068,0.0003,0.0003,0.059299759566783905
,,,,,113999,4169.2354,1000,,,,,,,,,,
,,,,,114000,,,-341.8381652832031,-5.9813642501831055,1.7509520053863525,340.67535400390625,340.67926025390625,0.05905592814087868,-0.21182598173618317,0.0003,0.0003,0.059058237820863724
,,,,,114999,4117.1196,1000,,,,,,,,,,
4123.1924,47.541862,4178.109,4041.839,1000.0,115000,,,-343.644775390625,-5.897244930267334,1.6319571733474731,342.75238037109375,342.5894470214844,0.05909654498100281,0.1875959038734436,0.0003,0.0003,0.059098392724990845
,,,,,115999,4178.872,1000,,,,,,,,,,
,,,,,116000,,,-344.5278625488281,-5.938799858093262,1.6980671882629395,343.4823303222656,343.1924133300781,0.058660972863435745,-1.2136896848678589,0.0003,0.0003,0.05865732580423355
,,,,,116999,4107.19,1000,,,,,,,,,,
,,,,,117000,,,-348.5299072265625,-5.906881809234619,1.8177685737609863,347.33453369140625,347.34716796875,0.0590747706592083,-0.1646701693534851,0.0003,0.0003,0.059073306620121
,,,,,117999,4303.1294,1000,,,,,,,,,,
,,,,,118000,,,-346.53240966796875,-5.897186279296875,1.275385856628418,345.544189453125,345.4740295410156,0.0590045191347599,-0.1721307337284088,0.0003,0.0003,0.059001125395298004
,,,,,118999,4246.4766,1000,,,,,,,,,,
,,,,,119000,,,-347.0570068359375,-5.9437336921691895,1.9967011213302612,345.6275939941406,345.640869140625,0.059126511216163635,0.012383043766021729,0.0003,0.0003,0.059127677232027054
,,,,,119999,4267.853,1000,,,,,,,,,,
4245.493,32.501995,4313.601,4203.5156,1000.0,120000,,,-350.0030822753906,-6.340705871582031,1.439062476158142,348.867431640625,348.939453125,0.05936691164970398,0.24919673800468445,0.0003,0.0003,0.05936802923679352
,,,,,120999,4283.372,1000,,,,,,,,,,
,,,,,121000,,,-350.3638610839844,-6.4105634689331055,1.434829831123352,349.1693115234375,349.21868896484375,0.05868761986494064,1.608814001083374,0.0003,0.0003,0.05868963524699211
,,,,,121999,4219.686,1000,,,,,,,,,,
,,,,,122000,,,-355.54168701171875,-5.964883327484131,1.4485430717468262,354.41253662109375,354.28765869140625,0.058521389961242676,-0.6043545603752136,0.0003,0.0003,0.058519452810287476
,,,,,122999,4293.291,1000,,,,,,,,,,
,,,,,123000,,,-359.7727966308594,-5.801795482635498,1.2319979667663574,358.8284912109375,358.8782958984375,0.05908306688070297,-0.8215281367301941,0.0003,0.0003,0.059082742780447006
,,,,,123999,4270.9385,1000,,,,,,,,,,
,,,,,124000,,,-357.0973815917969,-6.411777496337891,1.2881847620010376,356.0550231933594,355.947998046875,0.05866146460175514,0.5187821388244629,0.0003,0.0003,0.058662887662649155
,,,,,124999,4283.8203,1000,,,,,,,,,,
4160.0557,327.65192,4360.5195,3190.1416,1000.0,125000,,,-357.2489318847656,-5.616973400115967,1.3536434173583984,355.82647705078125,355.96343994140625,0.05866805091500282,-0.4936727285385132,0.0003,0.0003,0.058666300028562546
,,,,,125999,4367.004,1000,,,,,,,,,,
,,,,,126000,,,-360.123779296875,-5.9602556228637695,1.3177497386932373,358.8602600097656,358.85968017578125,0.058493588119745255,0.22092385590076447,0.0003,0.0003,0.058491021394729614
,,,,,126999,4270.21,1000,,,,,,,,,,
,,,,,127000,,,-359.76666259765625,-5.928652763366699,1.3289265632629395,358.7602233886719,358.589599609375,0.05882619693875313,0.3267329931259155,0.0003,0.0003,0.05882727727293968
,,,,,127999,4251.6543,1000,,,,,,,,,,
,,,,,128000,,,-358.5199279785156,-6.278492450714111,1.1838109493255615,357.1370849609375,357.0007019042969,0.059340693056583405,0.9229962229728699,0.0003,0.0003,0.059343304485082626
,,,,,128999,4241.486,1000,,,,,,,,,,
,,,,,129000,,,-361.08331298828125,-6.224434852600098,1.359508991241455,359.78094482421875,359.9571838378906,0.059808146208524704,0.06844024360179901,0.0003,0.0003,0.059807389974594116
,,,,,129999,4270.0005,1000,,,,,,,,,,
4369.878,67.424416,4509.6953,4278.536,1000.0,130000,,,-367.35467529296875,-6.2955827713012695,1.2523444890975952,366.27850341796875,366.2188720703125,0.060041770339012146,0.6512942314147949,0.0003,0.0003,0.06004101410508156
,,,,,130999,4153.4414,1000,,,,,,,,,,
,,,,,131000,,,-371.8841552734375,-6.283957004547119,1.0553723573684692,370.9186096191406,370.8494873046875,0.06006067991256714,0.4537033140659332,0.0003,0.0003,0.060061015188694
,,,,,131999,4416.052,1000,,,,,,,,,,
,,,,,132000,,,-369.3441162109375,-5.994119644165039,1.236307144165039,368.1848449707031,368.2517395019531,0.06075882166624069,0.6341525316238403,0.0003,0.0003,0.06075771898031235
,,,,,132999,4377.857,1000,,,,,,,,,,
,,,,,133000,,,-366.60198974609375,-5.963022232055664,1.1195076704025269,365.6942443847656,365.6446533203125,0.0607263520359993,-0.20039290189743042,0.0003,0.0003,0.06072678416967392
,,,,,133999,4313.444,1000,,,,,,,,,,
,,,,,134000,,,-365.21624755859375,-5.826817035675049,2.0054197311401367,364.07086181640625,364.02081298828125,0.060873717069625854,0.16566047072410583,0.0003,0.0003,0.0608752965927124
,,,,,134999,4360.043,1000,,,,,,,,,,
3925.6653,992.27124,4527.035,1595.513,1000.0,135000,,,-371.7254638671875,-6.102927207946777,1.3891034126281738,370.45538330078125,370.246337890625,0.06116625294089317,0.648970365524292,0.0003,0.0003,0.06116495653986931
,,,,,135999,4335.128,1000,,,,,,,,,,
,,,,,136000,,,-370.2947998046875,-6.226994037628174,1.1750190258026123,369.3978271484375,369.40509033203125,0.06161713972687721,0.38083821535110474,0.0003,0.0003,0.061616186052560806
,,,,,136999,1210.1713,1000,,,,,,,,,,
,,,,,137000,,,-374.6112060546875,-5.636816501617432,1.6833339929580688,373.6400451660156,373.568603515625,0.06243874132633209,-1.331601619720459,0.0003,0.0003,0.06243622303009033
,,,,,137999,4406.0825,1000,,,,,,,,,,
,,,,,138000,,,-370.72344970703125,-5.9084930419921875,1.1184806823730469,369.7361755371094,369.76959228515625,0.059494081884622574,-0.34863272309303284,0.0003,0.0003,0.05949275940656662
,,,,,138999,4505.7344,1000,,,,,,,,,,
,,,,,139000,,,-370.870849609375,-6.335294723510742,1.2439885139465332,369.85595703125,369.95916748046875,0.057104241102933884,1.2133545875549316,0.0003,0.0003,0.057100892066955566
,,,,,139999,4426.608,1000,,,,,,,,,,
4362.515,37.926678,4421.5215,4291.5,1000.0,140000,,,-375.7309875488281,-5.927896499633789,1.1876373291015625,374.95489501953125,375.03643798828125,0.054219286888837814,-0.36609625816345215,0.0003,0.0003,0.05421542003750801
,,,,,140999,4369.9966,1000,,,,,,,,,,
,,,,,141000,,,-374.055419921875,-6.375261306762695,0.8462362289428711,373.2227783203125,373.1999206542969,0.0523582398891449,0.8264127373695374,0.0003,0.0003,0.052358027547597885
,,,,,141999,4429.3833,1000,,,,,,,,,,
,,,,,142000,,,-367.0133056640625,-6.123082160949707,1.502859354019165,366.1549072265625,365.99566650390625,0.052278392016887665,-0.2822378873825073,0.0003,0.0003,0.05227648839354515
,,,,,142999,4496.563,1000,,,,,,,,,,
,,,,,143000,,,-375.45452880859375,-6.160234451293945,1.217796802520752,374.5665283203125,374.572509765625,0.05222049355506897,0.5206770300865173,0.0003,0.0003,0.05222166329622269
,,,,,143999,4401.821,1000,,,,,,,,,,
,,,,,144000,,,-375.5433654785156,-5.641216278076172,1.0188817977905273,374.7427673339844,374.6067810058594,0.05247035622596741,-0.3356318473815918,0.0003,0.0003,0.052472006529569626
,,,,,144999,4481.702,1000,,,,,,,,,,
4470.789,52.196224,4536.161,4386.7456,1000.0,145000,,,-374.8740234375,-6.249964237213135,1.0303218364715576,374.0921630859375,373.8509826660156,0.052030134946107864,-0.34257498383522034,0.0003,0.0003,0.052031539380550385
,,,,,145999,4516.806,1000,,,,,,,,,,
,,,,,146000,,,-377.30169677734375,-5.956249237060547,1.1113739013671875,376.50689697265625,376.4757995605469,0.05279389023780823,-0.1577240228652954,0.0003,0.0003,0.052792470902204514
,,,,,146999,4507.939,1000,,,,,,,,,,
,,,,,147000,,,-381.1260986328125,-6.123395919799805,0.958294689655304,380.2159729003906,380.3045654296875,0.05397392064332962,-0.6583846211433411,0.0003,0.0003,0.053972624242305756
,,,,,147999,4477.5186,1000,,,,,,,,,,
,,,,,148000,,,-380.0780029296875,-6.238773822784424,1.1082658767700195,379.41766357421875,379.334228515625,0.054414961487054825,-0.03481900691986084,0.0003,0.0003,0.0544157549738884
,,,,,148999,4557.63,1000,,,,,,,,,,
,,,,,149000,,,-381.3397216796875,-5.946240425109863,1.2938064336776733,380.4173889160156,380.4384765625,0.05445272848010063,-0.6308008432388306,0.0003,0.0003,0.05445354804396629
,,,,,149999,4470.6714,1000,,,,,,,,,,
4409.507,33.85109,4466.8276,4358.8403,1000.0,150000,,,-384.8843078613281,-6.2099151611328125,4.442747116088867,383.9166564941406,383.980712890625,0.055377159267663956,1.218865990638733,0.0003,0.0003,0.05537763237953186
,,,,,150999,4490.1895,1000,,,,,,,,,,
,,,,,151000,,,-380.1896667480469,-6.110362529754639,3.5670838356018066,379.0754089355469,379.2889404296875,0.05584186315536499,0.24724450707435608,0.0003,0.0003,0.05584258213639259
,,,,,151999,4529.353,1000,,,,,,,,,,
,,,,,152000,,,-381.45257568359375,-6.185266971588135,1.4397108554840088,380.7159118652344,380.517333984375,0.05586359649896622,0.15235966444015503,0.0003,0.0003,0.05586325004696846
,,,,,152999,4398.332,1000,,,,,,,,,,
,,,,,153000,,,-376.5783386230469,-6.190522193908691,1.720984935760498,375.572021484375,375.4093322753906,0.05633644759654999,0.4497114419937134,0.0003,0.0003,0.056335896253585815
,,,,,153999,4513.3486,1000,,,,,,,,,,
,,,,,154000,,,-377.29486083984375,-5.847631931304932,3.0239615440368652,376.7016906738281,376.81396484375,0.056505683809518814,-1.4329614639282227,0.0003,0.0003,0.05650651827454567
,,,,,154999,4562.759,1000,,,,,,,,,,
4571.616,41.033264,4622.531,4498.5435,1000.0,155000,,,-381.6042175292969,-6.256380081176758,1.2916615009307861,380.51959228515625,380.47894287109375,0.056831564754247665,1.0630651712417603,0.0003,0.0003,0.056833017617464066
,,,,,155999,4578.6577,1000,,,,,,,,,,
,,,,,156000,,,-385.24267578125,-6.020424842834473,1.8062243461608887,384.5322265625,384.5857849121094,0.05839721858501434,0.1880807876586914,0.0003,0.0003,0.05839923769235611
,,,,,156999,4689.8843,1000,,,,,,,,,,
,,,,,157000,,,-379.9199523925781,-6.219902992248535,1.7313615083694458,378.9814453125,378.8572998046875,0.06074058637022972,0.33527278900146484,0.0003,0.0003,0.06074291840195656
,,,,,157999,4524.088,1000,,,,,,,,,,
,,,,,158000,,,-384.208984375,-6.364657878875732,2.523949384689331,383.38262939453125,383.1896667480469,0.06289210170507431,0.7765837907791138,0.0003,0.0003,0.06289561837911606
,,,,,158999,4617.56,1000,,,,,,,,,,
,,,,,159000,,,-388.87384033203125,-5.622438907623291,1.699402093887329,387.650146484375,387.7716064453125,0.06475882232189178,-0.5690574049949646,0.0003,0.0003,0.06475979089736938
,,,,,159999,4683.774,1000,,,,,,,,,,
4631.7275,46.680004,4705.737,4561.757,1000.0,160000,,,-390.582275390625,-6.145838260650635,1.7725989818572998,389.27386474609375,389.2857971191406,0.06560978293418884,0.5669500827789307,0.0003,0.0003,0.0656156986951828
,,,,,160999,4594.0405,1000,,,,,,,,,,
,,,,,161000,,,-389.0591125488281,-6.030379295349121,2.123173713684082,388.13275146484375,388.060546875,0.06597360223531723,-0.3263373076915741,0.0003,0.0003,0.06597582250833511
,,,,,161999,4599.8677,1000,,,,,,,,,,
,,,,,162000,,,-389.7679748535156,-5.772560119628906,3.027045726776123,388.491455078125,388.6253967285156,0.06695733964443207,0.4121689200401306,0.0003,0.0003,0.06695936620235443
,,,,,162999,4544.357,1000,,,,,,,,,,
,,,,,163000,,,-391.5874938964844,-6.047290325164795,2.2337470054626465,390.2559814453125,390.36358642578125,0.06790877878665924,0.7725271582603455,0.0003,0.0003,0.06791170686483383
,,,,,163999,1930.3097,1000,,,,,,,,,,
,,,,,164000,,,-392.7895202636719,-6.107176303863525,2.490241050720215,391.8333435058594,392.1386413574219,0.06793559342622757,0.8179244995117188,0.0003,0.0003,0.06793637573719025
,,,,,164999,4695.8374,1000,,,,,,,,,,
4625.587,67.907394,4710.7305,4498.871,1000.0,165000,,,-393.38226318359375,-5.897716522216797,1.2262568473815918,392.4356689453125,392.38983154296875,0.06578612327575684,-0.49653270840644836,0.0003,0.0003,0.06578320264816284
,,,,,165999,4582.499,1000,,,,,,,,,,
,,,,,166000,,,-390.8760986328125,-5.872089385986328,1.593618631362915,390.02886962890625,389.94140625,0.06301888823509216,-0.47409576177597046,0.0003,0.0003,0.06301730871200562
,,,,,166999,4581.0464,1000,,,,,,,,,,
,,,,,167000,,,-397.159912109375,-5.611425399780273,1.4398581981658936,396.4324035644531,396.1779479980469,0.062476225197315216,-0.11163514852523804,0.0003,0.0003,0.06247638538479805
,,,,,167999,4702.4976,1000,,,,,,,,,,
,,,,,168000,,,-397.9586486816406,-6.123546600341797,2.0400867462158203,397.06036376953125,397.1177062988281,0.06252773851156235,-0.3875533938407898,0.0003,0.0003,0.06252957135438919
,,,,,168999,4850.974,1000,,,,,,,,,,
,,,,,169000,,,-404.6694030761719,-5.705425262451172,1.4546029567718506,403.64892578125,403.92620849609375,0.0639193132519722,-0.46448835730552673,0.0003,0.0003,0.06391804665327072
,,,,,169999,4715.7095,1000,,,,,,,,,,
4817.933,51.379433,4891.5366,4730.17,1000.0,170000,,,-399.69183349609375,-6.002750396728516,2.095950126647949,399.04296875,398.8055419921875,0.06480640918016434,-0.442989706993103,0.0003,0.0003,0.06480959057807922
,,,,,170999,4744.645,1000,,,,,,,,,,
,,,,,171000,,,-392.97149658203125,-6.24484395980835,1.5200791358947754,391.75079345703125,391.85345458984375,0.0666157528758049,0.9381539225578308,0.0003,0.0003,0.06661815941333771
,,,,,171999,4741.8345,1000,,,,,,,,,,
,,,,,172000,,,-390.16302490234375,-6.286895751953125,2.6600120067596436,389.12615966796875,389.3294677734375,0.06796856224536896,0.2550618350505829,0.0003,0.0003,0.06796801090240479
,,,,,172999,4854.1187,1000,,,,,,,,,,
,,,,,173000,,,-405.4403381347656,-6.094947814941406,3.209223747253418,404.29095458984375,404.30462646484375,0.0689326748251915,-0.11563539505004883,0.0003,0.0003,0.06893178075551987
,,,,,173999,4807.6646,1000,,,,,,,,,,
,,,,,174000,,,-401.055419921875,-6.000400543212891,1.8546119928359985,399.71600341796875,399.72918701171875,0.07040102034807205,0.933320164680481,0.0003,0.0003,0.07040345668792725
,,,,,174999,4776.842,1000,,,,,,,,,,
4821.4404,55.27383,4887.9414,4676.3364,1000.0,175000,,,-405.2305603027344,-6.01608943939209,2.0915181636810303,404.1080322265625,404.112548828125,0.07163260877132416,-0.1278621256351471,0.0003,0.0003,0.0716351643204689
,,,,,175999,4812.7607,1000,,,,,,,,,,
,,,,,176000,,,-408.2943420410156,-6.483878135681152,9.51415729522705,407.2987976074219,407.01641845703125,0.07324886322021484,0.919740617275238,0.0003,0.0003,0.07325328141450882
,,,,,176999,4455.0493,1000,,,,,,,,,,
,,,,,177000,,,-410.0470275878906,-5.952302932739258,1.8950273990631104,408.8975524902344,408.79107666015625,0.07429517805576324,-1.0056712627410889,0.0003,0.0003,0.0742938295006752
,,,,,177999,4918.641,1000,,,,,,,,,,
,,,,,178000,,,-414.10888671875,-6.011558532714844,2.077164888381958,413.078125,413.17852783203125,0.07462716847658157,-0.042544472962617874,0.0003,0.0003,0.0746285617351532
,,,,,178999,4948.043,1000,,,,,,,,,,
,,,,,179000,,,-414.01348876953125,-5.8769659996032715,2.489468574523926,412.90057373046875,412.9643249511719,0.07462140917778015,-1.043089509010315,0.0003,0.0003,0.07462058961391449
,,,,,179999,4708.2754,1000,,,,,,,,,,
4826.2856,56.67996,4923.6914,4694.005,1000.0,180000,,,-410.4488220214844,-5.803177833557129,2.0191245079040527,409.3385009765625,409.343505859375,0.07376554608345032,-0.7325067520141602,0.0003,0.0003,0.07376457750797272
,,,,,180999,4915.9355,1000,,,,,,,,,,
,,,,,181000,,,-410.84222412109375,-5.99648904800415,1.8292765617370605,409.4393310546875,409.6879577636719,0.07218459993600845,-0.1595352590084076,0.0003,0.0003,0.07218227535486221
,,,,,181999,4890.2646,1000,,,,,,,,,,
,,,,,182000,,,-413.8275451660156,-5.972714424133301,1.6814228296279907,412.79815673828125,412.90618896484375,0.07266033440828323,-0.3360903859138489,0.0003,0.0003,0.07266025990247726
,,,,,182999,4958.416,1000,,,,,,,,,,
,,,,,183000,,,-416.9227294921875,-6.014461517333984,1.9090845584869385,415.7597351074219,415.93902587890625,0.07270020246505737,0.16880199313163757,0.0003,0.0003,0.07270162552595139
,,,,,183999,4915.264,1000,,,,,,,,,,
,,,,,184000,,,-417.4627380371094,-6.003445148468018,1.7676838636398315,416.30633544921875,416.3074035644531,0.07327883690595627,0.5566893815994263,0.0003,0.0003,0.07327848672866821
,,,,,184999,4968.792,1000,,,,,,,,,,
4889.7153,36.279057,4951.3574,4827.715,1000.0,185000,,,-419.4503173828125,-6.06475305557251,1.530969500541687,418.4617614746094,418.51409912109375,0.07356636226177216,0.6736512780189514,0.0003,0.0003,0.07356759160757065
,,,,,185999,4989.565,1000,,,,,,,,,,
,,,,,186000,,,-421.0572509765625,-6.069517135620117,2.161860227584839,420.1007385253906,419.9344177246094,0.07396381348371506,0.8224487900733948,0.0003,0.0003,0.07396622747182846
,,,,,186999,4740.7344,1000,,,,,,,,,,
,,,,,187000,,,-421.6195373535156,-6.150768280029297,1.4276810884475708,420.63458251953125,420.6578369140625,0.07404424995183945,0.1892606019973755,0.0003,0.0003,0.07404372096061707
,,,,,187999,5000.7974,1000,,,,,,,,,,
,,,,,188000,,,-420.12164306640625,-5.892599105834961,1.7605856657028198,419.20697021484375,419.35003662109375,0.07432595640420914,0.010092869400978088,0.0003,0.0003,0.0743224248290062
,,,,,188999,4996.9766,1000,,,,,,,,,,
,,,,,189000,,,-423.38494873046875,-5.763116836547852,1.339888334274292,422.6021728515625,422.7037658691406,0.07402735948562622,-0.3633502125740051,0.0003,0.0003,0.07402869313955307
,,,,,189999,4994.974,1000,,,,,,,,,,
5012.267,68.21937,5107.6323,4855.218,1000.0,190000,,,-416.451904296875,-6.119539737701416,1.6501708030700684,415.1602783203125,415.38092041015625,0.07489316165447235,0.5965591073036194,0.0003,0.0003,0.07489655166864395
,,,,,190999,5018.4023,1000,,,,,,,,,,
,,,,,191000,,,-428.4853210449219,-6.618539333343506,1.4154536724090576,427.39404296875,427.3878173828125,0.07558408379554749,1.9644469022750854,0.0003,0.0003,0.07558614015579224
,,,,,191999,4898.8623,1000,,,,,,,,,,
,,,,,192000,,,-427.4901428222656,-5.878568649291992,1.513439655303955,426.457275390625,426.55352783203125,0.07632901519536972,0.40336328744888306,0.0003,0.0003,0.0763309970498085
,,,,,192999,5057.132,1000,,,,,,,,,,
,,,,,193000,,,-427.6398010253906,-5.94185733795166,1.4371434450149536,426.59716796875,426.6128234863281,0.07694439589977264,-0.6099498271942139,0.0003,0.0003,0.07694344222545624
,,,,,193999,5077.5024,1000,,,,,,,,,,
,,,,,194000,,,-426.5250244140625,-5.90559720993042,2.0717763900756836,425.5470886230469,425.7177734375,0.07688108086585999,-1.2989897727966309,0.0003,0.0003,0.0768764391541481
,,,,,194999,5090.8213,1000,,,,,,,,,,
4907.0005,523.60864,5186.2397,3362.9482,1000.0,195000,,,-435.74298095703125,-6.035630702972412,1.9508329629898071,435.0500793457031,434.96063232421875,0.07618171721696854,-0.5029268860816956,0.0003,0.0003,0.07617919147014618
,,,,,195999,4926.694,1000,,,,,,,,,,
,,,,,196000,,,-426.34112548828125,-6.072209358215332,1.9048126935958862,424.9947204589844,424.878662109375,0.07719969004392624,0.6408435106277466,0.0003,0.0003,0.07720255851745605
,,,,,196999,5121.5444,1000,,,,,,,,,,
,,,,,197000,,,-432.0032958984375,-6.157012939453125,2.2320690155029297,430.85235595703125,430.93365478515625,0.0775698646903038,0.30279767513275146,0.0003,0.0003,0.07757171988487244
,,,,,197999,5028.092,1000,,,,,,,,,,
,,,,,198000,,,-433.5829772949219,-6.069725513458252,1.5660490989685059,432.6143493652344,432.72845458984375,0.07781025022268295,-0.08252966403961182,0.0003,0.0003,0.07780545949935913
,,,,,198999,5026.1987,1000,,,,,,,,,,
,,,,,199000,,,-431.1896057128906,-6.043452739715576,1.3882684707641602,429.9521484375,430.09161376953125,0.07833253592252731,0.6945436000823975,0.0003,0.0003,0.07833413779735565
,,,,,199999,5121.2817,1000,,,,,,,,,,
5118.253,120.39038,5232.98,4796.2207,1000.0,200000,,,-434.6309814453125,-5.885948181152344,1.5428314208984375,433.44317626953125,433.5548095703125,0.07825590670108795,-0.057101666927337646,0.0003,0.0003,0.07825743407011032
,,,,,200999,5130.41,1000,,,,,,,,,,
,,,,,201000,,,-434.7693176269531,-6.16599702835083,1.5636396408081055,433.824462890625,433.69873046875,0.07931001484394073,-0.04590684175491333,0.0003,0.0003,0.07930886000394821
,,,,,201999,5226.814,1000,,,,,,,,,,
,,,,,202000,,,-436.5287780761719,-6.007014274597168,1.1535812616348267,435.592041015625,435.4100341796875,0.0795830562710762,0.25636863708496094,0.0003,0.0003,0.07958193123340607
,,,,,202999,5171.958,1000,,,,,,,,,,
,,,,,203000,,,-436.36968994140625,-6.432643890380859,1.6232869625091553,435.37188720703125,435.376953125,0.07899359613656998,0.7067785263061523,0.0003,0.0003,0.07899299263954163
,,,,,203999,5068.4604,1000,,,,,,,,,,
,,,,,204000,,,-434.1300964355469,-6.273743629455566,2.0599329471588135,432.8211364746094,432.73345947265625,0.0794561430811882,-0.10155251622200012,0.0003,0.0003,0.079458087682724
,,,,,204999,5228.327,1000,,,,,,,,,,
5185.089,95.58467,5308.3296,5012.624,1000.0,205000,,,-440.613037109375,-6.224727630615234,1.7053582668304443,439.34771728515625,439.42755126953125,0.07939266413450241,-0.37366610765457153,0.0003,0.0003,0.07939090579748154
,,,,,205999,5071.199,1000,,,,,,,,,,
,,,,,206000,,,-440.2265930175781,-6.005393981933594,1.5621235370635986,439.21514892578125,439.23150634765625,0.07990548759698868,-0.04247064143419266,0.0003,0.0003,0.0799044594168663
,,,,,206999,5222.797,1000,,,,,,,,,,
,,,,,207000,,,-443.6791076660156,-5.813506603240967,1.9896668195724487,443.0500183105469,442.6502685546875,0.0806569755077362,-0.5503689050674438,0.0003,0.0003,0.08065512776374817
,,,,,207999,5234.256,1000,,,,,,,,,,
,,,,,208000,,,-443.4266357421875,-5.971286773681641,1.336236596107483,442.5308837890625,442.62225341796875,0.0807202085852623,-0.1787862777709961,0.0003,0.0003,0.08071534335613251
,,,,,208999,5230.9375,1000,,,,,,,,,,
,,,,,209000,,,-443.9571533203125,-6.345725059509277,1.4226255416870117,442.8079528808594,442.8294677734375,0.08121217042207718,0.7274860739707947,0.0003,0.0003,0.08121589571237564
,,,,,209999,5177.7876,1000,,,,,,,,,,
5288.8,55.20466,5363.378,5200.833,1000.0,210000,,,-450.09295654296875,-6.115283012390137,1.7570135593414307,449.0306091308594,448.93719482421875,0.08194180577993393,-0.062311433255672455,0.0003,0.0003,0.0819423571228981
,,,,,210999,5192.779,1000,,,,,,,,,,
,,,,,211000,,,-445.7023010253906,-6.523506164550781,1.500572919845581,444.7126159667969,444.63238525390625,0.08206638693809509,0.8932939767837524,0.0003,0.0003,0.08207147568464279
,,,,,211999,5123.2075,1000,,,,,,,,,,
,,,,,212000,,,-445.59112548828125,-5.955349922180176,1.515509843826294,444.3229675292969,444.31451416015625,0.08216670155525208,-0.23228172957897186,0.0003,0.0003,0.0821678638458252
,,,,,212999,5164.1465,1000,,,,,,,,,,
,,,,,213000,,,-447.3811950683594,-5.67807149887085,2.006819725036621,445.94110107421875,446.18719482421875,0.08310569077730179,-0.7654288411140442,0.0003,0.0003,0.08310527354478836
,,,,,213999,5154.6553,1000,,,,,,,,,,
,,,,,214000,,,-451.75836181640625,-6.079578876495361,1.6089502573013306,450.7895812988281,450.8428955078125,0.08344866335391998,-0.06863826513290405,0.0003,0.0003,0.08344974368810654
,,,,,214999,5412.9614,1000,,,,,,,,,,
5251.471,41.202427,5332.244,5194.5034,1000.0,215000,,,-448.92864990234375,-5.622735023498535,2.3001396656036377,447.38897705078125,447.6155700683594,0.083624929189682,-0.6674896478652954,0.0003,0.0003,0.0836191475391388
,,,,,215999,5305.7354,1000,,,,,,,,,,
,,,,,216000,,,-453.1257629394531,-6.398618698120117,1.4256818294525146,452.1082763671875,452.0298767089844,0.08366872370243073,1.007431983947754,0.0003,0.0003,0.0836694985628128
,,,,,216999,5273.003,1000,,,,,,,,,,
,,,,,217000,,,-450.04608154296875,-6.063805103302002,2.3233375549316406,448.9073486328125,448.5793762207031,0.08444970846176147,0.7806969285011292,0.0003,0.0003,0.08445355296134949
,,,,,217999,5219.641,1000,,,,,,,,,,
,,,,,218000,,,-453.8255920410156,-6.152422904968262,1.698804497718811,452.8337707519531,452.5938720703125,0.08385179191827774,0.26014232635498047,0.0003,0.0003,0.08385387063026428
,,,,,218999,5365.009,1000,,,,,,,,,,
,,,,,219000,,,-457.87060546875,-6.2670087814331055,1.9350370168685913,456.86553955078125,456.733154296875,0.08426212519407272,1.068359136581421,0.0003,0.0003,0.08426705002784729
,,,,,219999,5208.5527,1000,,,,,,,,,,
5386.3765,98.223564,5507.452,5194.38,1000.0,220000,,,-452.9144592285156,-6.373661041259766,1.3992685079574585,451.6514587402344,451.67498779296875,0.08455900847911835,0.4708670377731323,0.0003,0.0003,0.0845562219619751
,,,,,220999,5376.882,1000,,,,,,,,,,
,,,,,221000,,,-455.9232177734375,-5.758971691131592,1.6642169952392578,454.97637939453125,454.8897399902344,0.08546644449234009,-0.5703505277633667,0.0003,0.0003,0.08546805381774902
,,,,,221999,5342.686,1000,,,,,,,,,,
,,,,,222000,,,-460.58868408203125,-5.926525592803955,1.4620277881622314,459.5933837890625,459.593994140625,0.08564120531082153,0.49740225076675415,0.0003,0.0003,0.0856412947177887
,,,,,222999,5480.59,1000,,,,,,,,,,
,,,,,223000,,,-462.4388732910156,-5.816674709320068,1.810287594795227,461.437744140625,461.711181640625,0.08620476722717285,0.17790427803993225,0.0003,0.0003,0.08620589971542358
,,,,,223999,5299.9995,1000,,,,,,,,,,
,,,,,224000,,,-456.64788818359375,-5.734601020812988,2.0142946243286133,455.4147033691406,455.61553955078125,0.08626063168048859,-0.5958153009414673,0.0003,0.0003,0.08625976741313934
,,,,,224999,5469.319,1000,,,,,,,,,,
5425.528,121.004326,5585.012,5136.911,1000.0,225000,,,-458.61810302734375,-5.710296154022217,1.4089258909225464,457.5157470703125,457.6126708984375,0.08702682703733444,-0.16910964250564575,0.0003,0.0003,0.08702652156352997
,,,,,225999,5378.4727,1000,,,,,,,,,,
,,,,,226000,,,-463.07745361328125,-5.855425834655762,2.049468517303467,462.2006530761719,462.00384521484375,0.08722393214702606,-0.8689579963684082,0.0003,0.0003,0.08722060918807983
,,,,,226999,5356.764,1000,,,,,,,,,,
,,,,,227000,,,-463.6442565917969,-5.5646209716796875,1.4534034729003906,462.1888427734375,462.05120849609375,0.08715154975652695,-0.29384106397628784,0.0003,0.0003,0.08715053647756577
,,,,,227999,5230.265,1000,,,,,,,,,,
,,,,,228000,,,-466.1095886230469,-5.654267311096191,1.795389175415039,464.97894287109375,464.79705810546875,0.08683913201093674,-0.9347162246704102,0.0003,0.0003,0.08683430403470993
,,,,,228999,5514.6426,1000,,,,,,,,,,
,,,,,229000,,,-469.0735168457031,-5.863900184631348,1.5216643810272217,468.00152587890625,468.2176513671875,0.08796827495098114,-0.481499046087265,0.0003,0.0003,0.08796792477369308
,,,,,229999,5447.92,1000,,,,,,,,,,
5587.825,66.14266,5648.4834,5421.608,1000.0,230000,,,-466.32647705078125,-6.254947185516357,1.611804723739624,465.0778503417969,465.0753479003906,0.08808484673500061,0.6835229992866516,0.0003,0.0003,0.08808820694684982
,,,,,230999,5400.298,1000,,,,,,,,,,
,,,,,231000,,,-467.55157470703125,-5.790956974029541,1.9751652479171753,466.36895751953125,466.30987548828125,0.08838809281587601,-1.007678747177124,0.0003,0.0003,0.08838307857513428
,,,,,231999,5444.6875,1000,,,,,,,,,,
,,,,,232000,,,-469.3903503417969,-5.911187171936035,1.4182350635528564,468.2613220214844,468.19769287109375,0.08834690600633621,-0.366868793964386,0.0003,0.0003,0.08834473788738251
,,,,,232999,5451.4194,1000,,,,,,,,,,
,,,,,233000,,,-469.47760009765625,-5.807783603668213,1.427851915359497,468.43072509765625,468.4996032714844,0.08941902965307236,-1.181633710861206,0.0003,0.0003,0.08941267430782318
,,,,,233999,141.18239,1000,,,,,,,,,,
,,,,,234000,,,-474.14703369140625,-5.835912704467773,1.6032263040542603,473.109375,473.3080749511719,0.0892421081662178,-0.05846095085144043,0.0003,0.0003,0.08923938125371933
,,,,,234999,5611.261,1000,,,,,,,,,,
5585.5254,49.082203,5651.0176,5506.8394,1000.0,235000,,,-467.0670166015625,-5.974517822265625,15.227401733398438,465.9405822753906,466.2681579589844,0.08579841256141663,-0.45472127199172974,0.0003,0.0003,0.08579407632350922
,,,,,235999,5323.7974,1000,,,,,,,,,,
,,,,,236000,,,-470.0125732421875,-5.808279037475586,1.7513123750686646,468.9535217285156,468.939208984375,0.0828835591673851,-0.10930171608924866,0.0003,0.0003,0.08287865668535233
,,,,,236999,5524.098,1000,,,,,,,,,,
,,,,,237000,,,-472.3003234863281,-5.762261390686035,2.2699527740478516,471.35260009765625,471.6382751464844,0.08078137785196304,-0.5143375396728516,0.0003,0.0003,0.08077948540449142
,,,,,237999,5456.758,1000,,,,,,,,,,
,,,,,238000,,,-466.75799560546875,-5.976401329040527,2.8691835403442383,465.6165466308594,465.6461181640625,0.07989424467086792,0.41199976205825806,0.0003,0.0003,0.07989643514156342
,,,,,238999,5461.2188,1000,,,,,,,,,,
,,,,,239000,,,-466.0282897949219,-6.092846393585205,2.517688274383545,465.2983703613281,465.0158996582031,0.08062409609556198,0.13741904497146606,0.0003,0.0003,0.08062373101711273
,,,,,239999,5498.8364,1000,,,,,,,,,,
5408.5586,58.6365,5518.408,5269.0273,1000.0,240000,,,-470.90966796875,-6.171091079711914,2.849503993988037,470.12811279296875,470.13555908203125,0.08203130960464478,0.2581070363521576,0.0003,0.0003,0.08203490823507309
,,,,,240999,5465.0884,1000,,,,,,,,,,
,,,,,241000,,,-478.8861389160156,-5.525006294250488,2.38997745513916,478.0756530761719,477.94671630859375,0.08438149839639664,-0.4307878911495209,0.0003,0.0003,0.08438301086425781
,,,,,241999,5564.473,1000,,,,,,,,,,
,,,,,242000,,,-471.7214050292969,-6.171710968017578,3.1773672103881836,470.7746276855469,470.64178466796875,0.08444295823574066,-0.05269724130630493,0.0003,0.0003,0.08444233983755112
,,,,,242999,5473.659,1000,,,,,,,,,,
,,,,,243000,,,-479.64227294921875,-5.998913764953613,2.5518412590026855,478.9881591796875,479.0576171875,0.08517458289861679,0.279193639755249,0.0003,0.0003,0.08517175167798996
,,,,,243999,5604.6772,1000,,,,,,,,,,
,,,,,244000,,,-472.31201171875,-5.989168643951416,2.1603009700775146,471.20703125,471.41455078125,0.0857471451163292,-0.13906627893447876,0.0003,0.0003,0.08574659377336502
,,,,,244999,5587.9824,1000,,,,,,,,,,
5434.259,34.23069,5495.313,5390.0435,1000.0,245000,,,-473.7979431152344,-5.59114933013916,2.796339750289917,472.74346923828125,472.655517578125,0.08640160411596298,-0.354755163192749,0.0003,0.0003,0.0863989070057869
,,,,,245999,5590.272,1000,,,,,,,,,,
,,,,,246000,,,-477.8968505859375,-6.132631301879883,2.994304895401001,477.11431884765625,477.2538757324219,0.08686540275812149,0.12550774216651917,0.0003,0.0003,0.08686598390340805
,,,,,246999,5490.0234,1000,,,,,,,,,,
,,,,,247000,,,-481.1182556152344,-5.940647602081299,2.043865442276001,480.1150207519531,480.130859375,0.08929776400327682,0.4529446065425873,0.0003,0.0003,0.08930286765098572
,,,,,247999,5650.5625,1000,,,,,,,,,,
,,,,,248000,,,-471.99334716796875,-6.201393127441406,2.9986681938171387,470.69427490234375,470.782958984375,0.09012095630168915,0.3738861083984375,0.0003,0.0003,0.09012091159820557
,,,,,248999,5595.567,1000,,,,,,,,,,
,,,,,249000,,,-475.17041015625,-5.9350504875183105,2.9204177856445312,473.8351135253906,473.87054443359375,0.09103401750326157,-0.0621856153011322,0.0003,0.0003,0.09103080630302429
,,,,,249999,5517.754,1000,,,,,,,,,,
5729.9976,67.596924,5849.313,5600.0977,1000.0,250000,,,-477.99456787109375,-6.152432918548584,2.5406394004821777,476.8740234375,477.1120300292969,0.0918746367096901,0.44587916135787964,0.0003,0.0003,0.09187450259923935
,,,,,250999,5570.044,1000,,,,,,,,,,
,,,,,251000,,,-469.196044921875,-5.9685468673706055,3.244570255279541,467.4676818847656,467.57855224609375,0.09184007346630096,-0.04829779267311096,0.0003,0.0003,0.09183984249830246
,,,,,251999,5653.092,1000,,,,,,,,,,
,,,,,252000,,,-482.4025573730469,-6.214540004730225,2.4906930923461914,481.08721923828125,481.2826232910156,0.09300557523965836,-0.3301714360713959,0.0003,0.0003,0.09300397336483002
,,,,,252999,5639.84,1000,,,,,,,,,,
,,,,,253000,,,-480.10400390625,-5.811400413513184,3.122540235519409,479.22064208984375,479.0846862792969,0.09215183556079865,-0.7795342206954956,0.0003,0.0003,0.09214707463979721
,,,,,253999,5289.4844,1000,,,,,,,,,,
,,,,,254000,,,-480.5350341796875,-6.00628662109375,3.3021252155303955,479.3903503417969,479.52410888671875,0.09226127713918686,-0.2411365807056427,0.0003,0.0003,0.09226065874099731
,,,,,254999,5755.0835,1000,,,,,,,,,,
5538.1865,44.073242,5619.433,5474.547,1000.0,255000,,,-481.5765075683594,-5.470445156097412,2.4016919136047363,480.5172424316406,480.27703857421875,0.09294561296701431,-1.473053216934204,0.0003,0.0003,0.09294197708368301
,,,,,255999,5144.4385,1000,,,,,,,,,,
,,,,,256000,,,-491.3358459472656,-5.514986038208008,2.2029314041137695,490.7451171875,490.7501220703125,0.0936354547739029,-1.256521224975586,0.0003,0.0003,0.0936327651143074
,,,,,256999,5600.079,1000,,,,,,,,,,
,,,,,257000,,,-482.73858642578125,-5.995700836181641,4.210943222045898,481.63433837890625,481.6388244628906,0.09338141232728958,-0.07833734154701233,0.0003,0.0003,0.09337820112705231
,,,,,257999,5652.174,1000,,,,,,,,,,
,,,,,258000,,,-491.3470153808594,-5.9088616371154785,2.397632360458374,490.33172607421875,490.1672668457031,0.09396088123321533,-0.36812275648117065,0.0003,0.0003,0.09396283328533173
,,,,,258999,5754.7573,1000,,,,,,,,,,
,,,,,259000,,,-485.46295166015625,-6.312590599060059,2.2730793952941895,484.47210693359375,484.6588439941406,0.09293876588344574,0.7943035364151001,0.0003,0.0003,0.0929400771856308
,,,,,259999,5679.5815,1000,,,,,,,,,,
5783.796,62.84529,5892.0557,5652.0938,1000.0,260000,,,-490.5661926269531,-6.203106880187988,2.9121994972229004,489.4676818847656,489.5369873046875,0.09387093037366867,0.4251693785190582,0.0003,0.0003,0.09387259185314178
,,,,,260999,5684.595,1000,,,,,,,,,,
,,,,,261000,,,-491.75244140625,-5.729944229125977,3.6635141372680664,490.8589782714844,490.8362121582031,0.09411847591400146,-0.13171714544296265,0.0003,0.0003,0.09412062913179398
,,,,,261999,5693.0293,1000,,,,,,,,,,
,,,,,262000,,,-485.6833190917969,-5.62813663482666,2.4083638191223145,484.4549560546875,484.6683349609375,0.09360528737306595,-0.20966851711273193,0.0003,0.0003,0.09360545128583908
,,,,,262999,5745.058,1000,,,,,,,,,,
,,,,,263000,,,-495.0147705078125,-5.471382141113281,2.855623960494995,494.0989685058594,494.09112548828125,0.09378007054328918,-1.4801912307739258,0.0003,0.0003,0.09377293288707733
,,,,,263999,5724.412,1000,,,,,,,,,,
,,,,,264000,,,-495.4057922363281,-5.782488822937012,2.270521640777588,494.6260986328125,494.50726318359375,0.09320516139268875,-0.8737660646438599,0.0003,0.0003,0.09320215880870819
,,,,,264999,5625.512,1000,,,,,,,,,,
5774.4775,87.07855,5857.343,5575.9854,1000.0,265000,,,-497.7250671386719,-5.458132743835449,2.7514944076538086,496.89361572265625,496.6190185546875,0.09451897442340851,-1.1951806545257568,0.0003,0.0003,0.09451612830162048
,,,,,265999,5730.094,1000,,,,,,,,,,
,,,,,266000,,,-494.046142578125,-6.189746856689453,1.9462578296661377,492.79071044921875,492.92926025390625,0.09525471180677414,0.3692658543586731,0.0003,0.0003,0.09525187313556671
,,,,,266999,5735.549,1000,,,,,,,,,,
,,,,,267000,,,-495.1999206542969,-5.8962297439575195,2.4493470191955566,494.12701416015625,494.21331787109375,0.09553036093711853,0.6456909775733948,0.0003,0.0003,0.09553409367799759
,,,,,267999,5733.147,1000,,,,,,,,,,
,,,,,268000,,,-488.1716613769531,-6.490749359130859,2.606118679046631,487.02691650390625,487.01220703125,0.09515982866287231,0.8904619216918945,0.0003,0.0003,0.09516084939241409
,,,,,268999,5890.591,1000,,,,,,,,,,
,,,,,269000,,,-504.7489013671875,-5.839608192443848,2.0176637172698975,503.863525390625,503.6242980957031,0.09528828412294388,-0.22277718782424927,0.0003,0.0003,0.09529133141040802
,,,,,269999,5775.1865,1000,,,,,,,,,,
5541.2173,1068.9156,5976.0483,2336.684,1000.0,270000,,,-503.3504333496094,-6.307862281799316,2.201228618621826,502.324951171875,502.25457763671875,0.09477267414331436,0.39545485377311707,0.0003,0.0003,0.09477344900369644
,,,,,270999,5839.3423,1000,,,,,,,,,,
,,,,,271000,,,-496.0755310058594,-6.20174503326416,3.7063703536987305,495.0771179199219,495.2080993652344,0.09696303308010101,0.41928696632385254,0.0003,0.0003,0.09696628898382187
,,,,,271999,5739.287,1000,,,,,,,,,,
,,,,,272000,,,-502.32745361328125,-6.302515983581543,2.268545150756836,501.48028564453125,501.34197998046875,0.09636574983596802,0.04881177842617035,0.0003,0.0003,0.09636867046356201
,,,,,272999,5907.853,1000,,,,,,,,,,
,,,,,273000,,,-500.729248046875,-6.516684532165527,1.9364231824874878,499.64697265625,499.7099609375,0.0953172966837883,0.394905149936676,0.0003,0.0003,0.09531945735216141
,,,,,273999,5888.604,1000,,,,,,,,,,
,,,,,274000,,,-501.30926513671875,-6.112516403198242,3.7027125358581543,499.8280944824219,500.11865234375,0.09527367353439331,-0.27439969778060913,0.0003,0.0003,0.09526942670345306
,,,,,274999,5835.5347,1000,,,,,,,,,,
5986.7837,46.222595,6059.1445,5891.053,1000.0,275000,,,-506.93890380859375,-5.999575614929199,2.0444390773773193,505.6926574707031,505.8526916503906,0.09648051857948303,0.32480674982070923,0.0003,0.0003,0.09648203104734421
,,,,,275999,5896.7495,1000,,,,,,,,,,
,,,,,276000,,,-502.9484558105469,-5.806499004364014,3.103965997695923,501.6652526855469,501.77301025390625,0.09628190845251083,-0.58222895860672,0.0003,0.0003,0.09628069400787354
,,,,,276999,5819.2383,1000,,,,,,,,,,
,,,,,277000,,,-505.8567199707031,-5.823984146118164,2.9984800815582275,504.8309326171875,504.94500732421875,0.09698651731014252,-0.437985360622406,0.0003,0.0003,0.09698659181594849
,,,,,277999,5868.88,1000,,,,,,,,,,
,,,,,278000,,,-506.1112365722656,-5.720523834228516,3.234800338745117,504.87396240234375,504.921142578125,0.09666220098733902,-0.5895592570304871,0.0003,0.0003,0.09665823727846146
,,,,,278999,5927.612,1000,,,,,,,,,,
,,,,,279000,,,-509.2994079589844,-6.152871131896973,2.5573482513427734,508.1479187011719,508.0465087890625,0.09699422121047974,-0.12002786993980408,0.0003,0.0003,0.09699366241693497
,,,,,279999,5944.0947,1000,,,,,,,,,,
5964.882,44.549633,6040.157,5885.1455,1000.0,280000,,,-504.1243896484375,-6.351305961608887,2.3063101768493652,502.91729736328125,502.9239501953125,0.09678853303194046,0.7791457772254944,0.0003,0.0003,0.09679247438907623
,,,,,280999,5942.7515,1000,,,,,,,,,,
,,,,,281000,,,-510.0814208984375,-6.507508754730225,2.43924880027771,509.12603759765625,509.10577392578125,0.0963907539844513,0.4375082850456238,0.0003,0.0003,0.09639284759759903
,,,,,281999,5760.0522,1000,,,,,,,,,,
,,,,,282000,,,-509.1036376953125,-6.252925395965576,1.9214332103729248,508.0439453125,508.4530944824219,0.09598955512046814,0.26494908332824707,0.0003,0.0003,0.09599141031503677
,,,,,282999,3700.629,1000,,,,,,,,,,
,,,,,283000,,,-509.5308837890625,-5.818305969238281,3.271144151687622,508.48443603515625,508.5763244628906,0.09711246937513351,-0.3989948630332947,0.0003,0.0003,0.0971149355173111
,,,,,283999,1861.2566,1000,,,,,,,,,,
,,,,,284000,,,-507.4305419921875,-6.098991394042969,2.969818592071533,505.97357177734375,506.0903625488281,0.09755262732505798,0.47772854566574097,0.0003,0.0003,0.09754995256662369
,,,,,284999,5922.925,1000,,,,,,,,,,
5908.3774,53.337193,6009.4385,5807.7134,1000.0,285000,,,-511.2111511230469,-5.8776068687438965,2.3967621326446533,510.297607421875,510.16534423828125,0.0962996780872345,-0.24699974060058594,0.0003,0.0003,0.0962986946105957
,,,,,285999,5902.0127,1000,,,,,,,,,,
,,,,,286000,,,-510.4563293457031,-6.0011420249938965,2.647110939025879,509.53704833984375,509.543701171875,0.09469404816627502,-0.7441883683204651,0.0003,0.0003,0.0946943461894989
,,,,,286999,5895.1875,1000,,,,,,,,,,
,,,,,287000,,,-508.14520263671875,-5.984906196594238,2.9824411869049072,507.41845703125,507.2178955078125,0.09403879940509796,0.0933423787355423,0.0003,0.0003,0.09403900802135468
,,,,,287999,5931.865,1000,,,,,,,,,,
,,,,,288000,,,-509.3692626953125,-6.332064628601074,2.4927802085876465,508.3128967285156,508.50128173828125,0.0936954990029335,1.1835148334503174,0.0003,0.0003,0.09370070695877075
,,,,,288999,5960.224,1000,,,,,,,,,,
,,,,,289000,,,-511.60369873046875,-6.1606903076171875,2.416807174682617,510.610107421875,510.6085510253906,0.0937725082039833,0.47026732563972473,0.0003,0.0003,0.09377449750900269
,,,,,289999,5745.003,1000,,,,,,,,,,
5888.1846,21.329239,5922.1475,5850.952,1000.0,290000,,,-509.7357177734375,-5.973836898803711,2.218245506286621,508.7978515625,508.8389892578125,0.09181549400091171,0.6263999938964844,0.0003,0.0003,0.09181468188762665
,,,,,290999,5855.7046,1000,,,,,,,,,,
,,,,,291000,,,-512.6835327148438,-6.28169059753418,2.822829484939575,511.5692138671875,511.61572265625,0.09171445667743683,0.06418855488300323,0.0003,0.0003,0.09171485155820847
,,,,,291999,6018.8604,1000,,,,,,,,,,
,,,,,292000,,,-513.0322265625,-6.353021621704102,3.230321168899536,512.0577392578125,512.1248779296875,0.09190193563699722,0.4445042014122009,0.0003,0.0003,0.09190353006124496
,,,,,292999,5740.054,1000,,,,,,,,,,
,,,,,293000,,,-514.1150512695312,-5.784712314605713,2.178762197494507,513.0219116210938,513.1312255859375,0.0933762863278389,-0.39375609159469604,0.0003,0.0003,0.09337510913610458
,,,,,293999,5909.2983,1000,,,,,,,,,,
,,,,,294000,,,-509.4084167480469,-5.98783540725708,2.487110137939453,507.9629821777344,508.24591064453125,0.09366315603256226,-0.3857273757457733,0.0003,0.0003,0.0936589390039444
,,,,,294999,5926.8667,1000,,,,,,,,,,
6033.8594,63.38299,6111.9316,5937.541,1000.0,295000,,,-514.8759155273438,-6.340281009674072,2.9776930809020996,513.9761962890625,514.220703125,0.09308334439992905,1.0613937377929688,0.0003,0.0003,0.09308577328920364
,,,,,295999,5917.7256,1000,,,,,,,,,,
,,,,,296000,,,-520.62841796875,-5.733972549438477,3.241628408432007,519.722412109375,519.6864013671875,0.09416217356920242,-1.358868956565857,0.0003,0.0003,0.09415880590677261
,,,,,296999,5969.2695,1000,,,,,,,,,,
,,,,,297000,,,-525.1597290039062,-5.895853042602539,2.872340679168701,524.1754150390625,524.0853271484375,0.09587046504020691,-0.5615865588188171,0.0003,0.0003,0.09587021172046661
,,,,,297999,6007.017,1000,,,,,,,,,,
,,,,,298000,,,-514.903564453125,-6.072958946228027,3.3250222206115723,513.181884765625,513.5797729492188,0.09772605448961258,0.8628154993057251,0.0003,0.0003,0.09772905707359314
,,,,,298999,5911.8853,1000,,,,,,,,,,
,,,,,299000,,,-526.108642578125,-6.101864814758301,5.683376789093018,524.9159545898438,524.882568359375,0.09770762920379639,0.11369818449020386,0.0003,0.0003,0.09770753234624863
,,,,,299999,5911.623,1000,,,,,,,,,,
6003.5303,77.138664,6109.383,5857.614,1000.0,300000,,,-517.333984375,-6.192528247833252,2.9385128021240234,515.535400390625,515.704833984375,0.09840467572212219,0.47999995946884155,0.0003,0.0003,0.09840871393680573
,,,,,300999,6137.7803,1000,,,,,,,,,,
,,,,,301000,,,-518.8616943359375,-5.808358192443848,2.939669609069824,517.5877075195312,517.4072265625,0.09925536811351776,-0.7179760932922363,0.0003,0.0003,0.09925910085439682
,,,,,301999,5978.553,1000,,,,,,,,,,
,,,,,302000,,,-520.4794311523438,-6.045114517211914,3.6672871112823486,519.221435546875,519.0886840820312,0.09917652606964111,-0.37054282426834106,0.0003,0.0003,0.0991804301738739
,,,,,302999,6021.735,1000,,,,,,,,,,
,,,,,303000,,,-522.7446899414062,-5.796945095062256,4.737934589385986,521.90478515625,521.9630126953125,0.09993357211351395,-0.47914037108421326,0.0003,0.0003,0.09993664175271988
,,,,,303999,6069.116,1000,,,,,,,,,,
,,,,,304000,,,-526.92041015625,-6.411121368408203,2.618459939956665,525.790771484375,526.0379638671875,0.10141221433877945,0.5370415449142456,0.0003,0.0003,0.10141012817621231
,,,,,304999,6165.042,1000,,,,,,,,,,
6031.7046,45.57982,6114.47,5964.62,1000.0,305000,,,-522.3662719726562,-5.626580238342285,3.3207619190216064,521.0130615234375,520.9996337890625,0.10180584341287613,-0.4707344174385071,0.0003,0.0003,0.10180392116308212
,,,,,305999,6084.466,1000,,,,,,,,,,
,,,,,306000,,,-526.263916015625,-5.585796356201172,2.711334228515625,525.256591796875,525.2505493164062,0.10130468755960464,-1.023443579673767,0.0003,0.0003,0.10130809992551804
,,,,,306999,6031.1167,1000,,,,,,,,,,
,,,,,307000,,,-522.2241821289062,-5.976140022277832,2.7907166481018066,520.9207763671875,521.0654907226562,0.10165929794311523,0.014587938785552979,0.0003,0.0003,0.10165973752737045
,,,,,307999,3539.3132,1000,,,,,,,,,,
,,,,,308000,,,-530.4559936523438,-6.156661033630371,2.8613219261169434,529.599609375,529.4072875976562,0.10153067857027054,0.544960081577301,0.0003,0.0003,0.10153104364871979
,,,,,308999,6000.355,1000,,,,,,,,,,
,,,,,309000,,,-532.5891723632812,-5.916987419128418,2.843144178390503,531.6434326171875,531.7820434570312,0.10055945813655853,-1.068286418914795,0.0003,0.0003,0.10055684298276901
,,,,,309999,6035.3154,1000,,,,,,,,,,
6069.835,82.055664,6166.343,5897.006,1000.0,310000,,,-529.7365112304688,-5.767834663391113,2.972590446472168,528.6730346679688,528.8782958984375,0.10044977813959122,-0.7627536058425903,0.0003,0.0003,0.10044975578784943
,,,,,310999,6071.557,1000,,,,,,,,,,
,,,,,311000,,,-529.5260009765625,-6.025425910949707,3.5895981788635254,528.2782592773438,528.11962890625,0.10093969851732254,-0.6024368405342102,0.0003,0.0003,0.10093464702367783
,,,,,311999,6023.7812,1000,,,,,,,,,,
,,,,,312000,,,-524.1500854492188,-6.105627059936523,3.0638186931610107,523.1445922851562,523.0135498046875,0.10089471191167831,0.2925732433795929,0.0003,0.0003,0.10089333355426788
,,,,,312999,5981.559,1000,,,,,,,,,,
,,,,,313000,,,-533.1522216796875,-5.764532089233398,2.208252429962158,532.2813110351562,532.3922119140625,0.10042153298854828,-1.0015292167663574,0.0003,0.0003,0.1004204973578453
,,,,,313999,6042.6445,1000,,,,,,,,,,
,,,,,314000,,,-531.005615234375,-5.529539108276367,2.6383938789367676,529.9744873046875,529.6286010742188,0.09987729042768478,-0.7077075839042664,0.0003,0.0003,0.099875807762146
,,,,,314999,6043.8,1000,,,,,,,,,,
6162.7275,46.632225,6233.496,6075.738,1000.0,315000,,,-533.8906860351562,-6.207708835601807,2.723585605621338,532.6277465820312,532.316162109375,0.099494069814682,0.8071225881576538,0.0003,0.0003,0.09949351847171783
,,,,,315999,6108.612,1000,,,,,,,,,,
,,,,,316000,,,-532.2244262695312,-5.659618854522705,2.1647915840148926,530.773681640625,530.9702758789062,0.09993486106395721,-0.40995457768440247,0.0003,0.0003,0.09993916749954224
,,,,,316999,6054.226,1000,,,,,,,,,,
,,,,,317000,,,-532.6284790039062,-5.723758697509766,2.737860679626465,531.50439453125,531.5313110351562,0.09996990859508514,-0.46500784158706665,0.0003,0.0003,0.09996809810400009
,,,,,317999,5972.6235,1000,,,,,,,,,,
,,,,,318000,,,-531.2435913085938,-5.693291664123535,4.119777202606201,530.1124267578125,530.3273315429688,0.10012120753526688,0.14951415359973907,0.0003,0.0003,0.10011836886405945
,,,,,318999,2694.3079,1000,,,,,,,,,,
,,,,,319000,,,-536.3387451171875,-5.8614091873168945,3.5469226837158203,535.0865478515625,535.21240234375,0.10060480237007141,0.3504523038864136,0.0003,0.0003,0.10060276836156845
,,,,,319999,6046.9634,1000,,,,,,,,,,
6070.268,55.00595,6172.648,5984.9336,1000.0,320000,,,-537.4058227539062,-6.115290641784668,3.278195381164551,536.1653442382812,536.544677734375,0.1006542518734932,0.03461337089538574,0.0003,0.0003,0.1006542220711708
,,,,,320999,6143.455,1000,,,,,,,,,,
,,,,,321000,,,-537.9140625,-5.665128707885742,2.803793430328369,536.704345703125,536.7718505859375,0.0995434895157814,-1.2326327562332153,0.0003,0.0003,0.0995372012257576
,,,,,321999,6233.1113,1000,,,,,,,,,,
,,,,,322000,,,-544.2374267578125,-6.279756546020508,3.3106048107147217,543.049560546875,543.2108154296875,0.09969780594110489,0.5355286598205566,0.0003,0.0003,0.0996989980340004
,,,,,322999,6127.8403,1000,,,,,,,,,,
,,,,,323000,,,-531.3441772460938,-5.90933895111084,4.312993049621582,530.4281005859375,530.357421875,0.09947758913040161,-0.32411861419677734,0.0003,0.0003,0.09947601705789566
,,,,,323999,6149.015,1000,,,,,,,,,,
,,,,,324000,,,-541.992431640625,-5.800336837768555,3.0916013717651367,540.678466796875,540.9666137695312,0.09973479807376862,-0.68680739402771,0.0003,0.0003,0.09973929822444916
,,,,,324999,6140.4673,1000,,,,,,,,,,
6070.8545,185.6969,6255.6123,5546.719,1000.0,325000,,,-538.4930419921875,-6.386106491088867,2.922511577606201,537.25341796875,537.2782592773438,0.10005293786525726,0.21162629127502441,0.0003,0.0003,0.10005644708871841
,,,,,325999,6129.011,1000,,,,,,,,,,
,,,,,326000,,,-539.1737670898438,-5.776171684265137,3.155977725982666,538.044921875,538.2013549804688,0.10103172063827515,-0.21109360456466675,0.0003,0.0003,0.10103478282690048
,,,,,326999,6131.685,1000,,,,,,,,,,
,,,,,327000,,,-540.96337890625,-6.060856342315674,2.07755184173584,539.7974243164062,539.9285278320312,0.10102912038564682,0.4918672442436218,0.0003,0.0003,0.10103046894073486
,,,,,327999,6188.8643,1000,,,,,,,,,,
,,,,,328000,,,-545.3504028320312,-6.397531509399414,3.318302869796753,544.400390625,544.5804443359375,0.1017860695719719,0.9983662366867065,0.0003,0.0003,0.10178883373737335
,,,,,328999,6154.81,1000,,,,,,,,,,
,,,,,329000,,,-542.476806640625,-6.227650165557861,2.3519182205200195,541.2041015625,541.40673828125,0.10194533318281174,0.4343159794807434,0.0003,0.0003,0.10195187479257584
,,,,,329999,6150.825,1000,,,,,,,,,,
6106.749,41.361893,6158.507,6012.286,1000.0,330000,,,-542.8181762695312,-6.106674671173096,3.580742359161377,541.9396362304688,541.8525390625,0.10264214128255844,-0.6978831887245178,0.0003,0.0003,0.10264045000076294
,,,,,330999,6192.974,1000,,,,,,,,,,
,,,,,331000,,,-544.8564453125,-6.015832901000977,3.4099159240722656,543.508544921875,543.6435546875,0.10162091255187988,0.5496639013290405,0.0003,0.0003,0.10162399709224701
,,,,,331999,6177.8105,1000,,,,,,,,,,
,,,,,332000,,,-540.7360229492188,-5.891879558563232,2.429856777191162,539.8850708007812,539.6397094726562,0.101593516767025,0.30980533361434937,0.0003,0.0003,0.10159504413604736
,,,,,332999,6202.746,1000,,,,,,,,,,
,,,,,333000,,,-546.737548828125,-5.702810287475586,3.0637423992156982,545.7132568359375,546.0689086914062,0.10205063223838806,-1.0099337100982666,0.0003,0.0003,0.10204365104436874
,,,,,333999,6166.348,1000,,,,,,,,,,
,,,,,334000,,,-540.4908447265625,-5.837045192718506,2.3235719203948975,539.0385131835938,538.912353515625,0.10155828297138214,0.4523710012435913,0.0003,0.0003,0.10155859589576721
,,,,,334999,6101.567,1000,,,,,,,,,,
6256.1846,47.37071,6318.6904,6155.5503,1000.0,335000,,,-548.9884643554688,-5.899460792541504,2.7490899562835693,548.1304321289062,547.8603515625,0.10258792340755463,-0.15302973985671997,0.0003,0.0003,0.10259047895669937
,,,,,335999,6156.09,1000,,,,,,,,,,
,,,,,336000,,,-546.6302490234375,-5.67012357711792,2.7333078384399414,545.2601318359375,545.1683349609375,0.10263392329216003,-0.536078155040741,0.0003,0.0003,0.10263445973396301
,,,,,336999,6164.0186,1000,,,,,,,,,,
,,,,,337000,,,-544.822509765625,-6.178130149841309,2.455871343612671,543.6077270507812,543.5968017578125,0.10292252898216248,0.2880820631980896,0.0003,0.0003,0.1029263585805893
,,,,,337999,6242.7197,1000,,,,,,,,,,
,,,,,338000,,,-546.458984375,-5.952369689941406,2.408411979675293,544.890380859375,544.880126953125,0.10431869328022003,-0.3488596975803375,0.0003,0.0003,0.10431366413831711
,,,,,338999,6316.0435,1000,,,,,,,,,,
,,,,,339000,,,-546.125244140625,-5.85886287689209,2.432788372039795,544.710205078125,544.930908203125,0.10304252058267593,-0.9802379608154297,0.0003,0.0003,0.10304013639688492
,,,,,339999,5363.4424,1000,,,,,,,,,,
6167.8623,63.135513,6281.309,6033.705,1000.0,340000,,,-546.0069580078125,-5.901402473449707,2.276162624359131,544.9169311523438,544.9657592773438,0.10328563302755356,-0.027243882417678833,0.0003,0.0003,0.1032843217253685
,,,,,340999,6231.6294,1000,,,,,,,,,,
,,,,,341000,,,-549.9901733398438,-6.281314849853516,2.5183699131011963,548.680908203125,548.8695068359375,0.10312313586473465,0.9398513436317444,0.0003,0.0003,0.10312654823064804
,,,,,341999,6232.376,1000,,,,,,,,,,
,,,,,342000,,,-548.681396484375,-5.926598072052002,2.777740478515625,547.7047119140625,547.7088012695312,0.10306721925735474,-0.25601083040237427,0.0003,0.0003,0.1030634269118309
,,,,,342999,6314.366,1000,,,,,,,,,,
,,,,,343000,,,-555.3816528320312,-5.831663131713867,2.1619362831115723,554.6411743164062,554.5284423828125,0.10341327637434006,-0.7298383116722107,0.0003,0.0003,0.10341152548789978
,,,,,343999,6224.139,1000,,,,,,,,,,
,,,,,344000,,,-554.2866821289062,-6.0341291427612305,2.252527952194214,553.4520263671875,553.2584838867188,0.10216373205184937,0.39524611830711365,0.0003,0.0003,0.10216205567121506
,,,,,344999,6186.8555,1000,,,,,,,,,,
6197.195,51.34769,6284.888,6112.458,1000.0,345000,,,-552.7630615234375,-5.6963348388671875,2.901096820831299,551.665771484375,551.9718017578125,0.10147286206483841,-0.3549797832965851,0.0003,0.0003,0.1014690175652504
,,,,,345999,6104.13,1000,,,,,,,,,,
,,,,,346000,,,-554.1099853515625,-6.241768836975098,2.40307354927063,552.9722900390625,553.1644897460938,0.10124481469392776,0.5675004124641418,0.0003,0.0003,0.10124910622835159
,,,,,346999,6254.239,1000,,,,,,,,,,
,,,,,347000,,,-557.3651733398438,-6.1295976638793945,2.728884220123291,556.685546875,556.59033203125,0.10166329890489578,0.7873482704162598,0.0003,0.0003,0.10166547447443008
,,,,,347999,6246.2554,1000,,,,,,,,,,
,,,,,348000,,,-553.4059448242188,-5.969951629638672,2.7083656787872314,552.1818237304688,551.8208618164062,0.1020725816488266,0.5446628928184509,0.0003,0.0003,0.10207581520080566
,,,,,348999,6169.335,1000,,,,,,,,,,
,,,,,349000,,,-549.8833618164062,-5.761573314666748,3.141031265258789,548.376708984375,548.4361572265625,0.10240018367767334,-0.46233242750167847,0.0003,0.0003,0.10239618271589279
,,,,,349999,6205.044,1000,,,,,,,,,,
6131.664,380.83572,6350.395,5011.403,1000.0,350000,,,-553.6862182617188,-6.5620951652526855,2.8517396450042725,552.1822509765625,552.135498046875,0.10225165635347366,0.7968741655349731,0.0003,0.0003,0.10225868225097656
,,,,,350999,6199.788,1000,,,,,,,,,,
,,,,,351000,,,-557.9154663085938,-6.075305938720703,2.6501526832580566,556.6322021484375,556.499267578125,0.10233230888843536,0.48297926783561707,0.0003,0.0003,0.10233163088560104
,,,,,351999,6275.4395,1000,,,,,,,,,,
,,,,,352000,,,-548.8232421875,-5.9583635330200195,2.727619171142578,547.536865234375,547.6673583984375,0.1023319885134697,-0.7844743728637695,0.0003,0.0003,0.10233788937330246
,,,,,352999,6338.6245,1000,,,,,,,,,,
,,,,,353000,,,-558.9677124023438,-5.861937522888184,2.957202911376953,557.6629638671875,557.65283203125,0.10346397757530212,-0.23217648267745972,0.0003,0.0003,0.10346269607543945
,,,,,353999,6191.53,1000,,,,,,,,,,
,,,,,354000,,,-558.7684326171875,-5.940484046936035,2.551764965057373,557.8714599609375,557.7636108398438,0.1037551686167717,0.07979514449834824,0.0003,0.0003,0.10375368595123291
,,,,,354999,6310.885,1000,,,,,,,,,,
6353.172,61.486988,6445.861,6217.572,1000.0,355000,,,-560.9024047851562,-5.6520280838012695,2.5554380416870117,559.9793701171875,559.978515625,0.10434354841709137,0.4609454274177551,0.0003,0.0003,0.10434010624885559
,,,,,355999,6292.122,1000,,,,,,,,,,
,,,,,356000,,,-556.1943969726562,-6.0428266525268555,2.8347835540771484,555.0463256835938,555.2657470703125,0.1046217679977417,0.5273071527481079,0.0003,0.0003,0.10462149977684021
,,,,,356999,6277.6445,1000,,,,,,,,,,
,,,,,357000,,,-561.5404052734375,-6.032633304595947,2.655956506729126,560.5126953125,560.7107543945312,0.10440812259912491,0.2548791766166687,0.0003,0.0003,0.10440679639577866
,,,,,357999,6195.3135,1000,,,,,,,,,,
,,,,,358000,,,-550.90185546875,-6.160355567932129,3.425302267074585,549.6041259765625,549.409912109375,0.10553004592657089,0.5186005234718323,0.0003,0.0003,0.10553334653377533
,,,,,358999,6208.9893,1000,,,,,,,,,,
,,,,,359000,,,-560.358154296875,-5.758427143096924,2.0329456329345703,558.9605712890625,559.0511474609375,0.10482378304004669,-0.7206670045852661,0.0003,0.0003,0.104817233979702
,,,,,359999,6410.893,1000,,,,,,,,,,
6338.0244,75.43303,6444.5195,6221.832,1000.0,360000,,,-557.1123046875,-6.431756973266602,2.895195960998535,556.10205078125,555.7763061523438,0.10518230497837067,0.8494448661804199,0.0003,0.0003,0.10518474131822586
,,,,,360999,6335.2314,1000,,,,,,,,,,
,,,,,361000,,,-561.5897216796875,-6.218470573425293,2.0430612564086914,560.7786865234375,560.6412353515625,0.1048193871974945,-0.04706457257270813,0.0003,0.0003,0.10482058674097061
,,,,,361999,6402.4424,1000,,,,,,,,,,
,,,,,362000,,,-558.0814208984375,-5.596244812011719,2.770341396331787,556.763427734375,557.2039794921875,0.10477611422538757,-0.3644767701625824,0.0003,0.0003,0.1047743633389473
,,,,,362999,6306.1587,1000,,,,,,,,,,
,,,,,363000,,,-560.66162109375,-5.862123489379883,3.238128423690796,559.5703125,559.1521606445312,0.10422014445066452,0.04229632765054703,0.0003,0.0003,0.10422072559595108
,,,,,363999,6402.656,1000,,,,,,,,,,
,,,,,364000,,,-562.6433715820312,-5.93022346496582,2.5529870986938477,561.5846557617188,561.57666015625,0.10493966192007065,0.2277941256761551,0.0003,0.0003,0.10494044423103333
,,,,,364999,6391.558,1000,,,,,,,,,,
6211.165,57.382824,6302.068,6111.9087,1000.0,365000,,,-559.245361328125,-6.246370792388916,2.53643536567688,558.094970703125,558.134521484375,0.10436952114105225,0.21828493475914001,0.0003,0.0003,0.10436715930700302
,,,,,365999,6189.7124,1000,,,,,,,,,,
,,,,,366000,,,-563.2173461914062,-6.125344276428223,2.4550981521606445,561.7442626953125,562.1884155273438,0.10400740057229996,-0.1551571637392044,0.0003,0.0003,0.10400595515966415
,,,,,366999,6246.347,1000,,,,,,,,,,
,,,,,367000,,,-566.1874389648438,-6.151178359985352,2.4258499145507812,564.6044921875,564.7755126953125,0.10439873486757278,0.15952718257904053,0.0003,0.0003,0.1043955534696579
,,,,,367999,6358.3804,1000,,,,,,,,,,
,,,,,368000,,,-563.7531127929688,-5.913873195648193,1.8822636604309082,562.6017456054688,562.6783447265625,0.10478398203849792,-0.5594754815101624,0.0003,0.0003,0.10478223115205765
,,,,,368999,6400.5205,1000,,,,,,,,,,
,,,,,369000,,,-559.365478515625,-5.729764938354492,3.1023426055908203,558.0238647460938,557.9315185546875,0.10452719777822495,-0.12815368175506592,0.0003,0.0003,0.1045270785689354
,,,,,369999,6421.218,1000,,,,,,,,,,
6458.59,44.023067,6528.2734,6368.568,1000.0,370000,,,-566.4596557617188,-6.175504684448242,2.5575218200683594,565.40673828125,565.1478271484375,0.10549486428499222,0.5106213092803955,0.0003,0.0003,0.10550009459257126
,,,,,370999,6392.2153,1000,,,,,,,,,,
,,,,,371000,,,-569.3553466796875,-6.043983459472656,2.563701629638672,568.2365112304688,568.3583984375,0.10455763339996338,0.2038629651069641,0.0003,0.0003,0.10455671697854996
,,,,,371999,4968.7446,1000,,,,,,,,,,
,,,,,372000,,,-564.349365234375,-6.292479515075684,3.0579166412353516,563.3148193359375,563.0545043945312,0.10431083291769028,0.48867785930633545,0.0003,0.0003,0.10430603474378586
,,,,,372999,6484.6533,1000,,,,,,,,,,
,,,,,373000,,,-563.846435546875,-6.331501007080078,2.861690044403076,562.4891357421875,562.5042724609375,0.10464706271886826,0.7168416380882263,0.0003,0.0003,0.10464903712272644
,,,,,373999,6406.245,1000,,,,,,,,,,
,,,,,374000,,,-572.9781494140625,-5.965491771697998,2.1477203369140625,571.84130859375,571.796142578125,0.10473894327878952,-0.23258325457572937,0.0003,0.0003,0.10473957657814026
,,,,,374999,6401.3745,1000,,,,,,,,,,
6012.853,1144.8618,6484.7715,2590.8987,1000.0,375000,,,-570.4904174804688,-5.990289211273193,3.371208667755127,569.6856689453125,569.5560913085938,0.1047564297914505,0.13975588977336884,0.0003,0.0003,0.10475722700357437
,,,,,375999,6318.0483,1000,,,,,,,,,,
,,,,,376000,,,-571.2850341796875,-6.004047393798828,2.47562313079834,570.218505859375,570.1749877929688,0.10526005178689957,-0.43023329973220825,0.0003,0.0003,0.1052621603012085
,,,,,376999,6446.2095,1000,,,,,,,,,,
,,,,,377000,,,-573.4866333007812,-5.776069164276123,2.104247570037842,572.3123779296875,572.3853149414062,0.10501832515001297,-0.17639067769050598,0.0003,0.0003,0.10501229017972946
,,,,,377999,6477.595,1000,,,,,,,,,,
,,,,,378000,,,-569.4351806640625,-5.907562732696533,1.9443010091781616,568.008544921875,568.0994873046875,0.10413604229688644,0.2672392427921295,0.0003,0.0003,0.10413410514593124
,,,,,378999,6251.3154,1000,,,,,,,,,,
,,,,,379000,,,-565.2676391601562,-5.768129825592041,4.119413375854492,564.5111083984375,564.3092041015625,0.10279232263565063,-0.8655582070350647,0.0003,0.0003,0.10278942435979843
,,,,,379999,6351.202,1000,,,,,,,,,,
6467.7207,34.180428,6540.5806,6423.935,1000.0,380000,,,-571.72265625,-5.776349067687988,2.8568482398986816,570.5392456054688,570.4009399414062,0.10213112831115723,-0.01595485210418701,0.0003,0.0003,0.10212696343660355
,,,,,380999,6403.1333,1000,,,,,,,,,,
,,,,,381000,,,-566.0164184570312,-5.833213806152344,1.9522919654846191,564.5086669921875,564.5477294921875,0.1027427539229393,-0.15703994035720825,0.0003,0.0003,0.10273794829845428
,,,,,381999,3744.921,1000,,,,,,,,,,
,,,,,382000,,,-569.1964111328125,-6.053411483764648,2.848144292831421,567.5138549804688,567.7584228515625,0.10247570276260376,-0.23990485072135925,0.0003,0.0003,0.10247750580310822
,,,,,382999,6414.015,1000,,,,,,,,,,
,,,,,383000,,,-564.8563232421875,-5.877104759216309,2.449418544769287,563.3536987304688,563.1993408203125,0.10143116861581802,-0.17692512273788452,0.0003,0.0003,0.10143687576055527
,,,,,383999,6418.584,1000,,,,,,,,,,
,,,,,384000,,,-575.2723999023438,-5.478105068206787,1.776468276977539,574.4847412109375,574.2630615234375,0.10205121338367462,-0.492019385099411,0.0003,0.0003,0.10205196589231491
,,,,,384999,6409.6646,1000,,,,,,,,,,
6398.6094,33.259758,6443.7026,6326.378,1000.0,385000,,,-571.4188232421875,-6.221832752227783,3.276203155517578,570.6110229492188,570.4122314453125,0.10182484984397888,0.30989503860473633,0.0003,0.0003,0.10182648152112961
,,,,,385999,6346.3384,1000,,,,,,,,,,
,,,,,386000,,,-568.76611328125,-5.501378059387207,3.6851418018341064,567.626953125,567.3167114257812,0.10138186812400818,-0.5158703327178955,0.0003,0.0003,0.10138344019651413
,,,,,386999,6385.193,1000,,,,,,,,,,
,,,,,387000,,,-574.4326782226562,-6.066939830780029,2.3730194568634033,573.17138671875,573.4205322265625,0.10087789595127106,-0.09088203310966492,0.0003,0.0003,0.100881427526474
,,,,,387999,6328.304,1000,,,,,,,,,,
,,,,,388000,,,-576.8919067382812,-5.71483850479126,2.3947629928588867,575.5582885742188,575.6273193359375,0.1014295145869255,-0.3810570240020752,0.0003,0.0003,0.10143253952264786
,,,,,388999,6399.625,1000,,,,,,,,,,
,,,,,389000,,,-577.6630249023438,-6.152412414550781,1.9699609279632568,576.6646728515625,576.5516967773438,0.10147378593683243,0.20030999183654785,0.0003,0.0003,0.1014740988612175
,,,,,389999,6447.458,1000,,,,,,,,,,
6382.395,71.02265,6485.2275,6268.5576,1000.0,390000,,,-571.6290283203125,-5.900272369384766,2.965792417526245,570.3316650390625,570.0775146484375,0.10116028785705566,-0.07788950204849243,0.0003,0.0003,0.10115794837474823
,,,,,390999,6353.1387,1000,,,,,,,,,,
,,,,,391000,,,-573.6083984375,-5.863951683044434,1.8753983974456787,572.871826171875,572.6319580078125,0.10029497742652893,-0.5731096267700195,0.0003,0.0003,0.10029646009206772
,,,,,391999,6387.6885,1000,,,,,,,,,,
,,,,,392000,,,-574.8005981445312,-6.157666206359863,3.1444077491760254,573.6834716796875,573.2672119140625,0.10097775608301163,0.2532747983932495,0.0003,0.0003,0.10097917914390564
,,,,,392999,6351.185,1000,,,,,,,,,,
,,,,,393000,,,-573.0969848632812,-6.286040782928467,3.48728084564209,572.0855712890625,571.5318603515625,0.10190710425376892,0.5276060104370117,0.0003,0.0003,0.10190948843955994
,,,,,393999,6419.943,1000,,,,,,,,,,
,,,,,394000,,,-580.5090942382812,-5.902848243713379,2.567378044128418,579.206298828125,579.187744140625,0.10331045836210251,0.8585131764411926,0.0003,0.0003,0.103312186896801
,,,,,394999,6440.8345,1000,,,,,,,,,,
6218.1914,494.65887,6477.3315,4739.254,1000.0,395000,,,-575.2657470703125,-6.157386779785156,3.4889142513275146,574.0264282226562,574.16943359375,0.10312815010547638,-0.11975237727165222,0.0003,0.0003,0.10312451422214508
,,,,,395999,6557.842,1000,,,,,,,,,,
,,,,,396000,,,-578.2210083007812,-5.966273784637451,2.712346315383911,577.0776977539062,577.0716552734375,0.10397343337535858,0.7159941792488098,0.0003,0.0003,0.10397796332836151
,,,,,396999,6432.3193,1000,,,,,,,,,,
,,,,,397000,,,-578.0372924804688,-6.383370876312256,2.6661791801452637,576.9794311523438,576.79638671875,0.1044790968298912,0.7499291896820068,0.0003,0.0003,0.10448227822780609
,,,,,397999,6488.6025,1000,,,,,,,,,,
,,,,,398000,,,-577.7290649414062,-6.1315436363220215,2.771249771118164,576.3133544921875,576.13525390625,0.10392782837152481,0.35669487714767456,0.0003,0.0003,0.10392685979604721
,,,,,398999,6478.5435,1000,,,,,,,,,,
,,,,,399000,,,-573.4550170898438,-6.087897300720215,3.3988404273986816,572.1094970703125,571.87255859375,0.10505351424217224,0.008300647139549255,0.0003,0.0003,0.10505756735801697
,,,,,399999,6446.5933,1000,,,,,,,,,,
6365.982,294.43634,6569.7354,5766.9756,1000.0,400000,,,-575.3096313476562,-5.993589401245117,3.4472062587738037,574.4302978515625,574.3812255859375,0.10471392422914505,0.10065779089927673,0.0003,0.0003,0.10471073538064957
,,,,,400999,6532.806,1000,,,,,,,,,,
,,,,,401000,,,-578.2789306640625,-5.978969573974609,3.248899459838867,577.1697998046875,576.8712158203125,0.1045338362455368,-0.5854960083961487,0.0003,0.0003,0.1045341044664383
,,,,,401999,6511.2812,1000,,,,,,,,,,
,,,,,402000,,,-582.673828125,-6.291036605834961,2.901231288909912,581.8018798828125,581.9126586914062,0.1048274114727974,0.6523801684379578,0.0003,0.0003,0.10482951253652573
,,,,,402999,6508.037,1000,,,,,,,,,,
,,,,,403000,,,-576.9523315429688,-6.138624668121338,3.5896382331848145,575.490966796875,575.2118530273438,0.10568714141845703,-0.09033885598182678,0.0003,0.0003,0.10568263381719589
,,,,,403999,6575.997,1000,,,,,,,,,,
,,,,,404000,,,-580.2244262695312,-6.3443403244018555,2.575192928314209,578.9404296875,578.909423828125,0.10496681183576584,0.7033897042274475,0.0003,0.0003,0.10496879369020462
,,,,,404999,6512.8564,1000,,,,,,,,,,
6392.9453,75.321625,6470.361,6200.8687,1000.0,405000,,,-579.397216796875,-5.8613080978393555,2.2049307823181152,578.2017822265625,578.2362670898438,0.10529027134180069,0.15614408254623413,0.0003,0.0003,0.1052853986620903
,,,,,405999,6495.8594,1000,,,,,,,,,,
,,,,,406000,,,-582.7664184570312,-5.712404727935791,2.7210652828216553,581.2593383789062,581.3779296875,0.10641368478536606,-0.0360841229557991,0.0003,0.0003,0.10641264915466309
,,,,,406999,6536.588,1000,,,,,,,,,,
,,,,,407000,,,-584.0744018554688,-5.6664252281188965,2.8042654991149902,583.0865478515625,583.472900390625,0.10643449425697327,-0.4337496757507324,0.0003,0.0003,0.10643114149570465
,,,,,407999,6530.3584,1000,,,,,,,,,,
,,,,,408000,,,-591.3662719726562,-5.877473831176758,2.1355299949645996,590.5053100585938,590.23828125,0.10573142766952515,-0.4395638406276703,0.0003,0.0003,0.10572686791419983
,,,,,408999,6507.6157,1000,,,,,,,,,,
,,,,,409000,,,-593.1099853515625,-5.526666641235352,3.201014995574951,592.1051025390625,591.764404296875,0.10552670061588287,-0.6540262699127197,0.0003,0.0003,0.10552260279655457
,,,,,409999,6528.3477,1000,,,,,,,,,,
6392.53,378.87756,6644.1553,5286.667,1000.0,410000,,,-584.4312744140625,-6.592008590698242,2.1175131797790527,583.3837890625,583.46923828125,0.10612361133098602,1.3478147983551025,0.0003,0.0003,0.10612836480140686
,,,,,410999,6537.7417,1000,,,,,,,,,,
,,,,,411000,,,-586.4647827148438,-5.642056941986084,2.469296455383301,585.3106079101562,585.4005126953125,0.10624095797538757,-0.8375497460365295,0.0003,0.0003,0.10623938590288162
,,,,,411999,6582.1226,1000,,,,,,,,,,
,,,,,412000,,,-582.7938842773438,-6.313296318054199,2.9120399951934814,581.289306640625,581.7498779296875,0.10579827427864075,0.533464252948761,0.0003,0.0003,0.1058044284582138
,,,,,412999,6570.0024,1000,,,,,,,,,,
,,,,,413000,,,-578.8565063476562,-6.528444290161133,3.151498317718506,577.1021118164062,577.1839599609375,0.10594389587640762,0.8561221957206726,0.0003,0.0003,0.10594629496335983
,,,,,413999,6561.276,1000,,,,,,,,,,
,,,,,414000,,,-591.4192504882812,-5.749283790588379,3.294689178466797,590.3568115234375,590.2071533203125,0.10696635395288467,-0.6762967705726624,0.0003,0.0003,0.10696688294410706
,,,,,414999,6607.086,1000,,,,,,,,,,
6585.862,44.92152,6663.258,6526.6704,1000.0,415000,,,-583.160400390625,-5.990695476531982,2.7408289909362793,581.92822265625,581.859130859375,0.10639283061027527,0.013723313808441162,0.0003,0.0003,0.10639240592718124
,,,,,415999,6676.29,1000,,,,,,,,,,
,,,,,416000,,,-586.049560546875,-6.1445746421813965,2.6731390953063965,584.73486328125,584.92578125,0.10608281195163727,0.6463252305984497,0.0003,0.0003,0.10608113557100296
,,,,,416999,6497.466,1000,,,,,,,,,,
,,,,,417000,,,-587.1879272460938,-5.853094100952148,3.0738871097564697,586.16845703125,586.1962890625,0.10654231905937195,-0.4243848919868469,0.0003,0.0003,0.10654056817293167
,,,,,417999,6593.9756,1000,,,,,,,,,,
,,,,,418000,,,-590.1636962890625,-5.830322742462158,2.2102341651916504,588.89111328125,588.9796142578125,0.10691118240356445,-0.4155983626842499,0.0003,0.0003,0.10691005736589432
,,,,,418999,3982.397,1000,,,,,,,,,,
,,,,,419000,,,-591.1127319335938,-5.729630947113037,2.5541815757751465,590.3172607421875,590.3173828125,0.1070883572101593,-0.4407590329647064,0.0003,0.0003,0.10709289461374283
,,,,,419999,3987.7114,1000,,,,,,,,,,
5674.1836,1962.2567,6668.6323,200.28041,1000.0,420000,,,-585.753173828125,-5.990499019622803,2.8737680912017822,584.4959106445312,584.7428588867188,0.10614193230867386,-0.015260763466358185,0.0003,0.0003,0.10614491254091263
,,,,,420999,6608.002,1000,,,,,,,,,,
,,,,,421000,,,-592.4118041992188,-5.8162994384765625,2.342184066772461,591.456787109375,591.4383544921875,0.10527270287275314,-0.20543035864830017,0.0003,0.0003,0.105275459587574
,,,,,421999,6471.126,1000,,,,,,,,,,
,,,,,422000,,,-591.1553344726562,-5.797055244445801,2.366509437561035,589.9503173828125,590.0145874023438,0.10466492921113968,-0.6331714391708374,0.0003,0.0003,0.10466346144676208
,,,,,422999,4617.2686,1000,,,,,,,,,,
,,,,,423000,,,-583.9705810546875,-5.776941299438477,3.0794568061828613,583.0675048828125,582.8882446289062,0.10353847593069077,-0.5208854079246521,0.0003,0.0003,0.1035437285900116
,,,,,423999,6455.7607,1000,,,,,,,,,,
,,,,,424000,,,-585.56787109375,-6.052770614624023,2.1758437156677246,584.1752319335938,584.0670166015625,0.10338326543569565,0.5509319305419922,0.0003,0.0003,0.10338097810745239
,,,,,424999,6576.9907,1000,,,,,,,,,,
6224.031,790.34515,6665.4385,4078.6,1000.0,425000,,,-592.0551147460938,-5.546762466430664,4.616789817810059,590.9652099609375,590.6047973632812,0.10188150405883789,-0.3111254870891571,0.0003,0.0003,0.10187681764364243
,,,,,425999,6579.1416,1000,,,,,,,,,,
,,,,,426000,,,-592.7442626953125,-5.779870986938477,2.933807134628296,591.5756225585938,591.6690063476562,0.10083021223545074,0.05338051915168762,0.0003,0.0003,0.10082795470952988
,,,,,426999,6622.1177,1000,,,,,,,,,,
,,,,,427000,,,-588.2567749023438,-5.666506767272949,2.155261754989624,587.0455322265625,586.9854736328125,0.10119978338479996,-0.6092971563339233,0.0003,0.0003,0.10120140016078949
,,,,,427999,6506.53,1000,,,,,,,,,,
,,,,,428000,,,-597.3958740234375,-5.855514049530029,5.147943496704102,596.208740234375,596.57958984375,0.10052894055843353,0.1668703407049179,0.0003,0.0003,0.10052677989006042
,,,,,428999,6472.4575,1000,,,,,,,,,,
,,,,,429000,,,-591.41845703125,-6.2220025062561035,3.262941360473633,590.36572265625,590.660400390625,0.10021860897541046,-0.020219534635543823,0.0003,0.0003,0.10021396726369858
,,,,,429999,-81.6589,1000,,,,,,,,,,
6630.2227,48.049473,6707.1562,6556.2754,1000.0,430000,,,-585.4160766601562,-6.175642967224121,3.5287952423095703,584.41162109375,584.54052734375,0.1005602478981018,-0.25613224506378174,0.0003,0.0003,0.10056477785110474
,,,,,430999,6607.6274,1000,,,,,,,,,,
,,,,,431000,,,-588.9422607421875,-6.030340194702148,2.9278440475463867,587.7523803710938,587.8179931640625,0.10086077451705933,-0.12689045071601868,0.0003,0.0003,0.10086245834827423
,,,,,431999,6645.605,1000,,,,,,,,,,
,,,,,432000,,,-584.163330078125,-6.0182600021362305,3.3299195766448975,583.0877685546875,583.09130859375,0.10061845183372498,0.6882321834564209,0.0003,0.0003,0.10061825811862946
,,,,,432999,6653.6836,1000,,,,,,,,,,
,,,,,433000,,,-587.6131591796875,-5.715794086456299,2.9882678985595703,586.6935424804688,586.6593017578125,0.10039076954126358,-0.06535980105400085,0.0003,0.0003,0.10039131343364716
,,,,,433999,6631.3384,1000,,,,,,,,,,
,,,,,434000,,,-587.87646484375,-6.304083347320557,4.013554096221924,586.5968017578125,586.6773681640625,0.10086327791213989,-0.0953068882226944,0.0003,0.0003,0.10085920989513397
,,,,,434999,6758.0396,1000,,,,,,,,,,
6371.2417,916.49963,6755.6904,3627.3477,1000.0,435000,,,-595.8430786132812,-5.63109827041626,3.427290678024292,594.530029296875,594.4063720703125,0.10161112993955612,-0.5378526449203491,0.0003,0.0003,0.10161187499761581
,,,,,435999,6662.7114,1000,,,,,,,,,,
,,,,,436000,,,-595.3045043945312,-6.573324203491211,3.7235591411590576,594.329833984375,594.2545776367188,0.1023813858628273,0.8006370663642883,0.0003,0.0003,0.10238195210695267
,,,,,436999,6578.0664,1000,,,,,,,,,,
,,,,,437000,,,-589.3438110351562,-5.9891767501831055,3.8726556301116943,588.2927856445312,588.156494140625,0.10296815633773804,-0.2635608911514282,0.0003,0.0003,0.10296665877103806
,,,,,437999,6664.0137,1000,,,,,,,,,,
,,,,,438000,,,-592.9036254882812,-5.591152667999268,3.0796151161193848,591.6630859375,591.5924072265625,0.10299067199230194,-0.9154230952262878,0.0003,0.0003,0.10299292951822281
,,,,,438999,6703.4033,1000,,,,,,,,,,
,,,,,439000,,,-600.3018798828125,-6.054352760314941,4.147955894470215,599.53271484375,599.46875,0.1035584956407547,0.5195401906967163,0.0003,0.0003,0.10356167703866959
,,,,,439999,6673.632,1000,,,,,,,,,,
6726.0967,85.95592,6831.344,6585.5576,1000.0,440000,,,-597.2127685546875,-6.136001110076904,2.844362497329712,596.6410522460938,596.320556640625,0.10472173988819122,-0.33994561433792114,0.0003,0.0003,0.10472424328327179
,,,,,440999,6636.4277,1000,,,,,,,,,,
,,,,,441000,,,-586.3013305664062,-6.355905532836914,3.536173105239868,585.3453369140625,585.2210693359375,0.10502323508262634,0.8031550645828247,0.0003,0.0003,0.105031318962574
,,,,,441999,6729.6606,1000,,,,,,,,,,
,,,,,442000,,,-598.1755981445312,-6.190384864807129,3.219261407852173,596.6543579101562,596.848876953125,0.10508803278207779,0.18891751766204834,0.0003,0.0003,0.10508857667446136
,,,,,442999,6686.108,1000,,,,,,,,,,
,,,,,443000,,,-591.4052124023438,-6.258268356323242,3.402656078338623,590.5595703125,590.4715576171875,0.10541263967752457,-0.0644499659538269,0.0003,0.0003,0.10541608929634094
,,,,,443999,6624.6265,1000,,,,,,,,,,
,,,,,444000,,,-601.0692138671875,-6.249824523925781,3.004678726196289,600.2857666015625,600.2706298828125,0.10458897054195404,-0.39281579852104187,0.0003,0.0003,0.10459012538194656
,,,,,444999,6737.7534,1000,,,,,,,,,,
6695.2354,74.00785,6783.18,6525.164,1000.0,445000,,,-597.180419921875,-6.042166233062744,3.4896509647369385,596.19140625,596.0272827148438,0.10456820577383041,-0.7080059051513672,0.0003,0.0003,0.10456985235214233
,,,,,445999,6625.8975,1000,,,,,,,,,,
,,,,,446000,,,-596.30859375,-6.073464870452881,3.8822197914123535,594.7484130859375,595.0200805664062,0.10528057813644409,0.12836311757564545,0.0003,0.0003,0.10527964681386948
,,,,,446999,6721.576,1000,,,,,,,,,,
,,,,,447000,,,-595.1912841796875,-5.761897087097168,2.5511059761047363,594.1073608398438,594.2349853515625,0.10603751987218857,-0.5027766227722168,0.0003,0.0003,0.10603433847427368
,,,,,447999,6610.2793,1000,,,,,,,,,,
,,,,,448000,,,-600.9632568359375,-5.293730735778809,2.62312388420105,599.7220458984375,599.45947265625,0.10616694390773773,-1.135627269744873,0.0003,0.0003,0.10616562515497208
,,,,,448999,6681.2207,1000,,,,,,,,,,
,,,,,449000,,,-603.3453979492188,-5.746021747589111,2.9253854751586914,602.2677001953125,602.3488159179688,0.10632286965847015,-0.9247735738754272,0.0003,0.0003,0.10632125288248062
,,,,,449999,6605.0723,1000,,,,,,,,,,
6672.676,93.2223,6735.874,6419.682,1000.0,450000,,,-596.4078979492188,-5.933724403381348,3.6130051612854004,595.144287109375,595.1548461914062,0.10692570358514786,0.1774725615978241,0.0003,0.0003,0.10693014413118362
,,,,,450999,6760.164,1000,,,,,,,,,,
,,,,,451000,,,-597.1480712890625,-6.1451802253723145,2.952665328979492,595.52685546875,595.4783325195312,0.10676201432943344,0.6699620485305786,0.0003,0.0003,0.10676603764295578
,,,,,451999,6672.0967,1000,,,,,,,,,,
,,,,,452000,,,-608.3084716796875,-5.555760383605957,2.756195545196533,607.0291137695312,607.3968505859375,0.10751761496067047,-0.4033644199371338,0.0003,0.0003,0.10751362890005112
,,,,,452999,6706.116,1000,,,,,,,,,,
,,,,,453000,,,-600.5691528320312,-6.378428936004639,2.537985324859619,599.1544189453125,599.1162109375,0.10785211622714996,0.4492601454257965,0.0003,0.0003,0.10785695165395737
,,,,,453999,6780.113,1000,,,,,,,,,,
,,,,,454000,,,-600.4899291992188,-6.06410026550293,3.009629249572754,599.144775390625,599.3377075195312,0.10782589018344879,0.9026996493339539,0.0003,0.0003,0.10782840847969055
,,,,,454999,6732.88,1000,,,,,,,,,,
6718.0454,102.73537,6835.328,6504.6577,1000.0,455000,,,-604.2437133789062,-6.421871662139893,3.2773516178131104,603.2040405273438,602.871826171875,0.10702663660049438,0.34444454312324524,0.0003,0.0003,0.107030488550663
,,,,,455999,6861.469,1000,,,,,,,,,,
,,,,,456000,,,-605.0036010742188,-5.71253776550293,3.0517382621765137,603.3912353515625,603.6987915039062,0.10738802701234818,-0.4109802842140198,0.0003,0.0003,0.10738281160593033
,,,,,456999,6815.7285,1000,,,,,,,,,,
,,,,,457000,,,-601.4627685546875,-5.738071918487549,3.0884742736816406,600.27294921875,600.157470703125,0.10789687186479568,-0.8421108722686768,0.0003,0.0003,0.10789841413497925
,,,,,457999,6836.1,1000,,,,,,,,,,
,,,,,458000,,,-602.8414306640625,-6.071964263916016,2.5980305671691895,601.4347534179688,601.4273071289062,0.10837674885988235,0.7603074312210083,0.0003,0.0003,0.10837715864181519
,,,,,458999,6769.289,1000,,,,,,,,,,
,,,,,459000,,,-606.9967041015625,-5.873920917510986,3.1151065826416016,606.021728515625,605.7491455078125,0.1083626076579094,-0.06959792971611023,0.0003,0.0003,0.10835576802492142
,,,,,459999,6840.159,1000,,,,,,,,,,
6727.0586,110.70905,6912.518,6500.4185,1000.0,460000,,,-609.09228515625,-6.068996429443359,2.944204330444336,607.879150390625,608.1341552734375,0.10796982049942017,0.13634464144706726,0.0003,0.0003,0.1079699769616127
,,,,,460999,6757.431,1000,,,,,,,,,,
,,,,,461000,,,-611.2672729492188,-5.6215291023254395,2.7569117546081543,610.322509765625,610.1974487304688,0.10885854810476303,-0.7012900710105896,0.0003,0.0003,0.10885930061340332
,,,,,461999,6765.3755,1000,,,,,,,,,,
,,,,,462000,,,-607.9967041015625,-5.749044418334961,3.5088539123535156,606.8907470703125,606.81640625,0.10981814563274384,-0.790367603302002,0.0003,0.0003,0.10981594026088715
,,,,,462999,4568.812,1000,,,,,,,,,,
,,,,,463000,,,-603.1250610351562,-5.8209919929504395,6.281558990478516,601.6055297851562,601.83740234375,0.11015389114618301,-0.27440041303634644,0.0003,0.0003,0.11015063524246216
,,,,,463999,6735.0195,1000,,,,,,,,,,
,,,,,464000,,,-609.1187744140625,-5.626476287841797,2.2661688327789307,608.3556518554688,608.2081909179688,0.109916552901268,-0.5238108038902283,0.0003,0.0003,0.1099109947681427
,,,,,464999,6842.873,1000,,,,,,,,,,
6742.9155,51.829006,6815.792,6639.938,1000.0,465000,,,-606.1213989257812,-5.5889997482299805,2.839648485183716,605.0016479492188,605.0081176757812,0.1092173308134079,-0.5215902328491211,0.0003,0.0003,0.10920795798301697
,,,,,465999,6597.421,1000,,,,,,,,,,
,,,,,466000,,,-602.7020263671875,-6.140017032623291,3.7249603271484375,601.9046020507812,601.856201171875,0.11044113337993622,0.1649794578552246,0.0003,0.0003,0.11044295132160187
,,,,,466999,6798.298,1000,,,,,,,,,,
,,,,,467000,,,-614.0437622070312,-6.155607223510742,2.3691930770874023,612.8099975585938,612.7984008789062,0.11005577445030212,0.7472039461135864,0.0003,0.0003,0.11005684733390808
,,,,,467999,6770.6387,1000,,,,,,,,,,
,,,,,468000,,,-603.07861328125,-6.0048441886901855,3.0410468578338623,601.7630004882812,602.122802734375,0.10934410989284515,0.473376989364624,0.0003,0.0003,0.10934111475944519
,,,,,468999,6611.648,1000,,,,,,,,,,
,,,,,469000,,,-606.6943359375,-6.464428901672363,2.8728744983673096,605.6980590820312,605.8841552734375,0.10775896906852722,0.6999276876449585,0.0003,0.0003,0.10776251554489136
,,,,,469999,6871.8345,1000,,,,,,,,,,
6833.206,73.736786,6911.7095,6650.424,1000.0,470000,,,-619.188720703125,-5.515555381774902,2.425610065460205,618.3883056640625,618.33154296875,0.10856496542692184,-1.188914179801941,0.0003,0.0003,0.10856229066848755
,,,,,470999,6120.9575,1000,,,,,,,,,,
,,,,,471000,,,-613.857421875,-5.68759822845459,2.9528584480285645,612.7596435546875,612.594482421875,0.10832089930772781,-0.6107608079910278,0.0003,0.0003,0.10831820964813232
,,,,,471999,6676.3916,1000,,,,,,,,,,
,,,,,472000,,,-606.8439331054688,-5.927722454071045,3.8746414184570312,605.65283203125,605.529052734375,0.10859924554824829,-0.5441694259643555,0.0003,0.0003,0.10860022902488708
,,,,,472999,6769.112,1000,,,,,,,,,,
,,,,,473000,,,-609.68896484375,-6.05073356628418,4.812684059143066,608.234619140625,609.0299072265625,0.10655775666236877,0.6269136667251587,0.0003,0.0003,0.10655883699655533
,,,,,473999,6891.411,1000,,,,,,,,,,
,,,,,474000,,,-613.6447143554688,-6.111503601074219,2.799685001373291,612.6971435546875,612.6510620117188,0.10647695511579514,0.17522329092025757,0.0003,0.0003,0.10647738724946976
,,,,,474999,6811.9644,1000,,,,,,,,,,
6761.1406,42.000393,6829.0024,6711.557,1000.0,475000,,,-602.774169921875,-5.590577125549316,3.2599987983703613,601.8443603515625,601.9240112304688,0.10658050328493118,-0.6405712962150574,0.0003,0.0003,0.10658238083124161
,,,,,475999,6827.406,1000,,,,,,,,,,
,,,,,476000,,,-611.4445190429688,-6.109724521636963,2.982726573944092,610.027587890625,609.9322509765625,0.10735710710287094,0.2136661857366562,0.0003,0.0003,0.10736097395420074
,,,,,476999,6796.656,1000,,,,,,,,,,
,,,,,477000,,,-614.6365966796875,-5.98838996887207,3.842447280883789,613.4650268554688,613.242919921875,0.10839666426181793,-0.2838376760482788,0.0003,0.0003,0.10839661955833435
,,,,,477999,6810.4116,1000,,,,,,,,,,
,,,,,478000,,,-608.7360229492188,-6.348153114318848,2.2656078338623047,607.7442626953125,607.6248779296875,0.10846411436796188,0.4115924537181854,0.0003,0.0003,0.10846207290887833
,,,,,478999,6846.292,1000,,,,,,,,,,
,,,,,479000,,,-612.4458618164062,-6.0857110023498535,3.2720837593078613,611.2789916992188,611.0264282226562,0.10836036503314972,0.03517657518386841,0.0003,0.0003,0.10836038738489151
,,,,,479999,6842.1836,1000,,,,,,,,,,
6885.218,31.919304,6934.1895,6834.514,1000.0,480000,,,-618.39208984375,-6.053002834320068,3.464010238647461,617.4732055664062,617.3082275390625,0.1086234524846077,-0.15616056323051453,0.0003,0.0003,0.10862366110086441
,,,,,480999,6852.29,1000,,,,,,,,,,
,,,,,481000,,,-613.7169189453125,-5.741280555725098,3.390265941619873,612.637451171875,612.5328369140625,0.10954032838344574,-0.48030585050582886,0.0003,0.0003,0.1095411404967308
,,,,,481999,6814.1187,1000,,,,,,,,,,
,,,,,482000,,,-607.4037475585938,-5.919402599334717,3.4949076175689697,606.02294921875,606.0941772460938,0.1096336841583252,-0.9701130390167236,0.0003,0.0003,0.10963039100170135
,,,,,482999,6875.252,1000,,,,,,,,,,
,,,,,483000,,,-619.4122924804688,-5.966274738311768,3.435147285461426,618.0924072265625,618.16064453125,0.10909972339868546,0.23430755734443665,0.0003,0.0003,0.10910346359014511
,,,,,483999,6833.667,1000,,,,,,,,,,
,,,,,484000,,,-621.4786987304688,-6.166682243347168,2.6509406566619873,620.3897705078125,620.7130126953125,0.11029615253210068,-0.12537804245948792,0.0003,0.0003,0.1103045865893364
,,,,,484999,6807.721,1000,,,,,,,,,,
6928.4077,59.635296,7000.086,6784.936,1000.0,485000,,,-614.333984375,-5.966228485107422,2.9024698734283447,613.0814208984375,613.41455078125,0.10993612557649612,-0.3083080053329468,0.0003,0.0003,0.10993500053882599
,,,,,485999,6876.4746,1000,,,,,,,,,,
,,,,,486000,,,-623.335205078125,-5.744985103607178,3.0692286491394043,622.4615478515625,622.3709716796875,0.11027984321117401,-0.13850778341293335,0.0003,0.0003,0.11028134077787399
,,,,,486999,6830.8564,1000,,,,,,,,,,
,,,,,487000,,,-614.8385009765625,-6.275457382202148,4.275307655334473,613.5225830078125,613.2769165039062,0.11077599972486496,0.15271854400634766,0.0003,0.0003,0.11077951639890671
,,,,,487999,6922.406,1000,,,,,,,,,,
,,,,,488000,,,-619.3462524414062,-6.089412689208984,3.5174505710601807,618.025634765625,618.4227294921875,0.11099082976579666,0.9471665620803833,0.0003,0.0003,0.11099603772163391
,,,,,488999,6897.8896,1000,,,,,,,,,,
,,,,,489000,,,-615.6727905273438,-5.899386882781982,2.807157278060913,614.1656494140625,614.344970703125,0.11137594282627106,0.3246614634990692,0.0003,0.0003,0.11137790232896805
,,,,,489999,6896.716,1000,,,,,,,,,,
6942.718,63.391544,6995.7812,6776.7075,1000.0,490000,,,-623.482177734375,-6.345988750457764,2.871108055114746,622.064697265625,622.1253662109375,0.11124067008495331,0.25156569480895996,0.0003,0.0003,0.11123804748058319
,,,,,490999,6962.622,1000,,,,,,,,,,
,,,,,491000,,,-616.8958740234375,-5.89354133605957,3.167243003845215,615.803955078125,615.716796875,0.11111892014741898,0.32213643193244934,0.0003,0.0003,0.11112205684185028
,,,,,491999,6900.444,1000,,,,,,,,,,
,,,,,492000,,,-619.5748291015625,-5.753843307495117,3.354147434234619,618.3187255859375,618.5281982421875,0.11088605970144272,-0.9813138246536255,0.0003,0.0003,0.11087756603956223
,,,,,492999,6885.7163,1000,,,,,,,,,,
,,,,,493000,,,-617.734375,-5.860269069671631,3.5662786960601807,616.4960327148438,616.7894287109375,0.11044866591691971,-0.5207945704460144,0.0003,0.0003,0.11044389754533768
,,,,,493999,6889.9062,1000,,,,,,,,,,
,,,,,494000,,,-620.05517578125,-6.482834815979004,3.7170279026031494,618.6256103515625,618.9468994140625,0.1107993945479393,1.3053561449050903,0.0003,0.0003,0.11080484092235565
,,,,,494999,6955.842,1000,,,,,,,,,,
6960.7695,47.597557,7037.9526,6877.453,1000.0,495000,,,-622.439453125,-5.794723987579346,2.167999744415283,620.9693603515625,621.058349609375,0.1106737032532692,-0.4645425081253052,0.0003,0.0003,0.11067137867212296
,,,,,495999,6947.5483,1000,,,,,,,,,,
,,,,,496000,,,-620.34521484375,-6.188950538635254,3.0868234634399414,618.8597412109375,619.20751953125,0.1103215217590332,0.6086239814758301,0.0003,0.0003,0.1103244423866272
,,,,,496999,6926.906,1000,,,,,,,,,,
,,,,,497000,,,-627.0496215820312,-5.661220073699951,3.1744916439056396,625.83642578125,625.4724731445312,0.11160171777009964,-0.6880704760551453,0.0003,0.0003,0.1115986555814743
,,,,,497999,6956.4077,1000,,,,,,,,,,
,,,,,498000,,,-623.716796875,-6.241464614868164,3.655900001525879,622.896240234375,622.6146240234375,0.11069384217262268,0.514502227306366,0.0003,0.0003,0.1106913834810257
,,,,,498999,6837.5845,1000,,,,,,,,,,
,,,,,499000,,,-623.0675659179688,-6.099259853363037,3.362090587615967,622.220947265625,621.9905395507812,0.111194908618927,0.17200151085853577,0.0003,0.0003,0.11120094358921051
,,,,,499999,6982.294,1000,,,,,,,,,,
7020.3916,110.39955,7171.7764,6806.101,1000.0,500000,,,-622.6566162109375,-6.1588897705078125,3.1533331871032715,621.3539428710938,621.3402099609375,0.11141551285982132,0.31701818108558655,0.0003,0.0003,0.11141752451658249
,,,,,500999,6956.835,1000,,,,,,,,,,
,,,,,501000,,,-625.2534790039062,-6.740237236022949,2.2985432147979736,623.9784545898438,624.14892578125,0.11296791583299637,0.8218225240707397,0.0003,0.0003,0.11296950280666351
,,,,,501999,6931.3945,1000,,,,,,,,,,
,,,,,502000,,,-626.9591674804688,-5.89301872253418,2.7477946281433105,625.6700439453125,625.828125,0.1120297759771347,-0.2340347170829773,0.0003,0.0003,0.11203041672706604
,,,,,502999,6932.078,1000,,,,,,,,,,
,,,,,503000,,,-617.7625122070312,-5.977561950683594,3.529829740524292,616.1954345703125,616.3673706054688,0.11226801574230194,-0.6572688221931458,0.0003,0.0003,0.1122639998793602
,,,,,503999,6973.102,1000,,,,,,,,,,
,,,,,504000,,,-629.505126953125,-5.71521520614624,2.936659812927246,628.3828125,628.525634765625,0.11285928636789322,-0.397026389837265,0.0003,0.0003,0.112858347594738
,,,,,504999,6964.7827,1000,,,,,,,,,,
6883.423,421.26392,7104.6416,5631.5366,1000.0,505000,,,-628.9403076171875,-5.952123641967773,3.457484245300293,628.196533203125,628.2801513671875,0.11210183799266815,0.49068862199783325,0.0003,0.0003,0.11210525780916214
,,,,,505999,6957.762,1000,,,,,,,,,,
,,,,,506000,,,-626.037109375,-5.920038223266602,3.281038761138916,625.0026245117188,625.0147705078125,0.11134596168994904,-0.040406398475170135,0.0003,0.0003,0.11135087162256241
,,,,,506999,6814.001,1000,,,,,,,,,,
,,,,,507000,,,-628.41552734375,-5.918324947357178,2.9973530769348145,627.4756469726562,627.5780639648438,0.11198320984840393,-0.2400767058134079,0.0003,0.0003,0.11197970807552338
,,,,,507999,6861.695,1000,,,,,,,,,,
,,,,,508000,,,-627.241455078125,-6.360172271728516,4.057791709899902,626.3406372070312,626.1622924804688,0.11206810921430588,0.3766041398048401,0.0003,0.0003,0.11207108199596405
,,,,,508999,6942.7144,1000,,,,,,,,,,
,,,,,509000,,,-625.711669921875,-5.867320537567139,3.397010564804077,624.0941162109375,623.9305419921875,0.1114455834031105,-0.5884008407592773,0.0003,0.0003,0.11143676191568375
,,,,,509999,7050.837,1000,,,,,,,,,,
6974.1045,67.25101,7048.9966,6842.727,1000.0,510000,,,-626.1879272460938,-6.255800247192383,3.284738540649414,625.138916015625,625.2833251953125,0.11222731322050095,0.4081246256828308,0.0003,0.0003,0.1122269555926323
,,,,,510999,7027.1245,1000,,,,,,,,,,
,,,,,511000,,,-629.9489135742188,-6.057100772857666,2.7665538787841797,628.8776245117188,628.7303466796875,0.11242615431547165,0.06822223961353302,0.0003,0.0003,0.11242730915546417
,,,,,511999,7023.467,1000,,,,,,,,,,
,,,,,512000,,,-628.5369262695312,-6.412405014038086,3.3010542392730713,626.89599609375,627.0869140625,0.11175553500652313,0.41818729043006897,0.0003,0.0003,0.11175614595413208
,,,,,512999,6959.6045,1000,,,,,,,,,,
,,,,,513000,,,-625.5756225585938,-6.413863182067871,3.0249648094177246,624.5020751953125,624.3596801757812,0.11190441995859146,0.5745141506195068,0.0003,0.0003,0.11190348118543625
,,,,,513999,6603.068,1000,,,,,,,,,,
,,,,,514000,,,-632.3256225585938,-6.202206611633301,2.4763317108154297,631.4515380859375,631.3790283203125,0.11204572021961212,0.23362216353416443,0.0003,0.0003,0.11204417049884796
,,,,,514999,6977.101,1000,,,,,,,,,,
6981.2056,36.42182,7028.0063,6903.3433,1000.0,515000,,,-631.6806030273438,-5.994176864624023,2.9949119091033936,630.5166625976562,630.3211059570312,0.11254992336034775,0.8616735935211182,0.0003,0.0003,0.11255405843257904
,,,,,515999,6984.8438,1000,,,,,,,,,,
,,,,,516000,,,-619.4796142578125,-6.475253105163574,3.081700086593628,618.0995483398438,618.2640991210938,0.11171450465917587,1.065590500831604,0.0003,0.0003,0.11171690374612808
,,,,,516999,6924.5513,1000,,,,,,,,,,
,,,,,517000,,,-632.186279296875,-5.832904815673828,2.497316837310791,630.8195190429688,631.0606689453125,0.11101993918418884,0.03258854150772095,0.0003,0.0003,0.11102195084095001
,,,,,517999,6993.874,1000,,,,,,,,,,
,,,,,518000,,,-638.5510864257812,-5.824970722198486,2.5834414958953857,637.7860107421875,637.4947509765625,0.11203938722610474,-0.45876002311706543,0.0003,0.0003,0.11203896254301071
,,,,,518999,7076.4165,1000,,,,,,,,,,
,,,,,519000,,,-635.4586791992188,-6.083540916442871,3.459449529647827,634.5687255859375,634.572021484375,0.11181163787841797,0.23445475101470947,0.0003,0.0003,0.1118113175034523
,,,,,519999,7102.063,1000,,,,,,,,,,
7053.409,76.84853,7142.093,6865.0103,1000.0,520000,,,-634.8489990234375,-5.810588359832764,3.26448392868042,633.513916015625,633.456787109375,0.11324276030063629,-0.16316570341587067,0.0003,0.0003,0.11324756592512131
,,,,,520999,7143.665,1000,,,,,,,,,,
,,,,,521000,,,-630.7306518554688,-5.8580522537231445,2.91251277923584,629.6185302734375,629.5331420898438,0.1134544387459755,0.0688139796257019,0.0003,0.0003,0.11345343291759491
,,,,,521999,7046.9443,1000,,,,,,,,,,
,,,,,522000,,,-639.4620971679688,-5.982451438903809,3.0307765007019043,638.318603515625,638.3182983398438,0.11366323381662369,0.14703905582427979,0.0003,0.0003,0.11366236954927444
,,,,,522999,6681.031,1000,,,,,,,,,,
,,,,,523000,,,-637.2452392578125,-6.616686820983887,4.051585674285889,635.7055053710938,635.6136474609375,0.11347686499357224,0.8328814506530762,0.0003,0.0003,0.11348193138837814
,,,,,523999,7045.5435,1000,,,,,,,,,,
,,,,,524000,,,-630.5780029296875,-6.198436737060547,3.5364391803741455,629.2628784179688,629.1573486328125,0.11364879459142685,0.8268645405769348,0.0003,0.0003,0.11364836245775223
,,,,,524999,7142.7363,1000,,,,,,,,,,
7161.542,47.49288,7216.465,7080.2783,1000.0,525000,,,-632.7153930664062,-5.556868553161621,2.246995449066162,631.8316650390625,631.9417114257812,0.11404239386320114,-1.0398451089859009,0.0003,0.0003,0.11403902620077133
,,,,,525999,7091.654,1000,,,,,,,,,,
,,,,,526000,,,-640.10009765625,-6.045706748962402,2.6886649131774902,639.3018798828125,639.2208862304688,0.11446332931518555,-0.45919010043144226,0.0003,0.0003,0.11445850878953934
,,,,,526999,7127.505,1000,,,,,,,,,,
,,,,,527000,,,-637.0729370117188,-5.895464897155762,3.6373448371887207,636.0477294921875,636.4447021484375,0.11459710448980331,0.22016696631908417,0.0003,0.0003,0.11459843814373016
,,,,,527999,7042.4272,1000,,,,,,,,,,
,,,,,528000,,,-627.4466552734375,-6.072019577026367,3.1683826446533203,626.3582153320312,626.2055053710938,0.11361195147037506,0.12400694936513901,0.0003,0.0003,0.11360953748226166
,,,,,528999,7051.279,1000,,,,,,,,,,
,,,,,529000,,,-627.6235961914062,-6.040171146392822,3.7661328315734863,626.3875732421875,625.9906616210938,0.11423288285732269,1.0086252689361572,0.0003,0.0003,0.11423598974943161
,,,,,529999,7090.487,1000,,,,,,,,,,
7140.448,36.18299,7208.5176,7079.0854,1000.0,530000,,,-637.7793579101562,-6.277660846710205,3.7711377143859863,637.075927734375,636.8251953125,0.11353003978729248,0.462536096572876,0.0003,0.0003,0.11353104561567307
,,,,,530999,7111.027,1000,,,,,,,,,,
,,,,,531000,,,-635.4520874023438,-5.6276116371154785,3.7507200241088867,634.7513427734375,634.1439208984375,0.1145005077123642,-0.693152129650116,0.0003,0.0003,0.11449406296014786
,,,,,531999,7080.1504,1000,,,,,,,,,,
,,,,,532000,,,-631.7622680664062,-6.383529186248779,3.343674421310425,630.6029052734375,630.5192260742188,0.11401300132274628,0.3499389588832855,0.0003,0.0003,0.11401284486055374
,,,,,532999,7114.082,1000,,,,,,,,,,
,,,,,533000,,,-642.0462646484375,-6.133166790008545,2.6511423587799072,640.862548828125,640.60400390625,0.11407893896102905,0.1823061853647232,0.0003,0.0003,0.11407812684774399
,,,,,533999,7110.754,1000,,,,,,,,,,
,,,,,534000,,,-638.1661376953125,-5.813077926635742,2.9264514446258545,636.9697265625,636.7802124023438,0.11375804990530014,0.05789720639586449,0.0003,0.0003,0.11375736445188522
,,,,,534999,7089.468,1000,,,,,,,,,,
7249.839,50.01974,7327.0503,7184.2485,1000.0,535000,,,-636.301513671875,-6.071771621704102,3.36576509475708,635.0201416015625,635.0555419921875,0.11399561166763306,0.11068105697631836,0.0003,0.0003,0.11399446427822113
,,,,,535999,7111.9194,1000,,,,,,,,,,
,,,,,536000,,,-642.0740966796875,-6.1334099769592285,2.847385883331299,640.6775512695312,641.0982666015625,0.1138220727443695,0.7644460201263428,0.0003,0.0003,0.1138250082731247
,,,,,536999,7150.451,1000,,,,,,,,,,
,,,,,537000,,,-645.1355590820312,-6.523904800415039,2.429877281188965,644.4541625976562,644.2237548828125,0.11346372216939926,0.3344374895095825,0.0003,0.0003,0.113463394343853
,,,,,537999,7070.9287,1000,,,,,,,,,,
,,,,,538000,,,-639.740966796875,-5.793258190155029,2.835165023803711,638.6491088867188,638.40087890625,0.11361872404813766,-0.13705149292945862,0.0003,0.0003,0.11361576616764069
,,,,,538999,7186.8457,1000,,,,,,,,,,
,,,,,539000,,,-640.4920654296875,-5.693711280822754,3.529250383377075,639.6727294921875,639.7769775390625,0.11473902314901352,-0.2216402143239975,0.0003,0.0003,0.11474449187517166
,,,,,539999,7105.406,1000,,,,,,,,,,
7180.2305,37.061718,7252.7515,7105.408,1000.0,540000,,,-636.2176513671875,-5.832455635070801,4.124822616577148,634.9139404296875,634.8369140625,0.11445900052785873,-0.04726564884185791,0.0003,0.0003,0.1144607663154602
,,,,,540999,7034.882,1000,,,,,,,,,,
,,,,,541000,,,-640.9841918945312,-6.0997724533081055,2.8356854915618896,639.6880493164062,639.6865844726562,0.11404087394475937,0.5509371161460876,0.0003,0.0003,0.11404723674058914
,,,,,541999,7190.906,1000,,,,,,,,,,
,,,,,542000,,,-636.7232055664062,-6.395503044128418,3.239865303039551,635.1669921875,635.2838134765625,0.11481697857379913,0.4694323241710663,0.0003,0.0003,0.11482136696577072
,,,,,542999,7158.0747,1000,,,,,,,,,,
,,,,,543000,,,-643.2651977539062,-5.744296073913574,3.172196388244629,642.41748046875,642.5213623046875,0.11537912487983704,-0.63722163438797,0.0003,0.0003,0.11538049578666687
,,,,,543999,7118.759,1000,,,,,,,,,,
,,,,,544000,,,-646.4013671875,-5.905646800994873,2.796828508377075,645.8201904296875,645.7884521484375,0.11388985812664032,-0.02067064493894577,0.0003,0.0003,0.11388876289129257
,,,,,544999,7097.992,1000,,,,,,,,,,
7088.8345,102.4809,7238.2974,6834.1733,1000.0,545000,,,-640.50341796875,-6.323602676391602,3.3755688667297363,639.2431640625,639.1799926757812,0.11426080763339996,0.10688015818595886,0.0003,0.0003,0.11426878720521927
,,,,,545999,7139.0356,1000,,,,,,,,,,
,,,,,546000,,,-640.392822265625,-5.730727195739746,2.7270689010620117,638.7689208984375,639.138671875,0.11474449187517166,-0.9791821241378784,0.0003,0.0003,0.11474569886922836
,,,,,546999,7196.797,1000,,,,,,,,,,
,,,,,547000,,,-641.2789306640625,-5.897392272949219,3.254213333129883,640.2916870117188,640.4193115234375,0.11586713790893555,0.3950139582157135,0.0003,0.0003,0.1158732995390892
,,,,,547999,7257.0713,1000,,,,,,,,,,
,,,,,548000,,,-641.3215942382812,-5.967621803283691,3.1049952507019043,639.985107421875,640.05078125,0.11566410958766937,-0.590643048286438,0.0003,0.0003,0.11566609889268875
,,,,,548999,7219.9473,1000,,,,,,,,,,
,,,,,549000,,,-641.9305419921875,-6.052713394165039,4.34316349029541,640.98828125,641.0145263671875,0.11662633717060089,-0.14555850625038147,0.0003,0.0003,0.11662614345550537
,,,,,549999,7103.597,1000,,,,,,,,,,
7150.409,53.969795,7211.543,7041.7075,1000.0,550000,,,-647.8181762695312,-6.037228584289551,2.547304630279541,646.9586181640625,646.8353271484375,0.11696358025074005,-0.028925567865371704,0.0003,0.0003,0.11696210503578186
,,,,,550999,7034.1177,1000,,,,,,,,,,
,,,,,551000,,,-643.7020263671875,-6.338622093200684,3.5664358139038086,642.3521118164062,642.2669677734375,0.11620187759399414,0.6172436475753784,0.0003,0.0003,0.11620032787322998
,,,,,551999,7229.49,1000,,,,,,,,,,
,,,,,552000,,,-650.3607177734375,-5.597187042236328,2.3633453845977783,649.4539794921875,649.1902465820312,0.11604990810155869,-0.9427164793014526,0.0003,0.0003,0.11604712158441544
,,,,,552999,7126.134,1000,,,,,,,,,,
,,,,,553000,,,-645.6253662109375,-5.92055606842041,3.8219947814941406,644.3190307617188,644.0257568359375,0.11657077074050903,0.033008456230163574,0.0003,0.0003,0.11657057702541351
,,,,,553999,7247.172,1000,,,,,,,,,,
,,,,,554000,,,-645.074462890625,-5.815478801727295,2.7466819286346436,644.021728515625,643.9903564453125,0.11588636785745621,0.05880800634622574,0.0003,0.0003,0.11588793992996216
,,,,,554999,7171.7295,1000,,,,,,,,,,
7133.407,87.52074,7213.9487,6897.9556,1000.0,555000,,,-645.502197265625,-5.5240373611450195,3.2603487968444824,644.6566162109375,644.710693359375,0.1156943067908287,-1.0837501287460327,0.0003,0.0003,0.11569137871265411
,,,,,555999,7099.7383,1000,,,,,,,,,,
,,,,,556000,,,-644.8456420898438,-5.709986686706543,2.710606098175049,643.5874633789062,643.803466796875,0.11652400344610214,-1.0726642608642578,0.0003,0.0003,0.11652588844299316
,,,,,556999,7061.4346,1000,,,,,,,,,,
,,,,,557000,,,-648.7476806640625,-5.893928527832031,2.96102237701416,647.6072998046875,647.4752807617188,0.11701395362615585,0.08111588656902313,0.0003,0.0003,0.1170111745595932
,,,,,557999,7227.5527,1000,,,,,,,,,,
,,,,,558000,,,-644.9224853515625,-6.018934726715088,2.9647293090820312,643.90283203125,643.7706298828125,0.11730686575174332,-0.6588989496231079,0.0003,0.0003,0.11730773746967316
,,,,,558999,7177.887,1000,,,,,,,,,,
,,,,,559000,,,-646.6489868164062,-6.282526016235352,3.314455986022949,645.4951782226562,645.510986328125,0.11744816601276398,0.375917911529541,0.0003,0.0003,0.11745143681764603
,,,,,559999,7317.7104,1000,,,,,,,,,,
7253.2764,46.185986,7315.175,7166.1846,1000.0,560000,,,-648.8888549804688,-5.939270973205566,3.283051013946533,647.9238891601562,647.871826171875,0.11668199300765991,-0.14257030189037323,0.0003,0.0003,0.11667938530445099
,,,,,560999,7240.274,1000,,,,,,,,,,
,,,,,561000,,,-654.4417114257812,-5.864570617675781,2.045945644378662,653.3570556640625,653.4287109375,0.11685251444578171,-0.13183461129665375,0.0003,0.0003,0.11685649305582047
,,,,,561999,7269.9995,1000,,,,,,,,,,
,,,,,562000,,,-643.6121215820312,-6.188405990600586,3.1988959312438965,642.1126708984375,641.9330444335938,0.11722081154584885,0.3788905739784241,0.0003,0.0003,0.11722590029239655
,,,,,562999,7270.0044,1000,,,,,,,,,,
,,,,,563000,,,-651.7757568359375,-6.044493675231934,3.0358638763427734,650.748779296875,650.58251953125,0.1174004003405571,0.044394344091415405,0.0003,0.0003,0.11740522086620331
,,,,,563999,7309.518,1000,,,,,,,,,,
,,,,,564000,,,-652.6893310546875,-5.706907272338867,3.375729560852051,651.7142333984375,651.6397705078125,0.11759498715400696,-0.6520298719406128,0.0003,0.0003,0.1175922080874443
,,,,,564999,7215.851,1000,,,,,,,,,,
7309.3174,60.015293,7430.872,7226.791,1000.0,565000,,,-652.40869140625,-6.110239028930664,3.9847633838653564,651.280029296875,650.8258056640625,0.11761932820081711,-0.08544310927391052,0.0003,0.0003,0.11761318892240524
,,,,,565999,7287.691,1000,,,,,,,,,,
,,,,,566000,,,-653.7429809570312,-6.106544017791748,3.199875831604004,652.3748779296875,652.2850341796875,0.11751078814268112,0.284854531288147,0.0003,0.0003,0.11750900000333786
,,,,,566999,7322.773,1000,,,,,,,,,,
,,,,,567000,,,-649.8711547851562,-6.054056167602539,3.6581311225891113,648.202392578125,648.0379638671875,0.11764305084943771,0.6276510953903198,0.0003,0.0003,0.11764521151781082
,,,,,567999,7145.474,1000,,,,,,,,,,
,,,,,568000,,,-652.3984375,-6.131315231323242,3.762155532836914,650.7111206054688,650.60888671875,0.11810033768415451,0.5518214106559753,0.0003,0.0003,0.11810312420129776
,,,,,568999,7254.65,1000,,,,,,,,,,
,,,,,569000,,,-648.4844970703125,-5.504744052886963,3.0139453411102295,647.4443359375,647.41015625,0.11843901872634888,-0.6835618019104004,0.0003,0.0003,0.11844509840011597
,,,,,569999,7221.929,1000,,,,,,,,,,
7277.3486,63.49415,7359.713,7152.7886,1000.0,570000,,,-650.674560546875,-6.4848480224609375,2.757491111755371,649.6455688476562,649.48583984375,0.11826632916927338,1.496166467666626,0.0003,0.0003,0.11826293915510178
,,,,,570999,7293.103,1000,,,,,,,,,,
,,,,,571000,,,-652.7278442382812,-5.997933387756348,2.877795696258545,651.85693359375,651.9013671875,0.11831434816122055,0.23208704590797424,0.0003,0.0003,0.11831508576869965
,,,,,571999,7301.2275,1000,,,,,,,,,,
,,,,,572000,,,-654.4991455078125,-6.286401748657227,2.8887898921966553,653.5738525390625,653.6410522460938,0.11957398056983948,1.0601015090942383,0.0003,0.0003,0.11957822740077972
,,,,,572999,7225.8193,1000,,,,,,,,,,
,,,,,573000,,,-654.3441162109375,-5.65153694152832,4.10794734954834,652.923583984375,653.177734375,0.11961301416158676,-0.23068314790725708,0.0003,0.0003,0.1196088194847107
,,,,,573999,7279.173,1000,,,,,,,,,,
,,,,,574000,,,-652.8042602539062,-6.263636112213135,2.752366065979004,651.534912109375,651.6920166015625,0.11873628199100494,-0.1527012586593628,0.0003,0.0003,0.11873631179332733
,,,,,574999,7373.6895,1000,,,,,,,,,,
7313.072,62.730465,7383.823,7166.9497,1000.0,575000,,,-649.876220703125,-6.270535469055176,2.68168044090271,648.7199096679688,648.689697265625,0.11864867061376572,0.3303518295288086,0.0003,0.0003,0.11865311115980148
,,,,,575999,7154.5225,1000,,,,,,,,,,
,,,,,576000,,,-648.7821044921875,-6.0440778732299805,3.3196258544921875,647.6805419921875,647.717529296875,0.11806320399045944,0.3461531698703766,0.0003,0.0003,0.11806692183017731
,,,,,576999,7266.106,1000,,,,,,,,,,
,,,,,577000,,,-649.3487548828125,-5.936291694641113,3.1099557876586914,647.3433837890625,647.3724365234375,0.1184818297624588,0.10791635513305664,0.0003,0.0003,0.11848270893096924
,,,,,577999,7374.6904,1000,,,,,,,,,,
,,,,,578000,,,-654.788818359375,-6.154109477996826,3.1186602115631104,653.0355224609375,653.4078979492188,0.11820907145738602,-0.08191926777362823,0.0003,0.0003,0.11821068078279495
,,,,,578999,7317.117,1000,,,,,,,,,,
,,,,,579000,,,-658.4857177734375,-5.671080589294434,3.2176077365875244,657.548828125,657.5108642578125,0.11908471584320068,-0.8932470679283142,0.0003,0.0003,0.11908729374408722
,,,,,579999,7416.9897,1000,,,,,,,,,,
7344.837,55.1192,7456.996,7234.722,1000.0,580000,,,-656.709228515625,-6.158830642700195,2.983534574508667,655.1907958984375,655.518798828125,0.11896046996116638,-0.24767670035362244,0.0003,0.0003,0.11895925551652908
,,,,,580999,7327.757,1000,,,,,,,,,,
,,,,,581000,,,-661.7742919921875,-5.702089309692383,3.5427706241607666,660.4873046875,660.387451171875,0.11974811553955078,-0.029515549540519714,0.0003,0.0003,0.11975553631782532
,,,,,581999,7190.0815,1000,,,,,,,,,,
,,,,,582000,,,-659.6608276367188,-6.070984840393066,3.550577163696289,657.9265747070312,658.2056884765625,0.11936934292316437,0.9545860290527344,0.0003,0.0003,0.11937294900417328
,,,,,582999,7347.411,1000,,,,,,,,,,
,,,,,583000,,,-652.1856689453125,-6.065666198730469,3.141822099685669,651.0193481445312,651.121337890625,0.11951565742492676,0.8314328789710999,0.0003,0.0003,0.1195179671049118
,,,,,583999,7411.9556,1000,,,,,,,,,,
,,,,,584000,,,-660.9196166992188,-6.005274772644043,3.9775218963623047,659.8133544921875,659.7265625,0.12039107829332352,0.3477482497692108,0.0003,0.0003,0.12039529532194138
,,,,,584999,7307.9434,1000,,,,,,,,,,
7323.7397,90.67012,7415.851,7121.112,1000.0,585000,,,-656.771728515625,-6.144097328186035,4.045979022979736,655.484375,655.5042724609375,0.11950879544019699,0.22005972266197205,0.0003,0.0003,0.11951346695423126
,,,,,585999,7323.058,1000,,,,,,,,,,
,,,,,586000,,,-656.9793090820312,-6.0859761238098145,3.81467866897583,656.2221069335938,656.2835083007812,0.12050071358680725,0.3776499629020691,0.0003,0.0003,0.12050215899944305
,,,,,586999,7328.9487,1000,,,,,,,,,,
,,,,,587000,,,-655.9163818359375,-6.179393768310547,3.474741220474243,654.6036376953125,654.68603515625,0.1189596876502037,0.09102553129196167,0.0003,0.0003,0.11895713210105896
,,,,,587999,7341.843,1000,,,,,,,,,,
,,,,,588000,,,-652.8004150390625,-5.6746721267700195,3.0777134895324707,651.77001953125,651.8077392578125,0.11872035264968872,0.036966025829315186,0.0003,0.0003,0.11872159689664841
,,,,,588999,7390.2856,1000,,,,,,,,,,
,,,,,589000,,,-665.70947265625,-6.055667877197266,3.1274585723876953,664.5721435546875,664.72509765625,0.11817007511854172,0.02764536440372467,0.0003,0.0003,0.11816985160112381
,,,,,589999,7261.7173,1000,,,,,,,,,,
7238.803,41.02539,7303.2236,7141.3677,1000.0,590000,,,-655.83837890625,-5.763916969299316,4.055896282196045,654.6748046875,654.4180297851562,0.11878812313079834,-0.6210163235664368,0.0003,0.0003,0.11878464370965958
,,,,,590999,7264.4634,1000,,,,,,,,,,
,,,,,591000,,,-660.5390625,-5.604349136352539,2.4087882041931152,659.0250244140625,659.114990234375,0.11930762976408005,-0.7445735931396484,0.0003,0.0003,0.11930444091558456
,,,,,591999,7354.188,1000,,,,,,,,,,
,,,,,592000,,,-662.488037109375,-5.880649089813232,3.0986576080322266,661.707275390625,661.5780029296875,0.11901403963565826,0.3597073554992676,0.0003,0.0003,0.11901920288801193
,,,,,592999,7395.9087,1000,,,,,,,,,,
,,,,,593000,,,-653.4218139648438,-5.709033966064453,3.0861384868621826,652.1685180664062,652.55078125,0.11869663000106812,-1.2668845653533936,0.0003,0.0003,0.11869501322507858
,,,,,593999,7469.0483,1000,,,,,,,,,,
,,,,,594000,,,-660.71435546875,-5.7845659255981445,3.107527732849121,659.6181640625,660.0020141601562,0.11940319091081619,-0.1252163052558899,0.0003,0.0003,0.1194056048989296
,,,,,594999,7402.4204,1000,,,,,,,,,,
7364.4897,71.43678,7491.509,7241.898,1000.0,595000,,,-659.5092163085938,-5.36735725402832,2.820042371749878,657.8529052734375,658.3173828125,0.11913017928600311,-0.7569658756256104,0.0003,0.0003,0.11912748217582703
,,,,,595999,7452.535,1000,,,,,,,,,,
,,,,,596000,,,-661.793701171875,-6.259495735168457,3.4539732933044434,661.144287109375,660.597412109375,0.12028712779283524,0.6771748065948486,0.0003,0.0003,0.12028586119413376
,,,,,596999,7338.123,1000,,,,,,,,,,
,,,,,597000,,,-665.8557739257812,-6.3762664794921875,3.375293254852295,664.9708251953125,664.9077758789062,0.12095541507005692,0.0679020881652832,0.0003,0.0003,0.12095270305871964
,,,,,597999,7440.158,1000,,,,,,,,,,
,,,,,598000,,,-660.3805541992188,-6.594695091247559,2.831865072250366,658.8121948242188,658.943115234375,0.12079022824764252,0.9518432021141052,0.0003,0.0003,0.12080083042383194
,,,,,598999,7354.5117,1000,,,,,,,,,,
,,,,,599000,,,-658.2586059570312,-6.386044502258301,4.023528099060059,656.4620361328125,656.9329833984375,0.12181435525417328,0.6999602913856506,0.0003,0.0003,0.12181601673364639
,,,,,599999,7412.05,1000,,,,,,,,,,
7334.1562,157.43475,7504.341,7029.4277,1000.0,600000,,,-660.5311279296875,-5.965888977050781,6.5677900314331055,659.3317260742188,658.98193359375,0.12125275284051895,-0.13909992575645447,0.0003,0.0003,0.12125485390424728
,,,,,600999,7452.209,1000,,,,,,,,,,
,,,,,601000,,,-667.3428344726562,-5.568055152893066,2.47595477104187,666.2416381835938,666.32861328125,0.12144103646278381,-1.0180599689483643,0.0003,0.0003,0.12143950164318085
,,,,,601999,7421.532,1000,,,,,,,,,,
,,,,,602000,,,-664.5845947265625,-5.972630977630615,3.1253514289855957,662.9940185546875,663.0501708984375,0.12169353663921356,0.11167016625404358,0.0003,0.0003,0.12168930470943451
,,,,,602999,7322.611,1000,,,,,,,,,,
,,,,,603000,,,-665.0723266601562,-5.950849533081055,7.214526653289795,663.998779296875,663.9827270507812,0.11988220363855362,0.46520623564720154,0.0003,0.0003,0.11987949162721634
,,,,,603999,7364.5586,1000,,,,,,,,,,
,,,,,604000,,,-663.2374267578125,-6.076817035675049,4.858122825622559,662.2141723632812,662.2900390625,0.12096481770277023,0.3748418092727661,0.0003,0.0003,0.12096662819385529
,,,,,604999,7537.774,1000,,,,,,,,,,
7404.073,59.915455,7482.859,7250.6587,1000.0,605000,,,-664.6609497070312,-5.357224464416504,3.6394360065460205,663.297607421875,663.683349609375,0.12177968770265579,-0.5557832717895508,0.0003,0.0003,0.12177927792072296
,,,,,605999,7379.5615,1000,,,,,,,,,,
,,,,,606000,,,-661.6231079101562,-6.2052388191223145,4.578859806060791,660.2373046875,660.6697387695312,0.12133065611124039,0.10924080014228821,0.0003,0.0003,0.12132862955331802
,,,,,606999,6881.606,1000,,,,,,,,,,
,,,,,607000,,,-668.8779296875,-6.008670806884766,2.7142133712768555,667.426025390625,667.422607421875,0.12076015770435333,0.7331452965736389,0.0003,0.0003,0.12075768411159515
,,,,,607999,7479.3345,1000,,,,,,,,,,
,,,,,608000,,,-665.1181030273438,-5.814685821533203,3.490391731262207,664.4269409179688,664.240234375,0.120278500020504,-0.27152353525161743,0.0003,0.0003,0.12027692049741745
,,,,,608999,7458.3467,1000,,,,,,,,,,
,,,,,609000,,,-673.353271484375,-5.7909932136535645,3.3823461532592773,672.14794921875,672.2724609375,0.11969034373760223,0.21872948110103607,0.0003,0.0003,0.11968347430229187
,,,,,609999,6940.479,1000,,,,,,,,,,
7446.296,106.65628,7537.332,7177.983,1000.0,610000,,,-669.9007568359375,-5.733956336975098,3.846041679382324,668.8222045898438,668.8980712890625,0.12115132063627243,0.15140824019908905,0.0003,0.0003,0.12115047872066498
,,,,,610999,7501.0874,1000,,,,,,,,,,
,,,,,611000,,,-663.7003173828125,-5.559041976928711,3.3022384643554688,662.7371826171875,662.74755859375,0.12040796130895615,-0.6909379959106445,0.0003,0.0003,0.12040209770202637
,,,,,611999,7436.185,1000,,,,,,,,,,
,,,,,612000,,,-673.5772094726562,-6.11619758605957,3.475989818572998,672.3607177734375,672.5966186523438,0.1200547143816948,-0.8220961093902588,0.0003,0.0003,0.12005872279405594
,,,,,612999,7503.2925,1000,,,,,,,,,,
,,,,,613000,,,-668.92822265625,-6.237020492553711,3.744659662246704,667.790771484375,667.5787963867188,0.12064272165298462,0.778106153011322,0.0003,0.0003,0.12064726650714874
,,,,,613999,7438.079,1000,,,,,,,,,,
,,,,,614000,,,-675.4990234375,-5.594223976135254,2.5933804512023926,674.5742797851562,674.3216552734375,0.12069763988256454,-0.756960928440094,0.0003,0.0003,0.12069600820541382
,,,,,614999,7439.0205,1000,,,,,,,,,,
7430.264,205.26907,7612.121,6866.1484,1000.0,615000,,,-669.0945434570312,-6.018857479095459,3.5357704162597656,667.8372192382812,667.790771484375,0.12044970691204071,-0.6028746366500854,0.0003,0.0003,0.12044769525527954
,,,,,615999,7390.8774,1000,,,,,,,,,,
,,,,,616000,,,-666.739013671875,-6.528642654418945,3.3285727500915527,665.4585571289062,665.65478515625,0.12141680717468262,0.7961577773094177,0.0003,0.0003,0.12141700834035873
,,,,,616999,7377.295,1000,,,,,,,,,,
,,,,,617000,,,-662.8853149414062,-6.053469657897949,4.6291961669921875,661.9710083007812,661.6004638671875,0.12096887081861496,0.15865185856819153,0.0003,0.0003,0.12096700817346573
,,,,,617999,7432.045,1000,,,,,,,,,,
,,,,,618000,,,-665.73095703125,-6.67915153503418,3.333414077758789,664.7402954101562,664.7626953125,0.1212020292878151,1.2870514392852783,0.0003,0.0003,0.12120786309242249
,,,,,618999,7343.431,1000,,,,,,,,,,
,,,,,619000,,,-672.4617309570312,-5.740597248077393,4.067917346954346,671.119140625,671.4298095703125,0.12199915945529938,0.18305586278438568,0.0003,0.0003,0.12200462073087692
,,,,,619999,7338.1475,1000,,,,,,,,,,
7575.3877,96.15609,7664.532,7366.913,1000.0,620000,,,-676.1582641601562,-6.0055832862854,2.8768937587738037,675.0711669921875,675.2633056640625,0.12176055461168289,0.22124165296554565,0.0003,0.0003,0.12176055461168289
,,,,,620999,7334.688,1000,,,,,,,,,,
,,,,,621000,,,-672.021240234375,-6.111823081970215,3.0668296813964844,671.0059814453125,670.6092529296875,0.12155774235725403,0.11684665083885193,0.0003,0.0003,0.12155983597040176
,,,,,621999,7445.4517,1000,,,,,,,,,,
,,,,,622000,,,-672.0768432617188,-6.153625965118408,2.779310703277588,670.6751708984375,670.914306640625,0.12240074574947357,0.09675753116607666,0.0003,0.0003,0.12240147590637207
,,,,,622999,7507.59,1000,,,,,,,,,,
,,,,,623000,,,-674.7459716796875,-6.043639183044434,3.897655487060547,673.3798828125,673.9435424804688,0.12207861989736557,0.2310483306646347,0.0003,0.0003,0.122085802257061
,,,,,623999,7465.2983,1000,,,,,,,,,,
,,,,,624000,,,-669.8093872070312,-5.792684555053711,2.760812997817993,668.591796875,668.58154296875,0.12107671052217484,-0.577595055103302,0.0003,0.0003,0.12107367813587189
,,,,,624999,7425.635,1000,,,,,,,,,,
7564.4194,63.233852,7708.3276,7471.8643,1000.0,625000,,,-677.4351806640625,-5.9622802734375,2.9083330631256104,676.3193969726562,676.3299560546875,0.12069568783044815,-0.656836986541748,0.0003,0.0003,0.12069519609212875
,,,,,625999,7481.701,1000,,,,,,,,,,
,,,,,626000,,,-671.2642211914062,-6.528276443481445,3.3774447441101074,670.4060668945312,670.3967895507812,0.12212926894426346,0.45510947704315186,0.0003,0.0003,0.12214182317256927
,,,,,626999,7452.003,1000,,,,,,,,,,
,,,,,627000,,,-671.4541015625,-6.3275146484375,3.925107479095459,670.1557006835938,670.4114990234375,0.12254750728607178,0.5282600522041321,0.0003,0.0003,0.12255153805017471
,,,,,627999,7550.722,1000,,,,,,,,,,
,,,,,628000,,,-673.9373779296875,-6.659603118896484,5.008395671844482,672.4635009765625,672.4758911132812,0.12265963107347488,1.002671718597412,0.0003,0.0003,0.12266130745410919
,,,,,628999,7460.643,1000,,,,,,,,,,
,,,,,629000,,,-677.9234008789062,-5.759816646575928,3.735168933868408,676.509521484375,676.7335205078125,0.12348833680152893,-0.20951931178569794,0.0003,0.0003,0.12348074465990067
,,,,,629999,7517.205,1000,,,,,,,,,,
7565.257,52.73209,7697.53,7500.6885,1000.0,630000,,,-676.2626953125,-6.294737339019775,5.366885185241699,674.880859375,675.1668701171875,0.12286647409200668,-0.2913092374801636,0.0003,0.0003,0.12287072837352753
,,,,,630999,7515.5103,1000,,,,,,,,,,
,,,,,631000,,,-678.3075561523438,-6.200489044189453,3.482178211212158,677.3176879882812,677.2696533203125,0.1224561408162117,-0.39049211144447327,0.0003,0.0003,0.12245302647352219
,,,,,631999,7402.194,1000,,,,,,,,,,
,,,,,632000,,,-679.4033813476562,-6.455022811889648,3.417670726776123,678.0138549804688,677.9371337890625,0.12213794887065887,0.6361624598503113,0.0003,0.0003,0.12213669717311859
,,,,,632999,7525.445,1000,,,,,,,,,,
,,,,,633000,,,-670.3572387695312,-6.463096618652344,3.353513240814209,669.5648193359375,669.15966796875,0.12357175350189209,0.42505764961242676,0.0003,0.0003,0.1235700324177742
,,,,,633999,7626.063,1000,,,,,,,,,,
,,,,,634000,,,-680.6569213867188,-5.819004058837891,2.5136780738830566,679.1600341796875,679.2645263671875,0.12449506670236588,-0.2044980823993683,0.0003,0.0003,0.12449649721384048
,,,,,634999,7590.416,1000,,,,,,,,,,
7054.4287,1645.8884,7652.309,2118.0872,1000.0,635000,,,-682.55908203125,-5.78365421295166,4.053746700286865,681.4324951171875,681.28857421875,0.12460526823997498,-0.10439471900463104,0.0003,0.0003,0.12460104376077652
,,,,,635999,7474.16,1000,,,,,,,,,,
,,,,,636000,,,-671.8125,-6.336813926696777,3.1805663108825684,670.3585205078125,670.5086669921875,0.12353969365358353,0.4686071276664734,0.0003,0.0003,0.1235358938574791
,,,,,636999,7494.217,1000,,,,,,,,,,
,,,,,637000,,,-672.39404296875,-6.086094856262207,4.226558685302734,671.1142578125,670.8887939453125,0.12458393722772598,-0.03139755129814148,0.0003,0.0003,0.12458343058824539
,,,,,637999,7500.3115,1000,,,,,,,,,,
,,,,,638000,,,-677.963134765625,-6.400910377502441,4.3551859855651855,676.666748046875,676.557373046875,0.12499746680259705,0.35998761653900146,0.0003,0.0003,0.12499162554740906
,,,,,638999,7492.5063,1000,,,,,,,,,,
,,,,,639000,,,-683.6244506835938,-5.611071586608887,2.1910338401794434,682.5457763671875,682.390625,0.12512266635894775,-0.8972316384315491,0.0003,0.0003,0.1251215934753418
,,,,,639999,7591.096,1000,,,,,,,,,,
7598.172,50.266182,7680.763,7518.0303,1000.0,640000,,,-677.2137451171875,-5.911056995391846,3.264434814453125,676.1166381835938,676.3425903320312,0.12356293946504593,-0.2074102908372879,0.0003,0.0003,0.12356046587228775
,,,,,640999,7467.6484,1000,,,,,,,,,,
,,,,,641000,,,-680.2352294921875,-6.015765190124512,3.781139850616455,678.8170166015625,678.925048828125,0.12331290543079376,-0.009481817483901978,0.0003,0.0003,0.12331221997737885
,,,,,641999,7667.445,1000,,,,,,,,,,
,,,,,642000,,,-673.2310791015625,-6.093816757202148,4.286332130432129,671.80908203125,671.7839965820312,0.12275274842977524,-0.39708131551742554,0.0003,0.0003,0.12274909764528275
,,,,,642999,7564.203,1000,,,,,,,,,,
,,,,,643000,,,-671.8997192382812,-6.242600917816162,4.144586086273193,670.2716064453125,669.942626953125,0.12394417077302933,1.0410149097442627,0.0003,0.0003,0.12394949048757553
,,,,,643999,7558.8506,1000,,,,,,,,,,
,,,,,644000,,,-684.5106201171875,-5.943051815032959,4.365335464477539,683.572021484375,683.665771484375,0.12501272559165955,-0.5291330814361572,0.0003,0.0003,0.12501081824302673
,,,,,644999,7370.154,1000,,,,,,,,,,
6986.001,1797.4463,7653.468,1595.1516,1000.0,645000,,,-681.23779296875,-5.830568313598633,3.4237399101257324,680.4362182617188,680.1494140625,0.12438128888607025,-0.25914716720581055,0.0003,0.0003,0.12437882274389267
,,,,,645999,7532.636,1000,,,,,,,,,,
,,,,,646000,,,-680.5174560546875,-6.00250244140625,3.7979865074157715,679.3773803710938,679.7623291015625,0.12468642741441727,-0.10992628335952759,0.0003,0.0003,0.12468491494655609
,,,,,646999,7630.35,1000,,,,,,,,,,
,,,,,647000,,,-681.2401733398438,-6.18734073638916,3.857532024383545,680.2662963867188,680.00732421875,0.12414202094078064,-0.10846605896949768,0.0003,0.0003,0.12414143979549408
,,,,,647999,7541.0034,1000,,,,,,,,,,
,,,,,648000,,,-686.5305786132812,-5.843071937561035,3.2993545532226562,685.140625,685.423828125,0.12520870566368103,-0.09990981221199036,0.0003,0.0003,0.12520574033260345
,,,,,648999,1827.5222,1000,,,,,,,,,,
,,,,,649000,,,-672.093994140625,-6.15512752532959,11.203692436218262,670.9149780273438,670.5277099609375,0.12407488375902176,0.2537446618080139,0.0003,0.0003,0.12407340854406357
,,,,,649999,7543.0205,1000,,,,,,,,,,
7578.298,46.402737,7650.921,7516.6367,1000.0,650000,,,-679.815185546875,-5.984007835388184,4.411230087280273,678.716552734375,678.5086059570312,0.12236424535512924,0.6894977688789368,0.0003,0.0003,0.12236716598272324
,,,,,650999,7450.4385,1000,,,,,,,,,,
,,,,,651000,,,-685.6217041015625,-5.746828079223633,4.741084098815918,684.5938720703125,684.7918090820312,0.12346808612346649,-0.6076722145080566,0.0003,0.0003,0.12346522510051727
,,,,,651999,7534.0625,1000,,,,,,,,,,
,,,,,652000,,,-679.7280883789062,-6.30637264251709,3.5887393951416016,677.9920654296875,678.4227294921875,0.1232728660106659,0.7920925617218018,0.0003,0.0003,0.12327980250120163
,,,,,652999,7517.393,1000,,,,,,,,,,
,,,,,653000,,,-680.56005859375,-6.06736421585083,4.041203022003174,678.7164306640625,679.054443359375,0.12373262643814087,0.11530515551567078,0.0003,0.0003,0.12373404204845428
,,,,,653999,7564.626,1000,,,,,,,,,,
,,,,,654000,,,-682.5675659179688,-6.699396133422852,3.2220029830932617,681.1055908203125,681.367431640625,0.12366850674152374,0.8650764226913452,0.0003,0.0003,0.12367455661296844
,,,,,654999,2913.1592,1000,,,,,,,,,,
7536.194,67.1308,7616.295,7375.3247,1000.0,655000,,,-681.0067749023438,-5.817084312438965,3.890260696411133,679.9935302734375,679.724365234375,0.12532885372638702,-0.582980751991272,0.0003,0.0003,0.12532766163349152
,,,,,655999,7590.499,1000,,,,,,,,,,
,,,,,656000,,,-678.02783203125,-6.546259880065918,4.600343704223633,676.5760498046875,676.6256713867188,0.12424793839454651,0.43092477321624756,0.0003,0.0003,0.12424639612436295
,,,,,656999,7559.4233,1000,,,,,,,,,,
,,,,,657000,,,-685.9605102539062,-5.984026908874512,3.3269872665405273,685.070068359375,685.0413818359375,0.12338227778673172,-0.14636555314064026,0.0003,0.0003,0.12338066101074219
,,,,,657999,7474.5894,1000,,,,,,,,,,
,,,,,658000,,,-684.3076782226562,-6.060007095336914,5.380830764770508,683.0653076171875,683.0753784179688,0.12275240570306778,-0.014362990856170654,0.0003,0.0003,0.12275075912475586
,,,,,658999,7506.631,1000,,,,,,,,,,
,,,,,659000,,,-677.6065063476562,-5.575754165649414,4.26348352432251,676.1458740234375,676.12158203125,0.12302239239215851,-0.12356656789779663,0.0003,0.0003,0.12302260100841522
,,,,,659999,7602.038,1000,,,,,,,,,,
6897.2607,1971.739,7700.158,987.00934,1000.0,660000,,,-691.8269653320312,-5.484620094299316,3.866884231567383,690.724853515625,690.65283203125,0.12306366115808487,-0.9431816935539246,0.0003,0.0003,0.12305991351604462
,,,,,660999,7537.309,1000,,,,,,,,,,
,,,,,661000,,,-694.9183349609375,-6.208794593811035,3.5158028602600098,694.125244140625,694.18310546875,0.1225578784942627,0.10035377740859985,0.0003,0.0003,0.12255416810512543
,,,,,661999,7649.1523,1000,,,,,,,,,,
,,,,,662000,,,-690.9506225585938,-5.611545562744141,3.427523612976074,689.71630859375,689.7915649414062,0.12134268879890442,-0.8799705505371094,0.0003,0.0003,0.1213405504822731
,,,,,662999,7582.754,1000,,,,,,,,,,
,,,,,663000,,,-681.248779296875,-6.033868789672852,5.7799458503723145,679.76025390625,679.931884765625,0.11988020688295364,-0.2236376702785492,0.0003,0.0003,0.11987514048814774
,,,,,663999,7653.586,1000,,,,,,,,,,
,,,,,664000,,,-693.8622436523438,-5.886256694793701,2.538829803466797,692.9190673828125,692.7293090820312,0.11971038579940796,-0.6156833171844482,0.0003,0.0003,0.11971112340688705
,,,,,664999,7616.3696,1000,,,,,,,,,,
7651.3267,51.717644,7748.7007,7578.6387,1000.0,665000,,,-687.4927368164062,-6.019975662231445,5.258447647094727,686.220703125,685.8892822265625,0.12001495808362961,0.3980773985385895,0.0003,0.0003,0.12001538276672363
,,,,,665999,7628.596,1000,,,,,,,,,,
,,,,,666000,,,-688.9828491210938,-5.907784938812256,6.076183319091797,687.6370849609375,687.4965209960938,0.12046199291944504,-0.07362189888954163,0.0003,0.0003,0.12046647816896439
,,,,,666999,7545.401,1000,,,,,,,,,,
,,,,,667000,,,-693.8146362304688,-5.60474967956543,2.7204856872558594,692.5410766601562,692.7924194335938,0.12086337059736252,-0.837453305721283,0.0003,0.0003,0.12086399644613266
,,,,,667999,7480.364,1000,,,,,,,,,,
,,,,,668000,,,-690.7737426757812,-6.380819320678711,2.9219048023223877,689.4317626953125,689.4905395507812,0.12177866697311401,0.13856905698776245,0.0003,0.0003,0.12177614122629166
,,,,,668999,7696.128,1000,,,,,,,,,,
,,,,,669000,,,-691.6007690429688,-5.790502071380615,5.099437713623047,690.534912109375,689.995849609375,0.12196599692106247,0.06366786360740662,0.0003,0.0003,0.12196419388055801
,,,,,669999,7646.3975,1000,,,,,,,,,,
7617.022,46.144928,7696.229,7536.3535,1000.0,670000,,,-688.6324462890625,-5.885709762573242,4.069825172424316,687.205810546875,687.3009033203125,0.12209302186965942,0.32095634937286377,0.0003,0.0003,0.12209346145391464
,,,,,670999,7715.083,1000,,,,,,,,,,
,,,,,671000,,,-687.532470703125,-6.361276626586914,4.481308460235596,686.1328125,686.0592041015625,0.12263611704111099,0.7387121915817261,0.0003,0.0003,0.1226387545466423
,,,,,671999,7682.21,1000,,,,,,,,,,
,,,,,672000,,,-688.5018310546875,-5.7749528884887695,2.4571280479431152,687.1094970703125,687.1407470703125,0.12275072932243347,-0.649174153804779,0.0003,0.0003,0.1227494403719902
,,,,,672999,7513.457,1000,,,,,,,,,,
,,,,,673000,,,-688.4067993164062,-5.658568859100342,3.724388599395752,686.8771362304688,687.1150512695312,0.12309001386165619,-0.49380943179130554,0.0003,0.0003,0.1230885460972786
,,,,,673999,7546.499,1000,,,,,,,,,,
,,,,,674000,,,-689.4021606445312,-5.402121067047119,3.5156030654907227,688.219482421875,688.0595703125,0.12391394376754761,-1.5434952974319458,0.0003,0.0003,0.12391359359025955
,,,,,674999,7693.222,1000,,,,,,,,,,
7509.483,551.24756,7768.8594,5865.6475,1000.0,675000,,,-694.7129516601562,-6.130963325500488,6.393019676208496,693.556884765625,693.4756469726562,0.12289056181907654,0.3654617369174957,0.0003,0.0003,0.12288941442966461
,,,,,675999,7646.9966,1000,,,,,,,,,,
,,,,,676000,,,-692.008056640625,-6.179263114929199,5.666813373565674,691.012451171875,690.7882080078125,0.1238265335559845,0.3156261742115021,0.0003,0.0003,0.12382706999778748
,,,,,676999,7664.3164,1000,,,,,,,,,,
,,,,,677000,,,-689.7652587890625,-6.209281921386719,4.286961555480957,688.592529296875,688.98974609375,0.12463583797216415,-0.030263453722000122,0.0003,0.0003,0.12463168054819107
,,,,,677999,7586.4355,1000,,,,,,,,,,
,,,,,678000,,,-695.4642333984375,-5.26618766784668,4.427497863769531,694.4148559570312,694.372802734375,0.12489763647317886,-1.2829269170761108,0.0003,0.0003,0.12489418685436249
,,,,,678999,7661.917,1000,,,,,,,,,,
,,,,,679000,,,-678.218017578125,-6.2156782150268555,5.442348957061768,677.0445556640625,677.4095458984375,0.12525582313537598,0.11821818351745605,0.0003,0.0003,0.12525101006031036
,,,,,679999,7562.01,1000,,,,,,,,,,
7704.896,77.98592,7788.895,7491.3247,1000.0,680000,,,-692.63427734375,-6.1361918449401855,5.102900981903076,691.0861206054688,691.384765625,0.12457393109798431,-0.34507879614830017,0.0003,0.0003,0.12457215040922165
,,,,,680999,7636.299,1000,,,,,,,,,,
,,,,,681000,,,-693.2924194335938,-6.249070644378662,4.478424072265625,692.4368286132812,692.3048706054688,0.12609100341796875,0.06912198662757874,0.0003,0.0003,0.12608757615089417
,,,,,681999,7676.4136,1000,,,,,,,,,,
,,,,,682000,,,-683.9384155273438,-5.568291664123535,5.47841215133667,682.3284912109375,682.3501586914062,0.12723012268543243,-0.894984245300293,0.0003,0.0003,0.12722763419151306
,,,,,682999,7566.261,1000,,,,,,,,,,
,,,,,683000,,,-695.29443359375,-6.394321441650391,5.302183151245117,694.0810546875,693.8228149414062,0.1269577443599701,0.7823778986930847,0.0003,0.0003,0.12695898115634918
,,,,,683999,7740.7095,1000,,,,,,,,,,
,,,,,684000,,,-693.6220092773438,-6.299325942993164,3.5502240657806396,692.3931274414062,692.6243896484375,0.12633736431598663,0.34052035212516785,0.0003,0.0003,0.12634055316448212
,,,,,684999,7727.093,1000,,,,,,,,,,
7754.775,67.82913,7877.488,7633.8936,1000.0,685000,,,-688.0171508789062,-5.6290178298950195,6.499240875244141,686.9818115234375,687.124755859375,0.1263977289199829,-0.9493282437324524,0.0003,0.0003,0.1263955682516098
,,,,,685999,7826.6016,1000,,,,,,,,,,
,,,,,686000,,,-689.4854125976562,-6.2186384201049805,3.783634662628174,688.1293334960938,688.2879638671875,0.12719421088695526,0.18180477619171143,0.0003,0.0003,0.12719498574733734
,,,,,686999,7719.4004,1000,,,,,,,,,,
,,,,,687000,,,-686.7288208007812,-5.966170310974121,4.751607894897461,685.3585205078125,685.33203125,0.12690041959285736,0.08018150925636292,0.0003,0.0003,0.12690593302249908
,,,,,687999,7743.9165,1000,,,,,,,,,,
,,,,,688000,,,-694.9818115234375,-5.8954572677612305,4.783627510070801,693.96728515625,693.89453125,0.12604643404483795,-0.9430019855499268,0.0003,0.0003,0.12603633105754852
,,,,,688999,7755.834,1000,,,,,,,,,,
,,,,,689000,,,-698.6842651367188,-6.058777809143066,4.126289367675781,697.7747802734375,697.81298828125,0.1249329075217247,0.6478233337402344,0.0003,0.0003,0.12492626160383224
,,,,,689999,7686.513,1000,,,,,,,,,,
7776.7173,52.747055,7861.9053,7693.4595,1000.0,690000,,,-699.277099609375,-6.070364952087402,5.878580093383789,698.5062255859375,698.2329711914062,0.12547753751277924,-0.00134943425655365,0.0003,0.0003,0.12547679245471954
,,,,,690999,7710.3003,1000,,,,,,,,,,
,,,,,691000,,,-694.8240966796875,-5.624920845031738,4.852118968963623,694.10546875,693.9588012695312,0.12551811337471008,-0.521781325340271,0.0003,0.0003,0.12552280724048615
,,,,,691999,7813.0703,1000,,,,,,,,,,
,,,,,692000,,,-694.5560302734375,-5.753868103027344,4.8927202224731445,693.322509765625,693.2382202148438,0.1253422051668167,-1.4284486770629883,0.0003,0.0003,0.12534314393997192
,,,,,692999,7771.4834,1000,,,,,,,,,,
,,,,,693000,,,-689.8193359375,-6.444178581237793,4.7026686668396,688.795166015625,688.6333618164062,0.1255725920200348,1.2382670640945435,0.0003,0.0003,0.12557771801948547
,,,,,693999,7829.19,1000,,,,,,,,,,
,,,,,694000,,,-696.7677001953125,-6.07706356048584,3.363213062286377,695.7811279296875,695.9072875976562,0.1261095106601715,-0.28691762685775757,0.0003,0.0003,0.12610597908496857
,,,,,694999,7830.1294,1000,,,,,,,,,,
7766.4697,107.498886,7908.863,7501.342,1000.0,695000,,,-697.40283203125,-6.231955051422119,5.302944660186768,695.86962890625,695.6153564453125,0.12664122879505157,0.2740265130996704,0.0003,0.0003,0.1266421228647232
,,,,,695999,7800.383,1000,,,,,,,,,,
,,,,,696000,,,-691.1173095703125,-6.1595354080200195,4.167128086090088,689.9178466796875,689.8015747070312,0.1273493468761444,0.15809881687164307,0.0003,0.0003,0.12734633684158325
,,,,,696999,7746.0967,1000,,,,,,,,,,
,,,,,697000,,,-700.34033203125,-5.601687908172607,3.397963047027588,699.742431640625,699.546875,0.12728789448738098,-0.3818117380142212,0.0003,0.0003,0.1272871047258377
,,,,,697999,7761.37,1000,,,,,,,,,,
,,,,,698000,,,-707.84814453125,-6.175604343414307,2.4872183799743652,706.8363037109375,707.0086059570312,0.1268962174654007,0.000785384327173233,0.0003,0.0003,0.12689797580242157
,,,,,698999,7652.281,1000,,,,,,,,,,
,,,,,699000,,,-696.5807495117188,-6.040534973144531,3.824321746826172,695.2264404296875,694.7568359375,0.12612971663475037,0.06869447231292725,0.0003,0.0003,0.1261303573846817
,,,,,699999,7782.4233,1000,,,,,,,,,,
7382.329,815.7388,7913.4214,5127.3013,1000.0,700000,,,-691.9048461914062,-5.76617431640625,3.9387130737304688,690.5145263671875,690.443115234375,0.12682251632213593,-0.08969448506832123,0.0003,0.0003,0.1268174946308136
,,,,,700999,7789.3955,1000,,,,,,,,,,
,,,,,701000,,,-698.2625732421875,-6.389672756195068,2.5524168014526367,697.2252197265625,697.1309814453125,0.12726710736751556,0.6515346765518188,0.0003,0.0003,0.12727190554141998
,,,,,701999,7746.9946,1000,,,,,,,,,,
,,,,,702000,,,-693.4713745117188,-6.004997253417969,3.9551503658294678,692.0355834960938,691.66064453125,0.1279342770576477,0.6938026547431946,0.0003,0.0003,0.1279381811618805
,,,,,702999,7869.4043,1000,,,,,,,,,,
,,,,,703000,,,-702.7276000976562,-5.547481060028076,3.2500669956207275,701.0325927734375,701.3823852539062,0.12831617891788483,-0.6599977016448975,0.0003,0.0003,0.12830935418605804
,,,,,703999,7707.0225,1000,,,,,,,,,,
,,,,,704000,,,-696.1115112304688,-6.097323417663574,4.563887596130371,694.6956787109375,694.4246215820312,0.12801595032215118,-0.0798337385058403,0.0003,0.0003,0.12801708281040192
,,,,,704999,7811.3438,1000,,,,,,,,,,
7809.8467,67.22248,7952.053,7722.97,1000.0,705000,,,-693.6424560546875,-5.835906028747559,4.35316276550293,692.0435791015625,692.154052734375,0.12740257382392883,-0.003995530307292938,0.0003,0.0003,0.1274055391550064
,,,,,705999,7767.341,1000,,,,,,,,,,
,,,,,706000,,,-700.3306884765625,-6.254159450531006,4.299832344055176,699.1442260742188,699.214111328125,0.12738291919231415,0.578916072845459,0.0003,0.0003,0.12738578021526337
,,,,,706999,7710.607,1000,,,,,,,,,,
,,,,,707000,,,-700.2963256835938,-5.955983638763428,4.147546768188477,698.7117919921875,698.655517578125,0.12681280076503754,0.44386613368988037,0.0003,0.0003,0.1268082708120346
,,,,,707999,7856.137,1000,,,,,,,,,,
,,,,,708000,,,-700.2227172851562,-6.461512565612793,5.845583915710449,699.0975952148438,698.9384155273438,0.12851065397262573,0.3824520707130432,0.0003,0.0003,0.12850798666477203
,,,,,708999,6892.1714,1000,,,,,,,,,,
,,,,,709000,,,-703.9014892578125,-5.675629615783691,5.5192999839782715,702.32763671875,702.5512084960938,0.12871281802654266,-0.9186641573905945,0.0003,0.0003,0.12870171666145325
,,,,,709999,7744.851,1000,,,,,,,,,,
7678.0703,362.55756,7878.57,6605.4463,1000.0,710000,,,-707.046630859375,-5.657515525817871,4.3001556396484375,705.4901123046875,705.378173828125,0.12778057157993317,-0.9576222896575928,0.0003,0.0003,0.127776101231575
,,,,,710999,7751.893,1000,,,,,,,,,,
,,,,,711000,,,-703.2880249023438,-6.294515609741211,4.581533908843994,701.7974853515625,702.2156982421875,0.12763555347919464,0.28725701570510864,0.0003,0.0003,0.1276388019323349
,,,,,711999,7787.872,1000,,,,,,,,,,
,,,,,712000,,,-704.0299682617188,-6.182830333709717,5.672874450683594,702.948486328125,702.92724609375,0.12804506719112396,0.11729127168655396,0.0003,0.0003,0.12803597748279572
,,,,,712999,7767.0264,1000,,,,,,,,,,
,,,,,713000,,,-708.1796264648438,-5.856576919555664,3.627650499343872,706.722412109375,707.0709838867188,0.1273970752954483,0.038387730717659,0.0003,0.0003,0.1273924857378006
,,,,,713999,7806.0635,1000,,,,,,,,,,
,,,,,714000,,,-704.2196655273438,-5.869110584259033,3.2886831760406494,703.0972900390625,702.8163452148438,0.12675654888153076,0.07260294258594513,0.0003,0.0003,0.12676174938678741
,,,,,714999,7808.7036,1000,,,,,,,,,,
7849.3867,57.554043,7913.214,7748.3633,1000.0,715000,,,-702.0565185546875,-5.583930969238281,3.118828296661377,700.8668212890625,700.89990234375,0.12769518792629242,-0.6329050660133362,0.0003,0.0003,0.12769265472888947
,,,,,715999,7879.2026,1000,,,,,,,,,,
,,,,,716000,,,-703.7063598632812,-6.592454433441162,4.932014465332031,702.6600952148438,702.6312255859375,0.12779897451400757,0.9758163094520569,0.0003,0.0003,0.12780436873435974
,,,,,716999,7757.6045,1000,,,,,,,,,,
,,,,,717000,,,-711.069580078125,-6.206228733062744,3.5397682189941406,710.2701416015625,710.1441040039062,0.12853886187076569,0.7332082390785217,0.0003,0.0003,0.1285439282655716
,,,,,717999,7928.077,1000,,,,,,,,,,
,,,,,718000,,,-699.5104370117188,-6.453378677368164,3.234503746032715,697.7837524414062,698.04345703125,0.12799687683582306,0.4083484411239624,0.0003,0.0003,0.1279933750629425
,,,,,718999,7802.2114,1000,,,,,,,,,,
,,,,,719000,,,-707.6995849609375,-5.6357011795043945,4.837555885314941,706.5579833984375,706.5922241210938,0.12759612500667572,-0.3404141068458557,0.0003,0.0003,0.12759536504745483
,,,,,719999,7895.4707,1000,,,,,,,,,,
7420.608,955.2059,7800.327,4557.453,1000.0,720000,,,-702.7022705078125,-5.940720558166504,3.650996685028076,701.3275146484375,701.822509765625,0.12736093997955322,-0.5356197357177734,0.0003,0.0003,0.12735597789287567
,,,,,720999,7918.754,1000,,,,,,,,,,
,,,,,721000,,,-706.5084228515625,-5.625422477722168,3.7183868885040283,705.32470703125,705.25146484375,0.1277509331703186,-0.6435275673866272,0.0003,0.0003,0.12775053083896637
,,,,,721999,7842.608,1000,,,,,,,,,,
,,,,,722000,,,-707.1072387695312,-6.12281608581543,4.949049472808838,705.6738891601562,705.805419921875,0.1275707483291626,0.2605241537094116,0.0003,0.0003,0.12756986916065216
,,,,,722999,7798.9272,1000,,,,,,,,,,
,,,,,723000,,,-707.9320678710938,-5.909117698669434,4.182236671447754,706.63525390625,706.2069091796875,0.12745924293994904,-0.26149988174438477,0.0003,0.0003,0.12745216488838196
,,,,,723999,7726.8535,1000,,,,,,,,,,
,,,,,724000,,,-707.6190185546875,-5.9614715576171875,4.299965858459473,706.9197998046875,706.75927734375,0.12710320949554443,-0.654022216796875,0.0003,0.0003,0.12710364162921906
,,,,,724999,7862.112,1000,,,,,,,,,,
7865.3813,73.05784,7980.5312,7705.4766,1000.0,725000,,,-706.4645385742188,-5.980067253112793,4.410727500915527,705.6771240234375,705.2505493164062,0.12610098719596863,0.4983174502849579,0.0003,0.0003,0.12610524892807007
,,,,,725999,7879.4707,1000,,,,,,,,,,
,,,,,726000,,,-708.9243774414062,-6.382604598999023,4.305048942565918,707.9133911132812,708.0968017578125,0.12654231488704681,-0.01666407287120819,0.0003,0.0003,0.12654049694538116
,,,,,726999,7839.203,1000,,,,,,,,,,
,,,,,727000,,,-717.268310546875,-6.103208541870117,4.296609878540039,716.0680541992188,716.12890625,0.1272309422492981,0.10062941908836365,0.0003,0.0003,0.12723740935325623
,,,,,727999,7930.645,1000,,,,,,,,,,
,,,,,728000,,,-703.5926513671875,-5.777225494384766,4.08413028717041,702.2801513671875,702.149169921875,0.12784509360790253,-0.7360205054283142,0.0003,0.0003,0.1278468519449234
,,,,,728999,7859.998,1000,,,,,,,,,,
,,,,,729000,,,-709.00927734375,-5.570189476013184,4.211751937866211,707.51953125,708.0667724609375,0.1290459781885147,-0.2409989833831787,0.0003,0.0003,0.12904107570648193
,,,,,729999,7994.167,1000,,,,,,,,,,
7117.7046,1950.9347,7820.0015,1266.0029,1000.0,730000,,,-710.5721435546875,-5.825075149536133,5.449737548828125,710.0293579101562,710.022705078125,0.127876877784729,-0.302228718996048,0.0003,0.0003,0.1278747171163559
,,,,,730999,7763.1567,1000,,,,,,,,,,
,,,,,731000,,,-716.074951171875,-6.399613857269287,3.3512516021728516,715.6046142578125,715.3135986328125,0.12771227955818176,0.0410822331905365,0.0003,0.0003,0.12771062552928925
,,,,,731999,8016.901,1000,,,,,,,,,,
,,,,,732000,,,-712.419677734375,-5.28398323059082,3.302337646484375,711.390380859375,711.4686279296875,0.12843164801597595,-1.389909267425537,0.0003,0.0003,0.12842369079589844
,,,,,732999,7796.643,1000,,,,,,,,,,
,,,,,733000,,,-715.269287109375,-6.239619255065918,4.977921485900879,714.4283447265625,713.6744384765625,0.12867839634418488,0.2827293276786804,0.0003,0.0003,0.12867455184459686
,,,,,733999,7825.238,1000,,,,,,,,,,
,,,,,734000,,,-710.0238037109375,-6.207477569580078,4.528561592102051,708.7572631835938,708.7386474609375,0.12955226004123688,-0.6615653038024902,0.0003,0.0003,0.12955275177955627
,,,,,734999,7909.3477,1000,,,,,,,,,,
7947.25,83.56739,8038.695,7735.969,1000.0,735000,,,-710.7080688476562,-6.510419845581055,4.375095367431641,709.4024047851562,709.7918701171875,0.1297219842672348,1.182286262512207,0.0003,0.0003,0.12972719967365265
,,,,,735999,7809.679,1000,,,,,,,,,,
,,,,,736000,,,-706.794921875,-6.076231479644775,3.467362403869629,705.669677734375,705.5643310546875,0.13061390817165375,-0.09113243967294693,0.0003,0.0003,0.13061021268367767
,,,,,736999,7979.385,1000,,,,,,,,,,
,,,,,737000,,,-716.661376953125,-6.308113098144531,5.322518825531006,715.6678466796875,715.4696655273438,0.12936793267726898,0.6734150052070618,0.0003,0.0003,0.12937034666538239
,,,,,737999,7853.152,1000,,,,,,,,,,
,,,,,738000,,,-716.049072265625,-5.930808067321777,4.554281234741211,715.06982421875,714.54052734375,0.1292811930179596,-0.623333215713501,0.0003,0.0003,0.12927302718162537
,,,,,738999,7858.5005,1000,,,,,,,,,,
,,,,,739000,,,-705.8976440429688,-6.027843475341797,4.1832098960876465,705.1283569335938,705.40966796875,0.12822219729423523,-0.039203107357025146,0.0003,0.0003,0.12821748852729797
,,,,,739999,7918.2314,1000,,,,,,,,,,
7814.125,327.15213,7959.9434,6834.602,1000.0,740000,,,-715.22265625,-5.491972923278809,4.402521133422852,714.2646484375,713.6314697265625,0.12922902405261993,-0.7298691272735596,0.0003,0.0003,0.12923376262187958
,,,,,740999,7962.3867,1000,,,,,,,,,,
,,,,,741000,,,-701.044189453125,-5.671403408050537,5.392871856689453,699.742919921875,699.7093505859375,0.1291630119085312,-0.5870521068572998,0.0003,0.0003,0.12915922701358795
,,,,,741999,7852.413,1000,,,,,,,,,,
,,,,,742000,,,-709.875732421875,-5.799854278564453,7.41437292098999,709.1207885742188,708.9301147460938,0.13029827177524567,-0.40300440788269043,0.0003,0.0003,0.1302986443042755
,,,,,742999,7804.5107,1000,,,,,,,,,,
,,,,,743000,,,-709.5862426757812,-6.596601486206055,5.768909931182861,708.165283203125,708.2926025390625,0.1308956891298294,1.564438819885254,0.0003,0.0003,0.1309010535478592
,,,,,743999,7807.951,1000,,,,,,,,,,
,,,,,744000,,,-721.0494384765625,-5.652726650238037,4.631380081176758,719.8773193359375,719.9520874023438,0.1318167746067047,-0.8562063574790955,0.0003,0.0003,0.13181127607822418
,,,,,744999,7914.1196,1000,,,,,,,,,,
7633.7163,371.52554,8068.08,6845.111,1000.0,745000,,,-720.7156372070312,-5.955818176269531,5.671187400817871,719.952880859375,720.04541015625,0.1319216936826706,0.0062888264656066895,0.0003,0.0003,0.13191713392734528
,,,,,745999,7929.5615,1000,,,,,,,,,,
,,,,,746000,,,-711.4666137695312,-5.662715911865234,6.1805806159973145,710.0159912109375,710.258056640625,0.13190965354442596,-0.568657398223877,0.0003,0.0003,0.13190826773643494
,,,,,746999,8020.8257,1000,,,,,,,,,,
,,,,,747000,,,-720.5393676757812,-6.073537826538086,3.582744598388672,719.5338745117188,719.3834838867188,0.13131645321846008,0.21879160404205322,0.0003,0.0003,0.1313198357820511
,,,,,747999,8011.524,1000,,,,,,,,,,
,,,,,748000,,,-718.830810546875,-5.794535160064697,6.017934322357178,717.4014282226562,717.603759765625,0.13103467226028442,0.18482697010040283,0.0003,0.0003,0.13104486465454102
,,,,,748999,7958.881,1000,,,,,,,,,,
,,,,,749000,,,-711.7997436523438,-6.037773132324219,3.9848036766052246,710.421875,710.3466796875,0.12976433336734772,0.11870935559272766,0.0003,0.0003,0.12976020574569702
,,,,,749999,7971.974,1000,,,,,,,,,,
7949.4385,76.70109,8015.467,7757.573,1000.0,750000,,,-724.5432739257812,-5.642147064208984,3.2188520431518555,723.0386352539062,723.19970703125,0.12948012351989746,-0.6579636335372925,0.0003,0.0003,0.12947799265384674
,,,,,750999,7896.772,1000,,,,,,,,,,
,,,,,751000,,,-708.4725952148438,-5.814856052398682,4.128513336181641,707.4998779296875,707.2823486328125,0.12939560413360596,-1.0003573894500732,0.0003,0.0003,0.1293915957212448
,,,,,751999,7879.6714,1000,,,,,,,,,,
,,,,,752000,,,-716.0994873046875,-6.079649448394775,5.278230667114258,714.8765869140625,714.7877807617188,0.13021202385425568,0.25606876611709595,0.0003,0.0003,0.13021361827850342
,,,,,752999,7937.1377,1000,,,,,,,,,,
,,,,,753000,,,-722.8265380859375,-5.720940589904785,3.4822838306427,722.014404296875,721.96923828125,0.12919355928897858,-0.3128780722618103,0.0003,0.0003,0.12919190526008606
,,,,,753999,7926.988,1000,,,,,,,,,,
,,,,,754000,,,-721.6758422851562,-5.551610946655273,3.861875534057617,720.41943359375,720.4113159179688,0.1291969120502472,-1.1389974355697632,0.0003,0.0003,0.12919089198112488
,,,,,754999,7808.3203,1000,,,,,,,,,,
8003.6367,61.782932,8103.983,7912.496,1000.0,755000,,,-719.1690673828125,-6.485563278198242,5.9734039306640625,717.8047485351562,717.6049194335938,0.1295856535434723,0.6561205387115479,0.0003,0.0003,0.1295839250087738
,,,,,755999,7970.734,1000,,,,,,,,,,
,,,,,756000,,,-713.3274536132812,-5.970061302185059,3.731863498687744,712.648193359375,712.6257934570312,0.1291571855545044,-0.853464663028717,0.0003,0.0003,0.1291477531194687
,,,,,756999,6560.4233,1000,,,,,,,,,,
,,,,,757000,,,-719.1524658203125,-5.906723499298096,3.8699913024902344,717.7894897460938,717.6663818359375,0.12925635278224945,-0.41888949275016785,0.0003,0.0003,0.1292523741722107
,,,,,757999,8057.605,1000,,,,,,,,,,
,,,,,758000,,,-726.8099365234375,-5.614179611206055,6.494818210601807,726.0626220703125,726.0210571289062,0.130067840218544,-0.29788869619369507,0.0003,0.0003,0.130063995718956
,,,,,758999,7987.512,1000,,,,,,,,,,
,,,,,759000,,,-721.684326171875,-5.741323947906494,4.126781940460205,720.732666015625,720.491943359375,0.1295398771762848,-0.2747555375099182,0.0003,0.0003,0.12953296303749084
,,,,,759999,8059.3423,1000,,,,,,,,,,
7532.193,828.6218,7988.708,5249.286,1000.0,760000,,,-721.2135620117188,-6.057543754577637,6.337584495544434,719.9625854492188,720.0005493164062,0.12866173684597015,-0.6529231071472168,0.0003,0.0003,0.12865467369556427
,,,,,760999,7747.027,1000,,,,,,,,,,
,,,,,761000,,,-716.9827880859375,-5.611851215362549,5.13261604309082,716.0571899414062,715.6589965820312,0.12888243794441223,-1.0351142883300781,0.0003,0.0003,0.12887945771217346
,,,,,761999,8050.6978,1000,,,,,,,,,,
,,,,,762000,,,-714.7210083007812,-5.6468706130981445,4.823184013366699,713.2576904296875,713.3408813476562,0.1284361481666565,-0.7673843502998352,0.0003,0.0003,0.12843318283557892
,,,,,762999,8023.345,1000,,,,,,,,,,
,,,,,763000,,,-720.6090698242188,-6.3720574378967285,4.566887378692627,718.7169799804688,719.0829467773438,0.12822124361991882,1.084834098815918,0.0003,0.0003,0.12822243571281433
,,,,,763999,8089.606,1000,,,,,,,,,,
,,,,,764000,,,-731.1170654296875,-5.997115612030029,5.62357759475708,730.2138671875,729.5474853515625,0.13015291094779968,0.020682722330093384,0.0003,0.0003,0.13015443086624146
,,,,,764999,7975.6875,1000,,,,,,,,,,
7990.407,113.643745,8108.385,7735.433,1000.0,765000,,,-719.6097412109375,-6.412201881408691,4.734797477722168,718.8148193359375,718.8598022460938,0.1307816505432129,0.6895867586135864,0.0003,0.0003,0.13078033924102783
,,,,,765999,7854.657,1000,,,,,,,,,,
,,,,,766000,,,-724.7584838867188,-6.022699356079102,4.625564098358154,723.2572631835938,723.592529296875,0.12948323786258698,0.44305288791656494,0.0003,0.0003,0.12948334217071533
,,,,,766999,7993.193,1000,,,,,,,,,,
,,,,,767000,,,-723.0573120117188,-6.2222676277160645,5.031079292297363,721.85595703125,722.019287109375,0.12913203239440918,0.2356126308441162,0.0003,0.0003,0.12913215160369873
,,,,,767999,8094.9824,1000,,,,,,,,,,
,,,,,768000,,,-719.162353515625,-6.172308921813965,4.716084003448486,718.052978515625,718.1468505859375,0.130272775888443,0.5738417506217957,0.0003,0.0003,0.13026908040046692
,,,,,768999,8024.5522,1000,,,,,,,,,,
,,,,,769000,,,-717.4288330078125,-6.018807411193848,5.59923791885376,716.698486328125,716.4891357421875,0.13163913786411285,-0.4919132590293884,0.0003,0.0003,0.13163867592811584
,,,,,769999,7942.1924,1000,,,,,,,,,,
8041.921,48.676586,8138.744,7950.388,1000.0,770000,,,-725.6200561523438,-5.852232933044434,3.129523754119873,724.56884765625,724.5648193359375,0.13251528143882751,0.1971350908279419,0.0003,0.0003,0.13251660764217377
,,,,,770999,7985.6943,1000,,,,,,,,,,
,,,,,771000,,,-719.3901977539062,-6.3929853439331055,6.4543070793151855,717.907470703125,717.9804077148438,0.1312500387430191,0.24594612419605255,0.0003,0.0003,0.13125337660312653
,,,,,771999,7846.9272,1000,,,,,,,,,,
,,,,,772000,,,-728.5,-5.811978340148926,4.958255767822266,727.4749145507812,727.15673828125,0.13243672251701355,-0.011757299304008484,0.0003,0.0003,0.13244092464447021
,,,,,772999,8017.71,1000,,,,,,,,,,
,,,,,773000,,,-722.8689575195312,-6.188235282897949,3.619342088699341,721.966796875,721.4471435546875,0.13215534389019012,-0.194938525557518,0.0003,0.0003,0.132150799036026
,,,,,773999,7954.387,1000,,,,,,,,,,
,,,,,774000,,,-729.3386840820312,-5.556397438049316,3.877779960632324,728.2760009765625,728.8649291992188,0.13127999007701874,-0.8398472666740417,0.0003,0.0003,0.13128039240837097
,,,,,774999,8025.325,1000,,,,,,,,,,
8158.4756,70.50325,8313.597,8069.39,1000.0,775000,,,-725.5479736328125,-6.301810264587402,5.713369369506836,723.9947509765625,724.09033203125,0.13266344368457794,0.6565320491790771,0.0003,0.0003,0.1326626092195511
,,,,,775999,8078.1235,1000,,,,,,,,,,
,,,,,776000,,,-738.7650756835938,-5.600028991699219,2.753453254699707,737.1903076171875,737.23388671875,0.13202247023582458,-0.6752767562866211,0.0003,0.0003,0.13202020525932312
,,,,,776999,7957.086,1000,,,,,,,,,,
,,,,,777000,,,-727.597900390625,-6.027790546417236,4.054739475250244,726.1826782226562,726.489501953125,0.13206343352794647,0.4027056097984314,0.0003,0.0003,0.13207079470157623
,,,,,777999,7877.497,1000,,,,,,,,,,
,,,,,778000,,,-735.591064453125,-5.462031841278076,4.582366466522217,734.7230224609375,734.3974609375,0.13206881284713745,-0.9107200503349304,0.0003,0.0003,0.13207009434700012
,,,,,778999,8055.2734,1000,,,,,,,,,,
,,,,,779000,,,-731.06884765625,-6.122873783111572,2.8498668670654297,729.6959838867188,729.7661743164062,0.1323981136083603,-0.023305058479309082,0.0003,0.0003,0.1323981136083603
,,,,,779999,7939.943,1000,,,,,,,,,,
8155.569,53.478905,8240.673,8061.8564,1000.0,780000,,,-724.6461181640625,-5.907165050506592,5.028059959411621,723.0685424804688,723.0966796875,0.13157717883586884,0.07750648260116577,0.0003,0.0003,0.1315697729587555
,,,,,780999,7956.8857,1000,,,,,,,,,,
,,,,,781000,,,-727.0588989257812,-6.338598251342773,4.220538139343262,725.8790893554688,725.5570678710938,0.1312212496995926,0.30187925696372986,0.0003,0.0003,0.1312217116355896
,,,,,781999,8053.2764,1000,,,,,,,,,,
,,,,,782000,,,-727.09619140625,-5.992768287658691,5.266229629516602,725.7479248046875,725.9662475585938,0.132643923163414,0.0943799614906311,0.0003,0.0003,0.13264800608158112
,,,,,782999,8046.2666,1000,,,,,,,,,,
,,,,,783000,,,-725.9452514648438,-6.432455062866211,6.157020568847656,724.382080078125,724.426025390625,0.1339595466852188,0.38759124279022217,0.0003,0.0003,0.13396784663200378
,,,,,783999,8024.945,1000,,,,,,,,,,
,,,,,784000,,,-720.3803100585938,-6.24764347076416,4.771132469177246,719.0970458984375,719.1544799804688,0.13392820954322815,0.9238318800926208,0.0003,0.0003,0.13393189013004303
,,,,,784999,8046.8726,1000,,,,,,,,,,
8089.5977,197.09158,8274.111,7532.878,1000.0,785000,,,-730.4207153320312,-5.917403697967529,4.358790397644043,729.2345581054688,728.8477172851562,0.13421709835529327,0.49536648392677307,0.0003,0.0003,0.13422204554080963
,,,,,785999,8129.825,1000,,,,,,,,,,
,,,,,786000,,,-728.6921997070312,-5.877565860748291,4.759007453918457,727.3482055664062,726.8717651367188,0.13342703878879547,0.1566672921180725,0.0003,0.0003,0.13342684507369995
,,,,,786999,8047.21,1000,,,,,,,,,,
,,,,,787000,,,-723.7273559570312,-5.929716110229492,6.19571590423584,722.0577392578125,722.245849609375,0.13446836173534393,0.34659332036972046,0.0003,0.0003,0.13446451723575592
,,,,,787999,8140.5864,1000,,,,,,,,,,
,,,,,788000,,,-731.1397705078125,-5.830596923828125,3.506246328353882,729.806640625,729.722412109375,0.13397188484668732,0.10226647555828094,0.0003,0.0003,0.13397756218910217
,,,,,788999,8133.691,1000,,,,,,,,,,
,,,,,789000,,,-727.9884643554688,-5.974579811096191,3.728898525238037,726.8499145507812,726.7374877929688,0.13514453172683716,-0.26196157932281494,0.0003,0.0003,0.13514231145381927
,,,,,789999,7935.154,1000,,,,,,,,,,
8004.1235,114.41224,8145.419,7767.504,1000.0,790000,,,-726.8731689453125,-6.281425476074219,5.652135848999023,725.4652099609375,725.5216064453125,0.13430428504943848,0.6849147081375122,0.0003,0.0003,0.13429954648017883
,,,,,790999,8146.197,1000,,,,,,,,,,
,,,,,791000,,,-724.6766967773438,-5.753763198852539,6.268561363220215,724.1412353515625,723.5037841796875,0.13373810052871704,-0.7292925715446472,0.0003,0.0003,0.13373664021492004
,,,,,791999,8121.8394,1000,,,,,,,,,,
,,,,,792000,,,-730.519287109375,-6.01796817779541,7.27530574798584,729.4873046875,729.35986328125,0.1339278668165207,0.08577103912830353,0.0003,0.0003,0.1339230090379715
,,,,,792999,8027.944,1000,,,,,,,,,,
,,,,,793000,,,-729.5089111328125,-6.028964996337891,8.719442367553711,728.0848388671875,727.8783569335938,0.13306614756584167,0.3767920434474945,0.0003,0.0003,0.13306686282157898
,,,,,793999,8139.829,1000,,,,,,,,,,
,,,,,794000,,,-728.8812866210938,-6.64326286315918,4.023160934448242,727.2557373046875,727.1651000976562,0.13282865285873413,1.0762224197387695,0.0003,0.0003,0.13283216953277588
,,,,,794999,8209.343,1000,,,,,,,,,,
8154.962,49.825844,8234.238,8065.5815,1000.0,795000,,,-719.9588623046875,-6.016928195953369,5.098125457763672,718.1241455078125,717.98876953125,0.13366568088531494,0.31351912021636963,0.0003,0.0003,0.1336672455072403
,,,,,795999,8145.0996,1000,,,,,,,,,,
,,,,,796000,,,-738.4422607421875,-5.714020729064941,3.7518444061279297,737.13916015625,737.4658813476562,0.13329578936100006,-0.4414074718952179,0.0003,0.0003,0.13329429924488068
,,,,,796999,8116.2983,1000,,,,,,,,,,
,,,,,797000,,,-738.4044189453125,-5.954929828643799,4.780588626861572,736.9457397460938,737.3418579101562,0.13506847620010376,-0.0463578999042511,0.0003,0.0003,0.13507205247879028
,,,,,797999,8051.0605,1000,,,,,,,,,,
,,,,,798000,,,-720.3009033203125,-5.749865531921387,10.568426132202148,718.8507690429688,718.482177734375,0.13539524376392365,-0.16649124026298523,0.0003,0.0003,0.13539595901966095
,,,,,798999,8138.768,1000,,,,,,,,,,
,,,,,799000,,,-733.66650390625,-5.868412494659424,3.250730514526367,732.1602172851562,732.4390869140625,0.13414610922336578,-0.8038042783737183,0.0003,0.0003,0.13414238393306732
,,,,,799999,8292.228,1000,,,,,,,,,,
8195.281,51.894947,8300.404,8103.751,1000.0,800000,,,-732.9849243164062,-6.096972942352295,4.3349127769470215,731.5067749023438,731.8218994140625,0.13276004791259766,-0.04386858642101288,0.0003,0.0003,0.13276124000549316
,,,,,800999,8222.525,1000,,,,,,,,,,
,,,,,801000,,,-737.8297729492188,-6.383434295654297,4.214546203613281,736.6178588867188,736.2151489257812,0.13304178416728973,0.21388576924800873,0.0003,0.0003,0.1330438256263733
,,,,,801999,7739.2593,1000,,,,,,,,,,
,,,,,802000,,,-734.180908203125,-6.2991461753845215,4.414087295532227,733.274658203125,732.9647827148438,0.13310617208480835,0.9490742683410645,0.0003,0.0003,0.13311487436294556
,,,,,802999,8185.382,1000,,,,,,,,,,
,,,,,803000,,,-735.4291381835938,-5.904720306396484,4.67592716217041,734.6997680664062,734.389892578125,0.1337454468011856,0.26005876064300537,0.0003,0.0003,0.13374818861484528
,,,,,803999,8216.318,1000,,,,,,,,,,
,,,,,804000,,,-733.96044921875,-6.071737766265869,6.89121675491333,732.8248291015625,732.3676147460938,0.13359956443309784,0.05376429855823517,0.0003,0.0003,0.1336042433977127
,,,,,804999,8167.216,1000,,,,,,,,,,
8237.099,73.83067,8351.917,8142.1377,1000.0,805000,,,-740.8389892578125,-5.907066345214844,3.638657808303833,739.8336181640625,739.745849609375,0.132692351937294,0.1571357548236847,0.0003,0.0003,0.13269361853599548
,,,,,805999,8157.7573,1000,,,,,,,,,,
,,,,,806000,,,-730.5538940429688,-5.49140739440918,5.757864952087402,729.20849609375,729.4820556640625,0.13387812674045563,-0.9593163728713989,0.0003,0.0003,0.13387267291545868
,,,,,806999,8201.914,1000,,,,,,,,,,
,,,,,807000,,,-735.0735473632812,-6.216680526733398,3.612342119216919,733.8599853515625,733.984130859375,0.13400956988334656,1.1201488971710205,0.0003,0.0003,0.1340160220861435
,,,,,807999,8263.219,1000,,,,,,,,,,
,,,,,808000,,,-727.3763427734375,-6.353086471557617,4.188957214355469,725.8409423828125,726.083251953125,0.13527898490428925,0.6466461420059204,0.0003,0.0003,0.1352851837873459
,,,,,808999,8070.6084,1000,,,,,,,,,,
,,,,,809000,,,-741.8699951171875,-5.604229927062988,4.5424394607543945,740.9766845703125,740.7096557617188,0.13485407829284668,-0.7601719498634338,0.0003,0.0003,0.13484469056129456
,,,,,809999,8095.59,1000,,,,,,,,,,
8154.0938,31.062288,8193.744,8079.9062,1000.0,810000,,,-741.2902221679688,-5.99287223815918,3.684486150741577,739.86181640625,740.2041625976562,0.13419145345687866,0.09931563585996628,0.0003,0.0003,0.13418704271316528
,,,,,810999,8258.117,1000,,,,,,,,,,
,,,,,811000,,,-735.775634765625,-6.319589614868164,4.997721195220947,734.5732421875,734.4498291015625,0.13500180840492249,0.33335134387016296,0.0003,0.0003,0.1350046992301941
,,,,,811999,8271.861,1000,,,,,,,,,,
,,,,,812000,,,-737.6141357421875,-6.0820817947387695,5.419407367706299,736.1630859375,736.0693969726562,0.13380564749240875,-0.25580766797065735,0.0003,0.0003,0.13380715250968933
,,,,,812999,8140.257,1000,,,,,,,,,,
,,,,,813000,,,-735.7698364257812,-6.320244312286377,4.576482772827148,734.7532958984375,734.5220336914062,0.1339561939239502,0.44050341844558716,0.0003,0.0003,0.13395845890045166
,,,,,813999,8160.4404,1000,,,,,,,,,,
,,,,,814000,,,-737.6317138671875,-5.887261390686035,4.043689250946045,736.24462890625,736.8353271484375,0.13369445502758026,-0.3868350386619568,0.0003,0.0003,0.13369902968406677
,,,,,814999,8218.892,1000,,,,,,,,,,
7956.7305,548.84564,8347.561,6805.786,1000.0,815000,,,-746.6691284179688,-5.830336093902588,4.709510803222656,745.5868530273438,745.2076416015625,0.13418054580688477,-0.20159797370433807,0.0003,0.0003,0.13417814671993256
,,,,,815999,8211.332,1000,,,,,,,,,,
,,,,,816000,,,-737.8994750976562,-5.534043312072754,6.7225494384765625,736.5865478515625,736.41455078125,0.1333540827035904,-0.2868630588054657,0.0003,0.0003,0.1333448737859726
,,,,,816999,8063.9297,1000,,,,,,,,,,
,,,,,817000,,,-733.2101440429688,-5.987690448760986,4.400396347045898,731.6488037109375,732.0726318359375,0.13319823145866394,-0.30939221382141113,0.0003,0.0003,0.13319455087184906
,,,,,817999,8116.8433,1000,,,,,,,,,,
,,,,,818000,,,-747.1074829101562,-5.204599380493164,5.3738932609558105,746.10595703125,745.9813842773438,0.134258434176445,-1.3530092239379883,0.0003,0.0003,0.13425831496715546
,,,,,818999,8173.575,1000,,,,,,,,,,
,,,,,819000,,,-735.1201782226562,-5.952150344848633,4.514840126037598,733.8702392578125,733.9439697265625,0.1345045268535614,0.2587161362171173,0.0003,0.0003,0.13450931012630463
,,,,,819999,8089.7285,1000,,,,,,,,,,
8289.507,81.44137,8377.09,8074.1055,1000.0,820000,,,-746.4298095703125,-6.00220251083374,4.3066301345825195,745.4041748046875,745.194580078125,0.13451549410820007,0.27355095744132996,0.0003,0.0003,0.13452278077602386
,,,,,820999,8155.3486,1000,,,,,,,,,,
,,,,,821000,,,-733.5457763671875,-6.275454521179199,4.149667739868164,732.5316162109375,732.91162109375,0.1344403177499771,0.7603933811187744,0.0003,0.0003,0.13444527983665466
,,,,,821999,8233.526,1000,,,,,,,,,,
,,,,,822000,,,-735.8186645507812,-6.440352439880371,5.872457504272461,733.8983154296875,734.1492919921875,0.13544730842113495,0.9641692638397217,0.0003,0.0003,0.13544735312461853
,,,,,822999,8197.826,1000,,,,,,,,,,
,,,,,823000,,,-736.3909301757812,-6.274214267730713,3.8956034183502197,734.91015625,735.0415649414062,0.13571280241012573,1.0350326299667358,0.0003,0.0003,0.1357150673866272
,,,,,823999,8188.3047,1000,,,,,,,,,,
,,,,,824000,,,-747.3858642578125,-6.176687240600586,4.875358581542969,745.92822265625,746.270263671875,0.13713201880455017,0.4925870895385742,0.0003,0.0003,0.13714054226875305
,,,,,824999,8068.4307,1000,,,,,,,,,,
8134.242,284.05725,8348.917,7369.4136,1000.0,825000,,,-737.3843994140625,-6.198885440826416,5.4616498947143555,736.291259765625,736.0315551757812,0.13588285446166992,0.29336273670196533,0.0003,0.0003,0.13589243590831757
,,,,,825999,8234.043,1000,,,,,,,,,,
,,,,,826000,,,-746.6392822265625,-5.618271350860596,3.881706953048706,746.07763671875,746.0318603515625,0.13585291802883148,-0.690291702747345,0.0003,0.0003,0.13585245609283447
,,,,,826999,8174.954,1000,,,,,,,,,,
,,,,,827000,,,-745.5238037109375,-5.682740211486816,5.179800033569336,744.3275146484375,744.1380615234375,0.13606347143650055,-0.724574863910675,0.0003,0.0003,0.13605615496635437
,,,,,827999,-31.7853,1000,,,,,,,,,,
,,,,,828000,,,-743.1101684570312,-5.73676061630249,3.7684192657470703,741.8107299804688,741.3310546875,0.13678117096424103,-0.31030407547950745,0.0003,0.0003,0.1367800235748291
,,,,,828999,8299.851,1000,,,,,,,,,,
,,,,,829000,,,-745.642333984375,-5.679897308349609,6.680730819702148,743.9974365234375,743.9256591796875,0.13613082468509674,-0.6858129501342773,0.0003,0.0003,0.13613277673721313
,,,,,829999,8269.161,1000,,,,,,,,,,
8151.6357,415.59915,8427.859,7040.054,1000.0,830000,,,-748.8326416015625,-5.79538631439209,3.824525833129883,747.9781494140625,748.2899169921875,0.13577596843242645,0.2646932601928711,0.0003,0.0003,0.1357755810022354
,,,,,830999,8184.9043,1000,,,,,,,,,,
,,,,,831000,,,-745.9739990234375,-5.6482038497924805,3.140916347503662,744.603759765625,744.6657104492188,0.13596388697624207,-0.32111722230911255,0.0003,0.0003,0.13596603274345398
,,,,,831999,8263.419,1000,,,,,,,,,,
,,,,,832000,,,-748.3640747070312,-5.705173969268799,4.555792808532715,746.892333984375,747.1279907226562,0.13461309671401978,-0.9208208918571472,0.0003,0.0003,0.13461261987686157
,,,,,832999,7819.868,1000,,,,,,,,,,
,,,,,833000,,,-745.2196655273438,-6.2532854080200195,5.934063911437988,743.72412109375,743.7184448242188,0.1352018266916275,0.47423869371414185,0.0003,0.0003,0.13520415127277374
,,,,,833999,8162.1113,1000,,,,,,,,,,
,,,,,834000,,,-739.734619140625,-6.306088447570801,5.4727020263671875,738.667236328125,738.3003540039062,0.13355234265327454,0.1587677001953125,0.0003,0.0003,0.1335582286119461
,,,,,834999,8289.327,1000,,,,,,,,,,
7607.0767,1380.0424,8279.65,3653.8706,1000.0,835000,,,-747.1722412109375,-5.971962928771973,4.63163948059082,745.9422607421875,745.9521484375,0.13284452259540558,0.3557303249835968,0.0003,0.0003,0.13284742832183838
,,,,,835999,8153.719,1000,,,,,,,,,,
,,,,,836000,,,-740.7330322265625,-5.708599090576172,4.326596736907959,739.9378051757812,740.0316162109375,0.13251596689224243,-0.8086463212966919,0.0003,0.0003,0.13251420855522156
,,,,,836999,8331.499,1000,,,,,,,,,,
,,,,,837000,,,-741.1668701171875,-6.425836086273193,7.534658432006836,740.14501953125,739.5179443359375,0.13315102458000183,0.5134846568107605,0.0003,0.0003,0.13315413892269135
,,,,,837999,8253.13,1000,,,,,,,,,,
,,,,,838000,,,-747.9782104492188,-5.773520469665527,3.693103551864624,746.5910034179688,746.4699096679688,0.13311387598514557,-0.8682372570037842,0.0003,0.0003,0.13311366736888885
,,,,,838999,8350.198,1000,,,,,,,,,,
,,,,,839000,,,-751.1912231445312,-5.832601547241211,5.32552433013916,749.9056396484375,750.114501953125,0.13268046081066132,-0.31931960582733154,0.0003,0.0003,0.13268189132213593
,,,,,839999,8210.946,1000,,,,,,,,,,
8331.885,85.917595,8455.771,8163.8687,1000.0,840000,,,-749.6437377929688,-5.868716239929199,4.516299247741699,748.19287109375,748.2232055664062,0.1338624209165573,-0.03159716725349426,0.0003,0.0003,0.13386750221252441
,,,,,840999,8324.852,1000,,,,,,,,,,
,,,,,841000,,,-743.6700439453125,-5.6129150390625,4.061939239501953,742.4019775390625,742.6868286132812,0.1342686116695404,-0.18787896633148193,0.0003,0.0003,0.13426640629768372
,,,,,841999,8322.071,1000,,,,,,,,,,
,,,,,842000,,,-741.26318359375,-6.473450660705566,4.320553302764893,740.0842895507812,739.8319702148438,0.13294759392738342,1.0678147077560425,0.0003,0.0003,0.1329425424337387
,,,,,842999,8337.898,1000,,,,,,,,,,
,,,,,843000,,,-741.0363159179688,-6.174019813537598,5.506890773773193,739.634033203125,739.762939453125,0.13366341590881348,0.46267980337142944,0.0003,0.0003,0.13366615772247314
,,,,,843999,8430.006,1000,,,,,,,,,,
,,,,,844000,,,-756.196533203125,-6.0061726570129395,3.290341854095459,754.8743286132812,755.0225219726562,0.13598746061325073,0.3015342354774475,0.0003,0.0003,0.13599081337451935
,,,,,844999,8317.766,1000,,,,,,,,,,
8302.394,103.17798,8447.149,8100.67,1000.0,845000,,,-740.9308471679688,-6.045517921447754,4.67034387588501,739.403564453125,739.695068359375,0.13464903831481934,-0.044005438685417175,0.0003,0.0003,0.13464419543743134
,,,,,845999,8367.877,1000,,,,,,,,,,
,,,,,846000,,,-748.1701049804688,-6.236477851867676,4.654623031616211,747.6812133789062,747.01806640625,0.13365958631038666,0.31106650829315186,0.0003,0.0003,0.13366007804870605
,,,,,846999,8355.922,1000,,,,,,,,,,
,,,,,847000,,,-746.6222534179688,-6.308427810668945,4.9343180656433105,745.4329833984375,745.3057861328125,0.13501307368278503,0.7742936611175537,0.0003,0.0003,0.13502565026283264
,,,,,847999,8380.378,1000,,,,,,,,,,
,,,,,848000,,,-753.9172973632812,-5.8731279373168945,3.651319980621338,752.4452514648438,752.6851196289062,0.13723382353782654,-0.49203771352767944,0.0003,0.0003,0.1372368186712265
,,,,,848999,8274.927,1000,,,,,,,,,,
,,,,,849000,,,-750.9010620117188,-5.999429225921631,4.088717937469482,749.7224731445312,749.5780029296875,0.13736364245414734,0.12807470560073853,0.0003,0.0003,0.13736078143119812
,,,,,849999,8212.934,1000,,,,,,,,,,
8355.307,52.944016,8462.782,8252.915,1000.0,850000,,,-748.8632202148438,-6.051848411560059,4.518247604370117,747.5263671875,747.746826171875,0.13677377998828888,0.27191975712776184,0.0003,0.0003,0.13677451014518738
,,,,,850999,8245.483,1000,,,,,,,,,,
,,,,,851000,,,-748.5215454101562,-5.5623979568481445,5.621011734008789,747.083251953125,746.9522705078125,0.13604378700256348,-0.5742992162704468,0.0003,0.0003,0.13603873550891876
,,,,,851999,8276.331,1000,,,,,,,,,,
,,,,,852000,,,-742.661376953125,-6.431338310241699,5.595739364624023,741.9461669921875,741.8270263671875,0.1369999200105667,0.6529582738876343,0.0003,0.0003,0.13699990510940552
,,,,,852999,8248.94,1000,,,,,,,,,,
,,,,,853000,,,-752.6243286132812,-5.535131931304932,3.542358636856079,751.0428466796875,751.2556762695312,0.13712097704410553,-0.3055906593799591,0.0003,0.0003,0.13712140917778015
,,,,,853999,8272.91,1000,,,,,,,,,,
,,,,,854000,,,-746.9058837890625,-5.924412727355957,5.766800880432129,745.4630737304688,745.533447265625,0.13807134330272675,-0.11512205004692078,0.0003,0.0003,0.13807444274425507
,,,,,854999,8323.92,1000,,,,,,,,,,
8342.337,54.709736,8416.699,8241.47,1000.0,855000,,,-758.0711669921875,-6.311197757720947,5.8451433181762695,756.6475830078125,756.510498046875,0.13682185113430023,0.49888721108436584,0.0003,0.0003,0.1368231624364853
,,,,,855999,8410.79,1000,,,,,,,,,,
,,,,,856000,,,-748.6893920898438,-6.317447662353516,4.918584823608398,747.503662109375,747.4273681640625,0.13712407648563385,0.3312681317329407,0.0003,0.0003,0.13712739944458008
,,,,,856999,8366.809,1000,,,,,,,,,,
,,,,,857000,,,-746.6072387695312,-5.972689628601074,4.88489294052124,745.4346923828125,745.846435546875,0.13721014559268951,-0.5385539531707764,0.0003,0.0003,0.1372082382440567
,,,,,857999,8436.597,1000,,,,,,,,,,
,,,,,858000,,,-748.4437866210938,-6.195705890655518,5.538839340209961,747.330078125,747.2349853515625,0.138224795460701,0.27950477600097656,0.0003,0.0003,0.13822324573993683
,,,,,858999,8431.459,1000,,,,,,,,,,
,,,,,859000,,,-745.182373046875,-6.026166915893555,5.578476905822754,743.8187255859375,744.5706176757812,0.13774904608726501,0.45080482959747314,0.0003,0.0003,0.1377464383840561
,,,,,859999,8308.862,1000,,,,,,,,,,
8465.528,65.14222,8590.088,8379.008,1000.0,860000,,,-748.3688354492188,-6.112152576446533,5.609285831451416,747.283935546875,747.520751953125,0.13712483644485474,0.1587551236152649,0.0003,0.0003,0.13712218403816223
,,,,,860999,8242.058,1000,,,,,,,,,,
,,,,,861000,,,-755.2860107421875,-5.969393730163574,5.012551784515381,754.0028076171875,754.254638671875,0.137195885181427,0.36901381611824036,0.0003,0.0003,0.1371976137161255
,,,,,861999,8459.772,1000,,,,,,,,,,
,,,,,862000,,,-756.9993896484375,-5.835719108581543,5.842365741729736,755.4235229492188,755.0725708007812,0.1370990127325058,-0.6708282232284546,0.0003,0.0003,0.13710112869739532
,,,,,862999,8309.175,1000,,,,,,,,,,
,,,,,863000,,,-751.50927734375,-5.613624572753906,5.409204483032227,750.6146240234375,750.3585815429688,0.1365177035331726,-0.6077466011047363,0.0003,0.0003,0.13651472330093384
,,,,,863999,8426.1,1000,,,,,,,,,,
,,,,,864000,,,-750.3792114257812,-6.082134246826172,5.077462196350098,749.2613525390625,749.2439575195312,0.13801611959934235,0.09055046737194061,0.0003,0.0003,0.13802024722099304
,,,,,864999,8260.131,1000,,,,,,,,,,
8363.989,70.28582,8457.852,8203.376,1000.0,865000,,,-756.4555053710938,-6.279383659362793,8.524490356445312,755.14501953125,755.2232666015625,0.13840389251708984,0.18703767657279968,0.0003,0.0003,0.13840192556381226
,,,,,865999,8253.945,1000,,,,,,,,,,
,,,,,866000,,,-760.4179077148438,-6.134215354919434,3.6866183280944824,759.2567138671875,759.101806640625,0.13895398378372192,1.1536431312561035,0.0003,0.0003,0.1389564871788025
,,,,,866999,8234.678,1000,,,,,,,,,,
,,,,,867000,,,-757.0739135742188,-6.002467155456543,5.1413445472717285,755.7297973632812,755.6840209960938,0.13914716243743896,-0.6530714631080627,0.0003,0.0003,0.13914503157138824
,,,,,867999,8356.685,1000,,,,,,,,,,
,,,,,868000,,,-758.1389770507812,-5.935676574707031,8.528450012207031,756.617919921875,756.929931640625,0.1381651908159256,-0.16118696331977844,0.0003,0.0003,0.13816116750240326
,,,,,868999,8396.384,1000,,,,,,,,,,
,,,,,869000,,,-757.0145874023438,-5.392827987670898,5.94144344329834,755.328857421875,755.5109252929688,0.13745413720607758,-1.0059261322021484,0.0003,0.0003,0.1374538540840149
,,,,,869999,8273.727,1000,,,,,,,,,,
8422.518,61.390087,8500.68,8288.6875,1000.0,870000,,,-753.3547973632812,-5.999035835266113,4.666326522827148,752.2801513671875,752.4957275390625,0.13809441030025482,0.33209383487701416,0.0003,0.0003,0.13809138536453247
,,,,,870999,8282.583,1000,,,,,,,,,,
,,,,,871000,,,-753.6128540039062,-5.605002403259277,5.311156272888184,752.5513916015625,752.4476318359375,0.1373770534992218,-0.5005385875701904,0.0003,0.0003,0.1373763233423233
,,,,,871999,8167.5566,1000,,,,,,,,,,
,,,,,872000,,,-751.6724243164062,-6.215761184692383,3.8591339588165283,750.11669921875,750.2786254882812,0.13775408267974854,0.3110561668872833,0.0003,0.0003,0.13775190711021423
,,,,,872999,8343.236,1000,,,,,,,,,,
,,,,,873000,,,-754.5670166015625,-6.3218584060668945,5.033892631530762,753.4384765625,753.1854248046875,0.13894493877887726,0.9100122451782227,0.0003,0.0003,0.13894309103488922
,,,,,873999,8261.408,1000,,,,,,,,,,
,,,,,874000,,,-756.2389526367188,-6.610424518585205,5.469491004943848,755.3341064453125,755.0177612304688,0.13904225826263428,1.4928817749023438,0.0003,0.0003,0.13905024528503418
,,,,,874999,8266.854,1000,,,,,,,,,,
8240.081,327.66977,8483.957,7287.544,1000.0,875000,,,-762.0779418945312,-6.052988052368164,5.1786065101623535,760.5399780273438,760.988525390625,0.13880953192710876,-0.49641552567481995,0.0003,0.0003,0.1388111263513565
,,,,,875999,8490.245,1000,,,,,,,,,,
,,,,,876000,,,-765.5054321289062,-5.762726306915283,4.019567966461182,764.577880859375,764.5912475585938,0.13750489056110382,-0.24064913392066956,0.0003,0.0003,0.1375090330839157
,,,,,876999,8404.118,1000,,,,,,,,,,
,,,,,877000,,,-753.0454711914062,-6.483194828033447,7.131343364715576,752.069091796875,751.781494140625,0.13756948709487915,0.5391577482223511,0.0003,0.0003,0.13757285475730896
,,,,,877999,8458.508,1000,,,,,,,,,,
,,,,,878000,,,-753.5211181640625,-5.949433326721191,6.553091049194336,752.2173461914062,752.209228515625,0.13876239955425262,-0.18597853183746338,0.0003,0.0003,0.13876782357692719
,,,,,878999,8379.272,1000,,,,,,,,,,
,,,,,879000,,,-762.4718627929688,-6.034233093261719,5.4360857009887695,760.9149780273438,761.3919067382812,0.13762906193733215,0.4445594549179077,0.0003,0.0003,0.1376303881406784
,,,,,879999,8468.587,1000,,,,,,,,,,
8315.365,93.30341,8399.205,8043.78,1000.0,880000,,,-757.4918823242188,-5.522735595703125,6.147241592407227,756.2291259765625,756.4295654296875,0.13806112110614777,-0.6527264714241028,0.0003,0.0003,0.1380557268857956
,,,,,880999,8320.7,1000,,,,,,,,,,
,,,,,881000,,,-749.466064453125,-6.214520454406738,4.595659255981445,748.1363525390625,747.9682006835938,0.13752269744873047,0.5046771764755249,0.0003,0.0003,0.13752633333206177
,,,,,881999,8363.42,1000,,,,,,,,,,
,,,,,882000,,,-763.391845703125,-6.207833290100098,5.050414085388184,762.6212158203125,762.33056640625,0.13643306493759155,0.434314489364624,0.0003,0.0003,0.13643495738506317
,,,,,882999,8054.346,1000,,,,,,,,,,
,,,,,883000,,,-756.4619750976562,-6.233739852905273,4.792294979095459,755.2105712890625,755.2390747070312,0.13690443336963654,0.11142915487289429,0.0003,0.0003,0.13690461218357086
,,,,,883999,8417.094,1000,,,,,,,,,,
,,,,,884000,,,-766.0490112304688,-5.717500686645508,4.192068576812744,764.5847778320312,764.3359985351562,0.13736090064048767,-0.8395755290985107,0.0003,0.0003,0.13735537230968475
,,,,,884999,8442.086,1000,,,,,,,,,,
7979.46,1582.5079,8626.107,3235.1565,1000.0,885000,,,-767.41796875,-6.031553268432617,4.4165358543396,765.8584594726562,766.0335693359375,0.13715559244155884,0.22152872383594513,0.0003,0.0003,0.13715974986553192
,,,,,885999,8386.846,1000,,,,,,,,,,
,,,,,886000,,,-767.3511962890625,-5.552502632141113,5.353161811828613,766.372802734375,765.9827880859375,0.13759727776050568,-0.778510570526123,0.0003,0.0003,0.13759469985961914
,,,,,886999,8348.173,1000,,,,,,,,,,
,,,,,887000,,,-757.311767578125,-6.1316633224487305,5.160256385803223,756.2374267578125,756.4263916015625,0.13743193447589874,0.3167491853237152,0.0003,0.0003,0.1374286264181137
,,,,,887999,8344.855,1000,,,,,,,,,,
,,,,,888000,,,-752.21044921875,-5.812159061431885,6.460013389587402,750.5523681640625,750.5361938476562,0.13823619484901428,-0.3506711721420288,0.0003,0.0003,0.1382300853729248
,,,,,888999,8487.312,1000,,,,,,,,,,
,,,,,889000,,,-758.152587890625,-6.035780906677246,6.069790840148926,756.656982421875,756.5565185546875,0.13934122025966644,0.6905350685119629,0.0003,0.0003,0.13934442400932312
,,,,,889999,8369.693,1000,,,,,,,,,,
8426.047,117.96175,8578.092,8136.993,1000.0,890000,,,-754.7916870117188,-5.966188430786133,5.0942864418029785,753.7540893554688,753.7772216796875,0.14081044495105743,-0.07720690965652466,0.0003,0.0003,0.1408141553401947
,,,,,890999,8411.3545,1000,,,,,,,,,,
,,,,,891000,,,-758.898193359375,-5.931918144226074,6.180535793304443,757.3688354492188,757.3535766601562,0.14063259959220886,0.20195019245147705,0.0003,0.0003,0.14063717424869537
,,,,,891999,8490.205,1000,,,,,,,,,,
,,,,,892000,,,-762.8238525390625,-6.300769805908203,4.453409194946289,761.8907470703125,761.810546875,0.1398811787366867,0.3303437829017639,0.0003,0.0003,0.13988426327705383
,,,,,892999,8361.928,1000,,,,,,,,,,
,,,,,893000,,,-746.3648681640625,-6.244438171386719,7.806560516357422,744.893310546875,744.8512573242188,0.1398220807313919,0.28812241554260254,0.0003,0.0003,0.1398177593946457
,,,,,893999,8516.841,1000,,,,,,,,,,
,,,,,894000,,,-767.2178955078125,-6.1894850730896,3.621614933013916,766.3779296875,766.1288452148438,0.14021116495132446,0.31069573760032654,0.0003,0.0003,0.14021117985248566
,,,,,894999,8511.453,1000,,,,,,,,,,
8465.773,74.3884,8609.123,8355.59,1000.0,895000,,,-755.4716796875,-5.94398307800293,6.246604919433594,754.688720703125,753.737548828125,0.14012174308300018,-0.2085176706314087,0.0003,0.0003,0.14012232422828674
,,,,,895999,8361.896,1000,,,,,,,,,,
,,,,,896000,,,-767.2036743164062,-5.815738201141357,5.495491027832031,766.04052734375,766.0487060546875,0.14063797891139984,-0.2397780418395996,0.0003,0.0003,0.14063102006912231
,,,,,896999,8493.693,1000,,,,,,,,,,
,,,,,897000,,,-764.353515625,-5.714137077331543,4.478744983673096,763.1978759765625,763.04296875,0.14040493965148926,-0.07093203067779541,0.0003,0.0003,0.1404026746749878
,,,,,897999,8406.049,1000,,,,,,,,,,
,,,,,898000,,,-760.1546020507812,-6.471879959106445,4.4352312088012695,758.7069091796875,759.0665283203125,0.1396411657333374,0.08104875683784485,0.0003,0.0003,0.13964031636714935
,,,,,898999,8460.321,1000,,,,,,,,,,
,,,,,899000,,,-755.6755981445312,-5.708726406097412,4.247934341430664,754.61083984375,754.066650390625,0.13940729200839996,-0.195224791765213,0.0003,0.0003,0.13940809667110443
,,,,,899999,8475.134,1000,,,,,,,,,,
8460.732,72.16391,8567.399,8319.019,1000.0,900000,,,-764.561767578125,-5.898618698120117,5.904974937438965,763.3485107421875,763.2918701171875,0.13885924220085144,-0.1267005205154419,0.0003,0.0003,0.13886325061321259
,,,,,900999,8537.631,1000,,,,,,,,,,
,,,,,901000,,,-764.3548583984375,-5.622900009155273,5.147768974304199,763.3221435546875,762.9493408203125,0.13907486200332642,-0.8155671954154968,0.0003,0.0003,0.13907356560230255
,,,,,901999,8367.183,1000,,,,,,,,,,
,,,,,902000,,,-761.8779907226562,-6.297102928161621,6.954636096954346,760.5805053710938,760.561767578125,0.13925611972808838,1.081080675125122,0.0003,0.0003,0.13925890624523163
,,,,,902999,8436.307,1000,,,,,,,,,,
,,,,,903000,,,-755.9880981445312,-6.153275489807129,6.064971923828125,754.3551025390625,753.9334106445312,0.14030149579048157,0.6495528221130371,0.0003,0.0003,0.14030258357524872
,,,,,903999,8488.108,1000,,,,,,,,,,
,,,,,904000,,,-761.24267578125,-6.044366836547852,5.18433952331543,760.3857421875,760.2537841796875,0.14042425155639648,-0.7278750538825989,0.0003,0.0003,0.1404189169406891
,,,,,904999,8614.086,1000,,,,,,,,,,
7808.5757,1951.0055,8592.5205,1967.3098,1000.0,905000,,,-765.6387329101562,-6.491300582885742,6.457544326782227,764.618408203125,764.41552734375,0.14026187360286713,0.27217498421669006,0.0003,0.0003,0.14026802778244019
,,,,,905999,8406.523,1000,,,,,,,,,,
,,,,,906000,,,-768.2042846679688,-6.19132661819458,4.977020263671875,767.1371459960938,767.0100708007812,0.1416204869747162,0.22279109060764313,0.0003,0.0003,0.14163005352020264
,,,,,906999,8504.163,1000,,,,,,,,,,
,,,,,907000,,,-777.026611328125,-5.879764556884766,3.9426045417785645,776.4310302734375,776.4782104492188,0.1427827775478363,0.5138565897941589,0.0003,0.0003,0.14279088377952576
,,,,,907999,8511.816,1000,,,,,,,,,,
,,,,,908000,,,-764.675048828125,-5.951316833496094,7.458979606628418,763.53857421875,763.3390502929688,0.14255958795547485,0.8225871324539185,0.0003,0.0003,0.1425580531358719
,,,,,908999,8411.894,1000,,,,,,,,,,
,,,,,909000,,,-767.9599609375,-5.972132205963135,4.474337577819824,766.4461669921875,766.8955078125,0.14215898513793945,-0.36667653918266296,0.0003,0.0003,0.1421547681093216
,,,,,909999,8556.563,1000,,,,,,,,,,
8551.8955,35.021004,8597.727,8480.081,1000.0,910000,,,-770.5850219726562,-5.721867561340332,7.604341506958008,769.6087646484375,769.234375,0.14161339402198792,0.3266085386276245,0.0003,0.0003,0.14161571860313416
,,,,,910999,8416.737,1000,,,,,,,,,,
,,,,,911000,,,-770.9900512695312,-6.111617565155029,3.955629825592041,769.584228515625,769.342041015625,0.14012350142002106,0.04139092564582825,0.0003,0.0003,0.1401204913854599
,,,,,911999,8445.379,1000,,,,,,,,,,
,,,,,912000,,,-770.6175537109375,-5.95676326751709,4.191373348236084,769.4627685546875,769.7174072265625,0.14000657200813293,-0.11803579330444336,0.0003,0.0003,0.14000405371189117
,,,,,912999,8436.76,1000,,,,,,,,,,
,,,,,913000,,,-769.2816162109375,-5.996255397796631,5.837080955505371,767.7320556640625,768.1795654296875,0.13991841673851013,0.5370184183120728,0.0003,0.0003,0.13991710543632507
,,,,,913999,8448.703,1000,,,,,,,,,,
,,,,,914000,,,-770.8945922851562,-5.655670642852783,5.46535062789917,769.8992309570312,770.0396728515625,0.14100566506385803,-0.26096734404563904,0.0003,0.0003,0.1409987211227417
,,,,,914999,8505.646,1000,,,,,,,,,,
8553.941,87.40687,8726.536,8436.179,1000.0,915000,,,-767.5255737304688,-6.526623725891113,5.816903591156006,766.0946655273438,766.119140625,0.14026768505573273,1.2974472045898438,0.0003,0.0003,0.14028191566467285
,,,,,915999,8485.018,1000,,,,,,,,,,
,,,,,916000,,,-770.4812622070312,-6.771149635314941,6.464608192443848,768.6349487304688,769.133056640625,0.1421433687210083,1.1716217994689941,0.0003,0.0003,0.14215390384197235
,,,,,916999,8511.924,1000,,,,,,,,,,
,,,,,917000,,,-767.221923828125,-5.945112228393555,5.171024799346924,766.0978393554688,765.7808227539062,0.14211413264274597,0.03937812149524689,0.0003,0.0003,0.14211498200893402
,,,,,917999,8493.596,1000,,,,,,,,,,
,,,,,918000,,,-773.238037109375,-6.072309494018555,3.543290615081787,771.6614379882812,771.7905883789062,0.14132623374462128,0.1714143306016922,0.0003,0.0003,0.14132855832576752
,,,,,918999,8606.688,1000,,,,,,,,,,
,,,,,919000,,,-772.6051635742188,-5.499990463256836,4.850007057189941,771.4329223632812,771.1978759765625,0.14181019365787506,-0.8040668964385986,0.0003,0.0003,0.14179840683937073
,,,,,919999,8430.74,1000,,,,,,,,,,
7610.465,1738.1786,8504.682,2506.7476,1000.0,920000,,,-783.03076171875,-5.516703128814697,4.75337028503418,781.898193359375,781.8985595703125,0.14032721519470215,-0.4219515919685364,0.0003,0.0003,0.14032487571239471
,,,,,920999,8447.827,1000,,,,,,,,,,
,,,,,921000,,,-766.4134521484375,-6.046133518218994,5.708087921142578,765.127197265625,764.695556640625,0.13984572887420654,0.24315308034420013,0.0003,0.0003,0.13984405994415283
,,,,,921999,8481.089,1000,,,,,,,,,,
,,,,,922000,,,-763.4586181640625,-6.645272731781006,4.448978424072266,762.6255493164062,762.29443359375,0.14097562432289124,0.541425347328186,0.0003,0.0003,0.1409776210784912
,,,,,922999,8456.678,1000,,,,,,,,,,
,,,,,923000,,,-774.3827514648438,-5.685660362243652,5.1934709548950195,773.2576904296875,772.9404296875,0.14115189015865326,-0.9364273548126221,0.0003,0.0003,0.14114880561828613
,,,,,923999,8412.257,1000,,,,,,,,,,
,,,,,924000,,,-769.3230590820312,-5.875916957855225,5.1316423416137695,767.8436279296875,767.6900634765625,0.13971970975399017,0.015597701072692871,0.0003,0.0003,0.13972380757331848
,,,,,924999,8495.835,1000,,,,,,,,,,
8522.528,29.27678,8577.126,8452.903,1000.0,925000,,,-771.2086181640625,-6.192109107971191,5.064168930053711,769.541015625,769.729248046875,0.14084601402282715,0.2604217827320099,0.0003,0.0003,0.1408442258834839
,,,,,925999,8413.345,1000,,,,,,,,,,
,,,,,926000,,,-766.8370971679688,-6.243141174316406,4.954327583312988,766.0797119140625,765.596435546875,0.1407983899116516,0.3576282858848572,0.0003,0.0003,0.14079993963241577
,,,,,926999,8577.574,1000,,,,,,,,,,
,,,,,927000,,,-776.3457641601562,-5.889016151428223,4.365817546844482,775.669677734375,775.4965209960938,0.14182037115097046,-0.5389066934585571,0.0003,0.0003,0.1418202519416809
,,,,,927999,8454.567,1000,,,,,,,,,,
,,,,,928000,,,-779.3903198242188,-5.650668144226074,2.663283348083496,778.4576416015625,778.669677734375,0.14128683507442474,-1.0532209873199463,0.0003,0.0003,0.14128613471984863
,,,,,928999,8497.584,1000,,,,,,,,,,
,,,,,929000,,,-763.4407348632812,-5.900854110717773,13.236837387084961,762.209228515625,762.3285522460938,0.139752596616745,0.3440629839897156,0.0003,0.0003,0.13974551856517792
,,,,,929999,8517.569,1000,,,,,,,,,,
8166.757,143.94705,8413.411,7944.7744,1000.0,930000,,,-772.175048828125,-6.112110614776611,5.121788024902344,770.8110961914062,770.4625244140625,0.14010003209114075,0.04689390957355499,0.0003,0.0003,0.14009509980678558
,,,,,930999,8549.444,1000,,,,,,,,,,
,,,,,931000,,,-775.8807983398438,-6.031867980957031,4.206864356994629,774.5399169921875,774.741943359375,0.13976915180683136,0.7682093381881714,0.0003,0.0003,0.13977032899856567
,,,,,931999,8627.959,1000,,,,,,,,,,
,,,,,932000,,,-779.2052001953125,-5.595444202423096,5.336042881011963,778.3194580078125,778.370849609375,0.1416265070438385,-0.7611492872238159,0.0003,0.0003,0.1416199803352356
,,,,,932999,8511.009,1000,,,,,,,,,,
,,,,,933000,,,-766.8181762695312,-5.495080947875977,4.510343551635742,765.0663452148438,765.2564086914062,0.1411006897687912,-0.7391512989997864,0.0003,0.0003,0.14110419154167175
,,,,,933999,8563.553,1000,,,,,,,,,,
,,,,,934000,,,-772.2078857421875,-6.47418212890625,5.075382709503174,770.693603515625,770.5814819335938,0.1409592181444168,0.9156106114387512,0.0003,0.0003,0.1409582942724228
,,,,,934999,8588.059,1000,,,,,,,,,,
8375.479,212.71138,8541.493,7767.42,1000.0,935000,,,-763.2135009765625,-6.320117950439453,6.8809428215026855,762.0643310546875,761.610595703125,0.14134541153907776,0.10166823863983154,0.0003,0.0003,0.14134913682937622
,,,,,935999,8430.518,1000,,,,,,,,,,
,,,,,936000,,,-777.35205078125,-6.024326801300049,3.4630818367004395,775.8302001953125,776.1038208007812,0.14188559353351593,0.18209603428840637,0.0003,0.0003,0.14188314974308014
,,,,,936999,8599.799,1000,,,,,,,,,,
,,,,,937000,,,-774.0150146484375,-6.076300621032715,3.7634024620056152,772.847900390625,772.9301147460938,0.14190484583377838,-0.18311916291713715,0.0003,0.0003,0.14189933240413666
,,,,,937999,8500.048,1000,,,,,,,,,,
,,,,,938000,,,-770.8690185546875,-5.993447780609131,8.554590225219727,769.6317749023438,769.0147094726562,0.14286713302135468,-0.7206924557685852,0.0003,0.0003,0.1428614854812622
,,,,,938999,8508.835,1000,,,,,,,,,,
,,,,,939000,,,-782.2186889648438,-5.977282524108887,6.756536483764648,780.7529907226562,780.72021484375,0.14180105924606323,-0.13092327117919922,0.0003,0.0003,0.14179597795009613
,,,,,939999,8636.89,1000,,,,,,,,,,
8460.759,78.92099,8557.568,8299.316,1000.0,940000,,,-777.9100952148438,-5.86500358581543,6.623228549957275,776.582763671875,776.4412841796875,0.14158324897289276,-0.30171531438827515,0.0003,0.0003,0.14158374071121216
,,,,,940999,8639.932,1000,,,,,,,,,,
,,,,,941000,,,-776.1637573242188,-5.86346960067749,4.603857040405273,774.97900390625,775.30029296875,0.14251001179218292,-0.516481876373291,0.0003,0.0003,0.14250870048999786
,,,,,941999,8643.8,1000,,,,,,,,,,
,,,,,942000,,,-775.7947998046875,-5.665151596069336,9.536550521850586,774.5100708007812,774.6451416015625,0.14429013431072235,-0.3044658899307251,0.0003,0.0003,0.1442887932062149
,,,,,942999,8539.429,1000,,,,,,,,,,
,,,,,943000,,,-773.08544921875,-6.277444839477539,5.314295768737793,771.167236328125,771.5693359375,0.1432417333126068,1.0628613233566284,0.0003,0.0003,0.14324882626533508
,,,,,943999,8491.006,1000,,,,,,,,,,
,,,,,944000,,,-768.5313720703125,-6.363192558288574,6.063180923461914,767.0155029296875,766.8761596679688,0.1429787427186966,0.25568753480911255,0.0003,0.0003,0.1429816484451294
,,,,,944999,8569.6,1000,,,,,,,,,,
8054.596,1764.7207,8783.766,2764.619,1000.0,945000,,,-764.7276000976562,-6.540581703186035,7.408837795257568,763.2159423828125,763.5389404296875,0.1433899998664856,0.6667578816413879,0.0003,0.0003,0.14339369535446167
,,,,,945999,8482.037,1000,,,,,,,,,,
,,,,,946000,,,-781.4261474609375,-5.878448009490967,7.093210220336914,780.5572509765625,780.23779296875,0.1434692144393921,-0.039420150220394135,0.0003,0.0003,0.14346210658550262
,,,,,946999,8492.437,1000,,,,,,,,,,
,,,,,947000,,,-782.0984497070312,-6.06002950668335,6.67726993560791,781.1969604492188,780.81640625,0.14366866648197174,0.2836760878562927,0.0003,0.0003,0.1436685472726822
,,,,,947999,8487.635,1000,,,,,,,,,,
,,,,,948000,,,-785.34326171875,-6.336138725280762,4.743402004241943,784.3182373046875,784.3065185546875,0.1421622931957245,0.5630543828010559,0.0003,0.0003,0.14215752482414246
,,,,,948999,8636.76,1000,,,,,,,,,,
,,,,,949000,,,-778.3126831054688,-6.151535511016846,5.378996849060059,776.943115234375,776.8702392578125,0.14301002025604248,0.04686768352985382,0.0003,0.0003,0.14300431311130524
,,,,,949999,8633.088,1000,,,,,,,,,,
8563.363,51.156017,8621.035,8445.333,1000.0,950000,,,-769.1012573242188,-6.1400065422058105,5.586175918579102,767.7007446289062,767.7113037109375,0.14251749217510223,0.12758487462997437,0.0003,0.0003,0.14251208305358887
,,,,,950999,8631.483,1000,,,,,,,,,,
,,,,,951000,,,-783.6168823242188,-6.190080642700195,4.300975799560547,782.4649658203125,782.0863037109375,0.14180143177509308,0.3310740888118744,0.0003,0.0003,0.14180414378643036
,,,,,951999,8665.763,1000,,,,,,,,,,
,,,,,952000,,,-779.103271484375,-6.334527969360352,5.659642219543457,778.041259765625,778.5186767578125,0.14404332637786865,0.7160398364067078,0.0003,0.0003,0.14404544234275818
,,,,,952999,8650.127,1000,,,,,,,,,,
,,,,,953000,,,-774.3607177734375,-6.1147260665893555,7.3567681312561035,773.337646484375,772.9259033203125,0.14401961863040924,0.10519231855869293,0.0003,0.0003,0.14401552081108093
,,,,,953999,8642.102,1000,,,,,,,,,,
,,,,,954000,,,-780.3604736328125,-6.151141166687012,5.161443710327148,779.03759765625,779.0303955078125,0.14267012476921082,-0.7624955177307129,0.0003,0.0003,0.1426732987165451
,,,,,954999,8757.789,1000,,,,,,,,,,
8615.927,60.468258,8672.97,8475.149,1000.0,955000,,,-772.8035888671875,-6.218188285827637,6.086881637573242,771.10595703125,771.0545654296875,0.14318963885307312,0.7724939584732056,0.0003,0.0003,0.14319884777069092
,,,,,955999,8644.3,1000,,,,,,,,,,
,,,,,956000,,,-780.412353515625,-6.1435441970825195,5.922649383544922,779.2298583984375,779.37109375,0.14385856688022614,-0.13837921619415283,0.0003,0.0003,0.1438465118408203
,,,,,956999,8606.268,1000,,,,,,,,,,
,,,,,957000,,,-776.538330078125,-7.020834445953369,8.335243225097656,775.1136474609375,775.3643798828125,0.1447935402393341,1.0203478336334229,0.0003,0.0003,0.14480264484882355
,,,,,957999,8578.265,1000,,,,,,,,,,
,,,,,958000,,,-775.5499877929688,-5.883256912231445,4.260737419128418,774.59033203125,774.46044921875,0.14554406702518463,0.07634997367858887,0.0003,0.0003,0.14554236829280853
,,,,,958999,8621.609,1000,,,,,,,,,,
,,,,,959000,,,-784.1770629882812,-5.70394229888916,6.57800817489624,782.8827514648438,783.136962890625,0.14544200897216797,-0.3788796663284302,0.0003,0.0003,0.14544323086738586
,,,,,959999,8650.284,1000,,,,,,,,,,
8724.066,94.53846,8833.97,8504.42,1000.0,960000,,,-778.7111206054688,-6.308747291564941,6.554152488708496,777.16943359375,777.1065673828125,0.14453348517417908,0.2618282437324524,0.0003,0.0003,0.14453232288360596
,,,,,960999,8703.578,1000,,,,,,,,,,
,,,,,961000,,,-767.498779296875,-5.811779022216797,7.193239212036133,766.1201171875,766.3801879882812,0.14321368932724,-0.04533989727497101,0.0003,0.0003,0.14321576058864594
,,,,,961999,8657.583,1000,,,,,,,,,,
,,,,,962000,,,-777.7642211914062,-5.819920063018799,2.999082565307617,776.3167724609375,776.41748046875,0.14433617889881134,-0.44598084688186646,0.0003,0.0003,0.14433488249778748
,,,,,962999,8775.684,1000,,,,,,,,,,
,,,,,963000,,,-782.8154907226562,-5.956709861755371,3.821028232574463,781.259765625,781.4620971679688,0.1438746303319931,-0.558986246585846,0.0003,0.0003,0.1438756138086319
,,,,,963999,8683.814,1000,,,,,,,,,,
,,,,,964000,,,-785.4774780273438,-6.296964645385742,4.0538763999938965,784.8494873046875,784.69921875,0.14392171800136566,0.364767849445343,0.0003,0.0003,0.14393004775047302
,,,,,964999,8649.234,1000,,,,,,,,,,
8449.845,468.32413,8742.668,7466.8076,1000.0,965000,,,-779.6844482421875,-6.283014297485352,5.955835342407227,778.3900146484375,778.2747802734375,0.14301389455795288,0.3492414057254791,0.0003,0.0003,0.14301417768001556
,,,,,965999,8592.896,1000,,,,,,,,,,
,,,,,966000,,,-791.6180419921875,-5.527363300323486,4.35622501373291,790.2811889648438,790.218505859375,0.14291490614414215,-0.8908805847167969,0.0003,0.0003,0.14291264116764069
,,,,,966999,8580.768,1000,,,,,,,,,,
,,,,,967000,,,-782.885498046875,-5.995823860168457,5.556113243103027,782.004150390625,781.8544311523438,0.14238609373569489,0.1602344810962677,0.0003,0.0003,0.14238905906677246
,,,,,967999,8462.08,1000,,,,,,,,,,
,,,,,968000,,,-777.8699340820312,-6.294865131378174,3.878648519515991,776.77099609375,776.93212890625,0.14179693162441254,0.1865195631980896,0.0003,0.0003,0.1418006271123886
,,,,,968999,8738.6,1000,,,,,,,,,,
,,,,,969000,,,-778.142822265625,-6.192583084106445,5.09132194519043,776.8370971679688,776.8157958984375,0.1414962112903595,0.4419848918914795,0.0003,0.0003,0.14149323105812073
,,,,,969999,8287.505,1000,,,,,,,,,,
8649.573,73.35584,8772.741,8542.881,1000.0,970000,,,-786.9089965820312,-5.338604927062988,4.213929176330566,785.1511840820312,785.6154174804688,0.14101015031337738,-0.8462705612182617,0.0003,0.0003,0.1410120129585266
,,,,,970999,8492.13,1000,,,,,,,,,,
,,,,,971000,,,-787.1793212890625,-5.750252723693848,5.152835845947266,785.8126831054688,786.302001953125,0.14177829027175903,0.020691916346549988,0.0003,0.0003,0.14177639782428741
,,,,,971999,2384.7092,1000,,,,,,,,,,
,,,,,972000,,,-779.4738159179688,-6.0665364265441895,8.809221267700195,778.3505859375,778.1968383789062,0.14126206934452057,-0.09176502376794815,0.0003,0.0003,0.14126071333885193
,,,,,972999,8543.032,1000,,,,,,,,,,
,,,,,973000,,,-788.80029296875,-5.585691452026367,7.855085372924805,787.3145141601562,787.281005859375,0.14082789421081543,-0.9702549576759338,0.0003,0.0003,0.14082442224025726
,,,,,973999,8672.522,1000,,,,,,,,,,
,,,,,974000,,,-785.0217895507812,-5.57600212097168,7.60706901550293,783.3993530273438,783.454833984375,0.1413973569869995,-0.31985002756118774,0.0003,0.0003,0.1413903385400772
,,,,,974999,8653.343,1000,,,,,,,,,,
8633.594,44.5897,8687.355,8551.127,1000.0,975000,,,-785.7018432617188,-5.8720703125,5.245624542236328,784.2346801757812,784.3917236328125,0.14184971153736115,-0.560579776763916,0.0003,0.0003,0.14184312522411346
,,,,,975999,8644.882,1000,,,,,,,,,,
,,,,,976000,,,-789.255615234375,-6.249901294708252,4.578489303588867,787.9431762695312,788.0134887695312,0.1423589289188385,0.5802247524261475,0.0003,0.0003,0.14235663414001465
,,,,,976999,8614.369,1000,,,,,,,,,,
,,,,,977000,,,-784.3607177734375,-5.723828315734863,6.312035083770752,783.141357421875,783.1209716796875,0.14203837513923645,-0.47592106461524963,0.0003,0.0003,0.14203429222106934
,,,,,977999,8709.405,1000,,,,,,,,,,
,,,,,978000,,,-792.6333618164062,-5.7982330322265625,5.553841590881348,791.3245239257812,791.36279296875,0.14241638779640198,-0.49571067094802856,0.0003,0.0003,0.14241965115070343
,,,,,978999,8645.499,1000,,,,,,,,,,
,,,,,979000,,,-772.3718872070312,-5.9354329109191895,6.166176795959473,771.5389404296875,771.029296875,0.14197926223278046,0.10940098762512207,0.0003,0.0003,0.14198721945285797
,,,,,979999,4458.9062,1000,,,,,,,,,,
8679.236,100.15077,8783.852,8408.888,1000.0,980000,,,-782.7695922851562,-6.099553108215332,6.576026916503906,781.4874877929688,781.8157958984375,0.14108535647392273,0.6065982580184937,0.0003,0.0003,0.14108553528785706
,,,,,980999,8806.133,1000,,,,,,,,,,
,,,,,981000,,,-785.4220581054688,-5.562732696533203,7.020369529724121,783.753662109375,784.1536865234375,0.14091269671916962,-0.6898006796836853,0.0003,0.0003,0.1409071832895279
,,,,,981999,8768.269,1000,,,,,,,,,,
,,,,,982000,,,-777.4856567382812,-6.585236549377441,5.41871976852417,775.8804931640625,775.9378662109375,0.14189325273036957,0.4575080871582031,0.0003,0.0003,0.1418943703174591
,,,,,982999,8713.176,1000,,,,,,,,,,
,,,,,983000,,,-781.5552368164062,-6.0334391593933105,5.092243194580078,780.760009765625,780.5099487304688,0.14269305765628815,0.06826388835906982,0.0003,0.0003,0.14269870519638062
,,,,,983999,8700.9,1000,,,,,,,,,,
,,,,,984000,,,-783.6041259765625,-6.057260990142822,6.198918342590332,782.206298828125,782.54248046875,0.14355649054050446,0.4654374122619629,0.0003,0.0003,0.1435641348361969
,,,,,984999,8746.492,1000,,,,,,,,,,
7933.1196,2380.1956,8810.028,797.32184,1000.0,985000,,,-782.3815307617188,-5.9766106605529785,6.948130130767822,781.3909301757812,780.6834716796875,0.1423763632774353,-0.4738227128982544,0.0003,0.0003,0.1423760950565338
,,,,,985999,8585.885,1000,,,,,,,,,,
,,,,,986000,,,-782.2943725585938,-5.911787033081055,4.118549346923828,780.9024658203125,781.0159912109375,0.14184895157814026,-0.3442056179046631,0.0003,0.0003,0.14184929430484772
,,,,,986999,8695.955,1000,,,,,,,,,,
,,,,,987000,,,-780.41796875,-6.206316947937012,5.742993354797363,778.6993408203125,778.6914672851562,0.14189723134040833,-0.012796193361282349,0.0003,0.0003,0.1419031172990799
,,,,,987999,8668.258,1000,,,,,,,,,,
,,,,,988000,,,-784.07080078125,-5.696805953979492,5.334537506103516,782.6692504882812,782.6769409179688,0.1435457468032837,-0.08489969372749329,0.0003,0.0003,0.14355218410491943
,,,,,988999,8616.4375,1000,,,,,,,,,,
,,,,,989000,,,-775.5433349609375,-5.802391529083252,5.985477447509766,774.4442138671875,773.89208984375,0.14435529708862305,0.2855793833732605,0.0003,0.0003,0.1443503499031067
,,,,,989999,8759.844,1000,,,,,,,,,,
8637.135,160.08752,8750.998,8177.584,1000.0,990000,,,-786.8170776367188,-5.741253852844238,4.523655414581299,785.4188842773438,785.5333862304688,0.14295220375061035,-0.4922065734863281,0.0003,0.0003,0.14294302463531494
,,,,,990999,8442.661,1000,,,,,,,,,,
,,,,,991000,,,-783.6317749023438,-6.097131252288818,7.367429733276367,782.2362060546875,782.0569458007812,0.1424960047006607,0.31871581077575684,0.0003,0.0003,0.14249418675899506
,,,,,991999,8620.667,1000,,,,,,,,,,
,,,,,992000,,,-786.1898193359375,-6.2442626953125,4.928207874298096,784.33154296875,784.3829345703125,0.1440381556749344,0.46347981691360474,0.0003,0.0003,0.1440422534942627
,,,,,992999,8447.239,1000,,,,,,,,,,
,,,,,993000,,,-788.718994140625,-6.149937152862549,5.599677085876465,787.03125,787.5772094726562,0.14410218596458435,0.5315420627593994,0.0003,0.0003,0.14410750567913055
,,,,,993999,8777.475,1000,,,,,,,,,,
,,,,,994000,,,-795.5316772460938,-5.6450276374816895,5.280213356018066,794.4884643554688,794.5599365234375,0.14477504789829254,-0.6964106559753418,0.0003,0.0003,0.1447719782590866
,,,,,994999,8720.629,1000,,,,,,,,,,
8339.92,1463.8484,8882.451,3950.587,1000.0,995000,,,-794.2402954101562,-6.005000114440918,4.706130504608154,792.491943359375,792.3369750976562,0.14579840004444122,-0.04451034963130951,0.0003,0.0003,0.145801842212677
,,,,,995999,8632.535,1000,,,,,,,,,,
,,,,,996000,,,-780.9527587890625,-5.962129592895508,5.905688285827637,779.5337524414062,779.2872314453125,0.14646492898464203,0.3909286856651306,0.0003,0.0003,0.1464652121067047
,,,,,996999,8782.704,1000,,,,,,,,,,
,,,,,997000,,,-794.94970703125,-5.84226131439209,6.180570125579834,793.447509765625,793.3546142578125,0.14695708453655243,-0.6243406534194946,0.0003,0.0003,0.14695794880390167
,,,,,997999,8719.504,1000,,,,,,,,,,
,,,,,998000,,,-800.2015991210938,-5.454684734344482,6.7096052169799805,798.31884765625,798.4681396484375,0.14578206837177277,-0.826445996761322,0.0003,0.0003,0.14577805995941162
,,,,,998999,8633.77,1000,,,,,,,,,,
,,,,,999000,,,-790.7887573242188,-5.975165367126465,5.696063041687012,789.7897338867188,789.493896484375,0.14563195407390594,-0.27468425035476685,0.0003,0.0003,0.14563438296318054
,,,,,999999,8794.669,1000,,,,,,,,,,
