Eval_AverageReturn,Eval_StdReturn,Eval_MaxReturn,Eval_MinReturn,Eval_AverageEpLen,step,Train_EpisodeReturn,Train_EpisodeLen,critic_loss,q_values,target_values,actor_lr,critic_lr,temperature
8.4,6.5299306,26.0,3.0,8.4,0,,,,,,,,
,,,,,3,4.0,4,,,,,,
,,,,,7,4.0,4,,,,,,
,,,,,11,4.0,4,,,,,,
,,,,,17,6.0,6,,,,,,
,,,,,25,8.0,8,,,,,,
,,,,,29,4.0,4,,,,,,
,,,,,42,13.0,13,,,,,,
,,,,,53,11.0,11,,,,,,
,,,,,57,4.0,4,,,,,,
,,,,,62,5.0,5,,,,,,
,,,,,68,6.0,6,,,,,,
,,,,,77,9.0,9,,,,,,
,,,,,80,3.0,3,,,,,,
,,,,,83,3.0,3,,,,,,
,,,,,86,3.0,3,,,,,,
,,,,,90,4.0,4,,,,,,
,,,,,102,12.0,12,,,,,,
,,,,,114,12.0,12,,,,,,
,,,,,126,12.0,12,,,,,,
,,,,,133,7.0,7,,,,,,
,,,,,137,4.0,4,,,,,,
,,,,,141,4.0,4,,,,,,
,,,,,146,5.0,5,,,,,,
,,,,,151,5.0,5,,,,,,
,,,,,157,6.0,6,,,,,,
,,,,,162,5.0,5,,,,,,
,,,,,165,3.0,3,,,,,,
,,,,,176,11.0,11,,,,,,
,,,,,179,3.0,3,,,,,,
,,,,,182,3.0,3,,,,,,
,,,,,185,3.0,3,,,,,,
,,,,,188,3.0,3,,,,,,
,,,,,193,5.0,5,,,,,,
,,,,,201,8.0,8,,,,,,
,,,,,210,9.0,9,,,,,,
,,,,,213,3.0,3,,,,,,
,,,,,217,4.0,4,,,,,,
,,,,,222,5.0,5,,,,,,
,,,,,234,12.0,12,,,,,,
,,,,,239,5.0,5,,,,,,
,,,,,242,3.0,3,,,,,,
,,,,,253,11.0,11,,,,,,
,,,,,261,8.0,8,,,,,,
,,,,,264,3.0,3,,,,,,
,,,,,267,3.0,3,,,,,,
,,,,,271,4.0,4,,,,,,
,,,,,280,9.0,9,,,,,,
,,,,,285,5.0,5,,,,,,
,,,,,292,7.0,7,,,,,,
,,,,,300,8.0,8,,,,,,
,,,,,309,9.0,9,,,,,,
,,,,,319,10.0,10,,,,,,
,,,,,322,3.0,3,,,,,,
,,,,,330,8.0,8,,,,,,
,,,,,334,4.0,4,,,,,,
,,,,,338,4.0,4,,,,,,
,,,,,343,5.0,5,,,,,,
,,,,,346,3.0,3,,,,,,
,,,,,352,6.0,6,,,,,,
,,,,,358,6.0,6,,,,,,
,,,,,370,12.0,12,,,,,,
,,,,,375,5.0,5,,,,,,
,,,,,379,4.0,4,,,,,,
,,,,,382,3.0,3,,,,,,
,,,,,387,5.0,5,,,,,,
,,,,,396,9.0,9,,,,,,
,,,,,407,11.0,11,,,,,,
,,,,,410,3.0,3,,,,,,
,,,,,421,11.0,11,,,,,,
,,,,,427,6.0,6,,,,,,
,,,,,444,17.0,17,,,,,,
,,,,,447,3.0,3,,,,,,
,,,,,450,3.0,3,,,,,,
,,,,,453,3.0,3,,,,,,
,,,,,460,7.0,7,,,,,,
,,,,,469,9.0,9,,,,,,
,,,,,475,6.0,6,,,,,,
,,,,,483,8.0,8,,,,,,
,,,,,487,4.0,4,,,,,,
,,,,,493,6.0,6,,,,,,
,,,,,497,4.0,4,,,,,,
,,,,,501,4.0,4,,,,,,
,,,,,509,8.0,8,,,,,,
,,,,,514,5.0,5,,,,,,
,,,,,517,3.0,3,,,,,,
,,,,,523,6.0,6,,,,,,
,,,,,544,21.0,21,,,,,,
,,,,,555,11.0,11,,,,,,
,,,,,563,8.0,8,,,,,,
,,,,,566,3.0,3,,,,,,
,,,,,569,3.0,3,,,,,,
,,,,,574,5.0,5,,,,,,
,,,,,578,4.0,4,,,,,,
,,,,,582,4.0,4,,,,,,
,,,,,587,5.0,5,,,,,,
,,,,,593,6.0,6,,,,,,
,,,,,601,8.0,8,,,,,,
,,,,,609,8.0,8,,,,,,
,,,,,620,11.0,11,,,,,,
,,,,,631,11.0,11,,,,,,
,,,,,635,4.0,4,,,,,,
,,,,,640,5.0,5,,,,,,
,,,,,649,9.0,9,,,,,,
,,,,,654,5.0,5,,,,,,
,,,,,658,4.0,4,,,,,,
,,,,,663,5.0,5,,,,,,
,,,,,683,20.0,20,,,,,,
,,,,,686,3.0,3,,,,,,
,,,,,689,3.0,3,,,,,,
,,,,,697,8.0,8,,,,,,
,,,,,702,5.0,5,,,,,,
,,,,,712,10.0,10,,,,,,
,,,,,715,3.0,3,,,,,,
,,,,,723,8.0,8,,,,,,
,,,,,730,7.0,7,,,,,,
,,,,,734,4.0,4,,,,,,
,,,,,740,6.0,6,,,,,,
,,,,,743,3.0,3,,,,,,
,,,,,750,7.0,7,,,,,,
,,,,,754,4.0,4,,,,,,
,,,,,758,4.0,4,,,,,,
,,,,,769,11.0,11,,,,,,
,,,,,775,6.0,6,,,,,,
,,,,,782,7.0,7,,,,,,
,,,,,792,10.0,10,,,,,,
,,,,,795,3.0,3,,,,,,
,,,,,799,4.0,4,,,,,,
,,,,,803,4.0,4,,,,,,
,,,,,806,3.0,3,,,,,,
,,,,,809,3.0,3,,,,,,
,,,,,813,4.0,4,,,,,,
,,,,,825,12.0,12,,,,,,
,,,,,828,3.0,3,,,,,,
,,,,,831,3.0,3,,,,,,
,,,,,839,8.0,8,,,,,,
,,,,,842,3.0,3,,,,,,
,,,,,845,3.0,3,,,,,,
,,,,,849,4.0,4,,,,,,
,,,,,855,6.0,6,,,,,,
,,,,,859,4.0,4,,,,,,
,,,,,866,7.0,7,,,,,,
,,,,,870,4.0,4,,,,,,
,,,,,873,3.0,3,,,,,,
,,,,,879,6.0,6,,,,,,
,,,,,883,4.0,4,,,,,,
,,,,,903,20.0,20,,,,,,
,,,,,909,6.0,6,,,,,,
,,,,,914,5.0,5,,,,,,
,,,,,918,4.0,4,,,,,,
,,,,,923,5.0,5,,,,,,
,,,,,926,3.0,3,,,,,,
,,,,,934,8.0,8,,,,,,
,,,,,940,6.0,6,,,,,,
,,,,,944,4.0,4,,,,,,
,,,,,949,5.0,5,,,,,,
,,,,,955,6.0,6,,,,,,
,,,,,959,4.0,4,,,,,,
,,,,,970,11.0,11,,,,,,
,,,,,973,3.0,3,,,,,,
,,,,,978,5.0,5,,,,,,
,,,,,981,3.0,3,,,,,,
,,,,,985,4.0,4,,,,,,
,,,,,989,4.0,4,,,,,,
,,,,,995,6.0,6,,,,,,
,,,,,998,3.0,3,,,,,,
,,,,,1004,6.0,6,,,,,,
,,,,,1009,5.0,5,,,,,,
,,,,,1014,5.0,5,,,,,,
,,,,,1017,3.0,3,,,,,,
,,,,,1024,7.0,7,,,,,,
,,,,,1029,5.0,5,,,,,,
,,,,,1033,4.0,4,,,,,,
,,,,,1036,3.0,3,,,,,,
,,,,,1044,8.0,8,,,,,,
,,,,,1050,6.0,6,,,,,,
,,,,,1060,10.0,10,,,,,,
,,,,,1068,8.0,8,,,,,,
,,,,,1073,5.0,5,,,,,,
,,,,,1078,5.0,5,,,,,,
,,,,,1081,3.0,3,,,,,,
,,,,,1097,16.0,16,,,,,,
,,,,,1102,5.0,5,,,,,,
,,,,,1106,4.0,4,,,,,,
,,,,,1111,5.0,5,,,,,,
,,,,,1117,6.0,6,,,,,,
,,,,,1123,6.0,6,,,,,,
,,,,,1132,9.0,9,,,,,,
,,,,,1139,7.0,7,,,,,,
,,,,,1143,4.0,4,,,,,,
,,,,,1149,6.0,6,,,,,,
,,,,,1153,4.0,4,,,,,,
,,,,,1171,18.0,18,,,,,,
,,,,,1174,3.0,3,,,,,,
,,,,,1178,4.0,4,,,,,,
,,,,,1190,12.0,12,,,,,,
,,,,,1193,3.0,3,,,,,,
,,,,,1198,5.0,5,,,,,,
,,,,,1202,4.0,4,,,,,,
,,,,,1207,5.0,5,,,,,,
,,,,,1215,8.0,8,,,,,,
,,,,,1218,3.0,3,,,,,,
,,,,,1221,3.0,3,,,,,,
,,,,,1233,12.0,12,,,,,,
,,,,,1238,5.0,5,,,,,,
,,,,,1242,4.0,4,,,,,,
,,,,,1248,6.0,6,,,,,,
,,,,,1256,8.0,8,,,,,,
,,,,,1265,9.0,9,,,,,,
,,,,,1275,10.0,10,,,,,,
,,,,,1296,21.0,21,,,,,,
,,,,,1299,3.0,3,,,,,,
,,,,,1312,13.0,13,,,,,,
,,,,,1324,12.0,12,,,,,,
,,,,,1332,8.0,8,,,,,,
,,,,,1335,3.0,3,,,,,,
,,,,,1350,15.0,15,,,,,,
,,,,,1355,5.0,5,,,,,,
,,,,,1365,10.0,10,,,,,,
,,,,,1371,6.0,6,,,,,,
,,,,,1390,19.0,19,,,,,,
,,,,,1394,4.0,4,,,,,,
,,,,,1400,6.0,6,,,,,,
,,,,,1405,5.0,5,,,,,,
,,,,,1410,5.0,5,,,,,,
,,,,,1420,10.0,10,,,,,,
,,,,,1429,9.0,9,,,,,,
,,,,,1432,3.0,3,,,,,,
,,,,,1448,16.0,16,,,,,,
,,,,,1458,10.0,10,,,,,,
,,,,,1462,4.0,4,,,,,,
,,,,,1470,8.0,8,,,,,,
,,,,,1482,12.0,12,,,,,,
,,,,,1488,6.0,6,,,,,,
,,,,,1491,3.0,3,,,,,,
,,,,,1496,5.0,5,,,,,,
,,,,,1510,14.0,14,,,,,,
,,,,,1514,4.0,4,,,,,,
,,,,,1517,3.0,3,,,,,,
,,,,,1521,4.0,4,,,,,,
,,,,,1525,4.0,4,,,,,,
,,,,,1531,6.0,6,,,,,,
,,,,,1534,3.0,3,,,,,,
,,,,,1539,5.0,5,,,,,,
,,,,,1545,6.0,6,,,,,,
,,,,,1549,4.0,4,,,,,,
,,,,,1553,4.0,4,,,,,,
,,,,,1560,7.0,7,,,,,,
,,,,,1566,6.0,6,,,,,,
,,,,,1572,6.0,6,,,,,,
,,,,,1580,8.0,8,,,,,,
,,,,,1586,6.0,6,,,,,,
,,,,,1591,5.0,5,,,,,,
,,,,,1602,11.0,11,,,,,,
,,,,,1606,4.0,4,,,,,,
,,,,,1614,8.0,8,,,,,,
,,,,,1639,25.0,25,,,,,,
,,,,,1646,7.0,7,,,,,,
,,,,,1650,4.0,4,,,,,,
,,,,,1666,16.0,16,,,,,,
,,,,,1674,8.0,8,,,,,,
,,,,,1679,5.0,5,,,,,,
,,,,,1684,5.0,5,,,,,,
,,,,,1694,10.0,10,,,,,,
,,,,,1701,7.0,7,,,,,,
,,,,,1707,6.0,6,,,,,,
,,,,,1711,4.0,4,,,,,,
,,,,,1716,5.0,5,,,,,,
,,,,,1729,13.0,13,,,,,,
,,,,,1732,3.0,3,,,,,,
,,,,,1739,7.0,7,,,,,,
,,,,,1744,5.0,5,,,,,,
,,,,,1749,5.0,5,,,,,,
,,,,,1763,14.0,14,,,,,,
,,,,,1772,9.0,9,,,,,,
,,,,,1775,3.0,3,,,,,,
,,,,,1778,3.0,3,,,,,,
,,,,,1787,9.0,9,,,,,,
,,,,,1793,6.0,6,,,,,,
,,,,,1801,8.0,8,,,,,,
,,,,,1805,4.0,4,,,,,,
,,,,,1808,3.0,3,,,,,,
,,,,,1818,10.0,10,,,,,,
,,,,,1825,7.0,7,,,,,,
,,,,,1832,7.0,7,,,,,,
,,,,,1836,4.0,4,,,,,,
,,,,,1840,4.0,4,,,,,,
,,,,,1847,7.0,7,,,,,,
,,,,,1851,4.0,4,,,,,,
,,,,,1856,5.0,5,,,,,,
,,,,,1870,14.0,14,,,,,,
,,,,,1877,7.0,7,,,,,,
,,,,,1882,5.0,5,,,,,,
,,,,,1889,7.0,7,,,,,,
,,,,,1898,9.0,9,,,,,,
,,,,,1907,9.0,9,,,,,,
,,,,,1911,4.0,4,,,,,,
,,,,,1914,3.0,3,,,,,,
,,,,,1918,4.0,4,,,,,,
,,,,,1923,5.0,5,,,,,,
,,,,,1933,10.0,10,,,,,,
,,,,,1947,14.0,14,,,,,,
,,,,,1954,7.0,7,,,,,,
,,,,,1964,10.0,10,,,,,,
,,,,,1982,18.0,18,,,,,,
,,,,,1988,6.0,6,,,,,,
,,,,,1992,4.0,4,,,,,,
,,,,,1995,3.0,3,,,,,,
,,,,,1999,4.0,4,,,,,,
,,,,,2004,5.0,5,,,,,,
,,,,,2015,11.0,11,,,,,,
,,,,,2020,5.0,5,,,,,,
,,,,,2027,7.0,7,,,,,,
,,,,,2030,3.0,3,,,,,,
,,,,,2036,6.0,6,,,,,,
,,,,,2039,3.0,3,,,,,,
,,,,,2045,6.0,6,,,,,,
,,,,,2049,4.0,4,,,,,,
,,,,,2053,4.0,4,,,,,,
,,,,,2057,4.0,4,,,,,,
,,,,,2065,8.0,8,,,,,,
,,,,,2072,7.0,7,,,,,,
,,,,,2077,5.0,5,,,,,,
,,,,,2083,6.0,6,,,,,,
,,,,,2086,3.0,3,,,,,,
,,,,,2100,14.0,14,,,,,,
,,,,,2105,5.0,5,,,,,,
,,,,,2112,7.0,7,,,,,,
,,,,,2118,6.0,6,,,,,,
,,,,,2123,5.0,5,,,,,,
,,,,,2130,7.0,7,,,,,,
,,,,,2133,3.0,3,,,,,,
,,,,,2137,4.0,4,,,,,,
,,,,,2142,5.0,5,,,,,,
,,,,,2147,5.0,5,,,,,,
,,,,,2155,8.0,8,,,,,,
,,,,,2163,8.0,8,,,,,,
,,,,,2168,5.0,5,,,,,,
,,,,,2174,6.0,6,,,,,,
,,,,,2178,4.0,4,,,,,,
,,,,,2183,5.0,5,,,,,,
,,,,,2188,5.0,5,,,,,,
,,,,,2192,4.0,4,,,,,,
,,,,,2196,4.0,4,,,,,,
,,,,,2200,4.0,4,,,,,,
,,,,,2205,5.0,5,,,,,,
,,,,,2213,8.0,8,,,,,,
,,,,,2217,4.0,4,,,,,,
,,,,,2226,9.0,9,,,,,,
,,,,,2231,5.0,5,,,,,,
,,,,,2238,7.0,7,,,,,,
,,,,,2241,3.0,3,,,,,,
,,,,,2246,5.0,5,,,,,,
,,,,,2249,3.0,3,,,,,,
,,,,,2254,5.0,5,,,,,,
,,,,,2260,6.0,6,,,,,,
,,,,,2265,5.0,5,,,,,,
,,,,,2275,10.0,10,,,,,,
,,,,,2290,15.0,15,,,,,,
,,,,,2295,5.0,5,,,,,,
,,,,,2302,7.0,7,,,,,,
,,,,,2308,6.0,6,,,,,,
,,,,,2318,10.0,10,,,,,,
,,,,,2323,5.0,5,,,,,,
,,,,,2328,5.0,5,,,,,,
,,,,,2335,7.0,7,,,,,,
,,,,,2338,3.0,3,,,,,,
,,,,,2341,3.0,3,,,,,,
,,,,,2346,5.0,5,,,,,,
,,,,,2349,3.0,3,,,,,,
,,,,,2362,13.0,13,,,,,,
,,,,,2377,15.0,15,,,,,,
,,,,,2386,9.0,9,,,,,,
,,,,,2394,8.0,8,,,,,,
,,,,,2400,6.0,6,,,,,,
,,,,,2405,5.0,5,,,,,,
,,,,,2412,7.0,7,,,,,,
,,,,,2416,4.0,4,,,,,,
,,,,,2423,7.0,7,,,,,,
,,,,,2436,13.0,13,,,,,,
,,,,,2443,7.0,7,,,,,,
,,,,,2450,7.0,7,,,,,,
,,,,,2458,8.0,8,,,,,,
,,,,,2467,9.0,9,,,,,,
,,,,,2480,13.0,13,,,,,,
,,,,,2484,4.0,4,,,,,,
,,,,,2489,5.0,5,,,,,,
,,,,,2493,4.0,4,,,,,,
,,,,,2502,9.0,9,,,,,,
,,,,,2506,4.0,4,,,,,,
,,,,,2510,4.0,4,,,,,,
,,,,,2521,11.0,11,,,,,,
,,,,,2532,11.0,11,,,,,,
,,,,,2536,4.0,4,,,,,,
,,,,,2548,12.0,12,,,,,,
,,,,,2553,5.0,5,,,,,,
,,,,,2557,4.0,4,,,,,,
,,,,,2562,5.0,5,,,,,,
,,,,,2576,14.0,14,,,,,,
,,,,,2582,6.0,6,,,,,,
,,,,,2592,10.0,10,,,,,,
,,,,,2596,4.0,4,,,,,,
,,,,,2599,3.0,3,,,,,,
,,,,,2602,3.0,3,,,,,,
,,,,,2606,4.0,4,,,,,,
,,,,,2617,11.0,11,,,,,,
,,,,,2620,3.0,3,,,,,,
,,,,,2623,3.0,3,,,,,,
,,,,,2632,9.0,9,,,,,,
,,,,,2638,6.0,6,,,,,,
,,,,,2642,4.0,4,,,,,,
,,,,,2653,11.0,11,,,,,,
,,,,,2660,7.0,7,,,,,,
,,,,,2663,3.0,3,,,,,,
,,,,,2672,9.0,9,,,,,,
,,,,,2678,6.0,6,,,,,,
,,,,,2683,5.0,5,,,,,,
,,,,,2691,8.0,8,,,,,,
,,,,,2696,5.0,5,,,,,,
,,,,,2703,7.0,7,,,,,,
,,,,,2721,18.0,18,,,,,,
,,,,,2725,4.0,4,,,,,,
,,,,,2737,12.0,12,,,,,,
,,,,,2743,6.0,6,,,,,,
,,,,,2746,3.0,3,,,,,,
,,,,,2752,6.0,6,,,,,,
,,,,,2759,7.0,7,,,,,,
,,,,,2765,6.0,6,,,,,,
,,,,,2773,8.0,8,,,,,,
,,,,,2776,3.0,3,,,,,,
,,,,,2787,11.0,11,,,,,,
,,,,,2793,6.0,6,,,,,,
,,,,,2805,12.0,12,,,,,,
,,,,,2808,3.0,3,,,,,,
,,,,,2813,5.0,5,,,,,,
,,,,,2820,7.0,7,,,,,,
,,,,,2826,6.0,6,,,,,,
,,,,,2832,6.0,6,,,,,,
,,,,,2837,5.0,5,,,,,,
,,,,,2840,3.0,3,,,,,,
,,,,,2845,5.0,5,,,,,,
,,,,,2851,6.0,6,,,,,,
,,,,,2865,14.0,14,,,,,,
,,,,,2869,4.0,4,,,,,,
,,,,,2876,7.0,7,,,,,,
,,,,,2880,4.0,4,,,,,,
,,,,,2884,4.0,4,,,,,,
,,,,,2891,7.0,7,,,,,,
,,,,,2902,11.0,11,,,,,,
,,,,,2906,4.0,4,,,,,,
,,,,,2914,8.0,8,,,,,,
,,,,,2918,4.0,4,,,,,,
,,,,,2921,3.0,3,,,,,,
,,,,,2925,4.0,4,,,,,,
,,,,,2932,7.0,7,,,,,,
,,,,,2938,6.0,6,,,,,,
,,,,,2944,6.0,6,,,,,,
,,,,,2950,6.0,6,,,,,,
,,,,,2954,4.0,4,,,,,,
,,,,,2959,5.0,5,,,,,,
,,,,,2966,7.0,7,,,,,,
,,,,,2972,6.0,6,,,,,,
,,,,,2977,5.0,5,,,,,,
,,,,,2980,3.0,3,,,,,,
,,,,,2984,4.0,4,,,,,,
,,,,,2993,9.0,9,,,,,,
,,,,,2996,3.0,3,,,,,,
,,,,,3008,12.0,12,,,,,,
,,,,,3020,12.0,12,,,,,,
,,,,,3024,4.0,4,,,,,,
,,,,,3030,6.0,6,,,,,,
,,,,,3035,5.0,5,,,,,,
,,,,,3043,8.0,8,,,,,,
,,,,,3055,12.0,12,,,,,,
,,,,,3065,10.0,10,,,,,,
,,,,,3087,22.0,22,,,,,,
,,,,,3094,7.0,7,,,,,,
,,,,,3100,6.0,6,,,,,,
,,,,,3104,4.0,4,,,,,,
,,,,,3107,3.0,3,,,,,,
,,,,,3114,7.0,7,,,,,,
,,,,,3117,3.0,3,,,,,,
,,,,,3124,7.0,7,,,,,,
,,,,,3132,8.0,8,,,,,,
,,,,,3135,3.0,3,,,,,,
,,,,,3141,6.0,6,,,,,,
,,,,,3147,6.0,6,,,,,,
,,,,,3152,5.0,5,,,,,,
,,,,,3156,4.0,4,,,,,,
,,,,,3162,6.0,6,,,,,,
,,,,,3179,17.0,17,,,,,,
,,,,,3185,6.0,6,,,,,,
,,,,,3190,5.0,5,,,,,,
,,,,,3195,5.0,5,,,,,,
,,,,,3198,3.0,3,,,,,,
,,,,,3203,5.0,5,,,,,,
,,,,,3213,10.0,10,,,,,,
,,,,,3216,3.0,3,,,,,,
,,,,,3223,7.0,7,,,,,,
,,,,,3228,5.0,5,,,,,,
,,,,,3232,4.0,4,,,,,,
,,,,,3236,4.0,4,,,,,,
,,,,,3240,4.0,4,,,,,,
,,,,,3246,6.0,6,,,,,,
,,,,,3260,14.0,14,,,,,,
,,,,,3267,7.0,7,,,,,,
,,,,,3271,4.0,4,,,,,,
,,,,,3274,3.0,3,,,,,,
,,,,,3284,10.0,10,,,,,,
,,,,,3294,10.0,10,,,,,,
,,,,,3298,4.0,4,,,,,,
,,,,,3309,11.0,11,,,,,,
,,,,,3313,4.0,4,,,,,,
,,,,,3322,9.0,9,,,,,,
,,,,,3328,6.0,6,,,,,,
,,,,,3331,3.0,3,,,,,,
,,,,,3338,7.0,7,,,,,,
,,,,,3342,4.0,4,,,,,,
,,,,,3346,4.0,4,,,,,,
,,,,,3350,4.0,4,,,,,,
,,,,,3358,8.0,8,,,,,,
,,,,,3364,6.0,6,,,,,,
,,,,,3368,4.0,4,,,,,,
,,,,,3372,4.0,4,,,,,,
,,,,,3384,12.0,12,,,,,,
,,,,,3392,8.0,8,,,,,,
,,,,,3401,9.0,9,,,,,,
,,,,,3423,22.0,22,,,,,,
,,,,,3436,13.0,13,,,,,,
,,,,,3446,10.0,10,,,,,,
,,,,,3450,4.0,4,,,,,,
,,,,,3460,10.0,10,,,,,,
,,,,,3463,3.0,3,,,,,,
,,,,,3466,3.0,3,,,,,,
,,,,,3480,14.0,14,,,,,,
,,,,,3490,10.0,10,,,,,,
,,,,,3502,12.0,12,,,,,,
,,,,,3507,5.0,5,,,,,,
,,,,,3513,6.0,6,,,,,,
,,,,,3516,3.0,3,,,,,,
,,,,,3521,5.0,5,,,,,,
,,,,,3530,9.0,9,,,,,,
,,,,,3538,8.0,8,,,,,,
,,,,,3542,4.0,4,,,,,,
,,,,,3551,9.0,9,,,,,,
,,,,,3574,23.0,23,,,,,,
,,,,,3579,5.0,5,,,,,,
,,,,,3582,3.0,3,,,,,,
,,,,,3597,15.0,15,,,,,,
,,,,,3600,3.0,3,,,,,,
,,,,,3608,8.0,8,,,,,,
,,,,,3619,11.0,11,,,,,,
,,,,,3623,4.0,4,,,,,,
,,,,,3628,5.0,5,,,,,,
,,,,,3631,3.0,3,,,,,,
,,,,,3638,7.0,7,,,,,,
,,,,,3645,7.0,7,,,,,,
,,,,,3654,9.0,9,,,,,,
,,,,,3660,6.0,6,,,,,,
,,,,,3664,4.0,4,,,,,,
,,,,,3668,4.0,4,,,,,,
,,,,,3674,6.0,6,,,,,,
,,,,,3680,6.0,6,,,,,,
,,,,,3683,3.0,3,,,,,,
,,,,,3688,5.0,5,,,,,,
,,,,,3696,8.0,8,,,,,,
,,,,,3701,5.0,5,,,,,,
,,,,,3706,5.0,5,,,,,,
,,,,,3714,8.0,8,,,,,,
,,,,,3721,7.0,7,,,,,,
,,,,,3730,9.0,9,,,,,,
,,,,,3737,7.0,7,,,,,,
,,,,,3741,4.0,4,,,,,,
,,,,,3745,4.0,4,,,,,,
,,,,,3748,3.0,3,,,,,,
,,,,,3752,4.0,4,,,,,,
,,,,,3760,8.0,8,,,,,,
,,,,,3763,3.0,3,,,,,,
,,,,,3776,13.0,13,,,,,,
,,,,,3780,4.0,4,,,,,,
,,,,,3794,14.0,14,,,,,,
,,,,,3800,6.0,6,,,,,,
,,,,,3810,10.0,10,,,,,,
,,,,,3816,6.0,6,,,,,,
,,,,,3821,5.0,5,,,,,,
,,,,,3827,6.0,6,,,,,,
,,,,,3838,11.0,11,,,,,,
,,,,,3845,7.0,7,,,,,,
,,,,,3851,6.0,6,,,,,,
,,,,,3854,3.0,3,,,,,,
,,,,,3865,11.0,11,,,,,,
,,,,,3870,5.0,5,,,,,,
,,,,,3876,6.0,6,,,,,,
,,,,,3881,5.0,5,,,,,,
,,,,,3887,6.0,6,,,,,,
,,,,,3898,11.0,11,,,,,,
,,,,,3901,3.0,3,,,,,,
,,,,,3906,5.0,5,,,,,,
,,,,,3912,6.0,6,,,,,,
,,,,,3918,6.0,6,,,,,,
,,,,,3923,5.0,5,,,,,,
,,,,,3934,11.0,11,,,,,,
,,,,,3949,15.0,15,,,,,,
,,,,,3961,12.0,12,,,,,,
,,,,,3970,9.0,9,,,,,,
,,,,,3978,8.0,8,,,,,,
,,,,,3982,4.0,4,,,,,,
,,,,,3985,3.0,3,,,,,,
,,,,,3993,8.0,8,,,,,,
,,,,,3999,6.0,6,,,,,,
,,,,,4010,11.0,11,,,,,,
,,,,,4014,4.0,4,,,,,,
,,,,,4024,10.0,10,,,,,,
,,,,,4033,9.0,9,,,,,,
,,,,,4039,6.0,6,,,,,,
,,,,,4052,13.0,13,,,,,,
,,,,,4065,13.0,13,,,,,,
,,,,,4082,17.0,17,,,,,,
,,,,,4090,8.0,8,,,,,,
,,,,,4095,5.0,5,,,,,,
,,,,,4105,10.0,10,,,,,,
,,,,,4109,4.0,4,,,,,,
,,,,,4113,4.0,4,,,,,,
,,,,,4121,8.0,8,,,,,,
,,,,,4124,3.0,3,,,,,,
,,,,,4128,4.0,4,,,,,,
,,,,,4134,6.0,6,,,,,,
,,,,,4138,4.0,4,,,,,,
,,,,,4146,8.0,8,,,,,,
,,,,,4150,4.0,4,,,,,,
,,,,,4154,4.0,4,,,,,,
,,,,,4165,11.0,11,,,,,,
,,,,,4171,6.0,6,,,,,,
,,,,,4181,10.0,10,,,,,,
,,,,,4196,15.0,15,,,,,,
,,,,,4199,3.0,3,,,,,,
,,,,,4210,11.0,11,,,,,,
,,,,,4218,8.0,8,,,,,,
,,,,,4221,3.0,3,,,,,,
,,,,,4230,9.0,9,,,,,,
,,,,,4235,5.0,5,,,,,,
,,,,,4239,4.0,4,,,,,,
,,,,,4243,4.0,4,,,,,,
,,,,,4248,5.0,5,,,,,,
,,,,,4253,5.0,5,,,,,,
,,,,,4257,4.0,4,,,,,,
,,,,,4267,10.0,10,,,,,,
,,,,,4272,5.0,5,,,,,,
,,,,,4275,3.0,3,,,,,,
,,,,,4279,4.0,4,,,,,,
,,,,,4283,4.0,4,,,,,,
,,,,,4286,3.0,3,,,,,,
,,,,,4291,5.0,5,,,,,,
,,,,,4296,5.0,5,,,,,,
,,,,,4301,5.0,5,,,,,,
,,,,,4311,10.0,10,,,,,,
,,,,,4317,6.0,6,,,,,,
,,,,,4325,8.0,8,,,,,,
,,,,,4330,5.0,5,,,,,,
,,,,,4334,4.0,4,,,,,,
,,,,,4341,7.0,7,,,,,,
,,,,,4355,14.0,14,,,,,,
,,,,,4371,16.0,16,,,,,,
,,,,,4376,5.0,5,,,,,,
,,,,,4379,3.0,3,,,,,,
,,,,,4383,4.0,4,,,,,,
,,,,,4388,5.0,5,,,,,,
,,,,,4393,5.0,5,,,,,,
,,,,,4396,3.0,3,,,,,,
,,,,,4402,6.0,6,,,,,,
,,,,,4411,9.0,9,,,,,,
,,,,,4418,7.0,7,,,,,,
,,,,,4424,6.0,6,,,,,,
,,,,,4434,10.0,10,,,,,,
,,,,,4441,7.0,7,,,,,,
,,,,,4452,11.0,11,,,,,,
,,,,,4456,4.0,4,,,,,,
,,,,,4463,7.0,7,,,,,,
,,,,,4468,5.0,5,,,,,,
,,,,,4475,7.0,7,,,,,,
,,,,,4480,5.0,5,,,,,,
,,,,,4488,8.0,8,,,,,,
,,,,,4492,4.0,4,,,,,,
,,,,,4503,11.0,11,,,,,,
,,,,,4507,4.0,4,,,,,,
,,,,,4527,20.0,20,,,,,,
,,,,,4533,6.0,6,,,,,,
,,,,,4566,33.0,33,,,,,,
,,,,,4570,4.0,4,,,,,,
,,,,,4574,4.0,4,,,,,,
,,,,,4591,17.0,17,,,,,,
,,,,,4600,9.0,9,,,,,,
,,,,,4604,4.0,4,,,,,,
,,,,,4608,4.0,4,,,,,,
,,,,,4611,3.0,3,,,,,,
,,,,,4614,3.0,3,,,,,,
,,,,,4618,4.0,4,,,,,,
,,,,,4631,13.0,13,,,,,,
,,,,,4657,26.0,26,,,,,,
,,,,,4663,6.0,6,,,,,,
,,,,,4678,15.0,15,,,,,,
,,,,,4697,19.0,19,,,,,,
,,,,,4708,11.0,11,,,,,,
,,,,,4711,3.0,3,,,,,,
,,,,,4715,4.0,4,,,,,,
,,,,,4726,11.0,11,,,,,,
,,,,,4729,3.0,3,,,,,,
,,,,,4732,3.0,3,,,,,,
,,,,,4738,6.0,6,,,,,,
,,,,,4742,4.0,4,,,,,,
,,,,,4746,4.0,4,,,,,,
,,,,,4758,12.0,12,,,,,,
,,,,,4762,4.0,4,,,,,,
,,,,,4769,7.0,7,,,,,,
,,,,,4779,10.0,10,,,,,,
,,,,,4784,5.0,5,,,,,,
,,,,,4797,13.0,13,,,,,,
,,,,,4801,4.0,4,,,,,,
,,,,,4806,5.0,5,,,,,,
,,,,,4810,4.0,4,,,,,,
,,,,,4817,7.0,7,,,,,,
,,,,,4822,5.0,5,,,,,,
,,,,,4825,3.0,3,,,,,,
,,,,,4828,3.0,3,,,,,,
,,,,,4841,13.0,13,,,,,,
,,,,,4849,8.0,8,,,,,,
,,,,,4866,17.0,17,,,,,,
,,,,,4872,6.0,6,,,,,,
,,,,,4878,6.0,6,,,,,,
,,,,,4887,9.0,9,,,,,,
,,,,,4902,15.0,15,,,,,,
,,,,,4908,6.0,6,,,,,,
,,,,,4912,4.0,4,,,,,,
,,,,,4915,3.0,3,,,,,,
,,,,,4924,9.0,9,,,,,,
,,,,,4933,9.0,9,,,,,,
,,,,,4937,4.0,4,,,,,,
,,,,,4940,3.0,3,,,,,,
,,,,,4945,5.0,5,,,,,,
,,,,,4951,6.0,6,,,,,,
,,,,,4960,9.0,9,,,,,,
,,,,,4963,3.0,3,,,,,,
,,,,,4967,4.0,4,,,,,,
,,,,,4973,6.0,6,,,,,,
,,,,,4978,5.0,5,,,,,,
,,,,,4983,5.0,5,,,,,,
,,,,,4987,4.0,4,,,,,,
,,,,,4993,6.0,6,,,,,,
,,,,,4998,5.0,5,,,,,,
6.1,3.4481876,15.0,3.0,6.1,5000,,,0.9799423217773438,0.05734914913773537,1.0463532209396362,0.0003,0.0003,0.1
,,,,,5004,6.0,6,,,,,,
,,,,,5009,5.0,5,,,,,,
,,,,,5017,8.0,8,,,,,,
,,,,,5021,4.0,4,,,,,,
,,,,,5027,6.0,6,,,,,,
,,,,,5030,3.0,3,,,,,,
,,,,,5040,10.0,10,,,,,,
,,,,,5046,6.0,6,,,,,,
,,,,,5059,13.0,13,,,,,,
,,,,,5062,3.0,3,,,,,,
,,,,,5076,14.0,14,,,,,,
,,,,,5085,9.0,9,,,,,,
,,,,,5091,6.0,6,,,,,,
,,,,,5095,4.0,4,,,,,,
,,,,,5103,8.0,8,,,,,,
,,,,,5106,3.0,3,,,,,,
,,,,,5119,13.0,13,,,,,,
,,,,,5124,5.0,5,,,,,,
,,,,,5137,13.0,13,,,,,,
,,,,,5143,6.0,6,,,,,,
,,,,,5146,3.0,3,,,,,,
,,,,,5149,3.0,3,,,,,,
,,,,,5159,10.0,10,,,,,,
,,,,,5162,3.0,3,,,,,,
,,,,,5170,8.0,8,,,,,,
,,,,,5182,12.0,12,,,,,,
,,,,,5188,6.0,6,,,,,,
,,,,,5198,10.0,10,,,,,,
,,,,,5213,15.0,15,,,,,,
,,,,,5222,9.0,9,,,,,,
,,,,,5225,3.0,3,,,,,,
,,,,,5233,8.0,8,,,,,,
,,,,,5237,4.0,4,,,,,,
,,,,,5242,5.0,5,,,,,,
,,,,,5247,5.0,5,,,,,,
,,,,,5252,5.0,5,,,,,,
,,,,,5266,14.0,14,,,,,,
,,,,,5269,3.0,3,,,,,,
,,,,,5275,6.0,6,,,,,,
,,,,,5281,6.0,6,,,,,,
,,,,,5289,8.0,8,,,,,,
,,,,,5295,6.0,6,,,,,,
,,,,,5299,4.0,4,,,,,,
,,,,,5302,3.0,3,,,,,,
,,,,,5306,4.0,4,,,,,,
,,,,,5319,13.0,13,,,,,,
,,,,,5323,4.0,4,,,,,,
,,,,,5327,4.0,4,,,,,,
,,,,,5338,11.0,11,,,,,,
,,,,,5342,4.0,4,,,,,,
,,,,,5353,11.0,11,,,,,,
,,,,,5360,7.0,7,,,,,,
,,,,,5367,7.0,7,,,,,,
,,,,,5372,5.0,5,,,,,,
,,,,,5385,13.0,13,,,,,,
,,,,,5390,5.0,5,,,,,,
,,,,,5400,10.0,10,,,,,,
,,,,,5410,10.0,10,,,,,,
,,,,,5415,5.0,5,,,,,,
,,,,,5430,15.0,15,,,,,,
,,,,,5434,4.0,4,,,,,,
,,,,,5438,4.0,4,,,,,,
,,,,,5441,3.0,3,,,,,,
,,,,,5446,5.0,5,,,,,,
,,,,,5449,3.0,3,,,,,,
,,,,,5456,7.0,7,,,,,,
,,,,,5460,4.0,4,,,,,,
,,,,,5469,9.0,9,,,,,,
,,,,,5474,5.0,5,,,,,,
,,,,,5479,5.0,5,,,,,,
,,,,,5482,3.0,3,,,,,,
,,,,,5503,21.0,21,,,,,,
,,,,,5511,8.0,8,,,,,,
,,,,,5520,9.0,9,,,,,,
,,,,,5525,5.0,5,,,,,,
,,,,,5528,3.0,3,,,,,,
,,,,,5533,5.0,5,,,,,,
,,,,,5543,10.0,10,,,,,,
,,,,,5549,6.0,6,,,,,,
,,,,,5555,6.0,6,,,,,,
,,,,,5559,4.0,4,,,,,,
,,,,,5573,14.0,14,,,,,,
,,,,,5587,14.0,14,,,,,,
,,,,,5593,6.0,6,,,,,,
,,,,,5612,19.0,19,,,,,,
,,,,,5617,5.0,5,,,,,,
,,,,,5622,5.0,5,,,,,,
,,,,,5634,12.0,12,,,,,,
,,,,,5638,4.0,4,,,,,,
,,,,,5641,3.0,3,,,,,,
,,,,,5648,7.0,7,,,,,,
,,,,,5661,13.0,13,,,,,,
,,,,,5667,6.0,6,,,,,,
,,,,,5672,5.0,5,,,,,,
,,,,,5678,6.0,6,,,,,,
,,,,,5690,12.0,12,,,,,,
,,,,,5695,5.0,5,,,,,,
,,,,,5699,4.0,4,,,,,,
,,,,,5705,6.0,6,,,,,,
,,,,,5709,4.0,4,,,,,,
,,,,,5717,8.0,8,,,,,,
,,,,,5728,11.0,11,,,,,,
,,,,,5748,20.0,20,,,,,,
,,,,,5754,6.0,6,,,,,,
,,,,,5766,12.0,12,,,,,,
,,,,,5772,6.0,6,,,,,,
,,,,,5776,4.0,4,,,,,,
,,,,,5782,6.0,6,,,,,,
,,,,,5787,5.0,5,,,,,,
,,,,,5792,5.0,5,,,,,,
,,,,,5795,3.0,3,,,,,,
,,,,,5805,10.0,10,,,,,,
,,,,,5810,5.0,5,,,,,,
,,,,,5816,6.0,6,,,,,,
,,,,,5822,6.0,6,,,,,,
,,,,,5828,6.0,6,,,,,,
,,,,,5832,4.0,4,,,,,,
,,,,,5836,4.0,4,,,,,,
,,,,,5842,6.0,6,,,,,,
,,,,,5848,6.0,6,,,,,,
,,,,,5855,7.0,7,,,,,,
,,,,,5860,5.0,5,,,,,,
,,,,,5864,4.0,4,,,,,,
,,,,,5873,9.0,9,,,,,,
,,,,,5896,23.0,23,,,,,,
,,,,,5901,5.0,5,,,,,,
,,,,,5908,7.0,7,,,,,,
,,,,,5915,7.0,7,,,,,,
,,,,,5920,5.0,5,,,,,,
,,,,,5934,14.0,14,,,,,,
,,,,,5942,8.0,8,,,,,,
,,,,,5947,5.0,5,,,,,,
,,,,,5952,5.0,5,,,,,,
,,,,,5957,5.0,5,,,,,,
,,,,,5961,4.0,4,,,,,,
,,,,,5966,5.0,5,,,,,,
,,,,,5974,8.0,8,,,,,,
,,,,,5980,6.0,6,,,,,,
,,,,,5984,4.0,4,,,,,,
,,,,,5993,9.0,9,,,,,,
,,,,,6000,7.0,7,,,,,,
,,,,,6000,,,0.550044059753418,3.751274585723877,3.8107552528381348,0.0003,0.0003,0.1
,,,,,6005,5.0,5,,,,,,
,,,,,6009,4.0,4,,,,,,
,,,,,6017,8.0,8,,,,,,
,,,,,6022,5.0,5,,,,,,
,,,,,6025,3.0,3,,,,,,
,,,,,6028,3.0,3,,,,,,
,,,,,6032,4.0,4,,,,,,
,,,,,6035,3.0,3,,,,,,
,,,,,6038,3.0,3,,,,,,
,,,,,6041,3.0,3,,,,,,
,,,,,6045,4.0,4,,,,,,
,,,,,6048,3.0,3,,,,,,
,,,,,6057,9.0,9,,,,,,
,,,,,6061,4.0,4,,,,,,
,,,,,6065,4.0,4,,,,,,
,,,,,6068,3.0,3,,,,,,
,,,,,6072,4.0,4,,,,,,
,,,,,6078,6.0,6,,,,,,
,,,,,6096,18.0,18,,,,,,
,,,,,6099,3.0,3,,,,,,
,,,,,6111,12.0,12,,,,,,
,,,,,6116,5.0,5,,,,,,
,,,,,6121,5.0,5,,,,,,
,,,,,6125,4.0,4,,,,,,
,,,,,6128,3.0,3,,,,,,
,,,,,6136,8.0,8,,,,,,
,,,,,6141,5.0,5,,,,,,
,,,,,6146,5.0,5,,,,,,
,,,,,6151,5.0,5,,,,,,
,,,,,6154,3.0,3,,,,,,
,,,,,6157,3.0,3,,,,,,
,,,,,6162,5.0,5,,,,,,
,,,,,6175,13.0,13,,,,,,
,,,,,6196,21.0,21,,,,,,
,,,,,6200,4.0,4,,,,,,
,,,,,6205,5.0,5,,,,,,
,,,,,6208,3.0,3,,,,,,
,,,,,6214,6.0,6,,,,,,
,,,,,6224,10.0,10,,,,,,
,,,,,6229,5.0,5,,,,,,
,,,,,6240,11.0,11,,,,,,
,,,,,6247,7.0,7,,,,,,
,,,,,6252,5.0,5,,,,,,
,,,,,6255,3.0,3,,,,,,
,,,,,6265,10.0,10,,,,,,
,,,,,6271,6.0,6,,,,,,
,,,,,6286,15.0,15,,,,,,
,,,,,6293,7.0,7,,,,,,
,,,,,6307,14.0,14,,,,,,
,,,,,6312,5.0,5,,,,,,
,,,,,6318,6.0,6,,,,,,
,,,,,6322,4.0,4,,,,,,
,,,,,6325,3.0,3,,,,,,
,,,,,6345,20.0,20,,,,,,
,,,,,6350,5.0,5,,,,,,
,,,,,6355,5.0,5,,,,,,
,,,,,6361,6.0,6,,,,,,
,,,,,6370,9.0,9,,,,,,
,,,,,6374,4.0,4,,,,,,
,,,,,6385,11.0,11,,,,,,
,,,,,6391,6.0,6,,,,,,
,,,,,6394,3.0,3,,,,,,
,,,,,6402,8.0,8,,,,,,
,,,,,6409,7.0,7,,,,,,
,,,,,6415,6.0,6,,,,,,
,,,,,6422,7.0,7,,,,,,
,,,,,6427,5.0,5,,,,,,
,,,,,6430,3.0,3,,,,,,
,,,,,6440,10.0,10,,,,,,
,,,,,6446,6.0,6,,,,,,
,,,,,6449,3.0,3,,,,,,
,,,,,6460,11.0,11,,,,,,
,,,,,6475,15.0,15,,,,,,
,,,,,6479,4.0,4,,,,,,
,,,,,6483,4.0,4,,,,,,
,,,,,6491,8.0,8,,,,,,
,,,,,6503,12.0,12,,,,,,
,,,,,6510,7.0,7,,,,,,
,,,,,6514,4.0,4,,,,,,
,,,,,6518,4.0,4,,,,,,
,,,,,6525,7.0,7,,,,,,
,,,,,6531,6.0,6,,,,,,
,,,,,6536,5.0,5,,,,,,
,,,,,6541,5.0,5,,,,,,
,,,,,6546,5.0,5,,,,,,
,,,,,6551,5.0,5,,,,,,
,,,,,6556,5.0,5,,,,,,
,,,,,6560,4.0,4,,,,,,
,,,,,6564,4.0,4,,,,,,
,,,,,6569,5.0,5,,,,,,
,,,,,6582,13.0,13,,,,,,
,,,,,6586,4.0,4,,,,,,
,,,,,6592,6.0,6,,,,,,
,,,,,6602,10.0,10,,,,,,
,,,,,6608,6.0,6,,,,,,
,,,,,6635,27.0,27,,,,,,
,,,,,6647,12.0,12,,,,,,
,,,,,6650,3.0,3,,,,,,
,,,,,6654,4.0,4,,,,,,
,,,,,6665,11.0,11,,,,,,
,,,,,6669,4.0,4,,,,,,
,,,,,6674,5.0,5,,,,,,
,,,,,6682,8.0,8,,,,,,
,,,,,6686,4.0,4,,,,,,
,,,,,6695,9.0,9,,,,,,
,,,,,6699,4.0,4,,,,,,
,,,,,6706,7.0,7,,,,,,
,,,,,6709,3.0,3,,,,,,
,,,,,6722,13.0,13,,,,,,
,,,,,6726,4.0,4,,,,,,
,,,,,6729,3.0,3,,,,,,
,,,,,6739,10.0,10,,,,,,
,,,,,6745,6.0,6,,,,,,
,,,,,6750,5.0,5,,,,,,
,,,,,6754,4.0,4,,,,,,
,,,,,6758,4.0,4,,,,,,
,,,,,6762,4.0,4,,,,,,
,,,,,6769,7.0,7,,,,,,
,,,,,6779,10.0,10,,,,,,
,,,,,6784,5.0,5,,,,,,
,,,,,6792,8.0,8,,,,,,
,,,,,6797,5.0,5,,,,,,
,,,,,6801,4.0,4,,,,,,
,,,,,6806,5.0,5,,,,,,
,,,,,6809,3.0,3,,,,,,
,,,,,6816,7.0,7,,,,,,
,,,,,6820,4.0,4,,,,,,
,,,,,6825,5.0,5,,,,,,
,,,,,6834,9.0,9,,,,,,
,,,,,6844,10.0,10,,,,,,
,,,,,6848,4.0,4,,,,,,
,,,,,6851,3.0,3,,,,,,
,,,,,6859,8.0,8,,,,,,
,,,,,6863,4.0,4,,,,,,
,,,,,6870,7.0,7,,,,,,
,,,,,6875,5.0,5,,,,,,
,,,,,6880,5.0,5,,,,,,
,,,,,6896,16.0,16,,,,,,
,,,,,6900,4.0,4,,,,,,
,,,,,6909,9.0,9,,,,,,
,,,,,6919,10.0,10,,,,,,
,,,,,6924,5.0,5,,,,,,
,,,,,6929,5.0,5,,,,,,
,,,,,6935,6.0,6,,,,,,
,,,,,6938,3.0,3,,,,,,
,,,,,6958,20.0,20,,,,,,
,,,,,6961,3.0,3,,,,,,
,,,,,6968,7.0,7,,,,,,
,,,,,6978,10.0,10,,,,,,
,,,,,6988,10.0,10,,,,,,
,,,,,6991,3.0,3,,,,,,
,,,,,6997,6.0,6,,,,,,
,,,,,7000,,,1.4493802785873413,5.022826194763184,4.884919166564941,0.0003,0.0003,0.1
,,,,,7016,19.0,19,,,,,,
,,,,,7021,5.0,5,,,,,,
,,,,,7027,6.0,6,,,,,,
,,,,,7034,7.0,7,,,,,,
,,,,,7037,3.0,3,,,,,,
,,,,,7045,8.0,8,,,,,,
,,,,,7050,5.0,5,,,,,,
,,,,,7054,4.0,4,,,,,,
,,,,,7063,9.0,9,,,,,,
,,,,,7068,5.0,5,,,,,,
,,,,,7080,12.0,12,,,,,,
,,,,,7089,9.0,9,,,,,,
,,,,,7096,7.0,7,,,,,,
,,,,,7100,4.0,4,,,,,,
,,,,,7106,6.0,6,,,,,,
,,,,,7115,9.0,9,,,,,,
,,,,,7118,3.0,3,,,,,,
,,,,,7122,4.0,4,,,,,,
,,,,,7129,7.0,7,,,,,,
,,,,,7135,6.0,6,,,,,,
,,,,,7148,13.0,13,,,,,,
,,,,,7155,7.0,7,,,,,,
,,,,,7162,7.0,7,,,,,,
,,,,,7169,7.0,7,,,,,,
,,,,,7172,3.0,3,,,,,,
,,,,,7180,8.0,8,,,,,,
,,,,,7184,4.0,4,,,,,,
,,,,,7201,17.0,17,,,,,,
,,,,,7207,6.0,6,,,,,,
,,,,,7228,21.0,21,,,,,,
,,,,,7231,3.0,3,,,,,,
,,,,,7239,8.0,8,,,,,,
,,,,,7246,7.0,7,,,,,,
,,,,,7252,6.0,6,,,,,,
,,,,,7264,12.0,12,,,,,,
,,,,,7269,5.0,5,,,,,,
,,,,,7274,5.0,5,,,,,,
,,,,,7279,5.0,5,,,,,,
,,,,,7282,3.0,3,,,,,,
,,,,,7298,16.0,16,,,,,,
,,,,,7306,8.0,8,,,,,,
,,,,,7320,14.0,14,,,,,,
,,,,,7326,6.0,6,,,,,,
,,,,,7329,3.0,3,,,,,,
,,,,,7334,5.0,5,,,,,,
,,,,,7341,7.0,7,,,,,,
,,,,,7344,3.0,3,,,,,,
,,,,,7351,7.0,7,,,,,,
,,,,,7354,3.0,3,,,,,,
,,,,,7358,4.0,4,,,,,,
,,,,,7369,11.0,11,,,,,,
,,,,,7377,8.0,8,,,,,,
,,,,,7383,6.0,6,,,,,,
,,,,,7387,4.0,4,,,,,,
,,,,,7403,16.0,16,,,,,,
,,,,,7412,9.0,9,,,,,,
,,,,,7415,3.0,3,,,,,,
,,,,,7425,10.0,10,,,,,,
,,,,,7441,16.0,16,,,,,,
,,,,,7453,12.0,12,,,,,,
,,,,,7461,8.0,8,,,,,,
,,,,,7476,15.0,15,,,,,,
,,,,,7485,9.0,9,,,,,,
,,,,,7492,7.0,7,,,,,,
,,,,,7496,4.0,4,,,,,,
,,,,,7513,17.0,17,,,,,,
,,,,,7520,7.0,7,,,,,,
,,,,,7526,6.0,6,,,,,,
,,,,,7529,3.0,3,,,,,,
,,,,,7541,12.0,12,,,,,,
,,,,,7545,4.0,4,,,,,,
,,,,,7549,4.0,4,,,,,,
,,,,,7552,3.0,3,,,,,,
,,,,,7561,9.0,9,,,,,,
,,,,,7566,5.0,5,,,,,,
,,,,,7570,4.0,4,,,,,,
,,,,,7574,4.0,4,,,,,,
,,,,,7579,5.0,5,,,,,,
,,,,,7583,4.0,4,,,,,,
,,,,,7591,8.0,8,,,,,,
,,,,,7597,6.0,6,,,,,,
,,,,,7601,4.0,4,,,,,,
,,,,,7614,13.0,13,,,,,,
,,,,,7617,3.0,3,,,,,,
,,,,,7623,6.0,6,,,,,,
,,,,,7629,6.0,6,,,,,,
,,,,,7635,6.0,6,,,,,,
,,,,,7638,3.0,3,,,,,,
,,,,,7678,40.0,40,,,,,,
,,,,,7693,15.0,15,,,,,,
,,,,,7704,11.0,11,,,,,,
,,,,,7716,12.0,12,,,,,,
,,,,,7726,10.0,10,,,,,,
,,,,,7730,4.0,4,,,,,,
,,,,,7750,20.0,20,,,,,,
,,,,,7765,15.0,15,,,,,,
,,,,,7770,5.0,5,,,,,,
,,,,,7776,6.0,6,,,,,,
,,,,,7780,4.0,4,,,,,,
,,,,,7784,4.0,4,,,,,,
,,,,,7797,13.0,13,,,,,,
,,,,,7801,4.0,4,,,,,,
,,,,,7804,3.0,3,,,,,,
,,,,,7811,7.0,7,,,,,,
,,,,,7826,15.0,15,,,,,,
,,,,,7830,4.0,4,,,,,,
,,,,,7836,6.0,6,,,,,,
,,,,,7841,5.0,5,,,,,,
,,,,,7844,3.0,3,,,,,,
,,,,,7848,4.0,4,,,,,,
,,,,,7852,4.0,4,,,,,,
,,,,,7856,4.0,4,,,,,,
,,,,,7866,10.0,10,,,,,,
,,,,,7871,5.0,5,,,,,,
,,,,,7875,4.0,4,,,,,,
,,,,,7891,16.0,16,,,,,,
,,,,,7896,5.0,5,,,,,,
,,,,,7901,5.0,5,,,,,,
,,,,,7908,7.0,7,,,,,,
,,,,,7912,4.0,4,,,,,,
,,,,,7921,9.0,9,,,,,,
,,,,,7931,10.0,10,,,,,,
,,,,,7934,3.0,3,,,,,,
,,,,,7940,6.0,6,,,,,,
,,,,,7943,3.0,3,,,,,,
,,,,,7947,4.0,4,,,,,,
,,,,,7950,3.0,3,,,,,,
,,,,,7957,7.0,7,,,,,,
,,,,,7964,7.0,7,,,,,,
,,,,,7970,6.0,6,,,,,,
,,,,,7973,3.0,3,,,,,,
,,,,,7987,14.0,14,,,,,,
,,,,,7990,3.0,3,,,,,,
,,,,,7996,6.0,6,,,,,,
,,,,,8000,,,1.8436896800994873,4.856932640075684,4.987524509429932,0.0003,0.0003,0.1
,,,,,8004,8.0,8,,,,,,
,,,,,8010,6.0,6,,,,,,
,,,,,8018,8.0,8,,,,,,
,,,,,8021,3.0,3,,,,,,
,,,,,8024,3.0,3,,,,,,
,,,,,8033,9.0,9,,,,,,
,,,,,8045,12.0,12,,,,,,
,,,,,8053,8.0,8,,,,,,
,,,,,8058,5.0,5,,,,,,
,,,,,8062,4.0,4,,,,,,
,,,,,8077,15.0,15,,,,,,
,,,,,8080,3.0,3,,,,,,
,,,,,8084,4.0,4,,,,,,
,,,,,8087,3.0,3,,,,,,
,,,,,8101,14.0,14,,,,,,
,,,,,8108,7.0,7,,,,,,
,,,,,8121,13.0,13,,,,,,
,,,,,8124,3.0,3,,,,,,
,,,,,8137,13.0,13,,,,,,
,,,,,8141,4.0,4,,,,,,
,,,,,8146,5.0,5,,,,,,
,,,,,8158,12.0,12,,,,,,
,,,,,8165,7.0,7,,,,,,
,,,,,8169,4.0,4,,,,,,
,,,,,8175,6.0,6,,,,,,
,,,,,8180,5.0,5,,,,,,
,,,,,8184,4.0,4,,,,,,
,,,,,8187,3.0,3,,,,,,
,,,,,8191,4.0,4,,,,,,
,,,,,8195,4.0,4,,,,,,
,,,,,8200,5.0,5,,,,,,
,,,,,8203,3.0,3,,,,,,
,,,,,8217,14.0,14,,,,,,
,,,,,8227,10.0,10,,,,,,
,,,,,8235,8.0,8,,,,,,
,,,,,8238,3.0,3,,,,,,
,,,,,8243,5.0,5,,,,,,
,,,,,8247,4.0,4,,,,,,
,,,,,8251,4.0,4,,,,,,
,,,,,8261,10.0,10,,,,,,
,,,,,8265,4.0,4,,,,,,
,,,,,8272,7.0,7,,,,,,
,,,,,8282,10.0,10,,,,,,
,,,,,8293,11.0,11,,,,,,
,,,,,8301,8.0,8,,,,,,
,,,,,8307,6.0,6,,,,,,
,,,,,8315,8.0,8,,,,,,
,,,,,8319,4.0,4,,,,,,
,,,,,8322,3.0,3,,,,,,
,,,,,8326,4.0,4,,,,,,
,,,,,8330,4.0,4,,,,,,
,,,,,8334,4.0,4,,,,,,
,,,,,8340,6.0,6,,,,,,
,,,,,8343,3.0,3,,,,,,
,,,,,8349,6.0,6,,,,,,
,,,,,8358,9.0,9,,,,,,
,,,,,8367,9.0,9,,,,,,
,,,,,8371,4.0,4,,,,,,
,,,,,8376,5.0,5,,,,,,
,,,,,8379,3.0,3,,,,,,
,,,,,8384,5.0,5,,,,,,
,,,,,8390,6.0,6,,,,,,
,,,,,8404,14.0,14,,,,,,
,,,,,8421,17.0,17,,,,,,
,,,,,8426,5.0,5,,,,,,
,,,,,8436,10.0,10,,,,,,
,,,,,8441,5.0,5,,,,,,
,,,,,8453,12.0,12,,,,,,
,,,,,8475,22.0,22,,,,,,
,,,,,8478,3.0,3,,,,,,
,,,,,8485,7.0,7,,,,,,
,,,,,8496,11.0,11,,,,,,
,,,,,8502,6.0,6,,,,,,
,,,,,8512,10.0,10,,,,,,
,,,,,8519,7.0,7,,,,,,
,,,,,8526,7.0,7,,,,,,
,,,,,8529,3.0,3,,,,,,
,,,,,8542,13.0,13,,,,,,
,,,,,8546,4.0,4,,,,,,
,,,,,8553,7.0,7,,,,,,
,,,,,8557,4.0,4,,,,,,
,,,,,8563,6.0,6,,,,,,
,,,,,8568,5.0,5,,,,,,
,,,,,8576,8.0,8,,,,,,
,,,,,8584,8.0,8,,,,,,
,,,,,8588,4.0,4,,,,,,
,,,,,8595,7.0,7,,,,,,
,,,,,8599,4.0,4,,,,,,
,,,,,8608,9.0,9,,,,,,
,,,,,8615,7.0,7,,,,,,
,,,,,8621,6.0,6,,,,,,
,,,,,8625,4.0,4,,,,,,
,,,,,8633,8.0,8,,,,,,
,,,,,8637,4.0,4,,,,,,
,,,,,8641,4.0,4,,,,,,
,,,,,8644,3.0,3,,,,,,
,,,,,8654,10.0,10,,,,,,
,,,,,8658,4.0,4,,,,,,
,,,,,8661,3.0,3,,,,,,
,,,,,8665,4.0,4,,,,,,
,,,,,8669,4.0,4,,,,,,
,,,,,8677,8.0,8,,,,,,
,,,,,8682,5.0,5,,,,,,
,,,,,8686,4.0,4,,,,,,
,,,,,8696,10.0,10,,,,,,
,,,,,8700,4.0,4,,,,,,
,,,,,8716,16.0,16,,,,,,
,,,,,8720,4.0,4,,,,,,
,,,,,8724,4.0,4,,,,,,
,,,,,8729,5.0,5,,,,,,
,,,,,8738,9.0,9,,,,,,
,,,,,8746,8.0,8,,,,,,
,,,,,8757,11.0,11,,,,,,
,,,,,8767,10.0,10,,,,,,
,,,,,8770,3.0,3,,,,,,
,,,,,8784,14.0,14,,,,,,
,,,,,8788,4.0,4,,,,,,
,,,,,8802,14.0,14,,,,,,
,,,,,8807,5.0,5,,,,,,
,,,,,8810,3.0,3,,,,,,
,,,,,8819,9.0,9,,,,,,
,,,,,8825,6.0,6,,,,,,
,,,,,8829,4.0,4,,,,,,
,,,,,8836,7.0,7,,,,,,
,,,,,8846,10.0,10,,,,,,
,,,,,8858,12.0,12,,,,,,
,,,,,8863,5.0,5,,,,,,
,,,,,8867,4.0,4,,,,,,
,,,,,8873,6.0,6,,,,,,
,,,,,8877,4.0,4,,,,,,
,,,,,8882,5.0,5,,,,,,
,,,,,8888,6.0,6,,,,,,
,,,,,8892,4.0,4,,,,,,
,,,,,8913,21.0,21,,,,,,
,,,,,8917,4.0,4,,,,,,
,,,,,8927,10.0,10,,,,,,
,,,,,8931,4.0,4,,,,,,
,,,,,8936,5.0,5,,,,,,
,,,,,8943,7.0,7,,,,,,
,,,,,8949,6.0,6,,,,,,
,,,,,8954,5.0,5,,,,,,
,,,,,8960,6.0,6,,,,,,
,,,,,8969,9.0,9,,,,,,
,,,,,8976,7.0,7,,,,,,
,,,,,8982,6.0,6,,,,,,
,,,,,8989,7.0,7,,,,,,
,,,,,8992,3.0,3,,,,,,
,,,,,8999,7.0,7,,,,,,
,,,,,9000,,,2.0401313304901123,4.759687423706055,4.6954755783081055,0.0003,0.0003,0.1
,,,,,9012,13.0,13,,,,,,
,,,,,9025,13.0,13,,,,,,
,,,,,9032,7.0,7,,,,,,
,,,,,9035,3.0,3,,,,,,
,,,,,9039,4.0,4,,,,,,
,,,,,9042,3.0,3,,,,,,
,,,,,9048,6.0,6,,,,,,
,,,,,9069,21.0,21,,,,,,
,,,,,9073,4.0,4,,,,,,
,,,,,9077,4.0,4,,,,,,
,,,,,9083,6.0,6,,,,,,
,,,,,9089,6.0,6,,,,,,
,,,,,9092,3.0,3,,,,,,
,,,,,9096,4.0,4,,,,,,
,,,,,9101,5.0,5,,,,,,
,,,,,9106,5.0,5,,,,,,
,,,,,9111,5.0,5,,,,,,
,,,,,9114,3.0,3,,,,,,
,,,,,9117,3.0,3,,,,,,
,,,,,9122,5.0,5,,,,,,
,,,,,9127,5.0,5,,,,,,
,,,,,9131,4.0,4,,,,,,
,,,,,9145,14.0,14,,,,,,
,,,,,9153,8.0,8,,,,,,
,,,,,9157,4.0,4,,,,,,
,,,,,9169,12.0,12,,,,,,
,,,,,9177,8.0,8,,,,,,
,,,,,9183,6.0,6,,,,,,
,,,,,9187,4.0,4,,,,,,
,,,,,9203,16.0,16,,,,,,
,,,,,9206,3.0,3,,,,,,
,,,,,9213,7.0,7,,,,,,
,,,,,9218,5.0,5,,,,,,
,,,,,9221,3.0,3,,,,,,
,,,,,9224,3.0,3,,,,,,
,,,,,9227,3.0,3,,,,,,
,,,,,9232,5.0,5,,,,,,
,,,,,9239,7.0,7,,,,,,
,,,,,9249,10.0,10,,,,,,
,,,,,9252,3.0,3,,,,,,
,,,,,9260,8.0,8,,,,,,
,,,,,9266,6.0,6,,,,,,
,,,,,9270,4.0,4,,,,,,
,,,,,9284,14.0,14,,,,,,
,,,,,9289,5.0,5,,,,,,
,,,,,9293,4.0,4,,,,,,
,,,,,9301,8.0,8,,,,,,
,,,,,9309,8.0,8,,,,,,
,,,,,9314,5.0,5,,,,,,
,,,,,9318,4.0,4,,,,,,
,,,,,9324,6.0,6,,,,,,
,,,,,9327,3.0,3,,,,,,
,,,,,9332,5.0,5,,,,,,
,,,,,9336,4.0,4,,,,,,
,,,,,9346,10.0,10,,,,,,
,,,,,9351,5.0,5,,,,,,
,,,,,9354,3.0,3,,,,,,
,,,,,9361,7.0,7,,,,,,
,,,,,9371,10.0,10,,,,,,
,,,,,9374,3.0,3,,,,,,
,,,,,9377,3.0,3,,,,,,
,,,,,9394,17.0,17,,,,,,
,,,,,9402,8.0,8,,,,,,
,,,,,9406,4.0,4,,,,,,
,,,,,9418,12.0,12,,,,,,
,,,,,9421,3.0,3,,,,,,
,,,,,9425,4.0,4,,,,,,
,,,,,9430,5.0,5,,,,,,
,,,,,9436,6.0,6,,,,,,
,,,,,9442,6.0,6,,,,,,
,,,,,9448,6.0,6,,,,,,
,,,,,9456,8.0,8,,,,,,
,,,,,9459,3.0,3,,,,,,
,,,,,9465,6.0,6,,,,,,
,,,,,9468,3.0,3,,,,,,
,,,,,9474,6.0,6,,,,,,
,,,,,9482,8.0,8,,,,,,
,,,,,9489,7.0,7,,,,,,
,,,,,9495,6.0,6,,,,,,
,,,,,9504,9.0,9,,,,,,
,,,,,9514,10.0,10,,,,,,
,,,,,9518,4.0,4,,,,,,
,,,,,9523,5.0,5,,,,,,
,,,,,9533,10.0,10,,,,,,
,,,,,9537,4.0,4,,,,,,
,,,,,9540,3.0,3,,,,,,
,,,,,9547,7.0,7,,,,,,
,,,,,9565,18.0,18,,,,,,
,,,,,9576,11.0,11,,,,,,
,,,,,9580,4.0,4,,,,,,
,,,,,9585,5.0,5,,,,,,
,,,,,9589,4.0,4,,,,,,
,,,,,9595,6.0,6,,,,,,
,,,,,9598,3.0,3,,,,,,
,,,,,9608,10.0,10,,,,,,
,,,,,9613,5.0,5,,,,,,
,,,,,9617,4.0,4,,,,,,
,,,,,9620,3.0,3,,,,,,
,,,,,9625,5.0,5,,,,,,
,,,,,9629,4.0,4,,,,,,
,,,,,9635,6.0,6,,,,,,
,,,,,9649,14.0,14,,,,,,
,,,,,9653,4.0,4,,,,,,
,,,,,9663,10.0,10,,,,,,
,,,,,9667,4.0,4,,,,,,
,,,,,9672,5.0,5,,,,,,
,,,,,9684,12.0,12,,,,,,
,,,,,9687,3.0,3,,,,,,
,,,,,9690,3.0,3,,,,,,
,,,,,9704,14.0,14,,,,,,
,,,,,9713,9.0,9,,,,,,
,,,,,9723,10.0,10,,,,,,
,,,,,9732,9.0,9,,,,,,
,,,,,9737,5.0,5,,,,,,
,,,,,9748,11.0,11,,,,,,
,,,,,9756,8.0,8,,,,,,
,,,,,9760,4.0,4,,,,,,
,,,,,9768,8.0,8,,,,,,
,,,,,9775,7.0,7,,,,,,
,,,,,9783,8.0,8,,,,,,
,,,,,9793,10.0,10,,,,,,
,,,,,9801,8.0,8,,,,,,
,,,,,9806,5.0,5,,,,,,
,,,,,9811,5.0,5,,,,,,
,,,,,9817,6.0,6,,,,,,
,,,,,9825,8.0,8,,,,,,
,,,,,9830,5.0,5,,,,,,
,,,,,9836,6.0,6,,,,,,
,,,,,9839,3.0,3,,,,,,
,,,,,9843,4.0,4,,,,,,
,,,,,9852,9.0,9,,,,,,
,,,,,9857,5.0,5,,,,,,
,,,,,9871,14.0,14,,,,,,
,,,,,9878,7.0,7,,,,,,
,,,,,9887,9.0,9,,,,,,
,,,,,9891,4.0,4,,,,,,
,,,,,9899,8.0,8,,,,,,
,,,,,9906,7.0,7,,,,,,
,,,,,9910,4.0,4,,,,,,
,,,,,9915,5.0,5,,,,,,
,,,,,9919,4.0,4,,,,,,
,,,,,9927,8.0,8,,,,,,
,,,,,9930,3.0,3,,,,,,
,,,,,9942,12.0,12,,,,,,
,,,,,9952,10.0,10,,,,,,
,,,,,9957,5.0,5,,,,,,
,,,,,9961,4.0,4,,,,,,
,,,,,9966,5.0,5,,,,,,
,,,,,9982,16.0,16,,,,,,
,,,,,9988,6.0,6,,,,,,
,,,,,9991,3.0,3,,,,,,
6.2,2.2271059,11.0,4.0,6.2,10000,,,1.9430124759674072,5.331826686859131,5.600371360778809,0.0003,0.0003,0.1
,,,,,10003,12.0,12,,,,,,
,,,,,10019,16.0,16,,,,,,
,,,,,10025,6.0,6,,,,,,
,,,,,10035,10.0,10,,,,,,
,,,,,10039,4.0,4,,,,,,
,,,,,10046,7.0,7,,,,,,
,,,,,10049,3.0,3,,,,,,
,,,,,10054,5.0,5,,,,,,
,,,,,10059,5.0,5,,,,,,
,,,,,10063,4.0,4,,,,,,
,,,,,10069,6.0,6,,,,,,
,,,,,10082,13.0,13,,,,,,
,,,,,10087,5.0,5,,,,,,
,,,,,10099,12.0,12,,,,,,
,,,,,10103,4.0,4,,,,,,
,,,,,10107,4.0,4,,,,,,
,,,,,10111,4.0,4,,,,,,
,,,,,10116,5.0,5,,,,,,
,,,,,10119,3.0,3,,,,,,
,,,,,10123,4.0,4,,,,,,
,,,,,10135,12.0,12,,,,,,
,,,,,10142,7.0,7,,,,,,
,,,,,10159,17.0,17,,,,,,
,,,,,10175,16.0,16,,,,,,
,,,,,10185,10.0,10,,,,,,
,,,,,10193,8.0,8,,,,,,
,,,,,10197,4.0,4,,,,,,
,,,,,10200,3.0,3,,,,,,
,,,,,10208,8.0,8,,,,,,
,,,,,10229,21.0,21,,,,,,
,,,,,10233,4.0,4,,,,,,
,,,,,10237,4.0,4,,,,,,
,,,,,10241,4.0,4,,,,,,
,,,,,10246,5.0,5,,,,,,
,,,,,10252,6.0,6,,,,,,
,,,,,10263,11.0,11,,,,,,
,,,,,10267,4.0,4,,,,,,
,,,,,10276,9.0,9,,,,,,
,,,,,10279,3.0,3,,,,,,
,,,,,10284,5.0,5,,,,,,
,,,,,10290,6.0,6,,,,,,
,,,,,10293,3.0,3,,,,,,
,,,,,10298,5.0,5,,,,,,
,,,,,10304,6.0,6,,,,,,
,,,,,10307,3.0,3,,,,,,
,,,,,10311,4.0,4,,,,,,
,,,,,10325,14.0,14,,,,,,
,,,,,10332,7.0,7,,,,,,
,,,,,10343,11.0,11,,,,,,
,,,,,10347,4.0,4,,,,,,
,,,,,10351,4.0,4,,,,,,
,,,,,10355,4.0,4,,,,,,
,,,,,10361,6.0,6,,,,,,
,,,,,10368,7.0,7,,,,,,
,,,,,10371,3.0,3,,,,,,
,,,,,10378,7.0,7,,,,,,
,,,,,10381,3.0,3,,,,,,
,,,,,10393,12.0,12,,,,,,
,,,,,10400,7.0,7,,,,,,
,,,,,10409,9.0,9,,,,,,
,,,,,10412,3.0,3,,,,,,
,,,,,10417,5.0,5,,,,,,
,,,,,10421,4.0,4,,,,,,
,,,,,10425,4.0,4,,,,,,
,,,,,10429,4.0,4,,,,,,
,,,,,10433,4.0,4,,,,,,
,,,,,10436,3.0,3,,,,,,
,,,,,10445,9.0,9,,,,,,
,,,,,10456,11.0,11,,,,,,
,,,,,10460,4.0,4,,,,,,
,,,,,10465,5.0,5,,,,,,
,,,,,10470,5.0,5,,,,,,
,,,,,10475,5.0,5,,,,,,
,,,,,10478,3.0,3,,,,,,
,,,,,10482,4.0,4,,,,,,
,,,,,10498,16.0,16,,,,,,
,,,,,10502,4.0,4,,,,,,
,,,,,10506,4.0,4,,,,,,
,,,,,10509,3.0,3,,,,,,
,,,,,10514,5.0,5,,,,,,
,,,,,10525,11.0,11,,,,,,
,,,,,10529,4.0,4,,,,,,
,,,,,10534,5.0,5,,,,,,
,,,,,10542,8.0,8,,,,,,
,,,,,10546,4.0,4,,,,,,
,,,,,10555,9.0,9,,,,,,
,,,,,10560,5.0,5,,,,,,
,,,,,10568,8.0,8,,,,,,
,,,,,10572,4.0,4,,,,,,
,,,,,10593,21.0,21,,,,,,
,,,,,10601,8.0,8,,,,,,
,,,,,10604,3.0,3,,,,,,
,,,,,10608,4.0,4,,,,,,
,,,,,10613,5.0,5,,,,,,
,,,,,10617,4.0,4,,,,,,
,,,,,10629,12.0,12,,,,,,
,,,,,10634,5.0,5,,,,,,
,,,,,10637,3.0,3,,,,,,
,,,,,10640,3.0,3,,,,,,
,,,,,10648,8.0,8,,,,,,
,,,,,10659,11.0,11,,,,,,
,,,,,10679,20.0,20,,,,,,
,,,,,10684,5.0,5,,,,,,
,,,,,10703,19.0,19,,,,,,
,,,,,10707,4.0,4,,,,,,
,,,,,10710,3.0,3,,,,,,
,,,,,10714,4.0,4,,,,,,
,,,,,10721,7.0,7,,,,,,
,,,,,10724,3.0,3,,,,,,
,,,,,10730,6.0,6,,,,,,
,,,,,10742,12.0,12,,,,,,
,,,,,10756,14.0,14,,,,,,
,,,,,10767,11.0,11,,,,,,
,,,,,10771,4.0,4,,,,,,
,,,,,10776,5.0,5,,,,,,
,,,,,10781,5.0,5,,,,,,
,,,,,10784,3.0,3,,,,,,
,,,,,10794,10.0,10,,,,,,
,,,,,10801,7.0,7,,,,,,
,,,,,10806,5.0,5,,,,,,
,,,,,10824,18.0,18,,,,,,
,,,,,10836,12.0,12,,,,,,
,,,,,10846,10.0,10,,,,,,
,,,,,10854,8.0,8,,,,,,
,,,,,10865,11.0,11,,,,,,
,,,,,10868,3.0,3,,,,,,
,,,,,10876,8.0,8,,,,,,
,,,,,10880,4.0,4,,,,,,
,,,,,10886,6.0,6,,,,,,
,,,,,10890,4.0,4,,,,,,
,,,,,10897,7.0,7,,,,,,
,,,,,10901,4.0,4,,,,,,
,,,,,10914,13.0,13,,,,,,
,,,,,10929,15.0,15,,,,,,
,,,,,10933,4.0,4,,,,,,
,,,,,10936,3.0,3,,,,,,
,,,,,10943,7.0,7,,,,,,
,,,,,10951,8.0,8,,,,,,
,,,,,10959,8.0,8,,,,,,
,,,,,10975,16.0,16,,,,,,
,,,,,10979,4.0,4,,,,,,
,,,,,10984,5.0,5,,,,,,
,,,,,10988,4.0,4,,,,,,
,,,,,10994,6.0,6,,,,,,
,,,,,11000,,,1.8363925218582153,4.971513748168945,4.878313064575195,0.0003,0.0003,0.1
,,,,,11004,10.0,10,,,,,,
,,,,,11010,6.0,6,,,,,,
,,,,,11016,6.0,6,,,,,,
,,,,,11019,3.0,3,,,,,,
,,,,,11024,5.0,5,,,,,,
,,,,,11049,25.0,25,,,,,,
,,,,,11065,16.0,16,,,,,,
,,,,,11071,6.0,6,,,,,,
,,,,,11087,16.0,16,,,,,,
,,,,,11093,6.0,6,,,,,,
,,,,,11100,7.0,7,,,,,,
,,,,,11104,4.0,4,,,,,,
,,,,,11122,18.0,18,,,,,,
,,,,,11127,5.0,5,,,,,,
,,,,,11134,7.0,7,,,,,,
,,,,,11141,7.0,7,,,,,,
,,,,,11153,12.0,12,,,,,,
,,,,,11159,6.0,6,,,,,,
,,,,,11162,3.0,3,,,,,,
,,,,,11169,7.0,7,,,,,,
,,,,,11174,5.0,5,,,,,,
,,,,,11179,5.0,5,,,,,,
,,,,,11185,6.0,6,,,,,,
,,,,,11191,6.0,6,,,,,,
,,,,,11199,8.0,8,,,,,,
,,,,,11209,10.0,10,,,,,,
,,,,,11212,3.0,3,,,,,,
,,,,,11244,32.0,32,,,,,,
,,,,,11247,3.0,3,,,,,,
,,,,,11267,20.0,20,,,,,,
,,,,,11272,5.0,5,,,,,,
,,,,,11278,6.0,6,,,,,,
,,,,,11281,3.0,3,,,,,,
,,,,,11288,7.0,7,,,,,,
,,,,,11292,4.0,4,,,,,,
,,,,,11296,4.0,4,,,,,,
,,,,,11301,5.0,5,,,,,,
,,,,,11304,3.0,3,,,,,,
,,,,,11313,9.0,9,,,,,,
,,,,,11319,6.0,6,,,,,,
,,,,,11329,10.0,10,,,,,,
,,,,,11332,3.0,3,,,,,,
,,,,,11340,8.0,8,,,,,,
,,,,,11344,4.0,4,,,,,,
,,,,,11354,10.0,10,,,,,,
,,,,,11363,9.0,9,,,,,,
,,,,,11368,5.0,5,,,,,,
,,,,,11396,28.0,28,,,,,,
,,,,,11400,4.0,4,,,,,,
,,,,,11404,4.0,4,,,,,,
,,,,,11411,7.0,7,,,,,,
,,,,,11415,4.0,4,,,,,,
,,,,,11429,14.0,14,,,,,,
,,,,,11432,3.0,3,,,,,,
,,,,,11437,5.0,5,,,,,,
,,,,,11441,4.0,4,,,,,,
,,,,,11455,14.0,14,,,,,,
,,,,,11462,7.0,7,,,,,,
,,,,,11471,9.0,9,,,,,,
,,,,,11476,5.0,5,,,,,,
,,,,,11480,4.0,4,,,,,,
,,,,,11485,5.0,5,,,,,,
,,,,,11494,9.0,9,,,,,,
,,,,,11500,6.0,6,,,,,,
,,,,,11506,6.0,6,,,,,,
,,,,,11512,6.0,6,,,,,,
,,,,,11515,3.0,3,,,,,,
,,,,,11520,5.0,5,,,,,,
,,,,,11532,12.0,12,,,,,,
,,,,,11535,3.0,3,,,,,,
,,,,,11562,27.0,27,,,,,,
,,,,,11574,12.0,12,,,,,,
,,,,,11579,5.0,5,,,,,,
,,,,,11601,22.0,22,,,,,,
,,,,,11605,4.0,4,,,,,,
,,,,,11608,3.0,3,,,,,,
,,,,,11614,6.0,6,,,,,,
,,,,,11617,3.0,3,,,,,,
,,,,,11621,4.0,4,,,,,,
,,,,,11626,5.0,5,,,,,,
,,,,,11631,5.0,5,,,,,,
,,,,,11634,3.0,3,,,,,,
,,,,,11638,4.0,4,,,,,,
,,,,,11643,5.0,5,,,,,,
,,,,,11648,5.0,5,,,,,,
,,,,,11655,7.0,7,,,,,,
,,,,,11659,4.0,4,,,,,,
,,,,,11663,4.0,4,,,,,,
,,,,,11668,5.0,5,,,,,,
,,,,,11674,6.0,6,,,,,,
,,,,,11689,15.0,15,,,,,,
,,,,,11699,10.0,10,,,,,,
,,,,,11706,7.0,7,,,,,,
,,,,,11710,4.0,4,,,,,,
,,,,,11716,6.0,6,,,,,,
,,,,,11721,5.0,5,,,,,,
,,,,,11729,8.0,8,,,,,,
,,,,,11732,3.0,3,,,,,,
,,,,,11736,4.0,4,,,,,,
,,,,,11739,3.0,3,,,,,,
,,,,,11760,21.0,21,,,,,,
,,,,,11769,9.0,9,,,,,,
,,,,,11773,4.0,4,,,,,,
,,,,,11780,7.0,7,,,,,,
,,,,,11787,7.0,7,,,,,,
,,,,,11799,12.0,12,,,,,,
,,,,,11805,6.0,6,,,,,,
,,,,,11819,14.0,14,,,,,,
,,,,,11824,5.0,5,,,,,,
,,,,,11846,22.0,22,,,,,,
,,,,,11855,9.0,9,,,,,,
,,,,,11870,15.0,15,,,,,,
,,,,,11877,7.0,7,,,,,,
,,,,,11881,4.0,4,,,,,,
,,,,,11886,5.0,5,,,,,,
,,,,,11891,5.0,5,,,,,,
,,,,,11900,9.0,9,,,,,,
,,,,,11904,4.0,4,,,,,,
,,,,,11907,3.0,3,,,,,,
,,,,,11911,4.0,4,,,,,,
,,,,,11915,4.0,4,,,,,,
,,,,,11919,4.0,4,,,,,,
,,,,,11926,7.0,7,,,,,,
,,,,,11929,3.0,3,,,,,,
,,,,,11937,8.0,8,,,,,,
,,,,,11941,4.0,4,,,,,,
,,,,,11947,6.0,6,,,,,,
,,,,,11952,5.0,5,,,,,,
,,,,,11956,4.0,4,,,,,,
,,,,,11964,8.0,8,,,,,,
,,,,,11971,7.0,7,,,,,,
,,,,,11981,10.0,10,,,,,,
,,,,,11989,8.0,8,,,,,,
,,,,,11995,6.0,6,,,,,,
,,,,,12000,,,1.7826180458068848,4.791739463806152,4.861510276794434,0.0003,0.0003,0.1
,,,,,12007,12.0,12,,,,,,
,,,,,12016,9.0,9,,,,,,
,,,,,12023,7.0,7,,,,,,
,,,,,12026,3.0,3,,,,,,
,,,,,12030,4.0,4,,,,,,
,,,,,12035,5.0,5,,,,,,
,,,,,12055,20.0,20,,,,,,
,,,,,12059,4.0,4,,,,,,
,,,,,12080,21.0,21,,,,,,
,,,,,12095,15.0,15,,,,,,
,,,,,12102,7.0,7,,,,,,
,,,,,12112,10.0,10,,,,,,
,,,,,12116,4.0,4,,,,,,
,,,,,12121,5.0,5,,,,,,
,,,,,12129,8.0,8,,,,,,
,,,,,12134,5.0,5,,,,,,
,,,,,12137,3.0,3,,,,,,
,,,,,12144,7.0,7,,,,,,
,,,,,12147,3.0,3,,,,,,
,,,,,12152,5.0,5,,,,,,
,,,,,12158,6.0,6,,,,,,
,,,,,12169,11.0,11,,,,,,
,,,,,12183,14.0,14,,,,,,
,,,,,12186,3.0,3,,,,,,
,,,,,12190,4.0,4,,,,,,
,,,,,12198,8.0,8,,,,,,
,,,,,12203,5.0,5,,,,,,
,,,,,12208,5.0,5,,,,,,
,,,,,12215,7.0,7,,,,,,
,,,,,12218,3.0,3,,,,,,
,,,,,12222,4.0,4,,,,,,
,,,,,12241,19.0,19,,,,,,
,,,,,12245,4.0,4,,,,,,
,,,,,12255,10.0,10,,,,,,
,,,,,12260,5.0,5,,,,,,
,,,,,12273,13.0,13,,,,,,
,,,,,12279,6.0,6,,,,,,
,,,,,12287,8.0,8,,,,,,
,,,,,12291,4.0,4,,,,,,
,,,,,12302,11.0,11,,,,,,
,,,,,12306,4.0,4,,,,,,
,,,,,12309,3.0,3,,,,,,
,,,,,12316,7.0,7,,,,,,
,,,,,12320,4.0,4,,,,,,
,,,,,12325,5.0,5,,,,,,
,,,,,12333,8.0,8,,,,,,
,,,,,12345,12.0,12,,,,,,
,,,,,12349,4.0,4,,,,,,
,,,,,12366,17.0,17,,,,,,
,,,,,12369,3.0,3,,,,,,
,,,,,12379,10.0,10,,,,,,
,,,,,12389,10.0,10,,,,,,
,,,,,12404,15.0,15,,,,,,
,,,,,12408,4.0,4,,,,,,
,,,,,12430,22.0,22,,,,,,
,,,,,12438,8.0,8,,,,,,
,,,,,12443,5.0,5,,,,,,
,,,,,12457,14.0,14,,,,,,
,,,,,12462,5.0,5,,,,,,
,,,,,12468,6.0,6,,,,,,
,,,,,12477,9.0,9,,,,,,
,,,,,12484,7.0,7,,,,,,
,,,,,12499,15.0,15,,,,,,
,,,,,12502,3.0,3,,,,,,
,,,,,12519,17.0,17,,,,,,
,,,,,12527,8.0,8,,,,,,
,,,,,12530,3.0,3,,,,,,
,,,,,12538,8.0,8,,,,,,
,,,,,12556,18.0,18,,,,,,
,,,,,12563,7.0,7,,,,,,
,,,,,12567,4.0,4,,,,,,
,,,,,12576,9.0,9,,,,,,
,,,,,12580,4.0,4,,,,,,
,,,,,12585,5.0,5,,,,,,
,,,,,12590,5.0,5,,,,,,
,,,,,12599,9.0,9,,,,,,
,,,,,12603,4.0,4,,,,,,
,,,,,12610,7.0,7,,,,,,
,,,,,12619,9.0,9,,,,,,
,,,,,12628,9.0,9,,,,,,
,,,,,12632,4.0,4,,,,,,
,,,,,12635,3.0,3,,,,,,
,,,,,12642,7.0,7,,,,,,
,,,,,12646,4.0,4,,,,,,
,,,,,12651,5.0,5,,,,,,
,,,,,12663,12.0,12,,,,,,
,,,,,12667,4.0,4,,,,,,
,,,,,12670,3.0,3,,,,,,
,,,,,12675,5.0,5,,,,,,
,,,,,12679,4.0,4,,,,,,
,,,,,12688,9.0,9,,,,,,
,,,,,12695,7.0,7,,,,,,
,,,,,12701,6.0,6,,,,,,
,,,,,12704,3.0,3,,,,,,
,,,,,12710,6.0,6,,,,,,
,,,,,12718,8.0,8,,,,,,
,,,,,12721,3.0,3,,,,,,
,,,,,12724,3.0,3,,,,,,
,,,,,12745,21.0,21,,,,,,
,,,,,12750,5.0,5,,,,,,
,,,,,12755,5.0,5,,,,,,
,,,,,12759,4.0,4,,,,,,
,,,,,12763,4.0,4,,,,,,
,,,,,12770,7.0,7,,,,,,
,,,,,12773,3.0,3,,,,,,
,,,,,12777,4.0,4,,,,,,
,,,,,12794,17.0,17,,,,,,
,,,,,12797,3.0,3,,,,,,
,,,,,12801,4.0,4,,,,,,
,,,,,12812,11.0,11,,,,,,
,,,,,12816,4.0,4,,,,,,
,,,,,12825,9.0,9,,,,,,
,,,,,12829,4.0,4,,,,,,
,,,,,12832,3.0,3,,,,,,
,,,,,12836,4.0,4,,,,,,
,,,,,12840,4.0,4,,,,,,
,,,,,12845,5.0,5,,,,,,
,,,,,12849,4.0,4,,,,,,
,,,,,12855,6.0,6,,,,,,
,,,,,12863,8.0,8,,,,,,
,,,,,12866,3.0,3,,,,,,
,,,,,12873,7.0,7,,,,,,
,,,,,12878,5.0,5,,,,,,
,,,,,12883,5.0,5,,,,,,
,,,,,12896,13.0,13,,,,,,
,,,,,12900,4.0,4,,,,,,
,,,,,12903,3.0,3,,,,,,
,,,,,12906,3.0,3,,,,,,
,,,,,12914,8.0,8,,,,,,
,,,,,12920,6.0,6,,,,,,
,,,,,12923,3.0,3,,,,,,
,,,,,12927,4.0,4,,,,,,
,,,,,12946,19.0,19,,,,,,
,,,,,12950,4.0,4,,,,,,
,,,,,12958,8.0,8,,,,,,
,,,,,12963,5.0,5,,,,,,
,,,,,12971,8.0,8,,,,,,
,,,,,12977,6.0,6,,,,,,
,,,,,12992,15.0,15,,,,,,
,,,,,12998,6.0,6,,,,,,
,,,,,13000,,,1.6727436780929565,5.003521919250488,5.053558349609375,0.0003,0.0003,0.1
,,,,,13003,5.0,5,,,,,,
,,,,,13006,3.0,3,,,,,,
,,,,,13014,8.0,8,,,,,,
,,,,,13017,3.0,3,,,,,,
,,,,,13021,4.0,4,,,,,,
,,,,,13027,6.0,6,,,,,,
,,,,,13037,10.0,10,,,,,,
,,,,,13040,3.0,3,,,,,,
,,,,,13047,7.0,7,,,,,,
,,,,,13053,6.0,6,,,,,,
,,,,,13059,6.0,6,,,,,,
,,,,,13064,5.0,5,,,,,,
,,,,,13071,7.0,7,,,,,,
,,,,,13080,9.0,9,,,,,,
,,,,,13083,3.0,3,,,,,,
,,,,,13086,3.0,3,,,,,,
,,,,,13092,6.0,6,,,,,,
,,,,,13096,4.0,4,,,,,,
,,,,,13100,4.0,4,,,,,,
,,,,,13105,5.0,5,,,,,,
,,,,,13111,6.0,6,,,,,,
,,,,,13116,5.0,5,,,,,,
,,,,,13134,18.0,18,,,,,,
,,,,,13145,11.0,11,,,,,,
,,,,,13154,9.0,9,,,,,,
,,,,,13160,6.0,6,,,,,,
,,,,,13163,3.0,3,,,,,,
,,,,,13168,5.0,5,,,,,,
,,,,,13176,8.0,8,,,,,,
,,,,,13180,4.0,4,,,,,,
,,,,,13185,5.0,5,,,,,,
,,,,,13193,8.0,8,,,,,,
,,,,,13200,7.0,7,,,,,,
,,,,,13212,12.0,12,,,,,,
,,,,,13219,7.0,7,,,,,,
,,,,,13224,5.0,5,,,,,,
,,,,,13229,5.0,5,,,,,,
,,,,,13235,6.0,6,,,,,,
,,,,,13239,4.0,4,,,,,,
,,,,,13246,7.0,7,,,,,,
,,,,,13249,3.0,3,,,,,,
,,,,,13255,6.0,6,,,,,,
,,,,,13261,6.0,6,,,,,,
,,,,,13269,8.0,8,,,,,,
,,,,,13274,5.0,5,,,,,,
,,,,,13278,4.0,4,,,,,,
,,,,,13281,3.0,3,,,,,,
,,,,,13285,4.0,4,,,,,,
,,,,,13294,9.0,9,,,,,,
,,,,,13298,4.0,4,,,,,,
,,,,,13301,3.0,3,,,,,,
,,,,,13313,12.0,12,,,,,,
,,,,,13322,9.0,9,,,,,,
,,,,,13326,4.0,4,,,,,,
,,,,,13331,5.0,5,,,,,,
,,,,,13334,3.0,3,,,,,,
,,,,,13345,11.0,11,,,,,,
,,,,,13349,4.0,4,,,,,,
,,,,,13353,4.0,4,,,,,,
,,,,,13357,4.0,4,,,,,,
,,,,,13363,6.0,6,,,,,,
,,,,,13367,4.0,4,,,,,,
,,,,,13370,3.0,3,,,,,,
,,,,,13382,12.0,12,,,,,,
,,,,,13389,7.0,7,,,,,,
,,,,,13395,6.0,6,,,,,,
,,,,,13408,13.0,13,,,,,,
,,,,,13414,6.0,6,,,,,,
,,,,,13417,3.0,3,,,,,,
,,,,,13428,11.0,11,,,,,,
,,,,,13433,5.0,5,,,,,,
,,,,,13445,12.0,12,,,,,,
,,,,,13451,6.0,6,,,,,,
,,,,,13456,5.0,5,,,,,,
,,,,,13461,5.0,5,,,,,,
,,,,,13465,4.0,4,,,,,,
,,,,,13469,4.0,4,,,,,,
,,,,,13474,5.0,5,,,,,,
,,,,,13480,6.0,6,,,,,,
,,,,,13493,13.0,13,,,,,,
,,,,,13498,5.0,5,,,,,,
,,,,,13504,6.0,6,,,,,,
,,,,,13511,7.0,7,,,,,,
,,,,,13519,8.0,8,,,,,,
,,,,,13523,4.0,4,,,,,,
,,,,,13527,4.0,4,,,,,,
,,,,,13531,4.0,4,,,,,,
,,,,,13534,3.0,3,,,,,,
,,,,,13538,4.0,4,,,,,,
,,,,,13545,7.0,7,,,,,,
,,,,,13550,5.0,5,,,,,,
,,,,,13555,5.0,5,,,,,,
,,,,,13558,3.0,3,,,,,,
,,,,,13563,5.0,5,,,,,,
,,,,,13568,5.0,5,,,,,,
,,,,,13572,4.0,4,,,,,,
,,,,,13576,4.0,4,,,,,,
,,,,,13580,4.0,4,,,,,,
,,,,,13584,4.0,4,,,,,,
,,,,,13588,4.0,4,,,,,,
,,,,,13594,6.0,6,,,,,,
,,,,,13597,3.0,3,,,,,,
,,,,,13600,3.0,3,,,,,,
,,,,,13620,20.0,20,,,,,,
,,,,,13628,8.0,8,,,,,,
,,,,,13633,5.0,5,,,,,,
,,,,,13640,7.0,7,,,,,,
,,,,,13643,3.0,3,,,,,,
,,,,,13648,5.0,5,,,,,,
,,,,,13651,3.0,3,,,,,,
,,,,,13674,23.0,23,,,,,,
,,,,,13677,3.0,3,,,,,,
,,,,,13681,4.0,4,,,,,,
,,,,,13687,6.0,6,,,,,,
,,,,,13693,6.0,6,,,,,,
,,,,,13698,5.0,5,,,,,,
,,,,,13704,6.0,6,,,,,,
,,,,,13708,4.0,4,,,,,,
,,,,,13711,3.0,3,,,,,,
,,,,,13716,5.0,5,,,,,,
,,,,,13732,16.0,16,,,,,,
,,,,,13735,3.0,3,,,,,,
,,,,,13741,6.0,6,,,,,,
,,,,,13745,4.0,4,,,,,,
,,,,,13753,8.0,8,,,,,,
,,,,,13767,14.0,14,,,,,,
,,,,,13776,9.0,9,,,,,,
,,,,,13780,4.0,4,,,,,,
,,,,,13787,7.0,7,,,,,,
,,,,,13792,5.0,5,,,,,,
,,,,,13796,4.0,4,,,,,,
,,,,,13799,3.0,3,,,,,,
,,,,,13806,7.0,7,,,,,,
,,,,,13812,6.0,6,,,,,,
,,,,,13818,6.0,6,,,,,,
,,,,,13826,8.0,8,,,,,,
,,,,,13833,7.0,7,,,,,,
,,,,,13840,7.0,7,,,,,,
,,,,,13845,5.0,5,,,,,,
,,,,,13851,6.0,6,,,,,,
,,,,,13857,6.0,6,,,,,,
,,,,,13860,3.0,3,,,,,,
,,,,,13864,4.0,4,,,,,,
,,,,,13867,3.0,3,,,,,,
,,,,,13871,4.0,4,,,,,,
,,,,,13874,3.0,3,,,,,,
,,,,,13877,3.0,3,,,,,,
,,,,,13885,8.0,8,,,,,,
,,,,,13891,6.0,6,,,,,,
,,,,,13894,3.0,3,,,,,,
,,,,,13899,5.0,5,,,,,,
,,,,,13903,4.0,4,,,,,,
,,,,,13907,4.0,4,,,,,,
,,,,,13911,4.0,4,,,,,,
,,,,,13914,3.0,3,,,,,,
,,,,,13923,9.0,9,,,,,,
,,,,,13928,5.0,5,,,,,,
,,,,,13936,8.0,8,,,,,,
,,,,,13942,6.0,6,,,,,,
,,,,,13945,3.0,3,,,,,,
,,,,,13952,7.0,7,,,,,,
,,,,,13958,6.0,6,,,,,,
,,,,,13969,11.0,11,,,,,,
,,,,,13977,8.0,8,,,,,,
,,,,,13981,4.0,4,,,,,,
,,,,,13994,13.0,13,,,,,,
,,,,,14000,,,2.284064292907715,5.122841835021973,4.942409515380859,0.0003,0.0003,0.1
,,,,,14001,7.0,7,,,,,,
,,,,,14006,5.0,5,,,,,,
,,,,,14016,10.0,10,,,,,,
,,,,,14019,3.0,3,,,,,,
,,,,,14036,17.0,17,,,,,,
,,,,,14045,9.0,9,,,,,,
,,,,,14051,6.0,6,,,,,,
,,,,,14057,6.0,6,,,,,,
,,,,,14060,3.0,3,,,,,,
,,,,,14064,4.0,4,,,,,,
,,,,,14068,4.0,4,,,,,,
,,,,,14073,5.0,5,,,,,,
,,,,,14080,7.0,7,,,,,,
,,,,,14088,8.0,8,,,,,,
,,,,,14093,5.0,5,,,,,,
,,,,,14105,12.0,12,,,,,,
,,,,,14111,6.0,6,,,,,,
,,,,,14122,11.0,11,,,,,,
,,,,,14125,3.0,3,,,,,,
,,,,,14137,12.0,12,,,,,,
,,,,,14142,5.0,5,,,,,,
,,,,,14146,4.0,4,,,,,,
,,,,,14152,6.0,6,,,,,,
,,,,,14155,3.0,3,,,,,,
,,,,,14159,4.0,4,,,,,,
,,,,,14163,4.0,4,,,,,,
,,,,,14169,6.0,6,,,,,,
,,,,,14174,5.0,5,,,,,,
,,,,,14180,6.0,6,,,,,,
,,,,,14190,10.0,10,,,,,,
,,,,,14194,4.0,4,,,,,,
,,,,,14199,5.0,5,,,,,,
,,,,,14209,10.0,10,,,,,,
,,,,,14223,14.0,14,,,,,,
,,,,,14232,9.0,9,,,,,,
,,,,,14239,7.0,7,,,,,,
,,,,,14242,3.0,3,,,,,,
,,,,,14254,12.0,12,,,,,,
,,,,,14262,8.0,8,,,,,,
,,,,,14266,4.0,4,,,,,,
,,,,,14292,26.0,26,,,,,,
,,,,,14297,5.0,5,,,,,,
,,,,,14309,12.0,12,,,,,,
,,,,,14315,6.0,6,,,,,,
,,,,,14321,6.0,6,,,,,,
,,,,,14325,4.0,4,,,,,,
,,,,,14332,7.0,7,,,,,,
,,,,,14337,5.0,5,,,,,,
,,,,,14340,3.0,3,,,,,,
,,,,,14345,5.0,5,,,,,,
,,,,,14351,6.0,6,,,,,,
,,,,,14362,11.0,11,,,,,,
,,,,,14367,5.0,5,,,,,,
,,,,,14380,13.0,13,,,,,,
,,,,,14388,8.0,8,,,,,,
,,,,,14392,4.0,4,,,,,,
,,,,,14398,6.0,6,,,,,,
,,,,,14402,4.0,4,,,,,,
,,,,,14408,6.0,6,,,,,,
,,,,,14414,6.0,6,,,,,,
,,,,,14418,4.0,4,,,,,,
,,,,,14423,5.0,5,,,,,,
,,,,,14428,5.0,5,,,,,,
,,,,,14440,12.0,12,,,,,,
,,,,,14447,7.0,7,,,,,,
,,,,,14455,8.0,8,,,,,,
,,,,,14466,11.0,11,,,,,,
,,,,,14472,6.0,6,,,,,,
,,,,,14479,7.0,7,,,,,,
,,,,,14486,7.0,7,,,,,,
,,,,,14490,4.0,4,,,,,,
,,,,,14496,6.0,6,,,,,,
,,,,,14500,4.0,4,,,,,,
,,,,,14509,9.0,9,,,,,,
,,,,,14516,7.0,7,,,,,,
,,,,,14544,28.0,28,,,,,,
,,,,,14550,6.0,6,,,,,,
,,,,,14554,4.0,4,,,,,,
,,,,,14563,9.0,9,,,,,,
,,,,,14570,7.0,7,,,,,,
,,,,,14582,12.0,12,,,,,,
,,,,,14593,11.0,11,,,,,,
,,,,,14597,4.0,4,,,,,,
,,,,,14600,3.0,3,,,,,,
,,,,,14614,14.0,14,,,,,,
,,,,,14620,6.0,6,,,,,,
,,,,,14624,4.0,4,,,,,,
,,,,,14628,4.0,4,,,,,,
,,,,,14635,7.0,7,,,,,,
,,,,,14644,9.0,9,,,,,,
,,,,,14649,5.0,5,,,,,,
,,,,,14659,10.0,10,,,,,,
,,,,,14664,5.0,5,,,,,,
,,,,,14668,4.0,4,,,,,,
,,,,,14672,4.0,4,,,,,,
,,,,,14675,3.0,3,,,,,,
,,,,,14684,9.0,9,,,,,,
,,,,,14687,3.0,3,,,,,,
,,,,,14690,3.0,3,,,,,,
,,,,,14697,7.0,7,,,,,,
,,,,,14703,6.0,6,,,,,,
,,,,,14708,5.0,5,,,,,,
,,,,,14711,3.0,3,,,,,,
,,,,,14721,10.0,10,,,,,,
,,,,,14726,5.0,5,,,,,,
,,,,,14732,6.0,6,,,,,,
,,,,,14737,5.0,5,,,,,,
,,,,,14740,3.0,3,,,,,,
,,,,,14745,5.0,5,,,,,,
,,,,,14749,4.0,4,,,,,,
,,,,,14757,8.0,8,,,,,,
,,,,,14764,7.0,7,,,,,,
,,,,,14770,6.0,6,,,,,,
,,,,,14780,10.0,10,,,,,,
,,,,,14783,3.0,3,,,,,,
,,,,,14787,4.0,4,,,,,,
,,,,,14795,8.0,8,,,,,,
,,,,,14802,7.0,7,,,,,,
,,,,,14805,3.0,3,,,,,,
,,,,,14810,5.0,5,,,,,,
,,,,,14837,27.0,27,,,,,,
,,,,,14847,10.0,10,,,,,,
,,,,,14857,10.0,10,,,,,,
,,,,,14864,7.0,7,,,,,,
,,,,,14871,7.0,7,,,,,,
,,,,,14886,15.0,15,,,,,,
,,,,,14891,5.0,5,,,,,,
,,,,,14909,18.0,18,,,,,,
,,,,,14919,10.0,10,,,,,,
,,,,,14922,3.0,3,,,,,,
,,,,,14930,8.0,8,,,,,,
,,,,,14938,8.0,8,,,,,,
,,,,,14948,10.0,10,,,,,,
,,,,,14952,4.0,4,,,,,,
,,,,,14960,8.0,8,,,,,,
,,,,,14965,5.0,5,,,,,,
,,,,,14971,6.0,6,,,,,,
,,,,,14978,7.0,7,,,,,,
,,,,,14988,10.0,10,,,,,,
,,,,,14992,4.0,4,,,,,,
,,,,,14995,3.0,3,,,,,,
6.0,1.0954452,8.0,4.0,6.0,15000,,,2.391928195953369,4.858989238739014,4.7748541831970215,0.0003,0.0003,0.1
,,,,,15004,9.0,9,,,,,,
,,,,,15013,9.0,9,,,,,,
,,,,,15017,4.0,4,,,,,,
,,,,,15020,3.0,3,,,,,,
,,,,,15024,4.0,4,,,,,,
,,,,,15031,7.0,7,,,,,,
,,,,,15038,7.0,7,,,,,,
,,,,,15043,5.0,5,,,,,,
,,,,,15047,4.0,4,,,,,,
,,,,,15051,4.0,4,,,,,,
,,,,,15061,10.0,10,,,,,,
,,,,,15065,4.0,4,,,,,,
,,,,,15070,5.0,5,,,,,,
,,,,,15078,8.0,8,,,,,,
,,,,,15083,5.0,5,,,,,,
,,,,,15086,3.0,3,,,,,,
,,,,,15091,5.0,5,,,,,,
,,,,,15099,8.0,8,,,,,,
,,,,,15103,4.0,4,,,,,,
,,,,,15111,8.0,8,,,,,,
,,,,,15118,7.0,7,,,,,,
,,,,,15121,3.0,3,,,,,,
,,,,,15137,16.0,16,,,,,,
,,,,,15148,11.0,11,,,,,,
,,,,,15163,15.0,15,,,,,,
,,,,,15170,7.0,7,,,,,,
,,,,,15179,9.0,9,,,,,,
,,,,,15182,3.0,3,,,,,,
,,,,,15190,8.0,8,,,,,,
,,,,,15195,5.0,5,,,,,,
,,,,,15199,4.0,4,,,,,,
,,,,,15206,7.0,7,,,,,,
,,,,,15216,10.0,10,,,,,,
,,,,,15225,9.0,9,,,,,,
,,,,,15229,4.0,4,,,,,,
,,,,,15241,12.0,12,,,,,,
,,,,,15245,4.0,4,,,,,,
,,,,,15250,5.0,5,,,,,,
,,,,,15260,10.0,10,,,,,,
,,,,,15265,5.0,5,,,,,,
,,,,,15269,4.0,4,,,,,,
,,,,,15274,5.0,5,,,,,,
,,,,,15281,7.0,7,,,,,,
,,,,,15287,6.0,6,,,,,,
,,,,,15295,8.0,8,,,,,,
,,,,,15299,4.0,4,,,,,,
,,,,,15302,3.0,3,,,,,,
,,,,,15308,6.0,6,,,,,,
,,,,,15312,4.0,4,,,,,,
,,,,,15316,4.0,4,,,,,,
,,,,,15320,4.0,4,,,,,,
,,,,,15335,15.0,15,,,,,,
,,,,,15339,4.0,4,,,,,,
,,,,,15344,5.0,5,,,,,,
,,,,,15348,4.0,4,,,,,,
,,,,,15353,5.0,5,,,,,,
,,,,,15356,3.0,3,,,,,,
,,,,,15359,3.0,3,,,,,,
,,,,,15365,6.0,6,,,,,,
,,,,,15369,4.0,4,,,,,,
,,,,,15372,3.0,3,,,,,,
,,,,,15384,12.0,12,,,,,,
,,,,,15388,4.0,4,,,,,,
,,,,,15391,3.0,3,,,,,,
,,,,,15397,6.0,6,,,,,,
,,,,,15401,4.0,4,,,,,,
,,,,,15407,6.0,6,,,,,,
,,,,,15411,4.0,4,,,,,,
,,,,,15431,20.0,20,,,,,,
,,,,,15438,7.0,7,,,,,,
,,,,,15446,8.0,8,,,,,,
,,,,,15449,3.0,3,,,,,,
,,,,,15454,5.0,5,,,,,,
,,,,,15465,11.0,11,,,,,,
,,,,,15473,8.0,8,,,,,,
,,,,,15483,10.0,10,,,,,,
,,,,,15493,10.0,10,,,,,,
,,,,,15503,10.0,10,,,,,,
,,,,,15513,10.0,10,,,,,,
,,,,,15541,28.0,28,,,,,,
,,,,,15546,5.0,5,,,,,,
,,,,,15553,7.0,7,,,,,,
,,,,,15558,5.0,5,,,,,,
,,,,,15569,11.0,11,,,,,,
,,,,,15581,12.0,12,,,,,,
,,,,,15590,9.0,9,,,,,,
,,,,,15596,6.0,6,,,,,,
,,,,,15610,14.0,14,,,,,,
,,,,,15619,9.0,9,,,,,,
,,,,,15628,9.0,9,,,,,,
,,,,,15632,4.0,4,,,,,,
,,,,,15638,6.0,6,,,,,,
,,,,,15647,9.0,9,,,,,,
,,,,,15653,6.0,6,,,,,,
,,,,,15670,17.0,17,,,,,,
,,,,,15673,3.0,3,,,,,,
,,,,,15679,6.0,6,,,,,,
,,,,,15684,5.0,5,,,,,,
,,,,,15689,5.0,5,,,,,,
,,,,,15702,13.0,13,,,,,,
,,,,,15708,6.0,6,,,,,,
,,,,,15712,4.0,4,,,,,,
,,,,,15722,10.0,10,,,,,,
,,,,,15725,3.0,3,,,,,,
,,,,,15729,4.0,4,,,,,,
,,,,,15735,6.0,6,,,,,,
,,,,,15739,4.0,4,,,,,,
,,,,,15752,13.0,13,,,,,,
,,,,,15757,5.0,5,,,,,,
,,,,,15763,6.0,6,,,,,,
,,,,,15778,15.0,15,,,,,,
,,,,,15781,3.0,3,,,,,,
,,,,,15789,8.0,8,,,,,,
,,,,,15793,4.0,4,,,,,,
,,,,,15808,15.0,15,,,,,,
,,,,,15821,13.0,13,,,,,,
,,,,,15826,5.0,5,,,,,,
,,,,,15837,11.0,11,,,,,,
,,,,,15841,4.0,4,,,,,,
,,,,,15847,6.0,6,,,,,,
,,,,,15862,15.0,15,,,,,,
,,,,,15872,10.0,10,,,,,,
,,,,,15875,3.0,3,,,,,,
,,,,,15880,5.0,5,,,,,,
,,,,,15890,10.0,10,,,,,,
,,,,,15897,7.0,7,,,,,,
,,,,,15902,5.0,5,,,,,,
,,,,,15905,3.0,3,,,,,,
,,,,,15909,4.0,4,,,,,,
,,,,,15926,17.0,17,,,,,,
,,,,,15933,7.0,7,,,,,,
,,,,,15942,9.0,9,,,,,,
,,,,,15946,4.0,4,,,,,,
,,,,,15950,4.0,4,,,,,,
,,,,,15956,6.0,6,,,,,,
,,,,,15962,6.0,6,,,,,,
,,,,,15968,6.0,6,,,,,,
,,,,,15971,3.0,3,,,,,,
,,,,,15979,8.0,8,,,,,,
,,,,,15988,9.0,9,,,,,,
,,,,,15992,4.0,4,,,,,,
,,,,,15998,6.0,6,,,,,,
,,,,,16000,,,2.310318946838379,5.136194229125977,4.888704299926758,0.0003,0.0003,0.1
,,,,,16004,6.0,6,,,,,,
,,,,,16017,13.0,13,,,,,,
,,,,,16021,4.0,4,,,,,,
,,,,,16026,5.0,5,,,,,,
,,,,,16035,9.0,9,,,,,,
,,,,,16041,6.0,6,,,,,,
,,,,,16047,6.0,6,,,,,,
,,,,,16052,5.0,5,,,,,,
,,,,,16055,3.0,3,,,,,,
,,,,,16059,4.0,4,,,,,,
,,,,,16063,4.0,4,,,,,,
,,,,,16069,6.0,6,,,,,,
,,,,,16076,7.0,7,,,,,,
,,,,,16079,3.0,3,,,,,,
,,,,,16085,6.0,6,,,,,,
,,,,,16090,5.0,5,,,,,,
,,,,,16098,8.0,8,,,,,,
,,,,,16104,6.0,6,,,,,,
,,,,,16107,3.0,3,,,,,,
,,,,,16119,12.0,12,,,,,,
,,,,,16129,10.0,10,,,,,,
,,,,,16133,4.0,4,,,,,,
,,,,,16136,3.0,3,,,,,,
,,,,,16140,4.0,4,,,,,,
,,,,,16148,8.0,8,,,,,,
,,,,,16152,4.0,4,,,,,,
,,,,,16159,7.0,7,,,,,,
,,,,,16171,12.0,12,,,,,,
,,,,,16191,20.0,20,,,,,,
,,,,,16199,8.0,8,,,,,,
,,,,,16205,6.0,6,,,,,,
,,,,,16214,9.0,9,,,,,,
,,,,,16217,3.0,3,,,,,,
,,,,,16220,3.0,3,,,,,,
,,,,,16227,7.0,7,,,,,,
,,,,,16249,22.0,22,,,,,,
,,,,,16255,6.0,6,,,,,,
,,,,,16260,5.0,5,,,,,,
,,,,,16265,5.0,5,,,,,,
,,,,,16268,3.0,3,,,,,,
,,,,,16274,6.0,6,,,,,,
,,,,,16278,4.0,4,,,,,,
,,,,,16284,6.0,6,,,,,,
,,,,,16289,5.0,5,,,,,,
,,,,,16294,5.0,5,,,,,,
,,,,,16298,4.0,4,,,,,,
,,,,,16304,6.0,6,,,,,,
,,,,,16315,11.0,11,,,,,,
,,,,,16334,19.0,19,,,,,,
,,,,,16346,12.0,12,,,,,,
,,,,,16353,7.0,7,,,,,,
,,,,,16370,17.0,17,,,,,,
,,,,,16386,16.0,16,,,,,,
,,,,,16396,10.0,10,,,,,,
,,,,,16408,12.0,12,,,,,,
,,,,,16411,3.0,3,,,,,,
,,,,,16418,7.0,7,,,,,,
,,,,,16423,5.0,5,,,,,,
,,,,,16430,7.0,7,,,,,,
,,,,,16445,15.0,15,,,,,,
,,,,,16453,8.0,8,,,,,,
,,,,,16461,8.0,8,,,,,,
,,,,,16464,3.0,3,,,,,,
,,,,,16473,9.0,9,,,,,,
,,,,,16477,4.0,4,,,,,,
,,,,,16483,6.0,6,,,,,,
,,,,,16488,5.0,5,,,,,,
,,,,,16493,5.0,5,,,,,,
,,,,,16506,13.0,13,,,,,,
,,,,,16510,4.0,4,,,,,,
,,,,,16513,3.0,3,,,,,,
,,,,,16518,5.0,5,,,,,,
,,,,,16523,5.0,5,,,,,,
,,,,,16527,4.0,4,,,,,,
,,,,,16530,3.0,3,,,,,,
,,,,,16533,3.0,3,,,,,,
,,,,,16539,6.0,6,,,,,,
,,,,,16543,4.0,4,,,,,,
,,,,,16550,7.0,7,,,,,,
,,,,,16562,12.0,12,,,,,,
,,,,,16566,4.0,4,,,,,,
,,,,,16576,10.0,10,,,,,,
,,,,,16581,5.0,5,,,,,,
,,,,,16587,6.0,6,,,,,,
,,,,,16590,3.0,3,,,,,,
,,,,,16598,8.0,8,,,,,,
,,,,,16601,3.0,3,,,,,,
,,,,,16612,11.0,11,,,,,,
,,,,,16618,6.0,6,,,,,,
,,,,,16626,8.0,8,,,,,,
,,,,,16642,16.0,16,,,,,,
,,,,,16666,24.0,24,,,,,,
,,,,,16672,6.0,6,,,,,,
,,,,,16678,6.0,6,,,,,,
,,,,,16686,8.0,8,,,,,,
,,,,,16689,3.0,3,,,,,,
,,,,,16692,3.0,3,,,,,,
,,,,,16700,8.0,8,,,,,,
,,,,,16706,6.0,6,,,,,,
,,,,,16715,9.0,9,,,,,,
,,,,,16720,5.0,5,,,,,,
,,,,,16723,3.0,3,,,,,,
,,,,,16727,4.0,4,,,,,,
,,,,,16741,14.0,14,,,,,,
,,,,,16747,6.0,6,,,,,,
,,,,,16751,4.0,4,,,,,,
,,,,,16754,3.0,3,,,,,,
,,,,,16757,3.0,3,,,,,,
,,,,,16769,12.0,12,,,,,,
,,,,,16774,5.0,5,,,,,,
,,,,,16782,8.0,8,,,,,,
,,,,,16798,16.0,16,,,,,,
,,,,,16806,8.0,8,,,,,,
,,,,,16811,5.0,5,,,,,,
,,,,,16815,4.0,4,,,,,,
,,,,,16820,5.0,5,,,,,,
,,,,,16823,3.0,3,,,,,,
,,,,,16834,11.0,11,,,,,,
,,,,,16838,4.0,4,,,,,,
,,,,,16846,8.0,8,,,,,,
,,,,,16850,4.0,4,,,,,,
,,,,,16855,5.0,5,,,,,,
,,,,,16861,6.0,6,,,,,,
,,,,,16866,5.0,5,,,,,,
,,,,,16870,4.0,4,,,,,,
,,,,,16874,4.0,4,,,,,,
,,,,,16885,11.0,11,,,,,,
,,,,,16892,7.0,7,,,,,,
,,,,,16899,7.0,7,,,,,,
,,,,,16904,5.0,5,,,,,,
,,,,,16914,10.0,10,,,,,,
,,,,,16922,8.0,8,,,,,,
,,,,,16925,3.0,3,,,,,,
,,,,,16928,3.0,3,,,,,,
,,,,,16933,5.0,5,,,,,,
,,,,,16939,6.0,6,,,,,,
,,,,,16944,5.0,5,,,,,,
,,,,,16950,6.0,6,,,,,,
,,,,,16956,6.0,6,,,,,,
,,,,,16959,3.0,3,,,,,,
,,,,,16962,3.0,3,,,,,,
,,,,,16973,11.0,11,,,,,,
,,,,,16977,4.0,4,,,,,,
,,,,,16982,5.0,5,,,,,,
,,,,,16993,11.0,11,,,,,,
,,,,,16997,4.0,4,,,,,,
,,,,,17000,,,1.9825115203857422,4.875360012054443,5.052436828613281,0.0003,0.0003,0.1
,,,,,17010,13.0,13,,,,,,
,,,,,17014,4.0,4,,,,,,
,,,,,17018,4.0,4,,,,,,
,,,,,17021,3.0,3,,,,,,
,,,,,17033,12.0,12,,,,,,
,,,,,17043,10.0,10,,,,,,
,,,,,17055,12.0,12,,,,,,
,,,,,17072,17.0,17,,,,,,
,,,,,17076,4.0,4,,,,,,
,,,,,17084,8.0,8,,,,,,
,,,,,17093,9.0,9,,,,,,
,,,,,17100,7.0,7,,,,,,
,,,,,17106,6.0,6,,,,,,
,,,,,17112,6.0,6,,,,,,
,,,,,17116,4.0,4,,,,,,
,,,,,17137,21.0,21,,,,,,
,,,,,17143,6.0,6,,,,,,
,,,,,17155,12.0,12,,,,,,
,,,,,17174,19.0,19,,,,,,
,,,,,17179,5.0,5,,,,,,
,,,,,17182,3.0,3,,,,,,
,,,,,17185,3.0,3,,,,,,
,,,,,17190,5.0,5,,,,,,
,,,,,17194,4.0,4,,,,,,
,,,,,17197,3.0,3,,,,,,
,,,,,17204,7.0,7,,,,,,
,,,,,17214,10.0,10,,,,,,
,,,,,17219,5.0,5,,,,,,
,,,,,17227,8.0,8,,,,,,
,,,,,17233,6.0,6,,,,,,
,,,,,17244,11.0,11,,,,,,
,,,,,17247,3.0,3,,,,,,
,,,,,17253,6.0,6,,,,,,
,,,,,17257,4.0,4,,,,,,
,,,,,17261,4.0,4,,,,,,
,,,,,17267,6.0,6,,,,,,
,,,,,17270,3.0,3,,,,,,
,,,,,17284,14.0,14,,,,,,
,,,,,17287,3.0,3,,,,,,
,,,,,17294,7.0,7,,,,,,
,,,,,17298,4.0,4,,,,,,
,,,,,17303,5.0,5,,,,,,
,,,,,17306,3.0,3,,,,,,
,,,,,17315,9.0,9,,,,,,
,,,,,17319,4.0,4,,,,,,
,,,,,17329,10.0,10,,,,,,
,,,,,17335,6.0,6,,,,,,
,,,,,17338,3.0,3,,,,,,
,,,,,17343,5.0,5,,,,,,
,,,,,17347,4.0,4,,,,,,
,,,,,17360,13.0,13,,,,,,
,,,,,17366,6.0,6,,,,,,
,,,,,17371,5.0,5,,,,,,
,,,,,17376,5.0,5,,,,,,
,,,,,17380,4.0,4,,,,,,
,,,,,17387,7.0,7,,,,,,
,,,,,17395,8.0,8,,,,,,
,,,,,17398,3.0,3,,,,,,
,,,,,17406,8.0,8,,,,,,
,,,,,17413,7.0,7,,,,,,
,,,,,17419,6.0,6,,,,,,
,,,,,17432,13.0,13,,,,,,
,,,,,17435,3.0,3,,,,,,
,,,,,17439,4.0,4,,,,,,
,,,,,17444,5.0,5,,,,,,
,,,,,17447,3.0,3,,,,,,
,,,,,17456,9.0,9,,,,,,
,,,,,17466,10.0,10,,,,,,
,,,,,17470,4.0,4,,,,,,
,,,,,17479,9.0,9,,,,,,
,,,,,17483,4.0,4,,,,,,
,,,,,17492,9.0,9,,,,,,
,,,,,17501,9.0,9,,,,,,
,,,,,17512,11.0,11,,,,,,
,,,,,17517,5.0,5,,,,,,
,,,,,17535,18.0,18,,,,,,
,,,,,17542,7.0,7,,,,,,
,,,,,17549,7.0,7,,,,,,
,,,,,17553,4.0,4,,,,,,
,,,,,17560,7.0,7,,,,,,
,,,,,17575,15.0,15,,,,,,
,,,,,17578,3.0,3,,,,,,
,,,,,17583,5.0,5,,,,,,
,,,,,17587,4.0,4,,,,,,
,,,,,17594,7.0,7,,,,,,
,,,,,17598,4.0,4,,,,,,
,,,,,17603,5.0,5,,,,,,
,,,,,17606,3.0,3,,,,,,
,,,,,17611,5.0,5,,,,,,
,,,,,17618,7.0,7,,,,,,
,,,,,17625,7.0,7,,,,,,
,,,,,17630,5.0,5,,,,,,
,,,,,17638,8.0,8,,,,,,
,,,,,17644,6.0,6,,,,,,
,,,,,17658,14.0,14,,,,,,
,,,,,17662,4.0,4,,,,,,
,,,,,17677,15.0,15,,,,,,
,,,,,17682,5.0,5,,,,,,
,,,,,17688,6.0,6,,,,,,
,,,,,17692,4.0,4,,,,,,
,,,,,17697,5.0,5,,,,,,
,,,,,17701,4.0,4,,,,,,
,,,,,17711,10.0,10,,,,,,
,,,,,17715,4.0,4,,,,,,
,,,,,17720,5.0,5,,,,,,
,,,,,17724,4.0,4,,,,,,
,,,,,17729,5.0,5,,,,,,
,,,,,17735,6.0,6,,,,,,
,,,,,17742,7.0,7,,,,,,
,,,,,17747,5.0,5,,,,,,
,,,,,17756,9.0,9,,,,,,
,,,,,17762,6.0,6,,,,,,
,,,,,17772,10.0,10,,,,,,
,,,,,17782,10.0,10,,,,,,
,,,,,17787,5.0,5,,,,,,
,,,,,17793,6.0,6,,,,,,
,,,,,17805,12.0,12,,,,,,
,,,,,17814,9.0,9,,,,,,
,,,,,17819,5.0,5,,,,,,
,,,,,17822,3.0,3,,,,,,
,,,,,17839,17.0,17,,,,,,
,,,,,17846,7.0,7,,,,,,
,,,,,17854,8.0,8,,,,,,
,,,,,17857,3.0,3,,,,,,
,,,,,17865,8.0,8,,,,,,
,,,,,17868,3.0,3,,,,,,
,,,,,17872,4.0,4,,,,,,
,,,,,17876,4.0,4,,,,,,
,,,,,17886,10.0,10,,,,,,
,,,,,17899,13.0,13,,,,,,
,,,,,17907,8.0,8,,,,,,
,,,,,17913,6.0,6,,,,,,
,,,,,17918,5.0,5,,,,,,
,,,,,17927,9.0,9,,,,,,
,,,,,17935,8.0,8,,,,,,
,,,,,17941,6.0,6,,,,,,
,,,,,17948,7.0,7,,,,,,
,,,,,17968,20.0,20,,,,,,
,,,,,17974,6.0,6,,,,,,
,,,,,17982,8.0,8,,,,,,
,,,,,17991,9.0,9,,,,,,
,,,,,17994,3.0,3,,,,,,
,,,,,17998,4.0,4,,,,,,
,,,,,18000,,,2.3094115257263184,4.969870090484619,4.853787422180176,0.0003,0.0003,0.1
,,,,,18001,3.0,3,,,,,,
,,,,,18008,7.0,7,,,,,,
,,,,,18014,6.0,6,,,,,,
,,,,,18018,4.0,4,,,,,,
,,,,,18022,4.0,4,,,,,,
,,,,,18026,4.0,4,,,,,,
,,,,,18036,10.0,10,,,,,,
,,,,,18042,6.0,6,,,,,,
,,,,,18049,7.0,7,,,,,,
,,,,,18055,6.0,6,,,,,,
,,,,,18061,6.0,6,,,,,,
,,,,,18066,5.0,5,,,,,,
,,,,,18069,3.0,3,,,,,,
,,,,,18074,5.0,5,,,,,,
,,,,,18085,11.0,11,,,,,,
,,,,,18096,11.0,11,,,,,,
,,,,,18099,3.0,3,,,,,,
,,,,,18102,3.0,3,,,,,,
,,,,,18112,10.0,10,,,,,,
,,,,,18119,7.0,7,,,,,,
,,,,,18124,5.0,5,,,,,,
,,,,,18128,4.0,4,,,,,,
,,,,,18139,11.0,11,,,,,,
,,,,,18144,5.0,5,,,,,,
,,,,,18148,4.0,4,,,,,,
,,,,,18160,12.0,12,,,,,,
,,,,,18164,4.0,4,,,,,,
,,,,,18171,7.0,7,,,,,,
,,,,,18179,8.0,8,,,,,,
,,,,,18185,6.0,6,,,,,,
,,,,,18189,4.0,4,,,,,,
,,,,,18205,16.0,16,,,,,,
,,,,,18209,4.0,4,,,,,,
,,,,,18215,6.0,6,,,,,,
,,,,,18220,5.0,5,,,,,,
,,,,,18231,11.0,11,,,,,,
,,,,,18236,5.0,5,,,,,,
,,,,,18240,4.0,4,,,,,,
,,,,,18245,5.0,5,,,,,,
,,,,,18250,5.0,5,,,,,,
,,,,,18254,4.0,4,,,,,,
,,,,,18258,4.0,4,,,,,,
,,,,,18261,3.0,3,,,,,,
,,,,,18265,4.0,4,,,,,,
,,,,,18272,7.0,7,,,,,,
,,,,,18278,6.0,6,,,,,,
,,,,,18283,5.0,5,,,,,,
,,,,,18288,5.0,5,,,,,,
,,,,,18291,3.0,3,,,,,,
,,,,,18296,5.0,5,,,,,,
,,,,,18312,16.0,16,,,,,,
,,,,,18315,3.0,3,,,,,,
,,,,,18328,13.0,13,,,,,,
,,,,,18337,9.0,9,,,,,,
,,,,,18341,4.0,4,,,,,,
,,,,,18347,6.0,6,,,,,,
,,,,,18355,8.0,8,,,,,,
,,,,,18362,7.0,7,,,,,,
,,,,,18366,4.0,4,,,,,,
,,,,,18381,15.0,15,,,,,,
,,,,,18391,10.0,10,,,,,,
,,,,,18397,6.0,6,,,,,,
,,,,,18400,3.0,3,,,,,,
,,,,,18411,11.0,11,,,,,,
,,,,,18417,6.0,6,,,,,,
,,,,,18421,4.0,4,,,,,,
,,,,,18426,5.0,5,,,,,,
,,,,,18435,9.0,9,,,,,,
,,,,,18438,3.0,3,,,,,,
,,,,,18442,4.0,4,,,,,,
,,,,,18446,4.0,4,,,,,,
,,,,,18464,18.0,18,,,,,,
,,,,,18469,5.0,5,,,,,,
,,,,,18478,9.0,9,,,,,,
,,,,,18484,6.0,6,,,,,,
,,,,,18487,3.0,3,,,,,,
,,,,,18496,9.0,9,,,,,,
,,,,,18501,5.0,5,,,,,,
,,,,,18505,4.0,4,,,,,,
,,,,,18514,9.0,9,,,,,,
,,,,,18519,5.0,5,,,,,,
,,,,,18538,19.0,19,,,,,,
,,,,,18554,16.0,16,,,,,,
,,,,,18558,4.0,4,,,,,,
,,,,,18578,20.0,20,,,,,,
,,,,,18588,10.0,10,,,,,,
,,,,,18594,6.0,6,,,,,,
,,,,,18599,5.0,5,,,,,,
,,,,,18604,5.0,5,,,,,,
,,,,,18616,12.0,12,,,,,,
,,,,,18619,3.0,3,,,,,,
,,,,,18629,10.0,10,,,,,,
,,,,,18633,4.0,4,,,,,,
,,,,,18644,11.0,11,,,,,,
,,,,,18649,5.0,5,,,,,,
,,,,,18653,4.0,4,,,,,,
,,,,,18658,5.0,5,,,,,,
,,,,,18664,6.0,6,,,,,,
,,,,,18667,3.0,3,,,,,,
,,,,,18672,5.0,5,,,,,,
,,,,,18679,7.0,7,,,,,,
,,,,,18687,8.0,8,,,,,,
,,,,,18698,11.0,11,,,,,,
,,,,,18707,9.0,9,,,,,,
,,,,,18715,8.0,8,,,,,,
,,,,,18720,5.0,5,,,,,,
,,,,,18724,4.0,4,,,,,,
,,,,,18728,4.0,4,,,,,,
,,,,,18736,8.0,8,,,,,,
,,,,,18752,16.0,16,,,,,,
,,,,,18770,18.0,18,,,,,,
,,,,,18774,4.0,4,,,,,,
,,,,,18778,4.0,4,,,,,,
,,,,,18781,3.0,3,,,,,,
,,,,,18789,8.0,8,,,,,,
,,,,,18794,5.0,5,,,,,,
,,,,,18797,3.0,3,,,,,,
,,,,,18806,9.0,9,,,,,,
,,,,,18810,4.0,4,,,,,,
,,,,,18826,16.0,16,,,,,,
,,,,,18834,8.0,8,,,,,,
,,,,,18838,4.0,4,,,,,,
,,,,,18846,8.0,8,,,,,,
,,,,,18854,8.0,8,,,,,,
,,,,,18873,19.0,19,,,,,,
,,,,,18878,5.0,5,,,,,,
,,,,,18882,4.0,4,,,,,,
,,,,,18885,3.0,3,,,,,,
,,,,,18892,7.0,7,,,,,,
,,,,,18903,11.0,11,,,,,,
,,,,,18912,9.0,9,,,,,,
,,,,,18918,6.0,6,,,,,,
,,,,,18925,7.0,7,,,,,,
,,,,,18950,25.0,25,,,,,,
,,,,,18967,17.0,17,,,,,,
,,,,,18974,7.0,7,,,,,,
,,,,,18980,6.0,6,,,,,,
,,,,,18983,3.0,3,,,,,,
,,,,,18988,5.0,5,,,,,,
,,,,,18992,4.0,4,,,,,,
,,,,,18998,6.0,6,,,,,,
,,,,,19000,,,1.744537591934204,4.650944709777832,4.746406555175781,0.0003,0.0003,0.1
,,,,,19004,6.0,6,,,,,,
,,,,,19010,6.0,6,,,,,,
,,,,,19015,5.0,5,,,,,,
,,,,,19020,5.0,5,,,,,,
,,,,,19031,11.0,11,,,,,,
,,,,,19034,3.0,3,,,,,,
,,,,,19038,4.0,4,,,,,,
,,,,,19043,5.0,5,,,,,,
,,,,,19050,7.0,7,,,,,,
,,,,,19063,13.0,13,,,,,,
,,,,,19067,4.0,4,,,,,,
,,,,,19074,7.0,7,,,,,,
,,,,,19079,5.0,5,,,,,,
,,,,,19094,15.0,15,,,,,,
,,,,,19100,6.0,6,,,,,,
,,,,,19105,5.0,5,,,,,,
,,,,,19108,3.0,3,,,,,,
,,,,,19113,5.0,5,,,,,,
,,,,,19119,6.0,6,,,,,,
,,,,,19128,9.0,9,,,,,,
,,,,,19132,4.0,4,,,,,,
,,,,,19136,4.0,4,,,,,,
,,,,,19144,8.0,8,,,,,,
,,,,,19150,6.0,6,,,,,,
,,,,,19161,11.0,11,,,,,,
,,,,,19165,4.0,4,,,,,,
,,,,,19172,7.0,7,,,,,,
,,,,,19179,7.0,7,,,,,,
,,,,,19183,4.0,4,,,,,,
,,,,,19187,4.0,4,,,,,,
,,,,,19194,7.0,7,,,,,,
,,,,,19203,9.0,9,,,,,,
,,,,,19207,4.0,4,,,,,,
,,,,,19210,3.0,3,,,,,,
,,,,,19213,3.0,3,,,,,,
,,,,,19216,3.0,3,,,,,,
,,,,,19219,3.0,3,,,,,,
,,,,,19232,13.0,13,,,,,,
,,,,,19242,10.0,10,,,,,,
,,,,,19247,5.0,5,,,,,,
,,,,,19252,5.0,5,,,,,,
,,,,,19255,3.0,3,,,,,,
,,,,,19264,9.0,9,,,,,,
,,,,,19271,7.0,7,,,,,,
,,,,,19277,6.0,6,,,,,,
,,,,,19283,6.0,6,,,,,,
,,,,,19288,5.0,5,,,,,,
,,,,,19295,7.0,7,,,,,,
,,,,,19298,3.0,3,,,,,,
,,,,,19305,7.0,7,,,,,,
,,,,,19308,3.0,3,,,,,,
,,,,,19318,10.0,10,,,,,,
,,,,,19331,13.0,13,,,,,,
,,,,,19339,8.0,8,,,,,,
,,,,,19344,5.0,5,,,,,,
,,,,,19349,5.0,5,,,,,,
,,,,,19362,13.0,13,,,,,,
,,,,,19379,17.0,17,,,,,,
,,,,,19382,3.0,3,,,,,,
,,,,,19387,5.0,5,,,,,,
,,,,,19396,9.0,9,,,,,,
,,,,,19402,6.0,6,,,,,,
,,,,,19410,8.0,8,,,,,,
,,,,,19419,9.0,9,,,,,,
,,,,,19426,7.0,7,,,,,,
,,,,,19431,5.0,5,,,,,,
,,,,,19439,8.0,8,,,,,,
,,,,,19442,3.0,3,,,,,,
,,,,,19446,4.0,4,,,,,,
,,,,,19450,4.0,4,,,,,,
,,,,,19454,4.0,4,,,,,,
,,,,,19458,4.0,4,,,,,,
,,,,,19463,5.0,5,,,,,,
,,,,,19473,10.0,10,,,,,,
,,,,,19482,9.0,9,,,,,,
,,,,,19486,4.0,4,,,,,,
,,,,,19494,8.0,8,,,,,,
,,,,,19499,5.0,5,,,,,,
,,,,,19504,5.0,5,,,,,,
,,,,,19508,4.0,4,,,,,,
,,,,,19512,4.0,4,,,,,,
,,,,,19518,6.0,6,,,,,,
,,,,,19524,6.0,6,,,,,,
,,,,,19532,8.0,8,,,,,,
,,,,,19537,5.0,5,,,,,,
,,,,,19549,12.0,12,,,,,,
,,,,,19558,9.0,9,,,,,,
,,,,,19563,5.0,5,,,,,,
,,,,,19567,4.0,4,,,,,,
,,,,,19571,4.0,4,,,,,,
,,,,,19575,4.0,4,,,,,,
,,,,,19586,11.0,11,,,,,,
,,,,,19610,24.0,24,,,,,,
,,,,,19617,7.0,7,,,,,,
,,,,,19620,3.0,3,,,,,,
,,,,,19623,3.0,3,,,,,,
,,,,,19627,4.0,4,,,,,,
,,,,,19636,9.0,9,,,,,,
,,,,,19647,11.0,11,,,,,,
,,,,,19650,3.0,3,,,,,,
,,,,,19661,11.0,11,,,,,,
,,,,,19665,4.0,4,,,,,,
,,,,,19673,8.0,8,,,,,,
,,,,,19678,5.0,5,,,,,,
,,,,,19682,4.0,4,,,,,,
,,,,,19687,5.0,5,,,,,,
,,,,,19693,6.0,6,,,,,,
,,,,,19697,4.0,4,,,,,,
,,,,,19703,6.0,6,,,,,,
,,,,,19714,11.0,11,,,,,,
,,,,,19720,6.0,6,,,,,,
,,,,,19725,5.0,5,,,,,,
,,,,,19732,7.0,7,,,,,,
,,,,,19737,5.0,5,,,,,,
,,,,,19742,5.0,5,,,,,,
,,,,,19746,4.0,4,,,,,,
,,,,,19753,7.0,7,,,,,,
,,,,,19762,9.0,9,,,,,,
,,,,,19770,8.0,8,,,,,,
,,,,,19777,7.0,7,,,,,,
,,,,,19788,11.0,11,,,,,,
,,,,,19801,13.0,13,,,,,,
,,,,,19810,9.0,9,,,,,,
,,,,,19813,3.0,3,,,,,,
,,,,,19818,5.0,5,,,,,,
,,,,,19826,8.0,8,,,,,,
,,,,,19837,11.0,11,,,,,,
,,,,,19844,7.0,7,,,,,,
,,,,,19848,4.0,4,,,,,,
,,,,,19855,7.0,7,,,,,,
,,,,,19859,4.0,4,,,,,,
,,,,,19876,17.0,17,,,,,,
,,,,,19880,4.0,4,,,,,,
,,,,,19886,6.0,6,,,,,,
,,,,,19889,3.0,3,,,,,,
,,,,,19896,7.0,7,,,,,,
,,,,,19899,3.0,3,,,,,,
,,,,,19902,3.0,3,,,,,,
,,,,,19907,5.0,5,,,,,,
,,,,,19914,7.0,7,,,,,,
,,,,,19917,3.0,3,,,,,,
,,,,,19924,7.0,7,,,,,,
,,,,,19936,12.0,12,,,,,,
,,,,,19940,4.0,4,,,,,,
,,,,,19946,6.0,6,,,,,,
,,,,,19951,5.0,5,,,,,,
,,,,,19957,6.0,6,,,,,,
,,,,,19962,5.0,5,,,,,,
,,,,,19965,3.0,3,,,,,,
,,,,,19970,5.0,5,,,,,,
,,,,,19978,8.0,8,,,,,,
,,,,,19983,5.0,5,,,,,,
,,,,,19987,4.0,4,,,,,,
,,,,,19993,6.0,6,,,,,,
,,,,,19998,5.0,5,,,,,,
7.1,5.575841,23.0,4.0,7.1,20000,,,1.606886625289917,4.589869499206543,4.409696578979492,0.0003,0.0003,0.1
,,,,,20002,4.0,4,,,,,,
,,,,,20006,4.0,4,,,,,,
,,,,,20011,5.0,5,,,,,,
,,,,,20018,7.0,7,,,,,,
,,,,,20023,5.0,5,,,,,,
,,,,,20026,3.0,3,,,,,,
,,,,,20032,6.0,6,,,,,,
,,,,,20039,7.0,7,,,,,,
,,,,,20042,3.0,3,,,,,,
,,,,,20051,9.0,9,,,,,,
,,,,,20062,11.0,11,,,,,,
,,,,,20065,3.0,3,,,,,,
,,,,,20069,4.0,4,,,,,,
,,,,,20087,18.0,18,,,,,,
,,,,,20093,6.0,6,,,,,,
,,,,,20097,4.0,4,,,,,,
,,,,,20102,5.0,5,,,,,,
,,,,,20106,4.0,4,,,,,,
,,,,,20110,4.0,4,,,,,,
,,,,,20113,3.0,3,,,,,,
,,,,,20117,4.0,4,,,,,,
,,,,,20124,7.0,7,,,,,,
,,,,,20129,5.0,5,,,,,,
,,,,,20135,6.0,6,,,,,,
,,,,,20141,6.0,6,,,,,,
,,,,,20144,3.0,3,,,,,,
,,,,,20147,3.0,3,,,,,,
,,,,,20150,3.0,3,,,,,,
,,,,,20155,5.0,5,,,,,,
,,,,,20161,6.0,6,,,,,,
,,,,,20164,3.0,3,,,,,,
,,,,,20169,5.0,5,,,,,,
,,,,,20191,22.0,22,,,,,,
,,,,,20198,7.0,7,,,,,,
,,,,,20214,16.0,16,,,,,,
,,,,,20226,12.0,12,,,,,,
,,,,,20230,4.0,4,,,,,,
,,,,,20236,6.0,6,,,,,,
,,,,,20251,15.0,15,,,,,,
,,,,,20254,3.0,3,,,,,,
,,,,,20258,4.0,4,,,,,,
,,,,,20279,21.0,21,,,,,,
,,,,,20282,3.0,3,,,,,,
,,,,,20288,6.0,6,,,,,,
,,,,,20303,15.0,15,,,,,,
,,,,,20309,6.0,6,,,,,,
,,,,,20317,8.0,8,,,,,,
,,,,,20326,9.0,9,,,,,,
,,,,,20330,4.0,4,,,,,,
,,,,,20343,13.0,13,,,,,,
,,,,,20346,3.0,3,,,,,,
,,,,,20352,6.0,6,,,,,,
,,,,,20355,3.0,3,,,,,,
,,,,,20361,6.0,6,,,,,,
,,,,,20367,6.0,6,,,,,,
,,,,,20373,6.0,6,,,,,,
,,,,,20379,6.0,6,,,,,,
,,,,,20383,4.0,4,,,,,,
,,,,,20386,3.0,3,,,,,,
,,,,,20393,7.0,7,,,,,,
,,,,,20397,4.0,4,,,,,,
,,,,,20401,4.0,4,,,,,,
,,,,,20405,4.0,4,,,,,,
,,,,,20409,4.0,4,,,,,,
,,,,,20413,4.0,4,,,,,,
,,,,,20420,7.0,7,,,,,,
,,,,,20431,11.0,11,,,,,,
,,,,,20439,8.0,8,,,,,,
,,,,,20442,3.0,3,,,,,,
,,,,,20446,4.0,4,,,,,,
,,,,,20449,3.0,3,,,,,,
,,,,,20456,7.0,7,,,,,,
,,,,,20471,15.0,15,,,,,,
,,,,,20485,14.0,14,,,,,,
,,,,,20488,3.0,3,,,,,,
,,,,,20493,5.0,5,,,,,,
,,,,,20505,12.0,12,,,,,,
,,,,,20510,5.0,5,,,,,,
,,,,,20516,6.0,6,,,,,,
,,,,,20520,4.0,4,,,,,,
,,,,,20524,4.0,4,,,,,,
,,,,,20531,7.0,7,,,,,,
,,,,,20538,7.0,7,,,,,,
,,,,,20544,6.0,6,,,,,,
,,,,,20565,21.0,21,,,,,,
,,,,,20571,6.0,6,,,,,,
,,,,,20574,3.0,3,,,,,,
,,,,,20578,4.0,4,,,,,,
,,,,,20582,4.0,4,,,,,,
,,,,,20586,4.0,4,,,,,,
,,,,,20589,3.0,3,,,,,,
,,,,,20596,7.0,7,,,,,,
,,,,,20601,5.0,5,,,,,,
,,,,,20608,7.0,7,,,,,,
,,,,,20617,9.0,9,,,,,,
,,,,,20623,6.0,6,,,,,,
,,,,,20638,15.0,15,,,,,,
,,,,,20648,10.0,10,,,,,,
,,,,,20653,5.0,5,,,,,,
,,,,,20659,6.0,6,,,,,,
,,,,,20663,4.0,4,,,,,,
,,,,,20669,6.0,6,,,,,,
,,,,,20674,5.0,5,,,,,,
,,,,,20686,12.0,12,,,,,,
,,,,,20692,6.0,6,,,,,,
,,,,,20695,3.0,3,,,,,,
,,,,,20698,3.0,3,,,,,,
,,,,,20714,16.0,16,,,,,,
,,,,,20717,3.0,3,,,,,,
,,,,,20723,6.0,6,,,,,,
,,,,,20729,6.0,6,,,,,,
,,,,,20739,10.0,10,,,,,,
,,,,,20749,10.0,10,,,,,,
,,,,,20753,4.0,4,,,,,,
,,,,,20758,5.0,5,,,,,,
,,,,,20762,4.0,4,,,,,,
,,,,,20767,5.0,5,,,,,,
,,,,,20771,4.0,4,,,,,,
,,,,,20775,4.0,4,,,,,,
,,,,,20779,4.0,4,,,,,,
,,,,,20792,13.0,13,,,,,,
,,,,,20796,4.0,4,,,,,,
,,,,,20800,4.0,4,,,,,,
,,,,,20808,8.0,8,,,,,,
,,,,,20816,8.0,8,,,,,,
,,,,,20824,8.0,8,,,,,,
,,,,,20831,7.0,7,,,,,,
,,,,,20838,7.0,7,,,,,,
,,,,,20841,3.0,3,,,,,,
,,,,,20845,4.0,4,,,,,,
,,,,,20848,3.0,3,,,,,,
,,,,,20851,3.0,3,,,,,,
,,,,,20857,6.0,6,,,,,,
,,,,,20862,5.0,5,,,,,,
,,,,,20865,3.0,3,,,,,,
,,,,,20878,13.0,13,,,,,,
,,,,,20883,5.0,5,,,,,,
,,,,,20887,4.0,4,,,,,,
,,,,,20891,4.0,4,,,,,,
,,,,,20898,7.0,7,,,,,,
,,,,,20903,5.0,5,,,,,,
,,,,,20909,6.0,6,,,,,,
,,,,,20914,5.0,5,,,,,,
,,,,,20922,8.0,8,,,,,,
,,,,,20927,5.0,5,,,,,,
,,,,,20934,7.0,7,,,,,,
,,,,,20946,12.0,12,,,,,,
,,,,,20950,4.0,4,,,,,,
,,,,,20953,3.0,3,,,,,,
,,,,,20968,15.0,15,,,,,,
,,,,,20989,21.0,21,,,,,,
,,,,,20992,3.0,3,,,,,,
,,,,,21000,8.0,8,,,,,,
,,,,,21000,,,1.8675987720489502,4.967551231384277,5.084108829498291,0.0003,0.0003,0.1
,,,,,21003,3.0,3,,,,,,
,,,,,21008,5.0,5,,,,,,
,,,,,21023,15.0,15,,,,,,
,,,,,21027,4.0,4,,,,,,
,,,,,21035,8.0,8,,,,,,
,,,,,21044,9.0,9,,,,,,
,,,,,21050,6.0,6,,,,,,
,,,,,21060,10.0,10,,,,,,
,,,,,21065,5.0,5,,,,,,
,,,,,21070,5.0,5,,,,,,
,,,,,21074,4.0,4,,,,,,
,,,,,21077,3.0,3,,,,,,
,,,,,21083,6.0,6,,,,,,
,,,,,21097,14.0,14,,,,,,
,,,,,21102,5.0,5,,,,,,
,,,,,21112,10.0,10,,,,,,
,,,,,21119,7.0,7,,,,,,
,,,,,21124,5.0,5,,,,,,
,,,,,21127,3.0,3,,,,,,
,,,,,21131,4.0,4,,,,,,
,,,,,21139,8.0,8,,,,,,
,,,,,21148,9.0,9,,,,,,
,,,,,21158,10.0,10,,,,,,
,,,,,21163,5.0,5,,,,,,
,,,,,21169,6.0,6,,,,,,
,,,,,21175,6.0,6,,,,,,
,,,,,21179,4.0,4,,,,,,
,,,,,21182,3.0,3,,,,,,
,,,,,21186,4.0,4,,,,,,
,,,,,21189,3.0,3,,,,,,
,,,,,21194,5.0,5,,,,,,
,,,,,21204,10.0,10,,,,,,
,,,,,21213,9.0,9,,,,,,
,,,,,21217,4.0,4,,,,,,
,,,,,21223,6.0,6,,,,,,
,,,,,21238,15.0,15,,,,,,
,,,,,21244,6.0,6,,,,,,
,,,,,21247,3.0,3,,,,,,
,,,,,21250,3.0,3,,,,,,
,,,,,21257,7.0,7,,,,,,
,,,,,21262,5.0,5,,,,,,
,,,,,21268,6.0,6,,,,,,
,,,,,21271,3.0,3,,,,,,
,,,,,21275,4.0,4,,,,,,
,,,,,21281,6.0,6,,,,,,
,,,,,21297,16.0,16,,,,,,
,,,,,21303,6.0,6,,,,,,
,,,,,21307,4.0,4,,,,,,
,,,,,21317,10.0,10,,,,,,
,,,,,21321,4.0,4,,,,,,
,,,,,21327,6.0,6,,,,,,
,,,,,21331,4.0,4,,,,,,
,,,,,21341,10.0,10,,,,,,
,,,,,21345,4.0,4,,,,,,
,,,,,21348,3.0,3,,,,,,
,,,,,21351,3.0,3,,,,,,
,,,,,21361,10.0,10,,,,,,
,,,,,21372,11.0,11,,,,,,
,,,,,21376,4.0,4,,,,,,
,,,,,21379,3.0,3,,,,,,
,,,,,21390,11.0,11,,,,,,
,,,,,21394,4.0,4,,,,,,
,,,,,21403,9.0,9,,,,,,
,,,,,21409,6.0,6,,,,,,
,,,,,21415,6.0,6,,,,,,
,,,,,21420,5.0,5,,,,,,
,,,,,21423,3.0,3,,,,,,
,,,,,21435,12.0,12,,,,,,
,,,,,21445,10.0,10,,,,,,
,,,,,21449,4.0,4,,,,,,
,,,,,21454,5.0,5,,,,,,
,,,,,21461,7.0,7,,,,,,
,,,,,21467,6.0,6,,,,,,
,,,,,21473,6.0,6,,,,,,
,,,,,21476,3.0,3,,,,,,
,,,,,21481,5.0,5,,,,,,
,,,,,21486,5.0,5,,,,,,
,,,,,21490,4.0,4,,,,,,
,,,,,21493,3.0,3,,,,,,
,,,,,21498,5.0,5,,,,,,
,,,,,21504,6.0,6,,,,,,
,,,,,21513,9.0,9,,,,,,
,,,,,21521,8.0,8,,,,,,
,,,,,21525,4.0,4,,,,,,
,,,,,21530,5.0,5,,,,,,
,,,,,21536,6.0,6,,,,,,
,,,,,21549,13.0,13,,,,,,
,,,,,21552,3.0,3,,,,,,
,,,,,21555,3.0,3,,,,,,
,,,,,21560,5.0,5,,,,,,
,,,,,21565,5.0,5,,,,,,
,,,,,21571,6.0,6,,,,,,
,,,,,21574,3.0,3,,,,,,
,,,,,21581,7.0,7,,,,,,
,,,,,21589,8.0,8,,,,,,
,,,,,21592,3.0,3,,,,,,
,,,,,21595,3.0,3,,,,,,
,,,,,21599,4.0,4,,,,,,
,,,,,21606,7.0,7,,,,,,
,,,,,21612,6.0,6,,,,,,
,,,,,21619,7.0,7,,,,,,
,,,,,21628,9.0,9,,,,,,
,,,,,21634,6.0,6,,,,,,
,,,,,21638,4.0,4,,,,,,
,,,,,21649,11.0,11,,,,,,
,,,,,21660,11.0,11,,,,,,
,,,,,21665,5.0,5,,,,,,
,,,,,21668,3.0,3,,,,,,
,,,,,21677,9.0,9,,,,,,
,,,,,21682,5.0,5,,,,,,
,,,,,21690,8.0,8,,,,,,
,,,,,21698,8.0,8,,,,,,
,,,,,21704,6.0,6,,,,,,
,,,,,21712,8.0,8,,,,,,
,,,,,21721,9.0,9,,,,,,
,,,,,21724,3.0,3,,,,,,
,,,,,21733,9.0,9,,,,,,
,,,,,21738,5.0,5,,,,,,
,,,,,21744,6.0,6,,,,,,
,,,,,21763,19.0,19,,,,,,
,,,,,21767,4.0,4,,,,,,
,,,,,21772,5.0,5,,,,,,
,,,,,21780,8.0,8,,,,,,
,,,,,21787,7.0,7,,,,,,
,,,,,21790,3.0,3,,,,,,
,,,,,21796,6.0,6,,,,,,
,,,,,21801,5.0,5,,,,,,
,,,,,21805,4.0,4,,,,,,
,,,,,21809,4.0,4,,,,,,
,,,,,21814,5.0,5,,,,,,
,,,,,21819,5.0,5,,,,,,
,,,,,21824,5.0,5,,,,,,
,,,,,21829,5.0,5,,,,,,
,,,,,21832,3.0,3,,,,,,
,,,,,21838,6.0,6,,,,,,
,,,,,21844,6.0,6,,,,,,
,,,,,21849,5.0,5,,,,,,
,,,,,21861,12.0,12,,,,,,
,,,,,21870,9.0,9,,,,,,
,,,,,21879,9.0,9,,,,,,
,,,,,21883,4.0,4,,,,,,
,,,,,21886,3.0,3,,,,,,
,,,,,21892,6.0,6,,,,,,
,,,,,21896,4.0,4,,,,,,
,,,,,21953,57.0,57,,,,,,
,,,,,21962,9.0,9,,,,,,
,,,,,21965,3.0,3,,,,,,
,,,,,21969,4.0,4,,,,,,
,,,,,21977,8.0,8,,,,,,
,,,,,21982,5.0,5,,,,,,
,,,,,21986,4.0,4,,,,,,
,,,,,22000,,,1.7895455360412598,4.772078514099121,4.659626007080078,0.0003,0.0003,0.1
,,,,,22002,16.0,16,,,,,,
,,,,,22006,4.0,4,,,,,,
,,,,,22013,7.0,7,,,,,,
,,,,,22018,5.0,5,,,,,,
,,,,,22022,4.0,4,,,,,,
,,,,,22029,7.0,7,,,,,,
,,,,,22035,6.0,6,,,,,,
,,,,,22038,3.0,3,,,,,,
,,,,,22042,4.0,4,,,,,,
,,,,,22063,21.0,21,,,,,,
,,,,,22070,7.0,7,,,,,,
,,,,,22075,5.0,5,,,,,,
,,,,,22084,9.0,9,,,,,,
,,,,,22092,8.0,8,,,,,,
,,,,,22100,8.0,8,,,,,,
,,,,,22109,9.0,9,,,,,,
,,,,,22112,3.0,3,,,,,,
,,,,,22118,6.0,6,,,,,,
,,,,,22121,3.0,3,,,,,,
,,,,,22129,8.0,8,,,,,,
,,,,,22133,4.0,4,,,,,,
,,,,,22136,3.0,3,,,,,,
,,,,,22148,12.0,12,,,,,,
,,,,,22151,3.0,3,,,,,,
,,,,,22172,21.0,21,,,,,,
,,,,,22177,5.0,5,,,,,,
,,,,,22182,5.0,5,,,,,,
,,,,,22189,7.0,7,,,,,,
,,,,,22192,3.0,3,,,,,,
,,,,,22197,5.0,5,,,,,,
,,,,,22215,18.0,18,,,,,,
,,,,,22241,26.0,26,,,,,,
,,,,,22250,9.0,9,,,,,,
,,,,,22257,7.0,7,,,,,,
,,,,,22272,15.0,15,,,,,,
,,,,,22277,5.0,5,,,,,,
,,,,,22281,4.0,4,,,,,,
,,,,,22292,11.0,11,,,,,,
,,,,,22296,4.0,4,,,,,,
,,,,,22301,5.0,5,,,,,,
,,,,,22313,12.0,12,,,,,,
,,,,,22337,24.0,24,,,,,,
,,,,,22342,5.0,5,,,,,,
,,,,,22355,13.0,13,,,,,,
,,,,,22359,4.0,4,,,,,,
,,,,,22363,4.0,4,,,,,,
,,,,,22366,3.0,3,,,,,,
,,,,,22371,5.0,5,,,,,,
,,,,,22381,10.0,10,,,,,,
,,,,,22391,10.0,10,,,,,,
,,,,,22399,8.0,8,,,,,,
,,,,,22407,8.0,8,,,,,,
,,,,,22410,3.0,3,,,,,,
,,,,,22422,12.0,12,,,,,,
,,,,,22428,6.0,6,,,,,,
,,,,,22433,5.0,5,,,,,,
,,,,,22439,6.0,6,,,,,,
,,,,,22449,10.0,10,,,,,,
,,,,,22455,6.0,6,,,,,,
,,,,,22460,5.0,5,,,,,,
,,,,,22464,4.0,4,,,,,,
,,,,,22468,4.0,4,,,,,,
,,,,,22473,5.0,5,,,,,,
,,,,,22477,4.0,4,,,,,,
,,,,,22482,5.0,5,,,,,,
,,,,,22486,4.0,4,,,,,,
,,,,,22490,4.0,4,,,,,,
,,,,,22496,6.0,6,,,,,,
,,,,,22504,8.0,8,,,,,,
,,,,,22525,21.0,21,,,,,,
,,,,,22531,6.0,6,,,,,,
,,,,,22535,4.0,4,,,,,,
,,,,,22539,4.0,4,,,,,,
,,,,,22561,22.0,22,,,,,,
,,,,,22564,3.0,3,,,,,,
,,,,,22577,13.0,13,,,,,,
,,,,,22583,6.0,6,,,,,,
,,,,,22594,11.0,11,,,,,,
,,,,,22603,9.0,9,,,,,,
,,,,,22607,4.0,4,,,,,,
,,,,,22614,7.0,7,,,,,,
,,,,,22617,3.0,3,,,,,,
,,,,,22620,3.0,3,,,,,,
,,,,,22632,12.0,12,,,,,,
,,,,,22635,3.0,3,,,,,,
,,,,,22640,5.0,5,,,,,,
,,,,,22644,4.0,4,,,,,,
,,,,,22652,8.0,8,,,,,,
,,,,,22658,6.0,6,,,,,,
,,,,,22668,10.0,10,,,,,,
,,,,,22673,5.0,5,,,,,,
,,,,,22678,5.0,5,,,,,,
,,,,,22687,9.0,9,,,,,,
,,,,,22690,3.0,3,,,,,,
,,,,,22696,6.0,6,,,,,,
,,,,,22703,7.0,7,,,,,,
,,,,,22707,4.0,4,,,,,,
,,,,,22730,23.0,23,,,,,,
,,,,,22742,12.0,12,,,,,,
,,,,,22753,11.0,11,,,,,,
,,,,,22759,6.0,6,,,,,,
,,,,,22764,5.0,5,,,,,,
,,,,,22768,4.0,4,,,,,,
,,,,,22771,3.0,3,,,,,,
,,,,,22774,3.0,3,,,,,,
,,,,,22778,4.0,4,,,,,,
,,,,,22783,5.0,5,,,,,,
,,,,,22794,11.0,11,,,,,,
,,,,,22802,8.0,8,,,,,,
,,,,,22815,13.0,13,,,,,,
,,,,,22821,6.0,6,,,,,,
,,,,,22825,4.0,4,,,,,,
,,,,,22829,4.0,4,,,,,,
,,,,,22836,7.0,7,,,,,,
,,,,,22850,14.0,14,,,,,,
,,,,,22853,3.0,3,,,,,,
,,,,,22857,4.0,4,,,,,,
,,,,,22861,4.0,4,,,,,,
,,,,,22865,4.0,4,,,,,,
,,,,,22873,8.0,8,,,,,,
,,,,,22878,5.0,5,,,,,,
,,,,,22884,6.0,6,,,,,,
,,,,,22888,4.0,4,,,,,,
,,,,,22893,5.0,5,,,,,,
,,,,,22908,15.0,15,,,,,,
,,,,,22913,5.0,5,,,,,,
,,,,,22919,6.0,6,,,,,,
,,,,,22922,3.0,3,,,,,,
,,,,,22928,6.0,6,,,,,,
,,,,,22931,3.0,3,,,,,,
,,,,,22934,3.0,3,,,,,,
,,,,,22942,8.0,8,,,,,,
,,,,,22960,18.0,18,,,,,,
,,,,,22967,7.0,7,,,,,,
,,,,,22975,8.0,8,,,,,,
,,,,,22983,8.0,8,,,,,,
,,,,,22999,16.0,16,,,,,,
,,,,,23000,,,1.82023286819458,5.2477946281433105,5.396174430847168,0.0003,0.0003,0.1
,,,,,23012,13.0,13,,,,,,
,,,,,23015,3.0,3,,,,,,
,,,,,23045,30.0,30,,,,,,
,,,,,23055,10.0,10,,,,,,
,,,,,23061,6.0,6,,,,,,
,,,,,23065,4.0,4,,,,,,
,,,,,23072,7.0,7,,,,,,
,,,,,23075,3.0,3,,,,,,
,,,,,23079,4.0,4,,,,,,
,,,,,23084,5.0,5,,,,,,
,,,,,23091,7.0,7,,,,,,
,,,,,23095,4.0,4,,,,,,
,,,,,23099,4.0,4,,,,,,
,,,,,23120,21.0,21,,,,,,
,,,,,23126,6.0,6,,,,,,
,,,,,23130,4.0,4,,,,,,
,,,,,23135,5.0,5,,,,,,
,,,,,23140,5.0,5,,,,,,
,,,,,23147,7.0,7,,,,,,
,,,,,23159,12.0,12,,,,,,
,,,,,23168,9.0,9,,,,,,
,,,,,23174,6.0,6,,,,,,
,,,,,23180,6.0,6,,,,,,
,,,,,23185,5.0,5,,,,,,
,,,,,23190,5.0,5,,,,,,
,,,,,23196,6.0,6,,,,,,
,,,,,23208,12.0,12,,,,,,
,,,,,23213,5.0,5,,,,,,
,,,,,23216,3.0,3,,,,,,
,,,,,23220,4.0,4,,,,,,
,,,,,23224,4.0,4,,,,,,
,,,,,23228,4.0,4,,,,,,
,,,,,23232,4.0,4,,,,,,
,,,,,23239,7.0,7,,,,,,
,,,,,23243,4.0,4,,,,,,
,,,,,23247,4.0,4,,,,,,
,,,,,23261,14.0,14,,,,,,
,,,,,23270,9.0,9,,,,,,
,,,,,23277,7.0,7,,,,,,
,,,,,23281,4.0,4,,,,,,
,,,,,23295,14.0,14,,,,,,
,,,,,23306,11.0,11,,,,,,
,,,,,23315,9.0,9,,,,,,
,,,,,23321,6.0,6,,,,,,
,,,,,23326,5.0,5,,,,,,
,,,,,23339,13.0,13,,,,,,
,,,,,23347,8.0,8,,,,,,
,,,,,23353,6.0,6,,,,,,
,,,,,23367,14.0,14,,,,,,
,,,,,23377,10.0,10,,,,,,
,,,,,23382,5.0,5,,,,,,
,,,,,23389,7.0,7,,,,,,
,,,,,23394,5.0,5,,,,,,
,,,,,23399,5.0,5,,,,,,
,,,,,23404,5.0,5,,,,,,
,,,,,23407,3.0,3,,,,,,
,,,,,23415,8.0,8,,,,,,
,,,,,23418,3.0,3,,,,,,
,,,,,23422,4.0,4,,,,,,
,,,,,23425,3.0,3,,,,,,
,,,,,23428,3.0,3,,,,,,
,,,,,23433,5.0,5,,,,,,
,,,,,23447,14.0,14,,,,,,
,,,,,23452,5.0,5,,,,,,
,,,,,23459,7.0,7,,,,,,
,,,,,23462,3.0,3,,,,,,
,,,,,23466,4.0,4,,,,,,
,,,,,23469,3.0,3,,,,,,
,,,,,23473,4.0,4,,,,,,
,,,,,23479,6.0,6,,,,,,
,,,,,23484,5.0,5,,,,,,
,,,,,23494,10.0,10,,,,,,
,,,,,23503,9.0,9,,,,,,
,,,,,23508,5.0,5,,,,,,
,,,,,23529,21.0,21,,,,,,
,,,,,23532,3.0,3,,,,,,
,,,,,23538,6.0,6,,,,,,
,,,,,23543,5.0,5,,,,,,
,,,,,23548,5.0,5,,,,,,
,,,,,23562,14.0,14,,,,,,
,,,,,23576,14.0,14,,,,,,
,,,,,23579,3.0,3,,,,,,
,,,,,23594,15.0,15,,,,,,
,,,,,23598,4.0,4,,,,,,
,,,,,23603,5.0,5,,,,,,
,,,,,23606,3.0,3,,,,,,
,,,,,23617,11.0,11,,,,,,
,,,,,23626,9.0,9,,,,,,
,,,,,23643,17.0,17,,,,,,
,,,,,23647,4.0,4,,,,,,
,,,,,23655,8.0,8,,,,,,
,,,,,23660,5.0,5,,,,,,
,,,,,23666,6.0,6,,,,,,
,,,,,23670,4.0,4,,,,,,
,,,,,23684,14.0,14,,,,,,
,,,,,23696,12.0,12,,,,,,
,,,,,23707,11.0,11,,,,,,
,,,,,23719,12.0,12,,,,,,
,,,,,23723,4.0,4,,,,,,
,,,,,23727,4.0,4,,,,,,
,,,,,23741,14.0,14,,,,,,
,,,,,23750,9.0,9,,,,,,
,,,,,23756,6.0,6,,,,,,
,,,,,23769,13.0,13,,,,,,
,,,,,23777,8.0,8,,,,,,
,,,,,23794,17.0,17,,,,,,
,,,,,23812,18.0,18,,,,,,
,,,,,23825,13.0,13,,,,,,
,,,,,23828,3.0,3,,,,,,
,,,,,23831,3.0,3,,,,,,
,,,,,23836,5.0,5,,,,,,
,,,,,23840,4.0,4,,,,,,
,,,,,23852,12.0,12,,,,,,
,,,,,23865,13.0,13,,,,,,
,,,,,23879,14.0,14,,,,,,
,,,,,23884,5.0,5,,,,,,
,,,,,23893,9.0,9,,,,,,
,,,,,23897,4.0,4,,,,,,
,,,,,23901,4.0,4,,,,,,
,,,,,23908,7.0,7,,,,,,
,,,,,23918,10.0,10,,,,,,
,,,,,23933,15.0,15,,,,,,
,,,,,23937,4.0,4,,,,,,
,,,,,23941,4.0,4,,,,,,
,,,,,23945,4.0,4,,,,,,
,,,,,23951,6.0,6,,,,,,
,,,,,23971,20.0,20,,,,,,
,,,,,23990,19.0,19,,,,,,
,,,,,23997,7.0,7,,,,,,
,,,,,24000,,,2.2672948837280273,5.170833110809326,5.328367710113525,0.0003,0.0003,0.1
,,,,,24002,5.0,5,,,,,,
,,,,,24008,6.0,6,,,,,,
,,,,,24013,5.0,5,,,,,,
,,,,,24019,6.0,6,,,,,,
,,,,,24022,3.0,3,,,,,,
,,,,,24025,3.0,3,,,,,,
,,,,,24033,8.0,8,,,,,,
,,,,,24037,4.0,4,,,,,,
,,,,,24042,5.0,5,,,,,,
,,,,,24048,6.0,6,,,,,,
,,,,,24053,5.0,5,,,,,,
,,,,,24056,3.0,3,,,,,,
,,,,,24060,4.0,4,,,,,,
,,,,,24066,6.0,6,,,,,,
,,,,,24075,9.0,9,,,,,,
,,,,,24080,5.0,5,,,,,,
,,,,,24084,4.0,4,,,,,,
,,,,,24088,4.0,4,,,,,,
,,,,,24091,3.0,3,,,,,,
,,,,,24102,11.0,11,,,,,,
,,,,,24108,6.0,6,,,,,,
,,,,,24115,7.0,7,,,,,,
,,,,,24120,5.0,5,,,,,,
,,,,,24130,10.0,10,,,,,,
,,,,,24136,6.0,6,,,,,,
,,,,,24139,3.0,3,,,,,,
,,,,,24143,4.0,4,,,,,,
,,,,,24146,3.0,3,,,,,,
,,,,,24151,5.0,5,,,,,,
,,,,,24155,4.0,4,,,,,,
,,,,,24161,6.0,6,,,,,,
,,,,,24172,11.0,11,,,,,,
,,,,,24176,4.0,4,,,,,,
,,,,,24180,4.0,4,,,,,,
,,,,,24183,3.0,3,,,,,,
,,,,,24189,6.0,6,,,,,,
,,,,,24197,8.0,8,,,,,,
,,,,,24201,4.0,4,,,,,,
,,,,,24210,9.0,9,,,,,,
,,,,,24213,3.0,3,,,,,,
,,,,,24218,5.0,5,,,,,,
,,,,,24235,17.0,17,,,,,,
,,,,,24239,4.0,4,,,,,,
,,,,,24244,5.0,5,,,,,,
,,,,,24250,6.0,6,,,,,,
,,,,,24258,8.0,8,,,,,,
,,,,,24266,8.0,8,,,,,,
,,,,,24270,4.0,4,,,,,,
,,,,,24273,3.0,3,,,,,,
,,,,,24279,6.0,6,,,,,,
,,,,,24291,12.0,12,,,,,,
,,,,,24294,3.0,3,,,,,,
,,,,,24309,15.0,15,,,,,,
,,,,,24320,11.0,11,,,,,,
,,,,,24328,8.0,8,,,,,,
,,,,,24332,4.0,4,,,,,,
,,,,,24345,13.0,13,,,,,,
,,,,,24348,3.0,3,,,,,,
,,,,,24351,3.0,3,,,,,,
,,,,,24354,3.0,3,,,,,,
,,,,,24364,10.0,10,,,,,,
,,,,,24371,7.0,7,,,,,,
,,,,,24379,8.0,8,,,,,,
,,,,,24384,5.0,5,,,,,,
,,,,,24396,12.0,12,,,,,,
,,,,,24400,4.0,4,,,,,,
,,,,,24405,5.0,5,,,,,,
,,,,,24409,4.0,4,,,,,,
,,,,,24419,10.0,10,,,,,,
,,,,,24423,4.0,4,,,,,,
,,,,,24440,17.0,17,,,,,,
,,,,,24443,3.0,3,,,,,,
,,,,,24449,6.0,6,,,,,,
,,,,,24455,6.0,6,,,,,,
,,,,,24468,13.0,13,,,,,,
,,,,,24471,3.0,3,,,,,,
,,,,,24477,6.0,6,,,,,,
,,,,,24481,4.0,4,,,,,,
,,,,,24488,7.0,7,,,,,,
,,,,,24493,5.0,5,,,,,,
,,,,,24499,6.0,6,,,,,,
,,,,,24507,8.0,8,,,,,,
,,,,,24515,8.0,8,,,,,,
,,,,,24524,9.0,9,,,,,,
,,,,,24528,4.0,4,,,,,,
,,,,,24535,7.0,7,,,,,,
,,,,,24543,8.0,8,,,,,,
,,,,,24546,3.0,3,,,,,,
,,,,,24550,4.0,4,,,,,,
,,,,,24553,3.0,3,,,,,,
,,,,,24573,20.0,20,,,,,,
,,,,,24583,10.0,10,,,,,,
,,,,,24590,7.0,7,,,,,,
,,,,,24595,5.0,5,,,,,,
,,,,,24601,6.0,6,,,,,,
,,,,,24604,3.0,3,,,,,,
,,,,,24608,4.0,4,,,,,,
,,,,,24616,8.0,8,,,,,,
,,,,,24622,6.0,6,,,,,,
,,,,,24637,15.0,15,,,,,,
,,,,,24643,6.0,6,,,,,,
,,,,,24651,8.0,8,,,,,,
,,,,,24657,6.0,6,,,,,,
,,,,,24666,9.0,9,,,,,,
,,,,,24670,4.0,4,,,,,,
,,,,,24675,5.0,5,,,,,,
,,,,,24678,3.0,3,,,,,,
,,,,,24686,8.0,8,,,,,,
,,,,,24690,4.0,4,,,,,,
,,,,,24703,13.0,13,,,,,,
,,,,,24708,5.0,5,,,,,,
,,,,,24712,4.0,4,,,,,,
,,,,,24717,5.0,5,,,,,,
,,,,,24724,7.0,7,,,,,,
,,,,,24732,8.0,8,,,,,,
,,,,,24736,4.0,4,,,,,,
,,,,,24746,10.0,10,,,,,,
,,,,,24760,14.0,14,,,,,,
,,,,,24763,3.0,3,,,,,,
,,,,,24774,11.0,11,,,,,,
,,,,,24780,6.0,6,,,,,,
,,,,,24791,11.0,11,,,,,,
,,,,,24798,7.0,7,,,,,,
,,,,,24801,3.0,3,,,,,,
,,,,,24807,6.0,6,,,,,,
,,,,,24811,4.0,4,,,,,,
,,,,,24822,11.0,11,,,,,,
,,,,,24828,6.0,6,,,,,,
,,,,,24832,4.0,4,,,,,,
,,,,,24840,8.0,8,,,,,,
,,,,,24849,9.0,9,,,,,,
,,,,,24857,8.0,8,,,,,,
,,,,,24865,8.0,8,,,,,,
,,,,,24870,5.0,5,,,,,,
,,,,,24873,3.0,3,,,,,,
,,,,,24876,3.0,3,,,,,,
,,,,,24882,6.0,6,,,,,,
,,,,,24891,9.0,9,,,,,,
,,,,,24894,3.0,3,,,,,,
,,,,,24899,5.0,5,,,,,,
,,,,,24902,3.0,3,,,,,,
,,,,,24905,3.0,3,,,,,,
,,,,,24916,11.0,11,,,,,,
,,,,,24923,7.0,7,,,,,,
,,,,,24931,8.0,8,,,,,,
,,,,,24937,6.0,6,,,,,,
,,,,,24946,9.0,9,,,,,,
,,,,,24957,11.0,11,,,,,,
,,,,,24963,6.0,6,,,,,,
,,,,,24972,9.0,9,,,,,,
,,,,,24978,6.0,6,,,,,,
,,,,,24988,10.0,10,,,,,,
,,,,,24992,4.0,4,,,,,,
,,,,,24996,4.0,4,,,,,,
5.7,2.3685439,11.0,3.0,5.7,25000,,,2.158226728439331,5.210238456726074,5.412978172302246,0.0003,0.0003,0.1
,,,,,25004,8.0,8,,,,,,
,,,,,25010,6.0,6,,,,,,
,,,,,25013,3.0,3,,,,,,
,,,,,25019,6.0,6,,,,,,
,,,,,25023,4.0,4,,,,,,
,,,,,25030,7.0,7,,,,,,
,,,,,25034,4.0,4,,,,,,
,,,,,25041,7.0,7,,,,,,
,,,,,25044,3.0,3,,,,,,
,,,,,25051,7.0,7,,,,,,
,,,,,25056,5.0,5,,,,,,
,,,,,25065,9.0,9,,,,,,
,,,,,25072,7.0,7,,,,,,
,,,,,25075,3.0,3,,,,,,
,,,,,25079,4.0,4,,,,,,
,,,,,25083,4.0,4,,,,,,
,,,,,25093,10.0,10,,,,,,
,,,,,25097,4.0,4,,,,,,
,,,,,25101,4.0,4,,,,,,
,,,,,25105,4.0,4,,,,,,
,,,,,25114,9.0,9,,,,,,
,,,,,25117,3.0,3,,,,,,
,,,,,25136,19.0,19,,,,,,
,,,,,25140,4.0,4,,,,,,
,,,,,25144,4.0,4,,,,,,
,,,,,25151,7.0,7,,,,,,
,,,,,25157,6.0,6,,,,,,
,,,,,25162,5.0,5,,,,,,
,,,,,25167,5.0,5,,,,,,
,,,,,25170,3.0,3,,,,,,
,,,,,25176,6.0,6,,,,,,
,,,,,25188,12.0,12,,,,,,
,,,,,25192,4.0,4,,,,,,
,,,,,25196,4.0,4,,,,,,
,,,,,25200,4.0,4,,,,,,
,,,,,25205,5.0,5,,,,,,
,,,,,25209,4.0,4,,,,,,
,,,,,25218,9.0,9,,,,,,
,,,,,25224,6.0,6,,,,,,
,,,,,25233,9.0,9,,,,,,
,,,,,25247,14.0,14,,,,,,
,,,,,25252,5.0,5,,,,,,
,,,,,25255,3.0,3,,,,,,
,,,,,25258,3.0,3,,,,,,
,,,,,25261,3.0,3,,,,,,
,,,,,25267,6.0,6,,,,,,
,,,,,25274,7.0,7,,,,,,
,,,,,25279,5.0,5,,,,,,
,,,,,25289,10.0,10,,,,,,
,,,,,25295,6.0,6,,,,,,
,,,,,25299,4.0,4,,,,,,
,,,,,25304,5.0,5,,,,,,
,,,,,25308,4.0,4,,,,,,
,,,,,25323,15.0,15,,,,,,
,,,,,25326,3.0,3,,,,,,
,,,,,25330,4.0,4,,,,,,
,,,,,25334,4.0,4,,,,,,
,,,,,25339,5.0,5,,,,,,
,,,,,25345,6.0,6,,,,,,
,,,,,25350,5.0,5,,,,,,
,,,,,25367,17.0,17,,,,,,
,,,,,25390,23.0,23,,,,,,
,,,,,25399,9.0,9,,,,,,
,,,,,25414,15.0,15,,,,,,
,,,,,25417,3.0,3,,,,,,
,,,,,25420,3.0,3,,,,,,
,,,,,25427,7.0,7,,,,,,
,,,,,25441,14.0,14,,,,,,
,,,,,25448,7.0,7,,,,,,
,,,,,25457,9.0,9,,,,,,
,,,,,25478,21.0,21,,,,,,
,,,,,25491,13.0,13,,,,,,
,,,,,25496,5.0,5,,,,,,
,,,,,25500,4.0,4,,,,,,
,,,,,25507,7.0,7,,,,,,
,,,,,25521,14.0,14,,,,,,
,,,,,25526,5.0,5,,,,,,
,,,,,25529,3.0,3,,,,,,
,,,,,25541,12.0,12,,,,,,
,,,,,25562,21.0,21,,,,,,
,,,,,25567,5.0,5,,,,,,
,,,,,25571,4.0,4,,,,,,
,,,,,25578,7.0,7,,,,,,
,,,,,25585,7.0,7,,,,,,
,,,,,25593,8.0,8,,,,,,
,,,,,25601,8.0,8,,,,,,
,,,,,25607,6.0,6,,,,,,
,,,,,25610,3.0,3,,,,,,
,,,,,25614,4.0,4,,,,,,
,,,,,25619,5.0,5,,,,,,
,,,,,25626,7.0,7,,,,,,
,,,,,25632,6.0,6,,,,,,
,,,,,25637,5.0,5,,,,,,
,,,,,25646,9.0,9,,,,,,
,,,,,25654,8.0,8,,,,,,
,,,,,25659,5.0,5,,,,,,
,,,,,25663,4.0,4,,,,,,
,,,,,25668,5.0,5,,,,,,
,,,,,25676,8.0,8,,,,,,
,,,,,25680,4.0,4,,,,,,
,,,,,25685,5.0,5,,,,,,
,,,,,25690,5.0,5,,,,,,
,,,,,25696,6.0,6,,,,,,
,,,,,25699,3.0,3,,,,,,
,,,,,25713,14.0,14,,,,,,
,,,,,25718,5.0,5,,,,,,
,,,,,25725,7.0,7,,,,,,
,,,,,25732,7.0,7,,,,,,
,,,,,25736,4.0,4,,,,,,
,,,,,25739,3.0,3,,,,,,
,,,,,25742,3.0,3,,,,,,
,,,,,25755,13.0,13,,,,,,
,,,,,25769,14.0,14,,,,,,
,,,,,25773,4.0,4,,,,,,
,,,,,25782,9.0,9,,,,,,
,,,,,25785,3.0,3,,,,,,
,,,,,25795,10.0,10,,,,,,
,,,,,25802,7.0,7,,,,,,
,,,,,25811,9.0,9,,,,,,
,,,,,25824,13.0,13,,,,,,
,,,,,25834,10.0,10,,,,,,
,,,,,25845,11.0,11,,,,,,
,,,,,25848,3.0,3,,,,,,
,,,,,25854,6.0,6,,,,,,
,,,,,25875,21.0,21,,,,,,
,,,,,25880,5.0,5,,,,,,
,,,,,25883,3.0,3,,,,,,
,,,,,25889,6.0,6,,,,,,
,,,,,25892,3.0,3,,,,,,
,,,,,25896,4.0,4,,,,,,
,,,,,25908,12.0,12,,,,,,
,,,,,25927,19.0,19,,,,,,
,,,,,25942,15.0,15,,,,,,
,,,,,25945,3.0,3,,,,,,
,,,,,25951,6.0,6,,,,,,
,,,,,25957,6.0,6,,,,,,
,,,,,25969,12.0,12,,,,,,
,,,,,25981,12.0,12,,,,,,
,,,,,25985,4.0,4,,,,,,
,,,,,25993,8.0,8,,,,,,
,,,,,26000,,,2.085279703140259,5.137411117553711,5.18697452545166,0.0003,0.0003,0.1
,,,,,26003,10.0,10,,,,,,
,,,,,26011,8.0,8,,,,,,
,,,,,26016,5.0,5,,,,,,
,,,,,26023,7.0,7,,,,,,
,,,,,26030,7.0,7,,,,,,
,,,,,26034,4.0,4,,,,,,
,,,,,26040,6.0,6,,,,,,
,,,,,26045,5.0,5,,,,,,
,,,,,26055,10.0,10,,,,,,
,,,,,26062,7.0,7,,,,,,
,,,,,26072,10.0,10,,,,,,
,,,,,26076,4.0,4,,,,,,
,,,,,26082,6.0,6,,,,,,
,,,,,26086,4.0,4,,,,,,
,,,,,26089,3.0,3,,,,,,
,,,,,26093,4.0,4,,,,,,
,,,,,26099,6.0,6,,,,,,
,,,,,26117,18.0,18,,,,,,
,,,,,26122,5.0,5,,,,,,
,,,,,26141,19.0,19,,,,,,
,,,,,26150,9.0,9,,,,,,
,,,,,26162,12.0,12,,,,,,
,,,,,26167,5.0,5,,,,,,
,,,,,26175,8.0,8,,,,,,
,,,,,26180,5.0,5,,,,,,
,,,,,26186,6.0,6,,,,,,
,,,,,26189,3.0,3,,,,,,
,,,,,26192,3.0,3,,,,,,
,,,,,26200,8.0,8,,,,,,
,,,,,26208,8.0,8,,,,,,
,,,,,26218,10.0,10,,,,,,
,,,,,26232,14.0,14,,,,,,
,,,,,26236,4.0,4,,,,,,
,,,,,26242,6.0,6,,,,,,
,,,,,26246,4.0,4,,,,,,
,,,,,26254,8.0,8,,,,,,
,,,,,26259,5.0,5,,,,,,
,,,,,26265,6.0,6,,,,,,
,,,,,26274,9.0,9,,,,,,
,,,,,26278,4.0,4,,,,,,
,,,,,26282,4.0,4,,,,,,
,,,,,26286,4.0,4,,,,,,
,,,,,26294,8.0,8,,,,,,
,,,,,26300,6.0,6,,,,,,
,,,,,26308,8.0,8,,,,,,
,,,,,26312,4.0,4,,,,,,
,,,,,26320,8.0,8,,,,,,
,,,,,26326,6.0,6,,,,,,
,,,,,26329,3.0,3,,,,,,
,,,,,26336,7.0,7,,,,,,
,,,,,26343,7.0,7,,,,,,
,,,,,26350,7.0,7,,,,,,
,,,,,26355,5.0,5,,,,,,
,,,,,26361,6.0,6,,,,,,
,,,,,26368,7.0,7,,,,,,
,,,,,26378,10.0,10,,,,,,
,,,,,26382,4.0,4,,,,,,
,,,,,26387,5.0,5,,,,,,
,,,,,26391,4.0,4,,,,,,
,,,,,26400,9.0,9,,,,,,
,,,,,26419,19.0,19,,,,,,
,,,,,26427,8.0,8,,,,,,
,,,,,26431,4.0,4,,,,,,
,,,,,26436,5.0,5,,,,,,
,,,,,26441,5.0,5,,,,,,
,,,,,26460,19.0,19,,,,,,
,,,,,26470,10.0,10,,,,,,
,,,,,26473,3.0,3,,,,,,
,,,,,26476,3.0,3,,,,,,
,,,,,26483,7.0,7,,,,,,
,,,,,26487,4.0,4,,,,,,
,,,,,26494,7.0,7,,,,,,
,,,,,26499,5.0,5,,,,,,
,,,,,26505,6.0,6,,,,,,
,,,,,26510,5.0,5,,,,,,
,,,,,26515,5.0,5,,,,,,
,,,,,26525,10.0,10,,,,,,
,,,,,26530,5.0,5,,,,,,
,,,,,26538,8.0,8,,,,,,
,,,,,26543,5.0,5,,,,,,
,,,,,26549,6.0,6,,,,,,
,,,,,26555,6.0,6,,,,,,
,,,,,26560,5.0,5,,,,,,
,,,,,26563,3.0,3,,,,,,
,,,,,26569,6.0,6,,,,,,
,,,,,26574,5.0,5,,,,,,
,,,,,26579,5.0,5,,,,,,
,,,,,26584,5.0,5,,,,,,
,,,,,26592,8.0,8,,,,,,
,,,,,26599,7.0,7,,,,,,
,,,,,26606,7.0,7,,,,,,
,,,,,26610,4.0,4,,,,,,
,,,,,26614,4.0,4,,,,,,
,,,,,26619,5.0,5,,,,,,
,,,,,26626,7.0,7,,,,,,
,,,,,26630,4.0,4,,,,,,
,,,,,26635,5.0,5,,,,,,
,,,,,26641,6.0,6,,,,,,
,,,,,26649,8.0,8,,,,,,
,,,,,26662,13.0,13,,,,,,
,,,,,26670,8.0,8,,,,,,
,,,,,26675,5.0,5,,,,,,
,,,,,26679,4.0,4,,,,,,
,,,,,26683,4.0,4,,,,,,
,,,,,26691,8.0,8,,,,,,
,,,,,26695,4.0,4,,,,,,
,,,,,26701,6.0,6,,,,,,
,,,,,26705,4.0,4,,,,,,
,,,,,26725,20.0,20,,,,,,
,,,,,26729,4.0,4,,,,,,
,,,,,26735,6.0,6,,,,,,
,,,,,26744,9.0,9,,,,,,
,,,,,26747,3.0,3,,,,,,
,,,,,26750,3.0,3,,,,,,
,,,,,26760,10.0,10,,,,,,
,,,,,26769,9.0,9,,,,,,
,,,,,26773,4.0,4,,,,,,
,,,,,26779,6.0,6,,,,,,
,,,,,26782,3.0,3,,,,,,
,,,,,26790,8.0,8,,,,,,
,,,,,26801,11.0,11,,,,,,
,,,,,26809,8.0,8,,,,,,
,,,,,26821,12.0,12,,,,,,
,,,,,26828,7.0,7,,,,,,
,,,,,26843,15.0,15,,,,,,
,,,,,26846,3.0,3,,,,,,
,,,,,26855,9.0,9,,,,,,
,,,,,26858,3.0,3,,,,,,
,,,,,26862,4.0,4,,,,,,
,,,,,26872,10.0,10,,,,,,
,,,,,26880,8.0,8,,,,,,
,,,,,26904,24.0,24,,,,,,
,,,,,26911,7.0,7,,,,,,
,,,,,26918,7.0,7,,,,,,
,,,,,26941,23.0,23,,,,,,
,,,,,26954,13.0,13,,,,,,
,,,,,26958,4.0,4,,,,,,
,,,,,26966,8.0,8,,,,,,
,,,,,26980,14.0,14,,,,,,
,,,,,26986,6.0,6,,,,,,
,,,,,26993,7.0,7,,,,,,
,,,,,27000,,,2.3400378227233887,5.301529884338379,5.5263447761535645,0.0003,0.0003,0.1
,,,,,27002,9.0,9,,,,,,
,,,,,27007,5.0,5,,,,,,
,,,,,27012,5.0,5,,,,,,
,,,,,27021,9.0,9,,,,,,
,,,,,27024,3.0,3,,,,,,
,,,,,27032,8.0,8,,,,,,
,,,,,27037,5.0,5,,,,,,
,,,,,27041,4.0,4,,,,,,
,,,,,27044,3.0,3,,,,,,
,,,,,27053,9.0,9,,,,,,
,,,,,27057,4.0,4,,,,,,
,,,,,27061,4.0,4,,,,,,
,,,,,27065,4.0,4,,,,,,
,,,,,27069,4.0,4,,,,,,
,,,,,27075,6.0,6,,,,,,
,,,,,27081,6.0,6,,,,,,
,,,,,27084,3.0,3,,,,,,
,,,,,27092,8.0,8,,,,,,
,,,,,27104,12.0,12,,,,,,
,,,,,27108,4.0,4,,,,,,
,,,,,27114,6.0,6,,,,,,
,,,,,27120,6.0,6,,,,,,
,,,,,27127,7.0,7,,,,,,
,,,,,27131,4.0,4,,,,,,
,,,,,27147,16.0,16,,,,,,
,,,,,27153,6.0,6,,,,,,
,,,,,27160,7.0,7,,,,,,
,,,,,27164,4.0,4,,,,,,
,,,,,27169,5.0,5,,,,,,
,,,,,27180,11.0,11,,,,,,
,,,,,27183,3.0,3,,,,,,
,,,,,27189,6.0,6,,,,,,
,,,,,27196,7.0,7,,,,,,
,,,,,27199,3.0,3,,,,,,
,,,,,27203,4.0,4,,,,,,
,,,,,27207,4.0,4,,,,,,
,,,,,27211,4.0,4,,,,,,
,,,,,27217,6.0,6,,,,,,
,,,,,27221,4.0,4,,,,,,
,,,,,27227,6.0,6,,,,,,
,,,,,27233,6.0,6,,,,,,
,,,,,27236,3.0,3,,,,,,
,,,,,27239,3.0,3,,,,,,
,,,,,27242,3.0,3,,,,,,
,,,,,27247,5.0,5,,,,,,
,,,,,27250,3.0,3,,,,,,
,,,,,27255,5.0,5,,,,,,
,,,,,27264,9.0,9,,,,,,
,,,,,27268,4.0,4,,,,,,
,,,,,27272,4.0,4,,,,,,
,,,,,27277,5.0,5,,,,,,
,,,,,27281,4.0,4,,,,,,
,,,,,27289,8.0,8,,,,,,
,,,,,27304,15.0,15,,,,,,
,,,,,27316,12.0,12,,,,,,
,,,,,27323,7.0,7,,,,,,
,,,,,27326,3.0,3,,,,,,
,,,,,27335,9.0,9,,,,,,
,,,,,27347,12.0,12,,,,,,
,,,,,27360,13.0,13,,,,,,
,,,,,27367,7.0,7,,,,,,
,,,,,27372,5.0,5,,,,,,
,,,,,27377,5.0,5,,,,,,
,,,,,27381,4.0,4,,,,,,
,,,,,27385,4.0,4,,,,,,
,,,,,27391,6.0,6,,,,,,
,,,,,27396,5.0,5,,,,,,
,,,,,27402,6.0,6,,,,,,
,,,,,27405,3.0,3,,,,,,
,,,,,27409,4.0,4,,,,,,
,,,,,27417,8.0,8,,,,,,
,,,,,27428,11.0,11,,,,,,
,,,,,27435,7.0,7,,,,,,
,,,,,27442,7.0,7,,,,,,
,,,,,27445,3.0,3,,,,,,
,,,,,27452,7.0,7,,,,,,
,,,,,27462,10.0,10,,,,,,
,,,,,27467,5.0,5,,,,,,
,,,,,27471,4.0,4,,,,,,
,,,,,27479,8.0,8,,,,,,
,,,,,27486,7.0,7,,,,,,
,,,,,27498,12.0,12,,,,,,
,,,,,27511,13.0,13,,,,,,
,,,,,27518,7.0,7,,,,,,
,,,,,27524,6.0,6,,,,,,
,,,,,27527,3.0,3,,,,,,
,,,,,27540,13.0,13,,,,,,
,,,,,27550,10.0,10,,,,,,
,,,,,27553,3.0,3,,,,,,
,,,,,27558,5.0,5,,,,,,
,,,,,27562,4.0,4,,,,,,
,,,,,27571,9.0,9,,,,,,
,,,,,27577,6.0,6,,,,,,
,,,,,27581,4.0,4,,,,,,
,,,,,27585,4.0,4,,,,,,
,,,,,27593,8.0,8,,,,,,
,,,,,27596,3.0,3,,,,,,
,,,,,27601,5.0,5,,,,,,
,,,,,27613,12.0,12,,,,,,
,,,,,27625,12.0,12,,,,,,
,,,,,27631,6.0,6,,,,,,
,,,,,27637,6.0,6,,,,,,
,,,,,27645,8.0,8,,,,,,
,,,,,27650,5.0,5,,,,,,
,,,,,27657,7.0,7,,,,,,
,,,,,27662,5.0,5,,,,,,
,,,,,27673,11.0,11,,,,,,
,,,,,27678,5.0,5,,,,,,
,,,,,27685,7.0,7,,,,,,
,,,,,27700,15.0,15,,,,,,
,,,,,27704,4.0,4,,,,,,
,,,,,27711,7.0,7,,,,,,
,,,,,27715,4.0,4,,,,,,
,,,,,27718,3.0,3,,,,,,
,,,,,27722,4.0,4,,,,,,
,,,,,27729,7.0,7,,,,,,
,,,,,27743,14.0,14,,,,,,
,,,,,27750,7.0,7,,,,,,
,,,,,27756,6.0,6,,,,,,
,,,,,27759,3.0,3,,,,,,
,,,,,27766,7.0,7,,,,,,
,,,,,27770,4.0,4,,,,,,
,,,,,27782,12.0,12,,,,,,
,,,,,27786,4.0,4,,,,,,
,,,,,27790,4.0,4,,,,,,
,,,,,27799,9.0,9,,,,,,
,,,,,27824,25.0,25,,,,,,
,,,,,27828,4.0,4,,,,,,
,,,,,27835,7.0,7,,,,,,
,,,,,27844,9.0,9,,,,,,
,,,,,27850,6.0,6,,,,,,
,,,,,27853,3.0,3,,,,,,
,,,,,27867,14.0,14,,,,,,
,,,,,27871,4.0,4,,,,,,
,,,,,27874,3.0,3,,,,,,
,,,,,27896,22.0,22,,,,,,
,,,,,27919,23.0,23,,,,,,
,,,,,27929,10.0,10,,,,,,
,,,,,27932,3.0,3,,,,,,
,,,,,27937,5.0,5,,,,,,
,,,,,27943,6.0,6,,,,,,
,,,,,27946,3.0,3,,,,,,
,,,,,27949,3.0,3,,,,,,
,,,,,27955,6.0,6,,,,,,
,,,,,27968,13.0,13,,,,,,
,,,,,27972,4.0,4,,,,,,
,,,,,27984,12.0,12,,,,,,
,,,,,27987,3.0,3,,,,,,
,,,,,27993,6.0,6,,,,,,
,,,,,27997,4.0,4,,,,,,
,,,,,28000,,,1.9270570278167725,4.66546630859375,4.737051010131836,0.0003,0.0003,0.1
,,,,,28001,4.0,4,,,,,,
,,,,,28005,4.0,4,,,,,,
,,,,,28010,5.0,5,,,,,,
,,,,,28017,7.0,7,,,,,,
,,,,,28022,5.0,5,,,,,,
,,,,,28026,4.0,4,,,,,,
,,,,,28041,15.0,15,,,,,,
,,,,,28049,8.0,8,,,,,,
,,,,,28053,4.0,4,,,,,,
,,,,,28059,6.0,6,,,,,,
,,,,,28066,7.0,7,,,,,,
,,,,,28073,7.0,7,,,,,,
,,,,,28076,3.0,3,,,,,,
,,,,,28081,5.0,5,,,,,,
,,,,,28084,3.0,3,,,,,,
,,,,,28091,7.0,7,,,,,,
,,,,,28097,6.0,6,,,,,,
,,,,,28110,13.0,13,,,,,,
,,,,,28115,5.0,5,,,,,,
,,,,,28119,4.0,4,,,,,,
,,,,,28123,4.0,4,,,,,,
,,,,,28143,20.0,20,,,,,,
,,,,,28148,5.0,5,,,,,,
,,,,,28152,4.0,4,,,,,,
,,,,,28155,3.0,3,,,,,,
,,,,,28159,4.0,4,,,,,,
,,,,,28167,8.0,8,,,,,,
,,,,,28182,15.0,15,,,,,,
,,,,,28188,6.0,6,,,,,,
,,,,,28191,3.0,3,,,,,,
,,,,,28194,3.0,3,,,,,,
,,,,,28205,11.0,11,,,,,,
,,,,,28226,21.0,21,,,,,,
,,,,,28230,4.0,4,,,,,,
,,,,,28240,10.0,10,,,,,,
,,,,,28245,5.0,5,,,,,,
,,,,,28252,7.0,7,,,,,,
,,,,,28256,4.0,4,,,,,,
,,,,,28269,13.0,13,,,,,,
,,,,,28272,3.0,3,,,,,,
,,,,,28279,7.0,7,,,,,,
,,,,,28282,3.0,3,,,,,,
,,,,,28288,6.0,6,,,,,,
,,,,,28292,4.0,4,,,,,,
,,,,,28298,6.0,6,,,,,,
,,,,,28311,13.0,13,,,,,,
,,,,,28314,3.0,3,,,,,,
,,,,,28317,3.0,3,,,,,,
,,,,,28328,11.0,11,,,,,,
,,,,,28334,6.0,6,,,,,,
,,,,,28339,5.0,5,,,,,,
,,,,,28349,10.0,10,,,,,,
,,,,,28354,5.0,5,,,,,,
,,,,,28368,14.0,14,,,,,,
,,,,,28388,20.0,20,,,,,,
,,,,,28392,4.0,4,,,,,,
,,,,,28398,6.0,6,,,,,,
,,,,,28403,5.0,5,,,,,,
,,,,,28413,10.0,10,,,,,,
,,,,,28418,5.0,5,,,,,,
,,,,,28431,13.0,13,,,,,,
,,,,,28435,4.0,4,,,,,,
,,,,,28442,7.0,7,,,,,,
,,,,,28456,14.0,14,,,,,,
,,,,,28459,3.0,3,,,,,,
,,,,,28463,4.0,4,,,,,,
,,,,,28475,12.0,12,,,,,,
,,,,,28478,3.0,3,,,,,,
,,,,,28484,6.0,6,,,,,,
,,,,,28487,3.0,3,,,,,,
,,,,,28495,8.0,8,,,,,,
,,,,,28500,5.0,5,,,,,,
,,,,,28511,11.0,11,,,,,,
,,,,,28525,14.0,14,,,,,,
,,,,,28528,3.0,3,,,,,,
,,,,,28536,8.0,8,,,,,,
,,,,,28545,9.0,9,,,,,,
,,,,,28549,4.0,4,,,,,,
,,,,,28563,14.0,14,,,,,,
,,,,,28577,14.0,14,,,,,,
,,,,,28582,5.0,5,,,,,,
,,,,,28590,8.0,8,,,,,,
,,,,,28595,5.0,5,,,,,,
,,,,,28612,17.0,17,,,,,,
,,,,,28625,13.0,13,,,,,,
,,,,,28636,11.0,11,,,,,,
,,,,,28640,4.0,4,,,,,,
,,,,,28644,4.0,4,,,,,,
,,,,,28653,9.0,9,,,,,,
,,,,,28661,8.0,8,,,,,,
,,,,,28669,8.0,8,,,,,,
,,,,,28678,9.0,9,,,,,,
,,,,,28692,14.0,14,,,,,,
,,,,,28697,5.0,5,,,,,,
,,,,,28702,5.0,5,,,,,,
,,,,,28711,9.0,9,,,,,,
,,,,,28714,3.0,3,,,,,,
,,,,,28719,5.0,5,,,,,,
,,,,,28724,5.0,5,,,,,,
,,,,,28729,5.0,5,,,,,,
,,,,,28733,4.0,4,,,,,,
,,,,,28745,12.0,12,,,,,,
,,,,,28750,5.0,5,,,,,,
,,,,,28754,4.0,4,,,,,,
,,,,,28758,4.0,4,,,,,,
,,,,,28762,4.0,4,,,,,,
,,,,,28769,7.0,7,,,,,,
,,,,,28773,4.0,4,,,,,,
,,,,,28784,11.0,11,,,,,,
,,,,,28788,4.0,4,,,,,,
,,,,,28803,15.0,15,,,,,,
,,,,,28811,8.0,8,,,,,,
,,,,,28820,9.0,9,,,,,,
,,,,,28826,6.0,6,,,,,,
,,,,,28830,4.0,4,,,,,,
,,,,,28834,4.0,4,,,,,,
,,,,,28842,8.0,8,,,,,,
,,,,,28846,4.0,4,,,,,,
,,,,,28852,6.0,6,,,,,,
,,,,,28856,4.0,4,,,,,,
,,,,,28862,6.0,6,,,,,,
,,,,,28868,6.0,6,,,,,,
,,,,,28879,11.0,11,,,,,,
,,,,,28882,3.0,3,,,,,,
,,,,,28887,5.0,5,,,,,,
,,,,,28893,6.0,6,,,,,,
,,,,,28899,6.0,6,,,,,,
,,,,,28905,6.0,6,,,,,,
,,,,,28908,3.0,3,,,,,,
,,,,,28920,12.0,12,,,,,,
,,,,,28932,12.0,12,,,,,,
,,,,,28939,7.0,7,,,,,,
,,,,,28942,3.0,3,,,,,,
,,,,,28948,6.0,6,,,,,,
,,,,,28951,3.0,3,,,,,,
,,,,,28959,8.0,8,,,,,,
,,,,,28966,7.0,7,,,,,,
,,,,,28970,4.0,4,,,,,,
,,,,,28974,4.0,4,,,,,,
,,,,,28982,8.0,8,,,,,,
,,,,,28989,7.0,7,,,,,,
,,,,,28995,6.0,6,,,,,,
,,,,,29000,5.0,5,,,,,,
,,,,,29000,,,2.291032075881958,5.178262710571289,4.9680962562561035,0.0003,0.0003,0.1
,,,,,29004,4.0,4,,,,,,
,,,,,29016,12.0,12,,,,,,
,,,,,29024,8.0,8,,,,,,
,,,,,29031,7.0,7,,,,,,
,,,,,29047,16.0,16,,,,,,
,,,,,29050,3.0,3,,,,,,
,,,,,29073,23.0,23,,,,,,
,,,,,29083,10.0,10,,,,,,
,,,,,29086,3.0,3,,,,,,
,,,,,29092,6.0,6,,,,,,
,,,,,29096,4.0,4,,,,,,
,,,,,29100,4.0,4,,,,,,
,,,,,29106,6.0,6,,,,,,
,,,,,29110,4.0,4,,,,,,
,,,,,29113,3.0,3,,,,,,
,,,,,29120,7.0,7,,,,,,
,,,,,29126,6.0,6,,,,,,
,,,,,29132,6.0,6,,,,,,
,,,,,29136,4.0,4,,,,,,
,,,,,29145,9.0,9,,,,,,
,,,,,29153,8.0,8,,,,,,
,,,,,29157,4.0,4,,,,,,
,,,,,29162,5.0,5,,,,,,
,,,,,29173,11.0,11,,,,,,
,,,,,29177,4.0,4,,,,,,
,,,,,29188,11.0,11,,,,,,
,,,,,29193,5.0,5,,,,,,
,,,,,29211,18.0,18,,,,,,
,,,,,29217,6.0,6,,,,,,
,,,,,29220,3.0,3,,,,,,
,,,,,29224,4.0,4,,,,,,
,,,,,29230,6.0,6,,,,,,
,,,,,29234,4.0,4,,,,,,
,,,,,29237,3.0,3,,,,,,
,,,,,29246,9.0,9,,,,,,
,,,,,29250,4.0,4,,,,,,
,,,,,29257,7.0,7,,,,,,
,,,,,29262,5.0,5,,,,,,
,,,,,29267,5.0,5,,,,,,
,,,,,29270,3.0,3,,,,,,
,,,,,29279,9.0,9,,,,,,
,,,,,29284,5.0,5,,,,,,
,,,,,29292,8.0,8,,,,,,
,,,,,29298,6.0,6,,,,,,
,,,,,29301,3.0,3,,,,,,
,,,,,29304,3.0,3,,,,,,
,,,,,29308,4.0,4,,,,,,
,,,,,29312,4.0,4,,,,,,
,,,,,29317,5.0,5,,,,,,
,,,,,29325,8.0,8,,,,,,
,,,,,29328,3.0,3,,,,,,
,,,,,29331,3.0,3,,,,,,
,,,,,29340,9.0,9,,,,,,
,,,,,29344,4.0,4,,,,,,
,,,,,29352,8.0,8,,,,,,
,,,,,29362,10.0,10,,,,,,
,,,,,29366,4.0,4,,,,,,
,,,,,29383,17.0,17,,,,,,
,,,,,29387,4.0,4,,,,,,
,,,,,29391,4.0,4,,,,,,
,,,,,29398,7.0,7,,,,,,
,,,,,29405,7.0,7,,,,,,
,,,,,29409,4.0,4,,,,,,
,,,,,29416,7.0,7,,,,,,
,,,,,29427,11.0,11,,,,,,
,,,,,29434,7.0,7,,,,,,
,,,,,29437,3.0,3,,,,,,
,,,,,29443,6.0,6,,,,,,
,,,,,29453,10.0,10,,,,,,
,,,,,29462,9.0,9,,,,,,
,,,,,29468,6.0,6,,,,,,
,,,,,29475,7.0,7,,,,,,
,,,,,29478,3.0,3,,,,,,
,,,,,29489,11.0,11,,,,,,
,,,,,29497,8.0,8,,,,,,
,,,,,29502,5.0,5,,,,,,
,,,,,29509,7.0,7,,,,,,
,,,,,29516,7.0,7,,,,,,
,,,,,29520,4.0,4,,,,,,
,,,,,29527,7.0,7,,,,,,
,,,,,29541,14.0,14,,,,,,
,,,,,29552,11.0,11,,,,,,
,,,,,29566,14.0,14,,,,,,
,,,,,29579,13.0,13,,,,,,
,,,,,29585,6.0,6,,,,,,
,,,,,29588,3.0,3,,,,,,
,,,,,29594,6.0,6,,,,,,
,,,,,29605,11.0,11,,,,,,
,,,,,29609,4.0,4,,,,,,
,,,,,29612,3.0,3,,,,,,
,,,,,29620,8.0,8,,,,,,
,,,,,29635,15.0,15,,,,,,
,,,,,29645,10.0,10,,,,,,
,,,,,29653,8.0,8,,,,,,
,,,,,29657,4.0,4,,,,,,
,,,,,29663,6.0,6,,,,,,
,,,,,29666,3.0,3,,,,,,
,,,,,29672,6.0,6,,,,,,
,,,,,29679,7.0,7,,,,,,
,,,,,29685,6.0,6,,,,,,
,,,,,29695,10.0,10,,,,,,
,,,,,29707,12.0,12,,,,,,
,,,,,29713,6.0,6,,,,,,
,,,,,29721,8.0,8,,,,,,
,,,,,29728,7.0,7,,,,,,
,,,,,29739,11.0,11,,,,,,
,,,,,29760,21.0,21,,,,,,
,,,,,29765,5.0,5,,,,,,
,,,,,29769,4.0,4,,,,,,
,,,,,29783,14.0,14,,,,,,
,,,,,29795,12.0,12,,,,,,
,,,,,29798,3.0,3,,,,,,
,,,,,29808,10.0,10,,,,,,
,,,,,29816,8.0,8,,,,,,
,,,,,29822,6.0,6,,,,,,
,,,,,29826,4.0,4,,,,,,
,,,,,29836,10.0,10,,,,,,
,,,,,29839,3.0,3,,,,,,
,,,,,29843,4.0,4,,,,,,
,,,,,29848,5.0,5,,,,,,
,,,,,29858,10.0,10,,,,,,
,,,,,29866,8.0,8,,,,,,
,,,,,29869,3.0,3,,,,,,
,,,,,29879,10.0,10,,,,,,
,,,,,29886,7.0,7,,,,,,
,,,,,29894,8.0,8,,,,,,
,,,,,29897,3.0,3,,,,,,
,,,,,29914,17.0,17,,,,,,
,,,,,29918,4.0,4,,,,,,
,,,,,29921,3.0,3,,,,,,
,,,,,29925,4.0,4,,,,,,
,,,,,29934,9.0,9,,,,,,
,,,,,29939,5.0,5,,,,,,
,,,,,29947,8.0,8,,,,,,
,,,,,29956,9.0,9,,,,,,
,,,,,29961,5.0,5,,,,,,
,,,,,29964,3.0,3,,,,,,
,,,,,29969,5.0,5,,,,,,
,,,,,29974,5.0,5,,,,,,
,,,,,29978,4.0,4,,,,,,
,,,,,29994,16.0,16,,,,,,
,,,,,29999,5.0,5,,,,,,
7.6,4.90306,21.0,3.0,7.6,30000,,,2.067952871322632,4.9968342781066895,4.951019763946533,0.0003,0.0003,0.1
,,,,,30004,5.0,5,,,,,,
,,,,,30011,7.0,7,,,,,,
,,,,,30015,4.0,4,,,,,,
,,,,,30039,24.0,24,,,,,,
,,,,,30044,5.0,5,,,,,,
,,,,,30047,3.0,3,,,,,,
,,,,,30056,9.0,9,,,,,,
,,,,,30060,4.0,4,,,,,,
,,,,,30069,9.0,9,,,,,,
,,,,,30076,7.0,7,,,,,,
,,,,,30079,3.0,3,,,,,,
,,,,,30089,10.0,10,,,,,,
,,,,,30098,9.0,9,,,,,,
,,,,,30101,3.0,3,,,,,,
,,,,,30105,4.0,4,,,,,,
,,,,,30112,7.0,7,,,,,,
,,,,,30119,7.0,7,,,,,,
,,,,,30124,5.0,5,,,,,,
,,,,,30127,3.0,3,,,,,,
,,,,,30130,3.0,3,,,,,,
,,,,,30137,7.0,7,,,,,,
,,,,,30148,11.0,11,,,,,,
,,,,,30158,10.0,10,,,,,,
,,,,,30162,4.0,4,,,,,,
,,,,,30166,4.0,4,,,,,,
,,,,,30171,5.0,5,,,,,,
,,,,,30183,12.0,12,,,,,,
,,,,,30188,5.0,5,,,,,,
,,,,,30198,10.0,10,,,,,,
,,,,,30210,12.0,12,,,,,,
,,,,,30214,4.0,4,,,,,,
,,,,,30221,7.0,7,,,,,,
,,,,,30236,15.0,15,,,,,,
,,,,,30242,6.0,6,,,,,,
,,,,,30260,18.0,18,,,,,,
,,,,,30263,3.0,3,,,,,,
,,,,,30274,11.0,11,,,,,,
,,,,,30279,5.0,5,,,,,,
,,,,,30283,4.0,4,,,,,,
,,,,,30288,5.0,5,,,,,,
,,,,,30291,3.0,3,,,,,,
,,,,,30295,4.0,4,,,,,,
,,,,,30299,4.0,4,,,,,,
,,,,,30307,8.0,8,,,,,,
,,,,,30334,27.0,27,,,,,,
,,,,,30342,8.0,8,,,,,,
,,,,,30345,3.0,3,,,,,,
,,,,,30349,4.0,4,,,,,,
,,,,,30353,4.0,4,,,,,,
,,,,,30366,13.0,13,,,,,,
,,,,,30371,5.0,5,,,,,,
,,,,,30380,9.0,9,,,,,,
,,,,,30390,10.0,10,,,,,,
,,,,,30396,6.0,6,,,,,,
,,,,,30406,10.0,10,,,,,,
,,,,,30431,25.0,25,,,,,,
,,,,,30439,8.0,8,,,,,,
,,,,,30446,7.0,7,,,,,,
,,,,,30452,6.0,6,,,,,,
,,,,,30456,4.0,4,,,,,,
,,,,,30465,9.0,9,,,,,,
,,,,,30471,6.0,6,,,,,,
,,,,,30474,3.0,3,,,,,,
,,,,,30479,5.0,5,,,,,,
,,,,,30483,4.0,4,,,,,,
,,,,,30489,6.0,6,,,,,,
,,,,,30492,3.0,3,,,,,,
,,,,,30498,6.0,6,,,,,,
,,,,,30509,11.0,11,,,,,,
,,,,,30521,12.0,12,,,,,,
,,,,,30529,8.0,8,,,,,,
,,,,,30532,3.0,3,,,,,,
,,,,,30536,4.0,4,,,,,,
,,,,,30546,10.0,10,,,,,,
,,,,,30557,11.0,11,,,,,,
,,,,,30568,11.0,11,,,,,,
,,,,,30574,6.0,6,,,,,,
,,,,,30585,11.0,11,,,,,,
,,,,,30596,11.0,11,,,,,,
,,,,,30600,4.0,4,,,,,,
,,,,,30608,8.0,8,,,,,,
,,,,,30614,6.0,6,,,,,,
,,,,,30617,3.0,3,,,,,,
,,,,,30624,7.0,7,,,,,,
,,,,,30628,4.0,4,,,,,,
,,,,,30633,5.0,5,,,,,,
,,,,,30640,7.0,7,,,,,,
,,,,,30645,5.0,5,,,,,,
,,,,,30648,3.0,3,,,,,,
,,,,,30667,19.0,19,,,,,,
,,,,,30672,5.0,5,,,,,,
,,,,,30676,4.0,4,,,,,,
,,,,,30681,5.0,5,,,,,,
,,,,,30685,4.0,4,,,,,,
,,,,,30691,6.0,6,,,,,,
,,,,,30697,6.0,6,,,,,,
,,,,,30714,17.0,17,,,,,,
,,,,,30717,3.0,3,,,,,,
,,,,,30720,3.0,3,,,,,,
,,,,,30726,6.0,6,,,,,,
,,,,,30729,3.0,3,,,,,,
,,,,,30743,14.0,14,,,,,,
,,,,,30749,6.0,6,,,,,,
,,,,,30753,4.0,4,,,,,,
,,,,,30758,5.0,5,,,,,,
,,,,,30762,4.0,4,,,,,,
,,,,,30766,4.0,4,,,,,,
,,,,,30769,3.0,3,,,,,,
,,,,,30778,9.0,9,,,,,,
,,,,,30781,3.0,3,,,,,,
,,,,,30786,5.0,5,,,,,,
,,,,,30794,8.0,8,,,,,,
,,,,,30805,11.0,11,,,,,,
,,,,,30818,13.0,13,,,,,,
,,,,,30824,6.0,6,,,,,,
,,,,,30827,3.0,3,,,,,,
,,,,,30834,7.0,7,,,,,,
,,,,,30837,3.0,3,,,,,,
,,,,,30857,20.0,20,,,,,,
,,,,,30862,5.0,5,,,,,,
,,,,,30875,13.0,13,,,,,,
,,,,,30884,9.0,9,,,,,,
,,,,,30892,8.0,8,,,,,,
,,,,,30897,5.0,5,,,,,,
,,,,,30906,9.0,9,,,,,,
,,,,,30910,4.0,4,,,,,,
,,,,,30914,4.0,4,,,,,,
,,,,,30924,10.0,10,,,,,,
,,,,,30937,13.0,13,,,,,,
,,,,,30941,4.0,4,,,,,,
,,,,,30958,17.0,17,,,,,,
,,,,,30961,3.0,3,,,,,,
,,,,,30970,9.0,9,,,,,,
,,,,,30977,7.0,7,,,,,,
,,,,,30981,4.0,4,,,,,,
,,,,,30985,4.0,4,,,,,,
,,,,,30994,9.0,9,,,,,,
,,,,,30998,4.0,4,,,,,,
,,,,,31000,,,1.7990458011627197,4.938323020935059,4.8502960205078125,0.0003,0.0003,0.1
,,,,,31013,15.0,15,,,,,,
,,,,,31016,3.0,3,,,,,,
,,,,,31029,13.0,13,,,,,,
,,,,,31035,6.0,6,,,,,,
,,,,,31041,6.0,6,,,,,,
,,,,,31046,5.0,5,,,,,,
,,,,,31061,15.0,15,,,,,,
,,,,,31068,7.0,7,,,,,,
,,,,,31078,10.0,10,,,,,,
,,,,,31081,3.0,3,,,,,,
,,,,,31087,6.0,6,,,,,,
,,,,,31091,4.0,4,,,,,,
,,,,,31096,5.0,5,,,,,,
,,,,,31101,5.0,5,,,,,,
,,,,,31105,4.0,4,,,,,,
,,,,,31116,11.0,11,,,,,,
,,,,,31119,3.0,3,,,,,,
,,,,,31124,5.0,5,,,,,,
,,,,,31130,6.0,6,,,,,,
,,,,,31134,4.0,4,,,,,,
,,,,,31143,9.0,9,,,,,,
,,,,,31146,3.0,3,,,,,,
,,,,,31155,9.0,9,,,,,,
,,,,,31160,5.0,5,,,,,,
,,,,,31164,4.0,4,,,,,,
,,,,,31167,3.0,3,,,,,,
,,,,,31171,4.0,4,,,,,,
,,,,,31175,4.0,4,,,,,,
,,,,,31187,12.0,12,,,,,,
,,,,,31198,11.0,11,,,,,,
,,,,,31203,5.0,5,,,,,,
,,,,,31210,7.0,7,,,,,,
,,,,,31218,8.0,8,,,,,,
,,,,,31222,4.0,4,,,,,,
,,,,,31225,3.0,3,,,,,,
,,,,,31238,13.0,13,,,,,,
,,,,,31242,4.0,4,,,,,,
,,,,,31255,13.0,13,,,,,,
,,,,,31263,8.0,8,,,,,,
,,,,,31269,6.0,6,,,,,,
,,,,,31280,11.0,11,,,,,,
,,,,,31291,11.0,11,,,,,,
,,,,,31298,7.0,7,,,,,,
,,,,,31302,4.0,4,,,,,,
,,,,,31305,3.0,3,,,,,,
,,,,,31308,3.0,3,,,,,,
,,,,,31314,6.0,6,,,,,,
,,,,,31321,7.0,7,,,,,,
,,,,,31328,7.0,7,,,,,,
,,,,,31331,3.0,3,,,,,,
,,,,,31335,4.0,4,,,,,,
,,,,,31339,4.0,4,,,,,,
,,,,,31344,5.0,5,,,,,,
,,,,,31349,5.0,5,,,,,,
,,,,,31357,8.0,8,,,,,,
,,,,,31360,3.0,3,,,,,,
,,,,,31366,6.0,6,,,,,,
,,,,,31372,6.0,6,,,,,,
,,,,,31376,4.0,4,,,,,,
,,,,,31381,5.0,5,,,,,,
,,,,,31385,4.0,4,,,,,,
,,,,,31392,7.0,7,,,,,,
,,,,,31400,8.0,8,,,,,,
,,,,,31403,3.0,3,,,,,,
,,,,,31408,5.0,5,,,,,,
,,,,,31414,6.0,6,,,,,,
,,,,,31431,17.0,17,,,,,,
,,,,,31435,4.0,4,,,,,,
,,,,,31450,15.0,15,,,,,,
,,,,,31457,7.0,7,,,,,,
,,,,,31460,3.0,3,,,,,,
,,,,,31465,5.0,5,,,,,,
,,,,,31470,5.0,5,,,,,,
,,,,,31481,11.0,11,,,,,,
,,,,,31486,5.0,5,,,,,,
,,,,,31490,4.0,4,,,,,,
,,,,,31498,8.0,8,,,,,,
,,,,,31512,14.0,14,,,,,,
,,,,,31517,5.0,5,,,,,,
,,,,,31527,10.0,10,,,,,,
,,,,,31531,4.0,4,,,,,,
,,,,,31535,4.0,4,,,,,,
,,,,,31542,7.0,7,,,,,,
,,,,,31548,6.0,6,,,,,,
,,,,,31558,10.0,10,,,,,,
,,,,,31574,16.0,16,,,,,,
,,,,,31577,3.0,3,,,,,,
,,,,,31583,6.0,6,,,,,,
,,,,,31593,10.0,10,,,,,,
,,,,,31596,3.0,3,,,,,,
,,,,,31599,3.0,3,,,,,,
,,,,,31603,4.0,4,,,,,,
,,,,,31615,12.0,12,,,,,,
,,,,,31619,4.0,4,,,,,,
,,,,,31623,4.0,4,,,,,,
,,,,,31627,4.0,4,,,,,,
,,,,,31636,9.0,9,,,,,,
,,,,,31644,8.0,8,,,,,,
,,,,,31648,4.0,4,,,,,,
,,,,,31652,4.0,4,,,,,,
,,,,,31657,5.0,5,,,,,,
,,,,,31664,7.0,7,,,,,,
,,,,,31668,4.0,4,,,,,,
,,,,,31671,3.0,3,,,,,,
,,,,,31674,3.0,3,,,,,,
,,,,,31677,3.0,3,,,,,,
,,,,,31683,6.0,6,,,,,,
,,,,,31699,16.0,16,,,,,,
,,,,,31705,6.0,6,,,,,,
,,,,,31712,7.0,7,,,,,,
,,,,,31723,11.0,11,,,,,,
,,,,,31728,5.0,5,,,,,,
,,,,,31742,14.0,14,,,,,,
,,,,,31749,7.0,7,,,,,,
,,,,,31753,4.0,4,,,,,,
,,,,,31760,7.0,7,,,,,,
,,,,,31764,4.0,4,,,,,,
,,,,,31769,5.0,5,,,,,,
,,,,,31776,7.0,7,,,,,,
,,,,,31782,6.0,6,,,,,,
,,,,,31787,5.0,5,,,,,,
,,,,,31793,6.0,6,,,,,,
,,,,,31806,13.0,13,,,,,,
,,,,,31810,4.0,4,,,,,,
,,,,,31814,4.0,4,,,,,,
,,,,,31824,10.0,10,,,,,,
,,,,,31828,4.0,4,,,,,,
,,,,,31835,7.0,7,,,,,,
,,,,,31841,6.0,6,,,,,,
,,,,,31845,4.0,4,,,,,,
,,,,,31849,4.0,4,,,,,,
,,,,,31856,7.0,7,,,,,,
,,,,,31861,5.0,5,,,,,,
,,,,,31865,4.0,4,,,,,,
,,,,,31869,4.0,4,,,,,,
,,,,,31878,9.0,9,,,,,,
,,,,,31881,3.0,3,,,,,,
,,,,,31885,4.0,4,,,,,,
,,,,,31889,4.0,4,,,,,,
,,,,,31893,4.0,4,,,,,,
,,,,,31901,8.0,8,,,,,,
,,,,,31912,11.0,11,,,,,,
,,,,,31923,11.0,11,,,,,,
,,,,,31926,3.0,3,,,,,,
,,,,,31929,3.0,3,,,,,,
,,,,,31936,7.0,7,,,,,,
,,,,,31944,8.0,8,,,,,,
,,,,,31956,12.0,12,,,,,,
,,,,,31961,5.0,5,,,,,,
,,,,,31964,3.0,3,,,,,,
,,,,,31968,4.0,4,,,,,,
,,,,,31973,5.0,5,,,,,,
,,,,,31978,5.0,5,,,,,,
,,,,,31982,4.0,4,,,,,,
,,,,,31989,7.0,7,,,,,,
,,,,,32000,,,1.8384748697280884,5.0173115730285645,4.975776672363281,0.0003,0.0003,0.1
,,,,,32009,20.0,20,,,,,,
,,,,,32017,8.0,8,,,,,,
,,,,,32022,5.0,5,,,,,,
,,,,,32029,7.0,7,,,,,,
,,,,,32035,6.0,6,,,,,,
,,,,,32045,10.0,10,,,,,,
,,,,,32055,10.0,10,,,,,,
,,,,,32059,4.0,4,,,,,,
,,,,,32062,3.0,3,,,,,,
,,,,,32072,10.0,10,,,,,,
,,,,,32075,3.0,3,,,,,,
,,,,,32080,5.0,5,,,,,,
,,,,,32086,6.0,6,,,,,,
,,,,,32089,3.0,3,,,,,,
,,,,,32100,11.0,11,,,,,,
,,,,,32104,4.0,4,,,,,,
,,,,,32109,5.0,5,,,,,,
,,,,,32114,5.0,5,,,,,,
,,,,,32119,5.0,5,,,,,,
,,,,,32122,3.0,3,,,,,,
,,,,,32126,4.0,4,,,,,,
,,,,,32130,4.0,4,,,,,,
,,,,,32142,12.0,12,,,,,,
,,,,,32146,4.0,4,,,,,,
,,,,,32152,6.0,6,,,,,,
,,,,,32159,7.0,7,,,,,,
,,,,,32163,4.0,4,,,,,,
,,,,,32166,3.0,3,,,,,,
,,,,,32181,15.0,15,,,,,,
,,,,,32188,7.0,7,,,,,,
,,,,,32194,6.0,6,,,,,,
,,,,,32198,4.0,4,,,,,,
,,,,,32228,30.0,30,,,,,,
,,,,,32237,9.0,9,,,,,,
,,,,,32250,13.0,13,,,,,,
,,,,,32256,6.0,6,,,,,,
,,,,,32265,9.0,9,,,,,,
,,,,,32271,6.0,6,,,,,,
,,,,,32279,8.0,8,,,,,,
,,,,,32282,3.0,3,,,,,,
,,,,,32287,5.0,5,,,,,,
,,,,,32294,7.0,7,,,,,,
,,,,,32300,6.0,6,,,,,,
,,,,,32304,4.0,4,,,,,,
,,,,,32308,4.0,4,,,,,,
,,,,,32328,20.0,20,,,,,,
,,,,,32332,4.0,4,,,,,,
,,,,,32335,3.0,3,,,,,,
,,,,,32344,9.0,9,,,,,,
,,,,,32353,9.0,9,,,,,,
,,,,,32362,9.0,9,,,,,,
,,,,,32370,8.0,8,,,,,,
,,,,,32374,4.0,4,,,,,,
,,,,,32382,8.0,8,,,,,,
,,,,,32385,3.0,3,,,,,,
,,,,,32392,7.0,7,,,,,,
,,,,,32396,4.0,4,,,,,,
,,,,,32400,4.0,4,,,,,,
,,,,,32414,14.0,14,,,,,,
,,,,,32438,24.0,24,,,,,,
,,,,,32455,17.0,17,,,,,,
,,,,,32461,6.0,6,,,,,,
,,,,,32469,8.0,8,,,,,,
,,,,,32475,6.0,6,,,,,,
,,,,,32478,3.0,3,,,,,,
,,,,,32484,6.0,6,,,,,,
,,,,,32491,7.0,7,,,,,,
,,,,,32494,3.0,3,,,,,,
,,,,,32505,11.0,11,,,,,,
,,,,,32509,4.0,4,,,,,,
,,,,,32514,5.0,5,,,,,,
,,,,,32517,3.0,3,,,,,,
,,,,,32533,16.0,16,,,,,,
,,,,,32537,4.0,4,,,,,,
,,,,,32543,6.0,6,,,,,,
,,,,,32550,7.0,7,,,,,,
,,,,,32559,9.0,9,,,,,,
,,,,,32565,6.0,6,,,,,,
,,,,,32570,5.0,5,,,,,,
,,,,,32574,4.0,4,,,,,,
,,,,,32578,4.0,4,,,,,,
,,,,,32587,9.0,9,,,,,,
,,,,,32592,5.0,5,,,,,,
,,,,,32597,5.0,5,,,,,,
,,,,,32600,3.0,3,,,,,,
,,,,,32608,8.0,8,,,,,,
,,,,,32611,3.0,3,,,,,,
,,,,,32617,6.0,6,,,,,,
,,,,,32623,6.0,6,,,,,,
,,,,,32626,3.0,3,,,,,,
,,,,,32630,4.0,4,,,,,,
,,,,,32635,5.0,5,,,,,,
,,,,,32643,8.0,8,,,,,,
,,,,,32647,4.0,4,,,,,,
,,,,,32655,8.0,8,,,,,,
,,,,,32659,4.0,4,,,,,,
,,,,,32665,6.0,6,,,,,,
,,,,,32669,4.0,4,,,,,,
,,,,,32673,4.0,4,,,,,,
,,,,,32678,5.0,5,,,,,,
,,,,,32683,5.0,5,,,,,,
,,,,,32686,3.0,3,,,,,,
,,,,,32690,4.0,4,,,,,,
,,,,,32697,7.0,7,,,,,,
,,,,,32705,8.0,8,,,,,,
,,,,,32713,8.0,8,,,,,,
,,,,,32718,5.0,5,,,,,,
,,,,,32726,8.0,8,,,,,,
,,,,,32737,11.0,11,,,,,,
,,,,,32740,3.0,3,,,,,,
,,,,,32744,4.0,4,,,,,,
,,,,,32747,3.0,3,,,,,,
,,,,,32751,4.0,4,,,,,,
,,,,,32756,5.0,5,,,,,,
,,,,,32764,8.0,8,,,,,,
,,,,,32768,4.0,4,,,,,,
,,,,,32780,12.0,12,,,,,,
,,,,,32784,4.0,4,,,,,,
,,,,,32792,8.0,8,,,,,,
,,,,,32801,9.0,9,,,,,,
,,,,,32808,7.0,7,,,,,,
,,,,,32811,3.0,3,,,,,,
,,,,,32815,4.0,4,,,,,,
,,,,,32824,9.0,9,,,,,,
,,,,,32828,4.0,4,,,,,,
,,,,,32831,3.0,3,,,,,,
,,,,,32851,20.0,20,,,,,,
,,,,,32858,7.0,7,,,,,,
,,,,,32862,4.0,4,,,,,,
,,,,,32871,9.0,9,,,,,,
,,,,,32881,10.0,10,,,,,,
,,,,,32885,4.0,4,,,,,,
,,,,,32890,5.0,5,,,,,,
,,,,,32894,4.0,4,,,,,,
,,,,,32899,5.0,5,,,,,,
,,,,,32903,4.0,4,,,,,,
,,,,,32908,5.0,5,,,,,,
,,,,,32925,17.0,17,,,,,,
,,,,,32937,12.0,12,,,,,,
,,,,,32940,3.0,3,,,,,,
,,,,,32948,8.0,8,,,,,,
,,,,,32951,3.0,3,,,,,,
,,,,,32965,14.0,14,,,,,,
,,,,,32970,5.0,5,,,,,,
,,,,,32975,5.0,5,,,,,,
,,,,,32981,6.0,6,,,,,,
,,,,,32984,3.0,3,,,,,,
,,,,,32988,4.0,4,,,,,,
,,,,,32997,9.0,9,,,,,,
,,,,,33000,3.0,3,,,,,,
,,,,,33000,,,1.6723785400390625,5.326878547668457,5.323114395141602,0.0003,0.0003,0.1
,,,,,33008,8.0,8,,,,,,
,,,,,33013,5.0,5,,,,,,
,,,,,33016,3.0,3,,,,,,
,,,,,33029,13.0,13,,,,,,
,,,,,33045,16.0,16,,,,,,
,,,,,33051,6.0,6,,,,,,
,,,,,33063,12.0,12,,,,,,
,,,,,33074,11.0,11,,,,,,
,,,,,33078,4.0,4,,,,,,
,,,,,33082,4.0,4,,,,,,
,,,,,33088,6.0,6,,,,,,
,,,,,33091,3.0,3,,,,,,
,,,,,33094,3.0,3,,,,,,
,,,,,33102,8.0,8,,,,,,
,,,,,33106,4.0,4,,,,,,
,,,,,33109,3.0,3,,,,,,
,,,,,33113,4.0,4,,,,,,
,,,,,33119,6.0,6,,,,,,
,,,,,33123,4.0,4,,,,,,
,,,,,33129,6.0,6,,,,,,
,,,,,33133,4.0,4,,,,,,
,,,,,33137,4.0,4,,,,,,
,,,,,33146,9.0,9,,,,,,
,,,,,33153,7.0,7,,,,,,
,,,,,33157,4.0,4,,,,,,
,,,,,33160,3.0,3,,,,,,
,,,,,33164,4.0,4,,,,,,
,,,,,33175,11.0,11,,,,,,
,,,,,33178,3.0,3,,,,,,
,,,,,33190,12.0,12,,,,,,
,,,,,33197,7.0,7,,,,,,
,,,,,33202,5.0,5,,,,,,
,,,,,33216,14.0,14,,,,,,
,,,,,33225,9.0,9,,,,,,
,,,,,33230,5.0,5,,,,,,
,,,,,33238,8.0,8,,,,,,
,,,,,33244,6.0,6,,,,,,
,,,,,33252,8.0,8,,,,,,
,,,,,33259,7.0,7,,,,,,
,,,,,33265,6.0,6,,,,,,
,,,,,33270,5.0,5,,,,,,
,,,,,33274,4.0,4,,,,,,
,,,,,33278,4.0,4,,,,,,
,,,,,33290,12.0,12,,,,,,
,,,,,33295,5.0,5,,,,,,
,,,,,33298,3.0,3,,,,,,
,,,,,33305,7.0,7,,,,,,
,,,,,33308,3.0,3,,,,,,
,,,,,33315,7.0,7,,,,,,
,,,,,33320,5.0,5,,,,,,
,,,,,33323,3.0,3,,,,,,
,,,,,33337,14.0,14,,,,,,
,,,,,33355,18.0,18,,,,,,
,,,,,33361,6.0,6,,,,,,
,,,,,33371,10.0,10,,,,,,
,,,,,33378,7.0,7,,,,,,
,,,,,33388,10.0,10,,,,,,
,,,,,33394,6.0,6,,,,,,
,,,,,33400,6.0,6,,,,,,
,,,,,33408,8.0,8,,,,,,
,,,,,33413,5.0,5,,,,,,
,,,,,33418,5.0,5,,,,,,
,,,,,33421,3.0,3,,,,,,
,,,,,33425,4.0,4,,,,,,
,,,,,33429,4.0,4,,,,,,
,,,,,33436,7.0,7,,,,,,
,,,,,33442,6.0,6,,,,,,
,,,,,33445,3.0,3,,,,,,
,,,,,33449,4.0,4,,,,,,
,,,,,33453,4.0,4,,,,,,
,,,,,33461,8.0,8,,,,,,
,,,,,33465,4.0,4,,,,,,
,,,,,33480,15.0,15,,,,,,
,,,,,33488,8.0,8,,,,,,
,,,,,33493,5.0,5,,,,,,
,,,,,33496,3.0,3,,,,,,
,,,,,33503,7.0,7,,,,,,
,,,,,33508,5.0,5,,,,,,
,,,,,33515,7.0,7,,,,,,
,,,,,33519,4.0,4,,,,,,
,,,,,33526,7.0,7,,,,,,
,,,,,33530,4.0,4,,,,,,
,,,,,33535,5.0,5,,,,,,
,,,,,33543,8.0,8,,,,,,
,,,,,33549,6.0,6,,,,,,
,,,,,33554,5.0,5,,,,,,
,,,,,33559,5.0,5,,,,,,
,,,,,33562,3.0,3,,,,,,
,,,,,33565,3.0,3,,,,,,
,,,,,33578,13.0,13,,,,,,
,,,,,33582,4.0,4,,,,,,
,,,,,33585,3.0,3,,,,,,
,,,,,33589,4.0,4,,,,,,
,,,,,33596,7.0,7,,,,,,
,,,,,33600,4.0,4,,,,,,
,,,,,33609,9.0,9,,,,,,
,,,,,33616,7.0,7,,,,,,
,,,,,33620,4.0,4,,,,,,
,,,,,33626,6.0,6,,,,,,
,,,,,33629,3.0,3,,,,,,
,,,,,33633,4.0,4,,,,,,
,,,,,33640,7.0,7,,,,,,
,,,,,33643,3.0,3,,,,,,
,,,,,33647,4.0,4,,,,,,
,,,,,33652,5.0,5,,,,,,
,,,,,33655,3.0,3,,,,,,
,,,,,33666,11.0,11,,,,,,
,,,,,33670,4.0,4,,,,,,
,,,,,33689,19.0,19,,,,,,
,,,,,33694,5.0,5,,,,,,
,,,,,33699,5.0,5,,,,,,
,,,,,33704,5.0,5,,,,,,
,,,,,33709,5.0,5,,,,,,
,,,,,33715,6.0,6,,,,,,
,,,,,33718,3.0,3,,,,,,
,,,,,33725,7.0,7,,,,,,
,,,,,33729,4.0,4,,,,,,
,,,,,33735,6.0,6,,,,,,
,,,,,33740,5.0,5,,,,,,
,,,,,33752,12.0,12,,,,,,
,,,,,33758,6.0,6,,,,,,
,,,,,33762,4.0,4,,,,,,
,,,,,33767,5.0,5,,,,,,
,,,,,33771,4.0,4,,,,,,
,,,,,33779,8.0,8,,,,,,
,,,,,33788,9.0,9,,,,,,
,,,,,33794,6.0,6,,,,,,
,,,,,33798,4.0,4,,,,,,
,,,,,33803,5.0,5,,,,,,
,,,,,33806,3.0,3,,,,,,
,,,,,33810,4.0,4,,,,,,
,,,,,33821,11.0,11,,,,,,
,,,,,33826,5.0,5,,,,,,
,,,,,33833,7.0,7,,,,,,
,,,,,33851,18.0,18,,,,,,
,,,,,33860,9.0,9,,,,,,
,,,,,33869,9.0,9,,,,,,
,,,,,33874,5.0,5,,,,,,
,,,,,33887,13.0,13,,,,,,
,,,,,33894,7.0,7,,,,,,
,,,,,33911,17.0,17,,,,,,
,,,,,33919,8.0,8,,,,,,
,,,,,33923,4.0,4,,,,,,
,,,,,33929,6.0,6,,,,,,
,,,,,33940,11.0,11,,,,,,
,,,,,33946,6.0,6,,,,,,
,,,,,33953,7.0,7,,,,,,
,,,,,33956,3.0,3,,,,,,
,,,,,33963,7.0,7,,,,,,
,,,,,33972,9.0,9,,,,,,
,,,,,33976,4.0,4,,,,,,
,,,,,33981,5.0,5,,,,,,
,,,,,33984,3.0,3,,,,,,
,,,,,33988,4.0,4,,,,,,
,,,,,34000,,,2.019348621368408,5.0252275466918945,4.837841033935547,0.0003,0.0003,0.1
,,,,,34001,13.0,13,,,,,,
,,,,,34007,6.0,6,,,,,,
,,,,,34013,6.0,6,,,,,,
,,,,,34019,6.0,6,,,,,,
,,,,,34022,3.0,3,,,,,,
,,,,,34032,10.0,10,,,,,,
,,,,,34040,8.0,8,,,,,,
,,,,,34047,7.0,7,,,,,,
,,,,,34058,11.0,11,,,,,,
,,,,,34062,4.0,4,,,,,,
,,,,,34078,16.0,16,,,,,,
,,,,,34087,9.0,9,,,,,,
,,,,,34093,6.0,6,,,,,,
,,,,,34098,5.0,5,,,,,,
,,,,,34103,5.0,5,,,,,,
,,,,,34115,12.0,12,,,,,,
,,,,,34119,4.0,4,,,,,,
,,,,,34125,6.0,6,,,,,,
,,,,,34128,3.0,3,,,,,,
,,,,,34133,5.0,5,,,,,,
,,,,,34137,4.0,4,,,,,,
,,,,,34145,8.0,8,,,,,,
,,,,,34151,6.0,6,,,,,,
,,,,,34159,8.0,8,,,,,,
,,,,,34164,5.0,5,,,,,,
,,,,,34171,7.0,7,,,,,,
,,,,,34178,7.0,7,,,,,,
,,,,,34184,6.0,6,,,,,,
,,,,,34191,7.0,7,,,,,,
,,,,,34196,5.0,5,,,,,,
,,,,,34199,3.0,3,,,,,,
,,,,,34203,4.0,4,,,,,,
,,,,,34215,12.0,12,,,,,,
,,,,,34221,6.0,6,,,,,,
,,,,,34227,6.0,6,,,,,,
,,,,,34232,5.0,5,,,,,,
,,,,,34242,10.0,10,,,,,,
,,,,,34253,11.0,11,,,,,,
,,,,,34258,5.0,5,,,,,,
,,,,,34262,4.0,4,,,,,,
,,,,,34266,4.0,4,,,,,,
,,,,,34269,3.0,3,,,,,,
,,,,,34273,4.0,4,,,,,,
,,,,,34288,15.0,15,,,,,,
,,,,,34314,26.0,26,,,,,,
,,,,,34320,6.0,6,,,,,,
,,,,,34334,14.0,14,,,,,,
,,,,,34341,7.0,7,,,,,,
,,,,,34351,10.0,10,,,,,,
,,,,,34354,3.0,3,,,,,,
,,,,,34358,4.0,4,,,,,,
,,,,,34363,5.0,5,,,,,,
,,,,,34375,12.0,12,,,,,,
,,,,,34381,6.0,6,,,,,,
,,,,,34384,3.0,3,,,,,,
,,,,,34389,5.0,5,,,,,,
,,,,,34399,10.0,10,,,,,,
,,,,,34409,10.0,10,,,,,,
,,,,,34412,3.0,3,,,,,,
,,,,,34420,8.0,8,,,,,,
,,,,,34423,3.0,3,,,,,,
,,,,,34430,7.0,7,,,,,,
,,,,,34434,4.0,4,,,,,,
,,,,,34443,9.0,9,,,,,,
,,,,,34449,6.0,6,,,,,,
,,,,,34453,4.0,4,,,,,,
,,,,,34460,7.0,7,,,,,,
,,,,,34465,5.0,5,,,,,,
,,,,,34468,3.0,3,,,,,,
,,,,,34476,8.0,8,,,,,,
,,,,,34483,7.0,7,,,,,,
,,,,,34486,3.0,3,,,,,,
,,,,,34494,8.0,8,,,,,,
,,,,,34513,19.0,19,,,,,,
,,,,,34516,3.0,3,,,,,,
,,,,,34523,7.0,7,,,,,,
,,,,,34526,3.0,3,,,,,,
,,,,,34534,8.0,8,,,,,,
,,,,,34541,7.0,7,,,,,,
,,,,,34547,6.0,6,,,,,,
,,,,,34551,4.0,4,,,,,,
,,,,,34554,3.0,3,,,,,,
,,,,,34561,7.0,7,,,,,,
,,,,,34567,6.0,6,,,,,,
,,,,,34581,14.0,14,,,,,,
,,,,,34592,11.0,11,,,,,,
,,,,,34595,3.0,3,,,,,,
,,,,,34602,7.0,7,,,,,,
,,,,,34605,3.0,3,,,,,,
,,,,,34609,4.0,4,,,,,,
,,,,,34627,18.0,18,,,,,,
,,,,,34632,5.0,5,,,,,,
,,,,,34635,3.0,3,,,,,,
,,,,,34649,14.0,14,,,,,,
,,,,,34658,9.0,9,,,,,,
,,,,,34663,5.0,5,,,,,,
,,,,,34668,5.0,5,,,,,,
,,,,,34672,4.0,4,,,,,,
,,,,,34675,3.0,3,,,,,,
,,,,,34686,11.0,11,,,,,,
,,,,,34692,6.0,6,,,,,,
,,,,,34695,3.0,3,,,,,,
,,,,,34698,3.0,3,,,,,,
,,,,,34703,5.0,5,,,,,,
,,,,,34708,5.0,5,,,,,,
,,,,,34715,7.0,7,,,,,,
,,,,,34721,6.0,6,,,,,,
,,,,,34728,7.0,7,,,,,,
,,,,,34732,4.0,4,,,,,,
,,,,,34741,9.0,9,,,,,,
,,,,,34752,11.0,11,,,,,,
,,,,,34755,3.0,3,,,,,,
,,,,,34764,9.0,9,,,,,,
,,,,,34774,10.0,10,,,,,,
,,,,,34779,5.0,5,,,,,,
,,,,,34802,23.0,23,,,,,,
,,,,,34805,3.0,3,,,,,,
,,,,,34813,8.0,8,,,,,,
,,,,,34816,3.0,3,,,,,,
,,,,,34820,4.0,4,,,,,,
,,,,,34839,19.0,19,,,,,,
,,,,,34843,4.0,4,,,,,,
,,,,,34851,8.0,8,,,,,,
,,,,,34862,11.0,11,,,,,,
,,,,,34867,5.0,5,,,,,,
,,,,,34871,4.0,4,,,,,,
,,,,,34875,4.0,4,,,,,,
,,,,,34882,7.0,7,,,,,,
,,,,,34888,6.0,6,,,,,,
,,,,,34895,7.0,7,,,,,,
,,,,,34898,3.0,3,,,,,,
,,,,,34905,7.0,7,,,,,,
,,,,,34909,4.0,4,,,,,,
,,,,,34914,5.0,5,,,,,,
,,,,,34919,5.0,5,,,,,,
,,,,,34923,4.0,4,,,,,,
,,,,,34928,5.0,5,,,,,,
,,,,,34934,6.0,6,,,,,,
,,,,,34937,3.0,3,,,,,,
,,,,,34941,4.0,4,,,,,,
,,,,,34962,21.0,21,,,,,,
,,,,,34975,13.0,13,,,,,,
,,,,,34988,13.0,13,,,,,,
,,,,,34992,4.0,4,,,,,,
,,,,,34999,7.0,7,,,,,,
6.7,2.6851444,13.0,4.0,6.7,35000,,,2.0692455768585205,4.847445487976074,4.999002456665039,0.0003,0.0003,0.1
,,,,,35003,4.0,4,,,,,,
,,,,,35029,26.0,26,,,,,,
,,,,,35034,5.0,5,,,,,,
,,,,,35039,5.0,5,,,,,,
,,,,,35047,8.0,8,,,,,,
,,,,,35066,19.0,19,,,,,,
,,,,,35079,13.0,13,,,,,,
,,,,,35084,5.0,5,,,,,,
,,,,,35089,5.0,5,,,,,,
,,,,,35095,6.0,6,,,,,,
,,,,,35104,9.0,9,,,,,,
,,,,,35118,14.0,14,,,,,,
,,,,,35121,3.0,3,,,,,,
,,,,,35125,4.0,4,,,,,,
,,,,,35129,4.0,4,,,,,,
,,,,,35135,6.0,6,,,,,,
,,,,,35140,5.0,5,,,,,,
,,,,,35144,4.0,4,,,,,,
,,,,,35148,4.0,4,,,,,,
,,,,,35154,6.0,6,,,,,,
,,,,,35157,3.0,3,,,,,,
,,,,,35161,4.0,4,,,,,,
,,,,,35166,5.0,5,,,,,,
,,,,,35169,3.0,3,,,,,,
,,,,,35173,4.0,4,,,,,,
,,,,,35188,15.0,15,,,,,,
,,,,,35192,4.0,4,,,,,,
,,,,,35197,5.0,5,,,,,,
,,,,,35201,4.0,4,,,,,,
,,,,,35207,6.0,6,,,,,,
,,,,,35213,6.0,6,,,,,,
,,,,,35217,4.0,4,,,,,,
,,,,,35220,3.0,3,,,,,,
,,,,,35231,11.0,11,,,,,,
,,,,,35238,7.0,7,,,,,,
,,,,,35252,14.0,14,,,,,,
,,,,,35260,8.0,8,,,,,,
,,,,,35264,4.0,4,,,,,,
,,,,,35273,9.0,9,,,,,,
,,,,,35284,11.0,11,,,,,,
,,,,,35311,27.0,27,,,,,,
,,,,,35315,4.0,4,,,,,,
,,,,,35319,4.0,4,,,,,,
,,,,,35322,3.0,3,,,,,,
,,,,,35328,6.0,6,,,,,,
,,,,,35334,6.0,6,,,,,,
,,,,,35341,7.0,7,,,,,,
,,,,,35345,4.0,4,,,,,,
,,,,,35349,4.0,4,,,,,,
,,,,,35356,7.0,7,,,,,,
,,,,,35360,4.0,4,,,,,,
,,,,,35367,7.0,7,,,,,,
,,,,,35380,13.0,13,,,,,,
,,,,,35383,3.0,3,,,,,,
,,,,,35386,3.0,3,,,,,,
,,,,,35392,6.0,6,,,,,,
,,,,,35400,8.0,8,,,,,,
,,,,,35406,6.0,6,,,,,,
,,,,,35419,13.0,13,,,,,,
,,,,,35426,7.0,7,,,,,,
,,,,,35430,4.0,4,,,,,,
,,,,,35442,12.0,12,,,,,,
,,,,,35447,5.0,5,,,,,,
,,,,,35456,9.0,9,,,,,,
,,,,,35461,5.0,5,,,,,,
,,,,,35475,14.0,14,,,,,,
,,,,,35481,6.0,6,,,,,,
,,,,,35484,3.0,3,,,,,,
,,,,,35488,4.0,4,,,,,,
,,,,,35499,11.0,11,,,,,,
,,,,,35506,7.0,7,,,,,,
,,,,,35517,11.0,11,,,,,,
,,,,,35525,8.0,8,,,,,,
,,,,,35530,5.0,5,,,,,,
,,,,,35533,3.0,3,,,,,,
,,,,,35536,3.0,3,,,,,,
,,,,,35541,5.0,5,,,,,,
,,,,,35549,8.0,8,,,,,,
,,,,,35552,3.0,3,,,,,,
,,,,,35560,8.0,8,,,,,,
,,,,,35573,13.0,13,,,,,,
,,,,,35578,5.0,5,,,,,,
,,,,,35599,21.0,21,,,,,,
,,,,,35603,4.0,4,,,,,,
,,,,,35609,6.0,6,,,,,,
,,,,,35616,7.0,7,,,,,,
,,,,,35620,4.0,4,,,,,,
,,,,,35623,3.0,3,,,,,,
,,,,,35627,4.0,4,,,,,,
,,,,,35631,4.0,4,,,,,,
,,,,,35641,10.0,10,,,,,,
,,,,,35644,3.0,3,,,,,,
,,,,,35649,5.0,5,,,,,,
,,,,,35655,6.0,6,,,,,,
,,,,,35660,5.0,5,,,,,,
,,,,,35679,19.0,19,,,,,,
,,,,,35683,4.0,4,,,,,,
,,,,,35686,3.0,3,,,,,,
,,,,,35691,5.0,5,,,,,,
,,,,,35699,8.0,8,,,,,,
,,,,,35705,6.0,6,,,,,,
,,,,,35712,7.0,7,,,,,,
,,,,,35716,4.0,4,,,,,,
,,,,,35720,4.0,4,,,,,,
,,,,,35727,7.0,7,,,,,,
,,,,,35730,3.0,3,,,,,,
,,,,,35734,4.0,4,,,,,,
,,,,,35737,3.0,3,,,,,,
,,,,,35740,3.0,3,,,,,,
,,,,,35748,8.0,8,,,,,,
,,,,,35751,3.0,3,,,,,,
,,,,,35754,3.0,3,,,,,,
,,,,,35760,6.0,6,,,,,,
,,,,,35764,4.0,4,,,,,,
,,,,,35768,4.0,4,,,,,,
,,,,,35772,4.0,4,,,,,,
,,,,,35776,4.0,4,,,,,,
,,,,,35784,8.0,8,,,,,,
,,,,,35789,5.0,5,,,,,,
,,,,,35796,7.0,7,,,,,,
,,,,,35800,4.0,4,,,,,,
,,,,,35819,19.0,19,,,,,,
,,,,,35824,5.0,5,,,,,,
,,,,,35829,5.0,5,,,,,,
,,,,,35832,3.0,3,,,,,,
,,,,,35837,5.0,5,,,,,,
,,,,,35842,5.0,5,,,,,,
,,,,,35849,7.0,7,,,,,,
,,,,,35853,4.0,4,,,,,,
,,,,,35864,11.0,11,,,,,,
,,,,,35870,6.0,6,,,,,,
,,,,,35873,3.0,3,,,,,,
,,,,,35877,4.0,4,,,,,,
,,,,,35885,8.0,8,,,,,,
,,,,,35893,8.0,8,,,,,,
,,,,,35903,10.0,10,,,,,,
,,,,,35906,3.0,3,,,,,,
,,,,,35916,10.0,10,,,,,,
,,,,,35927,11.0,11,,,,,,
,,,,,35934,7.0,7,,,,,,
,,,,,35938,4.0,4,,,,,,
,,,,,35942,4.0,4,,,,,,
,,,,,35946,4.0,4,,,,,,
,,,,,35952,6.0,6,,,,,,
,,,,,35955,3.0,3,,,,,,
,,,,,35966,11.0,11,,,,,,
,,,,,35972,6.0,6,,,,,,
,,,,,35977,5.0,5,,,,,,
,,,,,35984,7.0,7,,,,,,
,,,,,35991,7.0,7,,,,,,
,,,,,36000,9.0,9,,,,,,
,,,,,36000,,,2.3457436561584473,4.851029872894287,4.518556594848633,0.0003,0.0003,0.1
,,,,,36004,4.0,4,,,,,,
,,,,,36031,27.0,27,,,,,,
,,,,,36035,4.0,4,,,,,,
,,,,,36039,4.0,4,,,,,,
,,,,,36046,7.0,7,,,,,,
,,,,,36049,3.0,3,,,,,,
,,,,,36054,5.0,5,,,,,,
,,,,,36063,9.0,9,,,,,,
,,,,,36069,6.0,6,,,,,,
,,,,,36081,12.0,12,,,,,,
,,,,,36096,15.0,15,,,,,,
,,,,,36100,4.0,4,,,,,,
,,,,,36104,4.0,4,,,,,,
,,,,,36125,21.0,21,,,,,,
,,,,,36131,6.0,6,,,,,,
,,,,,36134,3.0,3,,,,,,
,,,,,36147,13.0,13,,,,,,
,,,,,36154,7.0,7,,,,,,
,,,,,36160,6.0,6,,,,,,
,,,,,36168,8.0,8,,,,,,
,,,,,36180,12.0,12,,,,,,
,,,,,36186,6.0,6,,,,,,
,,,,,36189,3.0,3,,,,,,
,,,,,36201,12.0,12,,,,,,
,,,,,36209,8.0,8,,,,,,
,,,,,36213,4.0,4,,,,,,
,,,,,36224,11.0,11,,,,,,
,,,,,36244,20.0,20,,,,,,
,,,,,36250,6.0,6,,,,,,
,,,,,36265,15.0,15,,,,,,
,,,,,36271,6.0,6,,,,,,
,,,,,36276,5.0,5,,,,,,
,,,,,36291,15.0,15,,,,,,
,,,,,36295,4.0,4,,,,,,
,,,,,36298,3.0,3,,,,,,
,,,,,36309,11.0,11,,,,,,
,,,,,36318,9.0,9,,,,,,
,,,,,36321,3.0,3,,,,,,
,,,,,36324,3.0,3,,,,,,
,,,,,36328,4.0,4,,,,,,
,,,,,36332,4.0,4,,,,,,
,,,,,36337,5.0,5,,,,,,
,,,,,36349,12.0,12,,,,,,
,,,,,36360,11.0,11,,,,,,
,,,,,36368,8.0,8,,,,,,
,,,,,36372,4.0,4,,,,,,
,,,,,36375,3.0,3,,,,,,
,,,,,36382,7.0,7,,,,,,
,,,,,36386,4.0,4,,,,,,
,,,,,36390,4.0,4,,,,,,
,,,,,36395,5.0,5,,,,,,
,,,,,36399,4.0,4,,,,,,
,,,,,36408,9.0,9,,,,,,
,,,,,36413,5.0,5,,,,,,
,,,,,36416,3.0,3,,,,,,
,,,,,36427,11.0,11,,,,,,
,,,,,36438,11.0,11,,,,,,
,,,,,36443,5.0,5,,,,,,
,,,,,36450,7.0,7,,,,,,
,,,,,36455,5.0,5,,,,,,
,,,,,36463,8.0,8,,,,,,
,,,,,36473,10.0,10,,,,,,
,,,,,36477,4.0,4,,,,,,
,,,,,36481,4.0,4,,,,,,
,,,,,36486,5.0,5,,,,,,
,,,,,36490,4.0,4,,,,,,
,,,,,36493,3.0,3,,,,,,
,,,,,36498,5.0,5,,,,,,
,,,,,36501,3.0,3,,,,,,
,,,,,36509,8.0,8,,,,,,
,,,,,36512,3.0,3,,,,,,
,,,,,36518,6.0,6,,,,,,
,,,,,36521,3.0,3,,,,,,
,,,,,36525,4.0,4,,,,,,
,,,,,36532,7.0,7,,,,,,
,,,,,36538,6.0,6,,,,,,
,,,,,36544,6.0,6,,,,,,
,,,,,36552,8.0,8,,,,,,
,,,,,36558,6.0,6,,,,,,
,,,,,36569,11.0,11,,,,,,
,,,,,36575,6.0,6,,,,,,
,,,,,36580,5.0,5,,,,,,
,,,,,36584,4.0,4,,,,,,
,,,,,36594,10.0,10,,,,,,
,,,,,36601,7.0,7,,,,,,
,,,,,36607,6.0,6,,,,,,
,,,,,36610,3.0,3,,,,,,
,,,,,36613,3.0,3,,,,,,
,,,,,36618,5.0,5,,,,,,
,,,,,36621,3.0,3,,,,,,
,,,,,36626,5.0,5,,,,,,
,,,,,36637,11.0,11,,,,,,
,,,,,36642,5.0,5,,,,,,
,,,,,36656,14.0,14,,,,,,
,,,,,36659,3.0,3,,,,,,
,,,,,36662,3.0,3,,,,,,
,,,,,36671,9.0,9,,,,,,
,,,,,36674,3.0,3,,,,,,
,,,,,36681,7.0,7,,,,,,
,,,,,36685,4.0,4,,,,,,
,,,,,36690,5.0,5,,,,,,
,,,,,36703,13.0,13,,,,,,
,,,,,36707,4.0,4,,,,,,
,,,,,36711,4.0,4,,,,,,
,,,,,36716,5.0,5,,,,,,
,,,,,36729,13.0,13,,,,,,
,,,,,36733,4.0,4,,,,,,
,,,,,36740,7.0,7,,,,,,
,,,,,36743,3.0,3,,,,,,
,,,,,36761,18.0,18,,,,,,
,,,,,36765,4.0,4,,,,,,
,,,,,36783,18.0,18,,,,,,
,,,,,36789,6.0,6,,,,,,
,,,,,36796,7.0,7,,,,,,
,,,,,36800,4.0,4,,,,,,
,,,,,36813,13.0,13,,,,,,
,,,,,36820,7.0,7,,,,,,
,,,,,36828,8.0,8,,,,,,
,,,,,36832,4.0,4,,,,,,
,,,,,36836,4.0,4,,,,,,
,,,,,36844,8.0,8,,,,,,
,,,,,36852,8.0,8,,,,,,
,,,,,36856,4.0,4,,,,,,
,,,,,36862,6.0,6,,,,,,
,,,,,36895,33.0,33,,,,,,
,,,,,36899,4.0,4,,,,,,
,,,,,36903,4.0,4,,,,,,
,,,,,36910,7.0,7,,,,,,
,,,,,36914,4.0,4,,,,,,
,,,,,36918,4.0,4,,,,,,
,,,,,36923,5.0,5,,,,,,
,,,,,36927,4.0,4,,,,,,
,,,,,36942,15.0,15,,,,,,
,,,,,36945,3.0,3,,,,,,
,,,,,36950,5.0,5,,,,,,
,,,,,36953,3.0,3,,,,,,
,,,,,36958,5.0,5,,,,,,
,,,,,36961,3.0,3,,,,,,
,,,,,36968,7.0,7,,,,,,
,,,,,36973,5.0,5,,,,,,
,,,,,36979,6.0,6,,,,,,
,,,,,36984,5.0,5,,,,,,
,,,,,36997,13.0,13,,,,,,
,,,,,37000,3.0,3,,,,,,
,,,,,37000,,,2.309608221054077,4.815384387969971,4.789405822753906,0.0003,0.0003,0.1
,,,,,37004,4.0,4,,,,,,
,,,,,37008,4.0,4,,,,,,
,,,,,37016,8.0,8,,,,,,
,,,,,37022,6.0,6,,,,,,
,,,,,37026,4.0,4,,,,,,
,,,,,37030,4.0,4,,,,,,
,,,,,37034,4.0,4,,,,,,
,,,,,37041,7.0,7,,,,,,
,,,,,37044,3.0,3,,,,,,
,,,,,37051,7.0,7,,,,,,
,,,,,37054,3.0,3,,,,,,
,,,,,37062,8.0,8,,,,,,
,,,,,37084,22.0,22,,,,,,
,,,,,37087,3.0,3,,,,,,
,,,,,37090,3.0,3,,,,,,
,,,,,37093,3.0,3,,,,,,
,,,,,37096,3.0,3,,,,,,
,,,,,37104,8.0,8,,,,,,
,,,,,37108,4.0,4,,,,,,
,,,,,37115,7.0,7,,,,,,
,,,,,37122,7.0,7,,,,,,
,,,,,37132,10.0,10,,,,,,
,,,,,37136,4.0,4,,,,,,
,,,,,37142,6.0,6,,,,,,
,,,,,37150,8.0,8,,,,,,
,,,,,37162,12.0,12,,,,,,
,,,,,37167,5.0,5,,,,,,
,,,,,37171,4.0,4,,,,,,
,,,,,37179,8.0,8,,,,,,
,,,,,37189,10.0,10,,,,,,
,,,,,37197,8.0,8,,,,,,
,,,,,37202,5.0,5,,,,,,
,,,,,37206,4.0,4,,,,,,
,,,,,37210,4.0,4,,,,,,
,,,,,37227,17.0,17,,,,,,
,,,,,37241,14.0,14,,,,,,
,,,,,37262,21.0,21,,,,,,
,,,,,37273,11.0,11,,,,,,
,,,,,37280,7.0,7,,,,,,
,,,,,37284,4.0,4,,,,,,
,,,,,37289,5.0,5,,,,,,
,,,,,37292,3.0,3,,,,,,
,,,,,37300,8.0,8,,,,,,
,,,,,37305,5.0,5,,,,,,
,,,,,37309,4.0,4,,,,,,
,,,,,37316,7.0,7,,,,,,
,,,,,37319,3.0,3,,,,,,
,,,,,37328,9.0,9,,,,,,
,,,,,37333,5.0,5,,,,,,
,,,,,37339,6.0,6,,,,,,
,,,,,37357,18.0,18,,,,,,
,,,,,37362,5.0,5,,,,,,
,,,,,37370,8.0,8,,,,,,
,,,,,37392,22.0,22,,,,,,
,,,,,37396,4.0,4,,,,,,
,,,,,37404,8.0,8,,,,,,
,,,,,37407,3.0,3,,,,,,
,,,,,37411,4.0,4,,,,,,
,,,,,37415,4.0,4,,,,,,
,,,,,37419,4.0,4,,,,,,
,,,,,37427,8.0,8,,,,,,
,,,,,37432,5.0,5,,,,,,
,,,,,37435,3.0,3,,,,,,
,,,,,37443,8.0,8,,,,,,
,,,,,37449,6.0,6,,,,,,
,,,,,37454,5.0,5,,,,,,
,,,,,37467,13.0,13,,,,,,
,,,,,37480,13.0,13,,,,,,
,,,,,37485,5.0,5,,,,,,
,,,,,37494,9.0,9,,,,,,
,,,,,37505,11.0,11,,,,,,
,,,,,37510,5.0,5,,,,,,
,,,,,37522,12.0,12,,,,,,
,,,,,37526,4.0,4,,,,,,
,,,,,37533,7.0,7,,,,,,
,,,,,37538,5.0,5,,,,,,
,,,,,37548,10.0,10,,,,,,
,,,,,37556,8.0,8,,,,,,
,,,,,37567,11.0,11,,,,,,
,,,,,37570,3.0,3,,,,,,
,,,,,37584,14.0,14,,,,,,
,,,,,37594,10.0,10,,,,,,
,,,,,37602,8.0,8,,,,,,
,,,,,37614,12.0,12,,,,,,
,,,,,37618,4.0,4,,,,,,
,,,,,37621,3.0,3,,,,,,
,,,,,37629,8.0,8,,,,,,
,,,,,37633,4.0,4,,,,,,
,,,,,37638,5.0,5,,,,,,
,,,,,37642,4.0,4,,,,,,
,,,,,37647,5.0,5,,,,,,
,,,,,37653,6.0,6,,,,,,
,,,,,37659,6.0,6,,,,,,
,,,,,37666,7.0,7,,,,,,
,,,,,37671,5.0,5,,,,,,
,,,,,37679,8.0,8,,,,,,
,,,,,37683,4.0,4,,,,,,
,,,,,37689,6.0,6,,,,,,
,,,,,37695,6.0,6,,,,,,
,,,,,37698,3.0,3,,,,,,
,,,,,37701,3.0,3,,,,,,
,,,,,37704,3.0,3,,,,,,
,,,,,37707,3.0,3,,,,,,
,,,,,37710,3.0,3,,,,,,
,,,,,37714,4.0,4,,,,,,
,,,,,37721,7.0,7,,,,,,
,,,,,37729,8.0,8,,,,,,
,,,,,37740,11.0,11,,,,,,
,,,,,37745,5.0,5,,,,,,
,,,,,37751,6.0,6,,,,,,
,,,,,37760,9.0,9,,,,,,
,,,,,37774,14.0,14,,,,,,
,,,,,37778,4.0,4,,,,,,
,,,,,37784,6.0,6,,,,,,
,,,,,37791,7.0,7,,,,,,
,,,,,37795,4.0,4,,,,,,
,,,,,37799,4.0,4,,,,,,
,,,,,37805,6.0,6,,,,,,
,,,,,37819,14.0,14,,,,,,
,,,,,37822,3.0,3,,,,,,
,,,,,37826,4.0,4,,,,,,
,,,,,37835,9.0,9,,,,,,
,,,,,37839,4.0,4,,,,,,
,,,,,37843,4.0,4,,,,,,
,,,,,37847,4.0,4,,,,,,
,,,,,37853,6.0,6,,,,,,
,,,,,37862,9.0,9,,,,,,
,,,,,37866,4.0,4,,,,,,
,,,,,37869,3.0,3,,,,,,
,,,,,37873,4.0,4,,,,,,
,,,,,37877,4.0,4,,,,,,
,,,,,37883,6.0,6,,,,,,
,,,,,37888,5.0,5,,,,,,
,,,,,37892,4.0,4,,,,,,
,,,,,37896,4.0,4,,,,,,
,,,,,37903,7.0,7,,,,,,
,,,,,37910,7.0,7,,,,,,
,,,,,37921,11.0,11,,,,,,
,,,,,37929,8.0,8,,,,,,
,,,,,37932,3.0,3,,,,,,
,,,,,37937,5.0,5,,,,,,
,,,,,37945,8.0,8,,,,,,
,,,,,37950,5.0,5,,,,,,
,,,,,37955,5.0,5,,,,,,
,,,,,37960,5.0,5,,,,,,
,,,,,37964,4.0,4,,,,,,
,,,,,37972,8.0,8,,,,,,
,,,,,37978,6.0,6,,,,,,
,,,,,37991,13.0,13,,,,,,
,,,,,37998,7.0,7,,,,,,
,,,,,38000,,,2.421412467956543,5.0528244972229,4.916165828704834,0.0003,0.0003,0.1
,,,,,38003,5.0,5,,,,,,
,,,,,38010,7.0,7,,,,,,
,,,,,38015,5.0,5,,,,,,
,,,,,38019,4.0,4,,,,,,
,,,,,38022,3.0,3,,,,,,
,,,,,38027,5.0,5,,,,,,
,,,,,38030,3.0,3,,,,,,
,,,,,38034,4.0,4,,,,,,
,,,,,38040,6.0,6,,,,,,
,,,,,38051,11.0,11,,,,,,
,,,,,38054,3.0,3,,,,,,
,,,,,38061,7.0,7,,,,,,
,,,,,38068,7.0,7,,,,,,
,,,,,38073,5.0,5,,,,,,
,,,,,38076,3.0,3,,,,,,
,,,,,38081,5.0,5,,,,,,
,,,,,38085,4.0,4,,,,,,
,,,,,38092,7.0,7,,,,,,
,,,,,38100,8.0,8,,,,,,
,,,,,38106,6.0,6,,,,,,
,,,,,38112,6.0,6,,,,,,
,,,,,38122,10.0,10,,,,,,
,,,,,38127,5.0,5,,,,,,
,,,,,38142,15.0,15,,,,,,
,,,,,38146,4.0,4,,,,,,
,,,,,38155,9.0,9,,,,,,
,,,,,38158,3.0,3,,,,,,
,,,,,38166,8.0,8,,,,,,
,,,,,38173,7.0,7,,,,,,
,,,,,38176,3.0,3,,,,,,
,,,,,38188,12.0,12,,,,,,
,,,,,38192,4.0,4,,,,,,
,,,,,38205,13.0,13,,,,,,
,,,,,38210,5.0,5,,,,,,
,,,,,38216,6.0,6,,,,,,
,,,,,38227,11.0,11,,,,,,
,,,,,38236,9.0,9,,,,,,
,,,,,38244,8.0,8,,,,,,
,,,,,38253,9.0,9,,,,,,
,,,,,38259,6.0,6,,,,,,
,,,,,38262,3.0,3,,,,,,
,,,,,38270,8.0,8,,,,,,
,,,,,38274,4.0,4,,,,,,
,,,,,38279,5.0,5,,,,,,
,,,,,38282,3.0,3,,,,,,
,,,,,38287,5.0,5,,,,,,
,,,,,38290,3.0,3,,,,,,
,,,,,38293,3.0,3,,,,,,
,,,,,38308,15.0,15,,,,,,
,,,,,38320,12.0,12,,,,,,
,,,,,38329,9.0,9,,,,,,
,,,,,38337,8.0,8,,,,,,
,,,,,38342,5.0,5,,,,,,
,,,,,38346,4.0,4,,,,,,
,,,,,38352,6.0,6,,,,,,
,,,,,38355,3.0,3,,,,,,
,,,,,38359,4.0,4,,,,,,
,,,,,38363,4.0,4,,,,,,
,,,,,38371,8.0,8,,,,,,
,,,,,38378,7.0,7,,,,,,
,,,,,38382,4.0,4,,,,,,
,,,,,38389,7.0,7,,,,,,
,,,,,38401,12.0,12,,,,,,
,,,,,38410,9.0,9,,,,,,
,,,,,38413,3.0,3,,,,,,
,,,,,38419,6.0,6,,,,,,
,,,,,38430,11.0,11,,,,,,
,,,,,38442,12.0,12,,,,,,
,,,,,38445,3.0,3,,,,,,
,,,,,38452,7.0,7,,,,,,
,,,,,38459,7.0,7,,,,,,
,,,,,38462,3.0,3,,,,,,
,,,,,38467,5.0,5,,,,,,
,,,,,38481,14.0,14,,,,,,
,,,,,38491,10.0,10,,,,,,
,,,,,38498,7.0,7,,,,,,
,,,,,38503,5.0,5,,,,,,
,,,,,38508,5.0,5,,,,,,
,,,,,38512,4.0,4,,,,,,
,,,,,38517,5.0,5,,,,,,
,,,,,38525,8.0,8,,,,,,
,,,,,38529,4.0,4,,,,,,
,,,,,38538,9.0,9,,,,,,
,,,,,38546,8.0,8,,,,,,
,,,,,38553,7.0,7,,,,,,
,,,,,38563,10.0,10,,,,,,
,,,,,38572,9.0,9,,,,,,
,,,,,38585,13.0,13,,,,,,
,,,,,38594,9.0,9,,,,,,
,,,,,38598,4.0,4,,,,,,
,,,,,38601,3.0,3,,,,,,
,,,,,38606,5.0,5,,,,,,
,,,,,38611,5.0,5,,,,,,
,,,,,38615,4.0,4,,,,,,
,,,,,38622,7.0,7,,,,,,
,,,,,38628,6.0,6,,,,,,
,,,,,38637,9.0,9,,,,,,
,,,,,38643,6.0,6,,,,,,
,,,,,38651,8.0,8,,,,,,
,,,,,38654,3.0,3,,,,,,
,,,,,38660,6.0,6,,,,,,
,,,,,38675,15.0,15,,,,,,
,,,,,38679,4.0,4,,,,,,
,,,,,38685,6.0,6,,,,,,
,,,,,38695,10.0,10,,,,,,
,,,,,38699,4.0,4,,,,,,
,,,,,38703,4.0,4,,,,,,
,,,,,38711,8.0,8,,,,,,
,,,,,38716,5.0,5,,,,,,
,,,,,38731,15.0,15,,,,,,
,,,,,38746,15.0,15,,,,,,
,,,,,38749,3.0,3,,,,,,
,,,,,38758,9.0,9,,,,,,
,,,,,38767,9.0,9,,,,,,
,,,,,38777,10.0,10,,,,,,
,,,,,38781,4.0,4,,,,,,
,,,,,38793,12.0,12,,,,,,
,,,,,38800,7.0,7,,,,,,
,,,,,38803,3.0,3,,,,,,
,,,,,38811,8.0,8,,,,,,
,,,,,38815,4.0,4,,,,,,
,,,,,38819,4.0,4,,,,,,
,,,,,38823,4.0,4,,,,,,
,,,,,38835,12.0,12,,,,,,
,,,,,38843,8.0,8,,,,,,
,,,,,38847,4.0,4,,,,,,
,,,,,38864,17.0,17,,,,,,
,,,,,38869,5.0,5,,,,,,
,,,,,38880,11.0,11,,,,,,
,,,,,38885,5.0,5,,,,,,
,,,,,38889,4.0,4,,,,,,
,,,,,38903,14.0,14,,,,,,
,,,,,38909,6.0,6,,,,,,
,,,,,38912,3.0,3,,,,,,
,,,,,38922,10.0,10,,,,,,
,,,,,38930,8.0,8,,,,,,
,,,,,38939,9.0,9,,,,,,
,,,,,38947,8.0,8,,,,,,
,,,,,38957,10.0,10,,,,,,
,,,,,38962,5.0,5,,,,,,
,,,,,38966,4.0,4,,,,,,
,,,,,38972,6.0,6,,,,,,
,,,,,38988,16.0,16,,,,,,
,,,,,38992,4.0,4,,,,,,
,,,,,38998,6.0,6,,,,,,
,,,,,39000,,,1.9257373809814453,4.6270647048950195,4.631185531616211,0.0003,0.0003,0.1
,,,,,39004,6.0,6,,,,,,
,,,,,39014,10.0,10,,,,,,
,,,,,39020,6.0,6,,,,,,
,,,,,39025,5.0,5,,,,,,
,,,,,39033,8.0,8,,,,,,
,,,,,39038,5.0,5,,,,,,
,,,,,39053,15.0,15,,,,,,
,,,,,39060,7.0,7,,,,,,
,,,,,39070,10.0,10,,,,,,
,,,,,39073,3.0,3,,,,,,
,,,,,39076,3.0,3,,,,,,
,,,,,39080,4.0,4,,,,,,
,,,,,39085,5.0,5,,,,,,
,,,,,39095,10.0,10,,,,,,
,,,,,39108,13.0,13,,,,,,
,,,,,39120,12.0,12,,,,,,
,,,,,39124,4.0,4,,,,,,
,,,,,39130,6.0,6,,,,,,
,,,,,39133,3.0,3,,,,,,
,,,,,39148,15.0,15,,,,,,
,,,,,39153,5.0,5,,,,,,
,,,,,39157,4.0,4,,,,,,
,,,,,39161,4.0,4,,,,,,
,,,,,39167,6.0,6,,,,,,
,,,,,39171,4.0,4,,,,,,
,,,,,39180,9.0,9,,,,,,
,,,,,39183,3.0,3,,,,,,
,,,,,39188,5.0,5,,,,,,
,,,,,39198,10.0,10,,,,,,
,,,,,39201,3.0,3,,,,,,
,,,,,39206,5.0,5,,,,,,
,,,,,39210,4.0,4,,,,,,
,,,,,39213,3.0,3,,,,,,
,,,,,39217,4.0,4,,,,,,
,,,,,39221,4.0,4,,,,,,
,,,,,39227,6.0,6,,,,,,
,,,,,39232,5.0,5,,,,,,
,,,,,39244,12.0,12,,,,,,
,,,,,39263,19.0,19,,,,,,
,,,,,39270,7.0,7,,,,,,
,,,,,39283,13.0,13,,,,,,
,,,,,39286,3.0,3,,,,,,
,,,,,39291,5.0,5,,,,,,
,,,,,39297,6.0,6,,,,,,
,,,,,39301,4.0,4,,,,,,
,,,,,39305,4.0,4,,,,,,
,,,,,39312,7.0,7,,,,,,
,,,,,39319,7.0,7,,,,,,
,,,,,39323,4.0,4,,,,,,
,,,,,39329,6.0,6,,,,,,
,,,,,39333,4.0,4,,,,,,
,,,,,39339,6.0,6,,,,,,
,,,,,39345,6.0,6,,,,,,
,,,,,39350,5.0,5,,,,,,
,,,,,39356,6.0,6,,,,,,
,,,,,39361,5.0,5,,,,,,
,,,,,39386,25.0,25,,,,,,
,,,,,39390,4.0,4,,,,,,
,,,,,39395,5.0,5,,,,,,
,,,,,39399,4.0,4,,,,,,
,,,,,39403,4.0,4,,,,,,
,,,,,39407,4.0,4,,,,,,
,,,,,39411,4.0,4,,,,,,
,,,,,39416,5.0,5,,,,,,
,,,,,39426,10.0,10,,,,,,
,,,,,39429,3.0,3,,,,,,
,,,,,39435,6.0,6,,,,,,
,,,,,39441,6.0,6,,,,,,
,,,,,39450,9.0,9,,,,,,
,,,,,39454,4.0,4,,,,,,
,,,,,39459,5.0,5,,,,,,
,,,,,39464,5.0,5,,,,,,
,,,,,39469,5.0,5,,,,,,
,,,,,39477,8.0,8,,,,,,
,,,,,39481,4.0,4,,,,,,
,,,,,39484,3.0,3,,,,,,
,,,,,39489,5.0,5,,,,,,
,,,,,39510,21.0,21,,,,,,
,,,,,39514,4.0,4,,,,,,
,,,,,39517,3.0,3,,,,,,
,,,,,39522,5.0,5,,,,,,
,,,,,39536,14.0,14,,,,,,
,,,,,39541,5.0,5,,,,,,
,,,,,39544,3.0,3,,,,,,
,,,,,39553,9.0,9,,,,,,
,,,,,39556,3.0,3,,,,,,
,,,,,39564,8.0,8,,,,,,
,,,,,39567,3.0,3,,,,,,
,,,,,39571,4.0,4,,,,,,
,,,,,39575,4.0,4,,,,,,
,,,,,39589,14.0,14,,,,,,
,,,,,39601,12.0,12,,,,,,
,,,,,39613,12.0,12,,,,,,
,,,,,39628,15.0,15,,,,,,
,,,,,39632,4.0,4,,,,,,
,,,,,39636,4.0,4,,,,,,
,,,,,39639,3.0,3,,,,,,
,,,,,39645,6.0,6,,,,,,
,,,,,39650,5.0,5,,,,,,
,,,,,39657,7.0,7,,,,,,
,,,,,39676,19.0,19,,,,,,
,,,,,39680,4.0,4,,,,,,
,,,,,39686,6.0,6,,,,,,
,,,,,39689,3.0,3,,,,,,
,,,,,39693,4.0,4,,,,,,
,,,,,39699,6.0,6,,,,,,
,,,,,39711,12.0,12,,,,,,
,,,,,39717,6.0,6,,,,,,
,,,,,39721,4.0,4,,,,,,
,,,,,39729,8.0,8,,,,,,
,,,,,39734,5.0,5,,,,,,
,,,,,39737,3.0,3,,,,,,
,,,,,39747,10.0,10,,,,,,
,,,,,39751,4.0,4,,,,,,
,,,,,39756,5.0,5,,,,,,
,,,,,39762,6.0,6,,,,,,
,,,,,39766,4.0,4,,,,,,
,,,,,39771,5.0,5,,,,,,
,,,,,39783,12.0,12,,,,,,
,,,,,39791,8.0,8,,,,,,
,,,,,39796,5.0,5,,,,,,
,,,,,39806,10.0,10,,,,,,
,,,,,39809,3.0,3,,,,,,
,,,,,39829,20.0,20,,,,,,
,,,,,39842,13.0,13,,,,,,
,,,,,39850,8.0,8,,,,,,
,,,,,39854,4.0,4,,,,,,
,,,,,39858,4.0,4,,,,,,
,,,,,39879,21.0,21,,,,,,
,,,,,39899,20.0,20,,,,,,
,,,,,39905,6.0,6,,,,,,
,,,,,39911,6.0,6,,,,,,
,,,,,39917,6.0,6,,,,,,
,,,,,39930,13.0,13,,,,,,
,,,,,39938,8.0,8,,,,,,
,,,,,39942,4.0,4,,,,,,
,,,,,39945,3.0,3,,,,,,
,,,,,39958,13.0,13,,,,,,
,,,,,39972,14.0,14,,,,,,
,,,,,39979,7.0,7,,,,,,
,,,,,39983,4.0,4,,,,,,
,,,,,39987,4.0,4,,,,,,
,,,,,39994,7.0,7,,,,,,
,,,,,39998,4.0,4,,,,,,
12.1,6.331667,22.0,4.0,12.1,40000,,,2.206080675125122,5.432462692260742,5.805869102478027,0.0003,0.0003,0.1
,,,,,40007,9.0,9,,,,,,
,,,,,40010,3.0,3,,,,,,
,,,,,40015,5.0,5,,,,,,
,,,,,40021,6.0,6,,,,,,
,,,,,40028,7.0,7,,,,,,
,,,,,40044,16.0,16,,,,,,
,,,,,40048,4.0,4,,,,,,
,,,,,40070,22.0,22,,,,,,
,,,,,40074,4.0,4,,,,,,
,,,,,40080,6.0,6,,,,,,
,,,,,40086,6.0,6,,,,,,
,,,,,40092,6.0,6,,,,,,
,,,,,40102,10.0,10,,,,,,
,,,,,40107,5.0,5,,,,,,
,,,,,40113,6.0,6,,,,,,
,,,,,40126,13.0,13,,,,,,
,,,,,40131,5.0,5,,,,,,
,,,,,40138,7.0,7,,,,,,
,,,,,40142,4.0,4,,,,,,
,,,,,40145,3.0,3,,,,,,
,,,,,40150,5.0,5,,,,,,
,,,,,40159,9.0,9,,,,,,
,,,,,40171,12.0,12,,,,,,
,,,,,40177,6.0,6,,,,,,
,,,,,40186,9.0,9,,,,,,
,,,,,40198,12.0,12,,,,,,
,,,,,40208,10.0,10,,,,,,
,,,,,40227,19.0,19,,,,,,
,,,,,40237,10.0,10,,,,,,
,,,,,40244,7.0,7,,,,,,
,,,,,40251,7.0,7,,,,,,
,,,,,40254,3.0,3,,,,,,
,,,,,40263,9.0,9,,,,,,
,,,,,40266,3.0,3,,,,,,
,,,,,40281,15.0,15,,,,,,
,,,,,40284,3.0,3,,,,,,
,,,,,40289,5.0,5,,,,,,
,,,,,40293,4.0,4,,,,,,
,,,,,40297,4.0,4,,,,,,
,,,,,40302,5.0,5,,,,,,
,,,,,40311,9.0,9,,,,,,
,,,,,40315,4.0,4,,,,,,
,,,,,40320,5.0,5,,,,,,
,,,,,40323,3.0,3,,,,,,
,,,,,40327,4.0,4,,,,,,
,,,,,40338,11.0,11,,,,,,
,,,,,40350,12.0,12,,,,,,
,,,,,40355,5.0,5,,,,,,
,,,,,40361,6.0,6,,,,,,
,,,,,40365,4.0,4,,,,,,
,,,,,40375,10.0,10,,,,,,
,,,,,40379,4.0,4,,,,,,
,,,,,40386,7.0,7,,,,,,
,,,,,40394,8.0,8,,,,,,
,,,,,40407,13.0,13,,,,,,
,,,,,40412,5.0,5,,,,,,
,,,,,40418,6.0,6,,,,,,
,,,,,40430,12.0,12,,,,,,
,,,,,40435,5.0,5,,,,,,
,,,,,40441,6.0,6,,,,,,
,,,,,40447,6.0,6,,,,,,
,,,,,40459,12.0,12,,,,,,
,,,,,40465,6.0,6,,,,,,
,,,,,40469,4.0,4,,,,,,
,,,,,40476,7.0,7,,,,,,
,,,,,40488,12.0,12,,,,,,
,,,,,40493,5.0,5,,,,,,
,,,,,40496,3.0,3,,,,,,
,,,,,40506,10.0,10,,,,,,
,,,,,40513,7.0,7,,,,,,
,,,,,40539,26.0,26,,,,,,
,,,,,40543,4.0,4,,,,,,
,,,,,40548,5.0,5,,,,,,
,,,,,40552,4.0,4,,,,,,
,,,,,40559,7.0,7,,,,,,
,,,,,40568,9.0,9,,,,,,
,,,,,40575,7.0,7,,,,,,
,,,,,40581,6.0,6,,,,,,
,,,,,40586,5.0,5,,,,,,
,,,,,40590,4.0,4,,,,,,
,,,,,40600,10.0,10,,,,,,
,,,,,40607,7.0,7,,,,,,
,,,,,40613,6.0,6,,,,,,
,,,,,40621,8.0,8,,,,,,
,,,,,40624,3.0,3,,,,,,
,,,,,40637,13.0,13,,,,,,
,,,,,40645,8.0,8,,,,,,
,,,,,40651,6.0,6,,,,,,
,,,,,40657,6.0,6,,,,,,
,,,,,40663,6.0,6,,,,,,
,,,,,40667,4.0,4,,,,,,
,,,,,40672,5.0,5,,,,,,
,,,,,40676,4.0,4,,,,,,
,,,,,40690,14.0,14,,,,,,
,,,,,40693,3.0,3,,,,,,
,,,,,40700,7.0,7,,,,,,
,,,,,40710,10.0,10,,,,,,
,,,,,40721,11.0,11,,,,,,
,,,,,40725,4.0,4,,,,,,
,,,,,40737,12.0,12,,,,,,
,,,,,40744,7.0,7,,,,,,
,,,,,40753,9.0,9,,,,,,
,,,,,40757,4.0,4,,,,,,
,,,,,40771,14.0,14,,,,,,
,,,,,40780,9.0,9,,,,,,
,,,,,40787,7.0,7,,,,,,
,,,,,40791,4.0,4,,,,,,
,,,,,40805,14.0,14,,,,,,
,,,,,40823,18.0,18,,,,,,
,,,,,40836,13.0,13,,,,,,
,,,,,40840,4.0,4,,,,,,
,,,,,40846,6.0,6,,,,,,
,,,,,40850,4.0,4,,,,,,
,,,,,40860,10.0,10,,,,,,
,,,,,40864,4.0,4,,,,,,
,,,,,40870,6.0,6,,,,,,
,,,,,40877,7.0,7,,,,,,
,,,,,40881,4.0,4,,,,,,
,,,,,40888,7.0,7,,,,,,
,,,,,40891,3.0,3,,,,,,
,,,,,40895,4.0,4,,,,,,
,,,,,40901,6.0,6,,,,,,
,,,,,40912,11.0,11,,,,,,
,,,,,40917,5.0,5,,,,,,
,,,,,40921,4.0,4,,,,,,
,,,,,40926,5.0,5,,,,,,
,,,,,40936,10.0,10,,,,,,
,,,,,40944,8.0,8,,,,,,
,,,,,40974,30.0,30,,,,,,
,,,,,40978,4.0,4,,,,,,
,,,,,40981,3.0,3,,,,,,
,,,,,40985,4.0,4,,,,,,
,,,,,40993,8.0,8,,,,,,
,,,,,40998,5.0,5,,,,,,
,,,,,41000,,,2.1900475025177,4.667579650878906,4.597711086273193,0.0003,0.0003,0.1
,,,,,41004,6.0,6,,,,,,
,,,,,41015,11.0,11,,,,,,
,,,,,41019,4.0,4,,,,,,
,,,,,41029,10.0,10,,,,,,
,,,,,41045,16.0,16,,,,,,
,,,,,41049,4.0,4,,,,,,
,,,,,41058,9.0,9,,,,,,
,,,,,41073,15.0,15,,,,,,
,,,,,41076,3.0,3,,,,,,
,,,,,41087,11.0,11,,,,,,
,,,,,41092,5.0,5,,,,,,
,,,,,41095,3.0,3,,,,,,
,,,,,41098,3.0,3,,,,,,
,,,,,41102,4.0,4,,,,,,
,,,,,41108,6.0,6,,,,,,
,,,,,41111,3.0,3,,,,,,
,,,,,41121,10.0,10,,,,,,
,,,,,41125,4.0,4,,,,,,
,,,,,41129,4.0,4,,,,,,
,,,,,41134,5.0,5,,,,,,
,,,,,41138,4.0,4,,,,,,
,,,,,41142,4.0,4,,,,,,
,,,,,41149,7.0,7,,,,,,
,,,,,41155,6.0,6,,,,,,
,,,,,41163,8.0,8,,,,,,
,,,,,41168,5.0,5,,,,,,
,,,,,41171,3.0,3,,,,,,
,,,,,41177,6.0,6,,,,,,
,,,,,41180,3.0,3,,,,,,
,,,,,41187,7.0,7,,,,,,
,,,,,41198,11.0,11,,,,,,
,,,,,41205,7.0,7,,,,,,
,,,,,41212,7.0,7,,,,,,
,,,,,41221,9.0,9,,,,,,
,,,,,41230,9.0,9,,,,,,
,,,,,41236,6.0,6,,,,,,
,,,,,41249,13.0,13,,,,,,
,,,,,41254,5.0,5,,,,,,
,,,,,41258,4.0,4,,,,,,
,,,,,41263,5.0,5,,,,,,
,,,,,41268,5.0,5,,,,,,
,,,,,41273,5.0,5,,,,,,
,,,,,41276,3.0,3,,,,,,
,,,,,41284,8.0,8,,,,,,
,,,,,41291,7.0,7,,,,,,
,,,,,41297,6.0,6,,,,,,
,,,,,41301,4.0,4,,,,,,
,,,,,41309,8.0,8,,,,,,
,,,,,41318,9.0,9,,,,,,
,,,,,41323,5.0,5,,,,,,
,,,,,41329,6.0,6,,,,,,
,,,,,41337,8.0,8,,,,,,
,,,,,41355,18.0,18,,,,,,
,,,,,41366,11.0,11,,,,,,
,,,,,41370,4.0,4,,,,,,
,,,,,41386,16.0,16,,,,,,
,,,,,41391,5.0,5,,,,,,
,,,,,41397,6.0,6,,,,,,
,,,,,41404,7.0,7,,,,,,
,,,,,41411,7.0,7,,,,,,
,,,,,41425,14.0,14,,,,,,
,,,,,41429,4.0,4,,,,,,
,,,,,41436,7.0,7,,,,,,
,,,,,41447,11.0,11,,,,,,
,,,,,41450,3.0,3,,,,,,
,,,,,41453,3.0,3,,,,,,
,,,,,41456,3.0,3,,,,,,
,,,,,41469,13.0,13,,,,,,
,,,,,41474,5.0,5,,,,,,
,,,,,41478,4.0,4,,,,,,
,,,,,41481,3.0,3,,,,,,
,,,,,41485,4.0,4,,,,,,
,,,,,41488,3.0,3,,,,,,
,,,,,41496,8.0,8,,,,,,
,,,,,41500,4.0,4,,,,,,
,,,,,41503,3.0,3,,,,,,
,,,,,41506,3.0,3,,,,,,
,,,,,41510,4.0,4,,,,,,
,,,,,41513,3.0,3,,,,,,
,,,,,41518,5.0,5,,,,,,
,,,,,41523,5.0,5,,,,,,
,,,,,41528,5.0,5,,,,,,
,,,,,41532,4.0,4,,,,,,
,,,,,41538,6.0,6,,,,,,
,,,,,41545,7.0,7,,,,,,
,,,,,41551,6.0,6,,,,,,
,,,,,41558,7.0,7,,,,,,
,,,,,41561,3.0,3,,,,,,
,,,,,41568,7.0,7,,,,,,
,,,,,41571,3.0,3,,,,,,
,,,,,41576,5.0,5,,,,,,
,,,,,41597,21.0,21,,,,,,
,,,,,41601,4.0,4,,,,,,
,,,,,41605,4.0,4,,,,,,
,,,,,41610,5.0,5,,,,,,
,,,,,41615,5.0,5,,,,,,
,,,,,41622,7.0,7,,,,,,
,,,,,41625,3.0,3,,,,,,
,,,,,41632,7.0,7,,,,,,
,,,,,41636,4.0,4,,,,,,
,,,,,41643,7.0,7,,,,,,
,,,,,41649,6.0,6,,,,,,
,,,,,41653,4.0,4,,,,,,
,,,,,41665,12.0,12,,,,,,
,,,,,41674,9.0,9,,,,,,
,,,,,41680,6.0,6,,,,,,
,,,,,41685,5.0,5,,,,,,
,,,,,41689,4.0,4,,,,,,
,,,,,41695,6.0,6,,,,,,
,,,,,41700,5.0,5,,,,,,
,,,,,41706,6.0,6,,,,,,
,,,,,41715,9.0,9,,,,,,
,,,,,41718,3.0,3,,,,,,
,,,,,41726,8.0,8,,,,,,
,,,,,41730,4.0,4,,,,,,
,,,,,41734,4.0,4,,,,,,
,,,,,41737,3.0,3,,,,,,
,,,,,41764,27.0,27,,,,,,
,,,,,41767,3.0,3,,,,,,
,,,,,41775,8.0,8,,,,,,
,,,,,41778,3.0,3,,,,,,
,,,,,41791,13.0,13,,,,,,
,,,,,41795,4.0,4,,,,,,
,,,,,41802,7.0,7,,,,,,
,,,,,41811,9.0,9,,,,,,
,,,,,41818,7.0,7,,,,,,
,,,,,41825,7.0,7,,,,,,
,,,,,41830,5.0,5,,,,,,
,,,,,41842,12.0,12,,,,,,
,,,,,41845,3.0,3,,,,,,
,,,,,41849,4.0,4,,,,,,
,,,,,41853,4.0,4,,,,,,
,,,,,41863,10.0,10,,,,,,
,,,,,41871,8.0,8,,,,,,
,,,,,41874,3.0,3,,,,,,
,,,,,41882,8.0,8,,,,,,
,,,,,41889,7.0,7,,,,,,
,,,,,41893,4.0,4,,,,,,
,,,,,41901,8.0,8,,,,,,
,,,,,41906,5.0,5,,,,,,
,,,,,41910,4.0,4,,,,,,
,,,,,41914,4.0,4,,,,,,
,,,,,41926,12.0,12,,,,,,
,,,,,41935,9.0,9,,,,,,
,,,,,41940,5.0,5,,,,,,
,,,,,41945,5.0,5,,,,,,
,,,,,41952,7.0,7,,,,,,
,,,,,41955,3.0,3,,,,,,
,,,,,41959,4.0,4,,,,,,
,,,,,41963,4.0,4,,,,,,
,,,,,41970,7.0,7,,,,,,
,,,,,41974,4.0,4,,,,,,
,,,,,41985,11.0,11,,,,,,
,,,,,42000,,,2.4695587158203125,4.793377876281738,4.712314128875732,0.0003,0.0003,0.1
,,,,,42010,25.0,25,,,,,,
,,,,,42016,6.0,6,,,,,,
,,,,,42020,4.0,4,,,,,,
,,,,,42031,11.0,11,,,,,,
,,,,,42040,9.0,9,,,,,,
,,,,,42046,6.0,6,,,,,,
,,,,,42056,10.0,10,,,,,,
,,,,,42060,4.0,4,,,,,,
,,,,,42064,4.0,4,,,,,,
,,,,,42067,3.0,3,,,,,,
,,,,,42070,3.0,3,,,,,,
,,,,,42097,27.0,27,,,,,,
,,,,,42102,5.0,5,,,,,,
,,,,,42107,5.0,5,,,,,,
,,,,,42114,7.0,7,,,,,,
,,,,,42125,11.0,11,,,,,,
,,,,,42136,11.0,11,,,,,,
,,,,,42141,5.0,5,,,,,,
,,,,,42146,5.0,5,,,,,,
,,,,,42156,10.0,10,,,,,,
,,,,,42161,5.0,5,,,,,,
,,,,,42179,18.0,18,,,,,,
,,,,,42189,10.0,10,,,,,,
,,,,,42193,4.0,4,,,,,,
,,,,,42196,3.0,3,,,,,,
,,,,,42200,4.0,4,,,,,,
,,,,,42205,5.0,5,,,,,,
,,,,,42212,7.0,7,,,,,,
,,,,,42223,11.0,11,,,,,,
,,,,,42226,3.0,3,,,,,,
,,,,,42231,5.0,5,,,,,,
,,,,,42249,18.0,18,,,,,,
,,,,,42257,8.0,8,,,,,,
,,,,,42260,3.0,3,,,,,,
,,,,,42268,8.0,8,,,,,,
,,,,,42273,5.0,5,,,,,,
,,,,,42279,6.0,6,,,,,,
,,,,,42286,7.0,7,,,,,,
,,,,,42292,6.0,6,,,,,,
,,,,,42314,22.0,22,,,,,,
,,,,,42319,5.0,5,,,,,,
,,,,,42322,3.0,3,,,,,,
,,,,,42326,4.0,4,,,,,,
,,,,,42332,6.0,6,,,,,,
,,,,,42343,11.0,11,,,,,,
,,,,,42346,3.0,3,,,,,,
,,,,,42356,10.0,10,,,,,,
,,,,,42361,5.0,5,,,,,,
,,,,,42370,9.0,9,,,,,,
,,,,,42373,3.0,3,,,,,,
,,,,,42376,3.0,3,,,,,,
,,,,,42381,5.0,5,,,,,,
,,,,,42398,17.0,17,,,,,,
,,,,,42401,3.0,3,,,,,,
,,,,,42408,7.0,7,,,,,,
,,,,,42412,4.0,4,,,,,,
,,,,,42422,10.0,10,,,,,,
,,,,,42429,7.0,7,,,,,,
,,,,,42432,3.0,3,,,,,,
,,,,,42446,14.0,14,,,,,,
,,,,,42450,4.0,4,,,,,,
,,,,,42455,5.0,5,,,,,,
,,,,,42459,4.0,4,,,,,,
,,,,,42462,3.0,3,,,,,,
,,,,,42466,4.0,4,,,,,,
,,,,,42471,5.0,5,,,,,,
,,,,,42476,5.0,5,,,,,,
,,,,,42479,3.0,3,,,,,,
,,,,,42483,4.0,4,,,,,,
,,,,,42491,8.0,8,,,,,,
,,,,,42495,4.0,4,,,,,,
,,,,,42499,4.0,4,,,,,,
,,,,,42502,3.0,3,,,,,,
,,,,,42506,4.0,4,,,,,,
,,,,,42511,5.0,5,,,,,,
,,,,,42517,6.0,6,,,,,,
,,,,,42524,7.0,7,,,,,,
,,,,,42537,13.0,13,,,,,,
,,,,,42540,3.0,3,,,,,,
,,,,,42543,3.0,3,,,,,,
,,,,,42546,3.0,3,,,,,,
,,,,,42549,3.0,3,,,,,,
,,,,,42554,5.0,5,,,,,,
,,,,,42559,5.0,5,,,,,,
,,,,,42570,11.0,11,,,,,,
,,,,,42582,12.0,12,,,,,,
,,,,,42592,10.0,10,,,,,,
,,,,,42595,3.0,3,,,,,,
,,,,,42603,8.0,8,,,,,,
,,,,,42610,7.0,7,,,,,,
,,,,,42613,3.0,3,,,,,,
,,,,,42617,4.0,4,,,,,,
,,,,,42622,5.0,5,,,,,,
,,,,,42627,5.0,5,,,,,,
,,,,,42633,6.0,6,,,,,,
,,,,,42637,4.0,4,,,,,,
,,,,,42647,10.0,10,,,,,,
,,,,,42651,4.0,4,,,,,,
,,,,,42655,4.0,4,,,,,,
,,,,,42662,7.0,7,,,,,,
,,,,,42667,5.0,5,,,,,,
,,,,,42680,13.0,13,,,,,,
,,,,,42683,3.0,3,,,,,,
,,,,,42686,3.0,3,,,,,,
,,,,,42699,13.0,13,,,,,,
,,,,,42714,15.0,15,,,,,,
,,,,,42719,5.0,5,,,,,,
,,,,,42728,9.0,9,,,,,,
,,,,,42745,17.0,17,,,,,,
,,,,,42749,4.0,4,,,,,,
,,,,,42753,4.0,4,,,,,,
,,,,,42764,11.0,11,,,,,,
,,,,,42770,6.0,6,,,,,,
,,,,,42786,16.0,16,,,,,,
,,,,,42790,4.0,4,,,,,,
,,,,,42796,6.0,6,,,,,,
,,,,,42808,12.0,12,,,,,,
,,,,,42812,4.0,4,,,,,,
,,,,,42820,8.0,8,,,,,,
,,,,,42828,8.0,8,,,,,,
,,,,,42834,6.0,6,,,,,,
,,,,,42837,3.0,3,,,,,,
,,,,,42842,5.0,5,,,,,,
,,,,,42848,6.0,6,,,,,,
,,,,,42859,11.0,11,,,,,,
,,,,,42862,3.0,3,,,,,,
,,,,,42869,7.0,7,,,,,,
,,,,,42875,6.0,6,,,,,,
,,,,,42879,4.0,4,,,,,,
,,,,,42889,10.0,10,,,,,,
,,,,,42894,5.0,5,,,,,,
,,,,,42900,6.0,6,,,,,,
,,,,,42910,10.0,10,,,,,,
,,,,,42914,4.0,4,,,,,,
,,,,,42921,7.0,7,,,,,,
,,,,,42944,23.0,23,,,,,,
,,,,,42952,8.0,8,,,,,,
,,,,,42959,7.0,7,,,,,,
,,,,,42963,4.0,4,,,,,,
,,,,,42966,3.0,3,,,,,,
,,,,,42970,4.0,4,,,,,,
,,,,,42975,5.0,5,,,,,,
,,,,,42983,8.0,8,,,,,,
,,,,,42988,5.0,5,,,,,,
,,,,,42995,7.0,7,,,,,,
,,,,,42998,3.0,3,,,,,,
,,,,,43000,,,2.423982620239258,5.078063011169434,5.068178176879883,0.0003,0.0003,0.1
,,,,,43002,4.0,4,,,,,,
,,,,,43007,5.0,5,,,,,,
,,,,,43017,10.0,10,,,,,,
,,,,,43022,5.0,5,,,,,,
,,,,,43025,3.0,3,,,,,,
,,,,,43028,3.0,3,,,,,,
,,,,,43055,27.0,27,,,,,,
,,,,,43059,4.0,4,,,,,,
,,,,,43062,3.0,3,,,,,,
,,,,,43073,11.0,11,,,,,,
,,,,,43076,3.0,3,,,,,,
,,,,,43081,5.0,5,,,,,,
,,,,,43084,3.0,3,,,,,,
,,,,,43088,4.0,4,,,,,,
,,,,,43096,8.0,8,,,,,,
,,,,,43102,6.0,6,,,,,,
,,,,,43107,5.0,5,,,,,,
,,,,,43111,4.0,4,,,,,,
,,,,,43119,8.0,8,,,,,,
,,,,,43124,5.0,5,,,,,,
,,,,,43137,13.0,13,,,,,,
,,,,,43149,12.0,12,,,,,,
,,,,,43153,4.0,4,,,,,,
,,,,,43157,4.0,4,,,,,,
,,,,,43163,6.0,6,,,,,,
,,,,,43167,4.0,4,,,,,,
,,,,,43187,20.0,20,,,,,,
,,,,,43192,5.0,5,,,,,,
,,,,,43195,3.0,3,,,,,,
,,,,,43200,5.0,5,,,,,,
,,,,,43204,4.0,4,,,,,,
,,,,,43210,6.0,6,,,,,,
,,,,,43213,3.0,3,,,,,,
,,,,,43218,5.0,5,,,,,,
,,,,,43225,7.0,7,,,,,,
,,,,,43228,3.0,3,,,,,,
,,,,,43233,5.0,5,,,,,,
,,,,,43245,12.0,12,,,,,,
,,,,,43253,8.0,8,,,,,,
,,,,,43256,3.0,3,,,,,,
,,,,,43261,5.0,5,,,,,,
,,,,,43272,11.0,11,,,,,,
,,,,,43277,5.0,5,,,,,,
,,,,,43284,7.0,7,,,,,,
,,,,,43287,3.0,3,,,,,,
,,,,,43292,5.0,5,,,,,,
,,,,,43296,4.0,4,,,,,,
,,,,,43299,3.0,3,,,,,,
,,,,,43306,7.0,7,,,,,,
,,,,,43318,12.0,12,,,,,,
,,,,,43324,6.0,6,,,,,,
,,,,,43328,4.0,4,,,,,,
,,,,,43332,4.0,4,,,,,,
,,,,,43343,11.0,11,,,,,,
,,,,,43352,9.0,9,,,,,,
,,,,,43357,5.0,5,,,,,,
,,,,,43362,5.0,5,,,,,,
,,,,,43366,4.0,4,,,,,,
,,,,,43375,9.0,9,,,,,,
,,,,,43387,12.0,12,,,,,,
,,,,,43394,7.0,7,,,,,,
,,,,,43398,4.0,4,,,,,,
,,,,,43409,11.0,11,,,,,,
,,,,,43419,10.0,10,,,,,,
,,,,,43425,6.0,6,,,,,,
,,,,,43428,3.0,3,,,,,,
,,,,,43445,17.0,17,,,,,,
,,,,,43450,5.0,5,,,,,,
,,,,,43453,3.0,3,,,,,,
,,,,,43461,8.0,8,,,,,,
,,,,,43475,14.0,14,,,,,,
,,,,,43479,4.0,4,,,,,,
,,,,,43483,4.0,4,,,,,,
,,,,,43492,9.0,9,,,,,,
,,,,,43498,6.0,6,,,,,,
,,,,,43507,9.0,9,,,,,,
,,,,,43522,15.0,15,,,,,,
,,,,,43528,6.0,6,,,,,,
,,,,,43534,6.0,6,,,,,,
,,,,,43541,7.0,7,,,,,,
,,,,,43545,4.0,4,,,,,,
,,,,,43549,4.0,4,,,,,,
,,,,,43558,9.0,9,,,,,,
,,,,,43563,5.0,5,,,,,,
,,,,,43574,11.0,11,,,,,,
,,,,,43579,5.0,5,,,,,,
,,,,,43591,12.0,12,,,,,,
,,,,,43609,18.0,18,,,,,,
,,,,,43615,6.0,6,,,,,,
,,,,,43622,7.0,7,,,,,,
,,,,,43625,3.0,3,,,,,,
,,,,,43638,13.0,13,,,,,,
,,,,,43648,10.0,10,,,,,,
,,,,,43653,5.0,5,,,,,,
,,,,,43666,13.0,13,,,,,,
,,,,,43672,6.0,6,,,,,,
,,,,,43681,9.0,9,,,,,,
,,,,,43685,4.0,4,,,,,,
,,,,,43690,5.0,5,,,,,,
,,,,,43696,6.0,6,,,,,,
,,,,,43701,5.0,5,,,,,,
,,,,,43712,11.0,11,,,,,,
,,,,,43721,9.0,9,,,,,,
,,,,,43724,3.0,3,,,,,,
,,,,,43728,4.0,4,,,,,,
,,,,,43737,9.0,9,,,,,,
,,,,,43747,10.0,10,,,,,,
,,,,,43750,3.0,3,,,,,,
,,,,,43755,5.0,5,,,,,,
,,,,,43772,17.0,17,,,,,,
,,,,,43776,4.0,4,,,,,,
,,,,,43787,11.0,11,,,,,,
,,,,,43791,4.0,4,,,,,,
,,,,,43800,9.0,9,,,,,,
,,,,,43804,4.0,4,,,,,,
,,,,,43807,3.0,3,,,,,,
,,,,,43810,3.0,3,,,,,,
,,,,,43829,19.0,19,,,,,,
,,,,,43835,6.0,6,,,,,,
,,,,,43840,5.0,5,,,,,,
,,,,,43851,11.0,11,,,,,,
,,,,,43856,5.0,5,,,,,,
,,,,,43873,17.0,17,,,,,,
,,,,,43879,6.0,6,,,,,,
,,,,,43882,3.0,3,,,,,,
,,,,,43893,11.0,11,,,,,,
,,,,,43900,7.0,7,,,,,,
,,,,,43904,4.0,4,,,,,,
,,,,,43909,5.0,5,,,,,,
,,,,,43916,7.0,7,,,,,,
,,,,,43928,12.0,12,,,,,,
,,,,,43939,11.0,11,,,,,,
,,,,,43942,3.0,3,,,,,,
,,,,,43952,10.0,10,,,,,,
,,,,,43956,4.0,4,,,,,,
,,,,,43962,6.0,6,,,,,,
,,,,,43967,5.0,5,,,,,,
,,,,,43970,3.0,3,,,,,,
,,,,,43974,4.0,4,,,,,,
,,,,,43978,4.0,4,,,,,,
,,,,,43991,13.0,13,,,,,,
,,,,,43996,5.0,5,,,,,,
,,,,,44000,4.0,4,,,,,,
,,,,,44000,,,2.5223724842071533,4.891592979431152,4.928144454956055,0.0003,0.0003,0.1
,,,,,44007,7.0,7,,,,,,
,,,,,44011,4.0,4,,,,,,
,,,,,44014,3.0,3,,,,,,
,,,,,44020,6.0,6,,,,,,
,,,,,44032,12.0,12,,,,,,
,,,,,44043,11.0,11,,,,,,
,,,,,44047,4.0,4,,,,,,
,,,,,44055,8.0,8,,,,,,
,,,,,44058,3.0,3,,,,,,
,,,,,44065,7.0,7,,,,,,
,,,,,44072,7.0,7,,,,,,
,,,,,44082,10.0,10,,,,,,
,,,,,44094,12.0,12,,,,,,
,,,,,44098,4.0,4,,,,,,
,,,,,44102,4.0,4,,,,,,
,,,,,44120,18.0,18,,,,,,
,,,,,44131,11.0,11,,,,,,
,,,,,44136,5.0,5,,,,,,
,,,,,44139,3.0,3,,,,,,
,,,,,44144,5.0,5,,,,,,
,,,,,44159,15.0,15,,,,,,
,,,,,44162,3.0,3,,,,,,
,,,,,44166,4.0,4,,,,,,
,,,,,44170,4.0,4,,,,,,
,,,,,44173,3.0,3,,,,,,
,,,,,44177,4.0,4,,,,,,
,,,,,44184,7.0,7,,,,,,
,,,,,44188,4.0,4,,,,,,
,,,,,44196,8.0,8,,,,,,
,,,,,44200,4.0,4,,,,,,
,,,,,44205,5.0,5,,,,,,
,,,,,44209,4.0,4,,,,,,
,,,,,44213,4.0,4,,,,,,
,,,,,44218,5.0,5,,,,,,
,,,,,44228,10.0,10,,,,,,
,,,,,44235,7.0,7,,,,,,
,,,,,44239,4.0,4,,,,,,
,,,,,44244,5.0,5,,,,,,
,,,,,44248,4.0,4,,,,,,
,,,,,44257,9.0,9,,,,,,
,,,,,44265,8.0,8,,,,,,
,,,,,44268,3.0,3,,,,,,
,,,,,44275,7.0,7,,,,,,
,,,,,44285,10.0,10,,,,,,
,,,,,44289,4.0,4,,,,,,
,,,,,44296,7.0,7,,,,,,
,,,,,44299,3.0,3,,,,,,
,,,,,44302,3.0,3,,,,,,
,,,,,44305,3.0,3,,,,,,
,,,,,44314,9.0,9,,,,,,
,,,,,44321,7.0,7,,,,,,
,,,,,44326,5.0,5,,,,,,
,,,,,44335,9.0,9,,,,,,
,,,,,44338,3.0,3,,,,,,
,,,,,44341,3.0,3,,,,,,
,,,,,44356,15.0,15,,,,,,
,,,,,44362,6.0,6,,,,,,
,,,,,44369,7.0,7,,,,,,
,,,,,44372,3.0,3,,,,,,
,,,,,44379,7.0,7,,,,,,
,,,,,44387,8.0,8,,,,,,
,,,,,44400,13.0,13,,,,,,
,,,,,44405,5.0,5,,,,,,
,,,,,44408,3.0,3,,,,,,
,,,,,44413,5.0,5,,,,,,
,,,,,44416,3.0,3,,,,,,
,,,,,44432,16.0,16,,,,,,
,,,,,44437,5.0,5,,,,,,
,,,,,44440,3.0,3,,,,,,
,,,,,44450,10.0,10,,,,,,
,,,,,44456,6.0,6,,,,,,
,,,,,44459,3.0,3,,,,,,
,,,,,44464,5.0,5,,,,,,
,,,,,44472,8.0,8,,,,,,
,,,,,44475,3.0,3,,,,,,
,,,,,44481,6.0,6,,,,,,
,,,,,44485,4.0,4,,,,,,
,,,,,44493,8.0,8,,,,,,
,,,,,44496,3.0,3,,,,,,
,,,,,44500,4.0,4,,,,,,
,,,,,44521,21.0,21,,,,,,
,,,,,44524,3.0,3,,,,,,
,,,,,44529,5.0,5,,,,,,
,,,,,44534,5.0,5,,,,,,
,,,,,44538,4.0,4,,,,,,
,,,,,44543,5.0,5,,,,,,
,,,,,44548,5.0,5,,,,,,
,,,,,44551,3.0,3,,,,,,
,,,,,44560,9.0,9,,,,,,
,,,,,44569,9.0,9,,,,,,
,,,,,44572,3.0,3,,,,,,
,,,,,44576,4.0,4,,,,,,
,,,,,44589,13.0,13,,,,,,
,,,,,44595,6.0,6,,,,,,
,,,,,44603,8.0,8,,,,,,
,,,,,44610,7.0,7,,,,,,
,,,,,44625,15.0,15,,,,,,
,,,,,44636,11.0,11,,,,,,
,,,,,44640,4.0,4,,,,,,
,,,,,44644,4.0,4,,,,,,
,,,,,44648,4.0,4,,,,,,
,,,,,44652,4.0,4,,,,,,
,,,,,44655,3.0,3,,,,,,
,,,,,44660,5.0,5,,,,,,
,,,,,44664,4.0,4,,,,,,
,,,,,44679,15.0,15,,,,,,
,,,,,44683,4.0,4,,,,,,
,,,,,44698,15.0,15,,,,,,
,,,,,44702,4.0,4,,,,,,
,,,,,44705,3.0,3,,,,,,
,,,,,44711,6.0,6,,,,,,
,,,,,44719,8.0,8,,,,,,
,,,,,44727,8.0,8,,,,,,
,,,,,44731,4.0,4,,,,,,
,,,,,44734,3.0,3,,,,,,
,,,,,44744,10.0,10,,,,,,
,,,,,44751,7.0,7,,,,,,
,,,,,44761,10.0,10,,,,,,
,,,,,44765,4.0,4,,,,,,
,,,,,44771,6.0,6,,,,,,
,,,,,44775,4.0,4,,,,,,
,,,,,44782,7.0,7,,,,,,
,,,,,44794,12.0,12,,,,,,
,,,,,44808,14.0,14,,,,,,
,,,,,44812,4.0,4,,,,,,
,,,,,44820,8.0,8,,,,,,
,,,,,44832,12.0,12,,,,,,
,,,,,44839,7.0,7,,,,,,
,,,,,44847,8.0,8,,,,,,
,,,,,44850,3.0,3,,,,,,
,,,,,44853,3.0,3,,,,,,
,,,,,44861,8.0,8,,,,,,
,,,,,44865,4.0,4,,,,,,
,,,,,44875,10.0,10,,,,,,
,,,,,44882,7.0,7,,,,,,
,,,,,44885,3.0,3,,,,,,
,,,,,44894,9.0,9,,,,,,
,,,,,44901,7.0,7,,,,,,
,,,,,44909,8.0,8,,,,,,
,,,,,44914,5.0,5,,,,,,
,,,,,44919,5.0,5,,,,,,
,,,,,44928,9.0,9,,,,,,
,,,,,44937,9.0,9,,,,,,
,,,,,44940,3.0,3,,,,,,
,,,,,44944,4.0,4,,,,,,
,,,,,44948,4.0,4,,,,,,
,,,,,44955,7.0,7,,,,,,
,,,,,44961,6.0,6,,,,,,
,,,,,44965,4.0,4,,,,,,
,,,,,44969,4.0,4,,,,,,
,,,,,44974,5.0,5,,,,,,
,,,,,44978,4.0,4,,,,,,
,,,,,44981,3.0,3,,,,,,
,,,,,44984,3.0,3,,,,,,
,,,,,44987,3.0,3,,,,,,
,,,,,44991,4.0,4,,,,,,
,,,,,44994,3.0,3,,,,,,
,,,,,44999,5.0,5,,,,,,
7.0,3.2863355,13.0,3.0,7.0,45000,,,2.2196340560913086,5.110714912414551,5.205939292907715,0.0003,0.0003,0.1
,,,,,45004,5.0,5,,,,,,
,,,,,45017,13.0,13,,,,,,
,,,,,45025,8.0,8,,,,,,
,,,,,45032,7.0,7,,,,,,
,,,,,45057,25.0,25,,,,,,
,,,,,45064,7.0,7,,,,,,
,,,,,45075,11.0,11,,,,,,
,,,,,45084,9.0,9,,,,,,
,,,,,45087,3.0,3,,,,,,
,,,,,45091,4.0,4,,,,,,
,,,,,45108,17.0,17,,,,,,
,,,,,45115,7.0,7,,,,,,
,,,,,45119,4.0,4,,,,,,
,,,,,45123,4.0,4,,,,,,
,,,,,45130,7.0,7,,,,,,
,,,,,45134,4.0,4,,,,,,
,,,,,45144,10.0,10,,,,,,
,,,,,45147,3.0,3,,,,,,
,,,,,45152,5.0,5,,,,,,
,,,,,45168,16.0,16,,,,,,
,,,,,45175,7.0,7,,,,,,
,,,,,45186,11.0,11,,,,,,
,,,,,45192,6.0,6,,,,,,
,,,,,45202,10.0,10,,,,,,
,,,,,45211,9.0,9,,,,,,
,,,,,45218,7.0,7,,,,,,
,,,,,45222,4.0,4,,,,,,
,,,,,45229,7.0,7,,,,,,
,,,,,45232,3.0,3,,,,,,
,,,,,45240,8.0,8,,,,,,
,,,,,45244,4.0,4,,,,,,
,,,,,45249,5.0,5,,,,,,
,,,,,45254,5.0,5,,,,,,
,,,,,45257,3.0,3,,,,,,
,,,,,45260,3.0,3,,,,,,
,,,,,45266,6.0,6,,,,,,
,,,,,45270,4.0,4,,,,,,
,,,,,45276,6.0,6,,,,,,
,,,,,45282,6.0,6,,,,,,
,,,,,45290,8.0,8,,,,,,
,,,,,45296,6.0,6,,,,,,
,,,,,45307,11.0,11,,,,,,
,,,,,45314,7.0,7,,,,,,
,,,,,45318,4.0,4,,,,,,
,,,,,45321,3.0,3,,,,,,
,,,,,45325,4.0,4,,,,,,
,,,,,45330,5.0,5,,,,,,
,,,,,45336,6.0,6,,,,,,
,,,,,45348,12.0,12,,,,,,
,,,,,45352,4.0,4,,,,,,
,,,,,45357,5.0,5,,,,,,
,,,,,45363,6.0,6,,,,,,
,,,,,45366,3.0,3,,,,,,
,,,,,45374,8.0,8,,,,,,
,,,,,45391,17.0,17,,,,,,
,,,,,45411,20.0,20,,,,,,
,,,,,45418,7.0,7,,,,,,
,,,,,45432,14.0,14,,,,,,
,,,,,45435,3.0,3,,,,,,
,,,,,45441,6.0,6,,,,,,
,,,,,45445,4.0,4,,,,,,
,,,,,45451,6.0,6,,,,,,
,,,,,45458,7.0,7,,,,,,
,,,,,45463,5.0,5,,,,,,
,,,,,45466,3.0,3,,,,,,
,,,,,45485,19.0,19,,,,,,
,,,,,45497,12.0,12,,,,,,
,,,,,45504,7.0,7,,,,,,
,,,,,45512,8.0,8,,,,,,
,,,,,45518,6.0,6,,,,,,
,,,,,45521,3.0,3,,,,,,
,,,,,45526,5.0,5,,,,,,
,,,,,45535,9.0,9,,,,,,
,,,,,45538,3.0,3,,,,,,
,,,,,45545,7.0,7,,,,,,
,,,,,45552,7.0,7,,,,,,
,,,,,45568,16.0,16,,,,,,
,,,,,45581,13.0,13,,,,,,
,,,,,45587,6.0,6,,,,,,
,,,,,45594,7.0,7,,,,,,
,,,,,45602,8.0,8,,,,,,
,,,,,45605,3.0,3,,,,,,
,,,,,45629,24.0,24,,,,,,
,,,,,45633,4.0,4,,,,,,
,,,,,45646,13.0,13,,,,,,
,,,,,45654,8.0,8,,,,,,
,,,,,45657,3.0,3,,,,,,
,,,,,45672,15.0,15,,,,,,
,,,,,45680,8.0,8,,,,,,
,,,,,45684,4.0,4,,,,,,
,,,,,45690,6.0,6,,,,,,
,,,,,45694,4.0,4,,,,,,
,,,,,45701,7.0,7,,,,,,
,,,,,45707,6.0,6,,,,,,
,,,,,45711,4.0,4,,,,,,
,,,,,45715,4.0,4,,,,,,
,,,,,45721,6.0,6,,,,,,
,,,,,45728,7.0,7,,,,,,
,,,,,45738,10.0,10,,,,,,
,,,,,45741,3.0,3,,,,,,
,,,,,45746,5.0,5,,,,,,
,,,,,45750,4.0,4,,,,,,
,,,,,45760,10.0,10,,,,,,
,,,,,45765,5.0,5,,,,,,
,,,,,45769,4.0,4,,,,,,
,,,,,45777,8.0,8,,,,,,
,,,,,45783,6.0,6,,,,,,
,,,,,45789,6.0,6,,,,,,
,,,,,45792,3.0,3,,,,,,
,,,,,45802,10.0,10,,,,,,
,,,,,45806,4.0,4,,,,,,
,,,,,45812,6.0,6,,,,,,
,,,,,45818,6.0,6,,,,,,
,,,,,45827,9.0,9,,,,,,
,,,,,45834,7.0,7,,,,,,
,,,,,45839,5.0,5,,,,,,
,,,,,45843,4.0,4,,,,,,
,,,,,45851,8.0,8,,,,,,
,,,,,45855,4.0,4,,,,,,
,,,,,45858,3.0,3,,,,,,
,,,,,45865,7.0,7,,,,,,
,,,,,45868,3.0,3,,,,,,
,,,,,45872,4.0,4,,,,,,
,,,,,45891,19.0,19,,,,,,
,,,,,45902,11.0,11,,,,,,
,,,,,45909,7.0,7,,,,,,
,,,,,45913,4.0,4,,,,,,
,,,,,45916,3.0,3,,,,,,
,,,,,45919,3.0,3,,,,,,
,,,,,45927,8.0,8,,,,,,
,,,,,45931,4.0,4,,,,,,
,,,,,45938,7.0,7,,,,,,
,,,,,45945,7.0,7,,,,,,
,,,,,45949,4.0,4,,,,,,
,,,,,45956,7.0,7,,,,,,
,,,,,45959,3.0,3,,,,,,
,,,,,45969,10.0,10,,,,,,
,,,,,45985,16.0,16,,,,,,
,,,,,46000,,,2.3462610244750977,4.789478302001953,4.8976593017578125,0.0003,0.0003,0.1
,,,,,46011,26.0,26,,,,,,
,,,,,46016,5.0,5,,,,,,
,,,,,46021,5.0,5,,,,,,
,,,,,46030,9.0,9,,,,,,
,,,,,46038,8.0,8,,,,,,
,,,,,46041,3.0,3,,,,,,
,,,,,46050,9.0,9,,,,,,
,,,,,46057,7.0,7,,,,,,
,,,,,46060,3.0,3,,,,,,
,,,,,46064,4.0,4,,,,,,
,,,,,46072,8.0,8,,,,,,
,,,,,46075,3.0,3,,,,,,
,,,,,46079,4.0,4,,,,,,
,,,,,46084,5.0,5,,,,,,
,,,,,46091,7.0,7,,,,,,
,,,,,46102,11.0,11,,,,,,
,,,,,46105,3.0,3,,,,,,
,,,,,46120,15.0,15,,,,,,
,,,,,46123,3.0,3,,,,,,
,,,,,46128,5.0,5,,,,,,
,,,,,46134,6.0,6,,,,,,
,,,,,46147,13.0,13,,,,,,
,,,,,46154,7.0,7,,,,,,
,,,,,46159,5.0,5,,,,,,
,,,,,46178,19.0,19,,,,,,
,,,,,46193,15.0,15,,,,,,
,,,,,46199,6.0,6,,,,,,
,,,,,46204,5.0,5,,,,,,
,,,,,46214,10.0,10,,,,,,
,,,,,46218,4.0,4,,,,,,
,,,,,46222,4.0,4,,,,,,
,,,,,46226,4.0,4,,,,,,
,,,,,46231,5.0,5,,,,,,
,,,,,46236,5.0,5,,,,,,
,,,,,46239,3.0,3,,,,,,
,,,,,46248,9.0,9,,,,,,
,,,,,46265,17.0,17,,,,,,
,,,,,46269,4.0,4,,,,,,
,,,,,46272,3.0,3,,,,,,
,,,,,46294,22.0,22,,,,,,
,,,,,46306,12.0,12,,,,,,
,,,,,46310,4.0,4,,,,,,
,,,,,46314,4.0,4,,,,,,
,,,,,46330,16.0,16,,,,,,
,,,,,46334,4.0,4,,,,,,
,,,,,46347,13.0,13,,,,,,
,,,,,46358,11.0,11,,,,,,
,,,,,46364,6.0,6,,,,,,
,,,,,46369,5.0,5,,,,,,
,,,,,46374,5.0,5,,,,,,
,,,,,46380,6.0,6,,,,,,
,,,,,46388,8.0,8,,,,,,
,,,,,46392,4.0,4,,,,,,
,,,,,46397,5.0,5,,,,,,
,,,,,46400,3.0,3,,,,,,
,,,,,46404,4.0,4,,,,,,
,,,,,46407,3.0,3,,,,,,
,,,,,46429,22.0,22,,,,,,
,,,,,46441,12.0,12,,,,,,
,,,,,46444,3.0,3,,,,,,
,,,,,46448,4.0,4,,,,,,
,,,,,46454,6.0,6,,,,,,
,,,,,46460,6.0,6,,,,,,
,,,,,46471,11.0,11,,,,,,
,,,,,46478,7.0,7,,,,,,
,,,,,46485,7.0,7,,,,,,
,,,,,46490,5.0,5,,,,,,
,,,,,46493,3.0,3,,,,,,
,,,,,46504,11.0,11,,,,,,
,,,,,46519,15.0,15,,,,,,
,,,,,46523,4.0,4,,,,,,
,,,,,46532,9.0,9,,,,,,
,,,,,46538,6.0,6,,,,,,
,,,,,46543,5.0,5,,,,,,
,,,,,46554,11.0,11,,,,,,
,,,,,46562,8.0,8,,,,,,
,,,,,46573,11.0,11,,,,,,
,,,,,46576,3.0,3,,,,,,
,,,,,46582,6.0,6,,,,,,
,,,,,46588,6.0,6,,,,,,
,,,,,46595,7.0,7,,,,,,
,,,,,46600,5.0,5,,,,,,
,,,,,46604,4.0,4,,,,,,
,,,,,46609,5.0,5,,,,,,
,,,,,46612,3.0,3,,,,,,
,,,,,46622,10.0,10,,,,,,
,,,,,46625,3.0,3,,,,,,
,,,,,46637,12.0,12,,,,,,
,,,,,46644,7.0,7,,,,,,
,,,,,46661,17.0,17,,,,,,
,,,,,46664,3.0,3,,,,,,
,,,,,46667,3.0,3,,,,,,
,,,,,46672,5.0,5,,,,,,
,,,,,46676,4.0,4,,,,,,
,,,,,46681,5.0,5,,,,,,
,,,,,46685,4.0,4,,,,,,
,,,,,46692,7.0,7,,,,,,
,,,,,46695,3.0,3,,,,,,
,,,,,46700,5.0,5,,,,,,
,,,,,46706,6.0,6,,,,,,
,,,,,46711,5.0,5,,,,,,
,,,,,46715,4.0,4,,,,,,
,,,,,46723,8.0,8,,,,,,
,,,,,46727,4.0,4,,,,,,
,,,,,46736,9.0,9,,,,,,
,,,,,46741,5.0,5,,,,,,
,,,,,46744,3.0,3,,,,,,
,,,,,46753,9.0,9,,,,,,
,,,,,46760,7.0,7,,,,,,
,,,,,46763,3.0,3,,,,,,
,,,,,46774,11.0,11,,,,,,
,,,,,46777,3.0,3,,,,,,
,,,,,46789,12.0,12,,,,,,
,,,,,46793,4.0,4,,,,,,
,,,,,46803,10.0,10,,,,,,
,,,,,46807,4.0,4,,,,,,
,,,,,46815,8.0,8,,,,,,
,,,,,46818,3.0,3,,,,,,
,,,,,46827,9.0,9,,,,,,
,,,,,46835,8.0,8,,,,,,
,,,,,46849,14.0,14,,,,,,
,,,,,46855,6.0,6,,,,,,
,,,,,46865,10.0,10,,,,,,
,,,,,46873,8.0,8,,,,,,
,,,,,46879,6.0,6,,,,,,
,,,,,46898,19.0,19,,,,,,
,,,,,46903,5.0,5,,,,,,
,,,,,46908,5.0,5,,,,,,
,,,,,46914,6.0,6,,,,,,
,,,,,46933,19.0,19,,,,,,
,,,,,46941,8.0,8,,,,,,
,,,,,46954,13.0,13,,,,,,
,,,,,46959,5.0,5,,,,,,
,,,,,46965,6.0,6,,,,,,
,,,,,46969,4.0,4,,,,,,
,,,,,46980,11.0,11,,,,,,
,,,,,46989,9.0,9,,,,,,
,,,,,46999,10.0,10,,,,,,
,,,,,47000,,,2.1449198722839355,4.652420997619629,4.765122413635254,0.0003,0.0003,0.1
,,,,,47008,9.0,9,,,,,,
,,,,,47020,12.0,12,,,,,,
,,,,,47025,5.0,5,,,,,,
,,,,,47032,7.0,7,,,,,,
,,,,,47036,4.0,4,,,,,,
,,,,,47045,9.0,9,,,,,,
,,,,,47054,9.0,9,,,,,,
,,,,,47058,4.0,4,,,,,,
,,,,,47064,6.0,6,,,,,,
,,,,,47068,4.0,4,,,,,,
,,,,,47072,4.0,4,,,,,,
,,,,,47079,7.0,7,,,,,,
,,,,,47083,4.0,4,,,,,,
,,,,,47089,6.0,6,,,,,,
,,,,,47094,5.0,5,,,,,,
,,,,,47100,6.0,6,,,,,,
,,,,,47109,9.0,9,,,,,,
,,,,,47116,7.0,7,,,,,,
,,,,,47130,14.0,14,,,,,,
,,,,,47137,7.0,7,,,,,,
,,,,,47143,6.0,6,,,,,,
,,,,,47155,12.0,12,,,,,,
,,,,,47159,4.0,4,,,,,,
,,,,,47165,6.0,6,,,,,,
,,,,,47169,4.0,4,,,,,,
,,,,,47179,10.0,10,,,,,,
,,,,,47184,5.0,5,,,,,,
,,,,,47188,4.0,4,,,,,,
,,,,,47193,5.0,5,,,,,,
,,,,,47197,4.0,4,,,,,,
,,,,,47205,8.0,8,,,,,,
,,,,,47212,7.0,7,,,,,,
,,,,,47220,8.0,8,,,,,,
,,,,,47226,6.0,6,,,,,,
,,,,,47230,4.0,4,,,,,,
,,,,,47238,8.0,8,,,,,,
,,,,,47243,5.0,5,,,,,,
,,,,,47246,3.0,3,,,,,,
,,,,,47250,4.0,4,,,,,,
,,,,,47255,5.0,5,,,,,,
,,,,,47259,4.0,4,,,,,,
,,,,,47263,4.0,4,,,,,,
,,,,,47268,5.0,5,,,,,,
,,,,,47288,20.0,20,,,,,,
,,,,,47291,3.0,3,,,,,,
,,,,,47298,7.0,7,,,,,,
,,,,,47304,6.0,6,,,,,,
,,,,,47309,5.0,5,,,,,,
,,,,,47313,4.0,4,,,,,,
,,,,,47319,6.0,6,,,,,,
,,,,,47328,9.0,9,,,,,,
,,,,,47337,9.0,9,,,,,,
,,,,,47341,4.0,4,,,,,,
,,,,,47351,10.0,10,,,,,,
,,,,,47354,3.0,3,,,,,,
,,,,,47359,5.0,5,,,,,,
,,,,,47362,3.0,3,,,,,,
,,,,,47367,5.0,5,,,,,,
,,,,,47376,9.0,9,,,,,,
,,,,,47382,6.0,6,,,,,,
,,,,,47398,16.0,16,,,,,,
,,,,,47413,15.0,15,,,,,,
,,,,,47417,4.0,4,,,,,,
,,,,,47427,10.0,10,,,,,,
,,,,,47430,3.0,3,,,,,,
,,,,,47436,6.0,6,,,,,,
,,,,,47458,22.0,22,,,,,,
,,,,,47461,3.0,3,,,,,,
,,,,,47465,4.0,4,,,,,,
,,,,,47477,12.0,12,,,,,,
,,,,,47486,9.0,9,,,,,,
,,,,,47500,14.0,14,,,,,,
,,,,,47506,6.0,6,,,,,,
,,,,,47511,5.0,5,,,,,,
,,,,,47516,5.0,5,,,,,,
,,,,,47520,4.0,4,,,,,,
,,,,,47524,4.0,4,,,,,,
,,,,,47537,13.0,13,,,,,,
,,,,,47544,7.0,7,,,,,,
,,,,,47551,7.0,7,,,,,,
,,,,,47559,8.0,8,,,,,,
,,,,,47565,6.0,6,,,,,,
,,,,,47576,11.0,11,,,,,,
,,,,,47581,5.0,5,,,,,,
,,,,,47589,8.0,8,,,,,,
,,,,,47600,11.0,11,,,,,,
,,,,,47607,7.0,7,,,,,,
,,,,,47618,11.0,11,,,,,,
,,,,,47630,12.0,12,,,,,,
,,,,,47633,3.0,3,,,,,,
,,,,,47637,4.0,4,,,,,,
,,,,,47654,17.0,17,,,,,,
,,,,,47660,6.0,6,,,,,,
,,,,,47666,6.0,6,,,,,,
,,,,,47674,8.0,8,,,,,,
,,,,,47680,6.0,6,,,,,,
,,,,,47685,5.0,5,,,,,,
,,,,,47691,6.0,6,,,,,,
,,,,,47697,6.0,6,,,,,,
,,,,,47700,3.0,3,,,,,,
,,,,,47707,7.0,7,,,,,,
,,,,,47723,16.0,16,,,,,,
,,,,,47727,4.0,4,,,,,,
,,,,,47731,4.0,4,,,,,,
,,,,,47734,3.0,3,,,,,,
,,,,,47742,8.0,8,,,,,,
,,,,,47747,5.0,5,,,,,,
,,,,,47751,4.0,4,,,,,,
,,,,,47758,7.0,7,,,,,,
,,,,,47761,3.0,3,,,,,,
,,,,,47768,7.0,7,,,,,,
,,,,,47774,6.0,6,,,,,,
,,,,,47777,3.0,3,,,,,,
,,,,,47781,4.0,4,,,,,,
,,,,,47785,4.0,4,,,,,,
,,,,,47793,8.0,8,,,,,,
,,,,,47799,6.0,6,,,,,,
,,,,,47805,6.0,6,,,,,,
,,,,,47818,13.0,13,,,,,,
,,,,,47822,4.0,4,,,,,,
,,,,,47827,5.0,5,,,,,,
,,,,,47833,6.0,6,,,,,,
,,,,,47838,5.0,5,,,,,,
,,,,,47842,4.0,4,,,,,,
,,,,,47846,4.0,4,,,,,,
,,,,,47856,10.0,10,,,,,,
,,,,,47862,6.0,6,,,,,,
,,,,,47868,6.0,6,,,,,,
,,,,,47872,4.0,4,,,,,,
,,,,,47878,6.0,6,,,,,,
,,,,,47893,15.0,15,,,,,,
,,,,,47902,9.0,9,,,,,,
,,,,,47915,13.0,13,,,,,,
,,,,,47921,6.0,6,,,,,,
,,,,,47928,7.0,7,,,,,,
,,,,,47934,6.0,6,,,,,,
,,,,,47943,9.0,9,,,,,,
,,,,,47949,6.0,6,,,,,,
,,,,,47954,5.0,5,,,,,,
,,,,,47959,5.0,5,,,,,,
,,,,,47963,4.0,4,,,,,,
,,,,,47967,4.0,4,,,,,,
,,,,,47974,7.0,7,,,,,,
,,,,,47984,10.0,10,,,,,,
,,,,,47991,7.0,7,,,,,,
,,,,,47994,3.0,3,,,,,,
,,,,,47998,4.0,4,,,,,,
,,,,,48000,,,1.8333051204681396,5.388060569763184,5.397228240966797,0.0003,0.0003,0.1
,,,,,48005,7.0,7,,,,,,
,,,,,48017,12.0,12,,,,,,
,,,,,48049,32.0,32,,,,,,
,,,,,48061,12.0,12,,,,,,
,,,,,48072,11.0,11,,,,,,
,,,,,48082,10.0,10,,,,,,
,,,,,48087,5.0,5,,,,,,
,,,,,48093,6.0,6,,,,,,
,,,,,48097,4.0,4,,,,,,
,,,,,48108,11.0,11,,,,,,
,,,,,48112,4.0,4,,,,,,
,,,,,48115,3.0,3,,,,,,
,,,,,48122,7.0,7,,,,,,
,,,,,48125,3.0,3,,,,,,
,,,,,48129,4.0,4,,,,,,
,,,,,48140,11.0,11,,,,,,
,,,,,48148,8.0,8,,,,,,
,,,,,48152,4.0,4,,,,,,
,,,,,48158,6.0,6,,,,,,
,,,,,48161,3.0,3,,,,,,
,,,,,48170,9.0,9,,,,,,
,,,,,48179,9.0,9,,,,,,
,,,,,48184,5.0,5,,,,,,
,,,,,48191,7.0,7,,,,,,
,,,,,48199,8.0,8,,,,,,
,,,,,48204,5.0,5,,,,,,
,,,,,48207,3.0,3,,,,,,
,,,,,48215,8.0,8,,,,,,
,,,,,48218,3.0,3,,,,,,
,,,,,48225,7.0,7,,,,,,
,,,,,48228,3.0,3,,,,,,
,,,,,48231,3.0,3,,,,,,
,,,,,48236,5.0,5,,,,,,
,,,,,48242,6.0,6,,,,,,
,,,,,48267,25.0,25,,,,,,
,,,,,48273,6.0,6,,,,,,
,,,,,48278,5.0,5,,,,,,
,,,,,48283,5.0,5,,,,,,
,,,,,48300,17.0,17,,,,,,
,,,,,48308,8.0,8,,,,,,
,,,,,48312,4.0,4,,,,,,
,,,,,48316,4.0,4,,,,,,
,,,,,48320,4.0,4,,,,,,
,,,,,48327,7.0,7,,,,,,
,,,,,48331,4.0,4,,,,,,
,,,,,48336,5.0,5,,,,,,
,,,,,48343,7.0,7,,,,,,
,,,,,48354,11.0,11,,,,,,
,,,,,48358,4.0,4,,,,,,
,,,,,48364,6.0,6,,,,,,
,,,,,48371,7.0,7,,,,,,
,,,,,48376,5.0,5,,,,,,
,,,,,48380,4.0,4,,,,,,
,,,,,48391,11.0,11,,,,,,
,,,,,48409,18.0,18,,,,,,
,,,,,48418,9.0,9,,,,,,
,,,,,48427,9.0,9,,,,,,
,,,,,48435,8.0,8,,,,,,
,,,,,48446,11.0,11,,,,,,
,,,,,48449,3.0,3,,,,,,
,,,,,48452,3.0,3,,,,,,
,,,,,48459,7.0,7,,,,,,
,,,,,48466,7.0,7,,,,,,
,,,,,48471,5.0,5,,,,,,
,,,,,48474,3.0,3,,,,,,
,,,,,48494,20.0,20,,,,,,
,,,,,48498,4.0,4,,,,,,
,,,,,48501,3.0,3,,,,,,
,,,,,48504,3.0,3,,,,,,
,,,,,48512,8.0,8,,,,,,
,,,,,48515,3.0,3,,,,,,
,,,,,48525,10.0,10,,,,,,
,,,,,48528,3.0,3,,,,,,
,,,,,48540,12.0,12,,,,,,
,,,,,48560,20.0,20,,,,,,
,,,,,48563,3.0,3,,,,,,
,,,,,48568,5.0,5,,,,,,
,,,,,48574,6.0,6,,,,,,
,,,,,48591,17.0,17,,,,,,
,,,,,48601,10.0,10,,,,,,
,,,,,48605,4.0,4,,,,,,
,,,,,48608,3.0,3,,,,,,
,,,,,48614,6.0,6,,,,,,
,,,,,48621,7.0,7,,,,,,
,,,,,48627,6.0,6,,,,,,
,,,,,48630,3.0,3,,,,,,
,,,,,48641,11.0,11,,,,,,
,,,,,48647,6.0,6,,,,,,
,,,,,48651,4.0,4,,,,,,
,,,,,48655,4.0,4,,,,,,
,,,,,48662,7.0,7,,,,,,
,,,,,48671,9.0,9,,,,,,
,,,,,48675,4.0,4,,,,,,
,,,,,48684,9.0,9,,,,,,
,,,,,48689,5.0,5,,,,,,
,,,,,48699,10.0,10,,,,,,
,,,,,48709,10.0,10,,,,,,
,,,,,48714,5.0,5,,,,,,
,,,,,48718,4.0,4,,,,,,
,,,,,48722,4.0,4,,,,,,
,,,,,48726,4.0,4,,,,,,
,,,,,48734,8.0,8,,,,,,
,,,,,48742,8.0,8,,,,,,
,,,,,48745,3.0,3,,,,,,
,,,,,48750,5.0,5,,,,,,
,,,,,48758,8.0,8,,,,,,
,,,,,48764,6.0,6,,,,,,
,,,,,48770,6.0,6,,,,,,
,,,,,48781,11.0,11,,,,,,
,,,,,48788,7.0,7,,,,,,
,,,,,48792,4.0,4,,,,,,
,,,,,48798,6.0,6,,,,,,
,,,,,48801,3.0,3,,,,,,
,,,,,48806,5.0,5,,,,,,
,,,,,48809,3.0,3,,,,,,
,,,,,48812,3.0,3,,,,,,
,,,,,48826,14.0,14,,,,,,
,,,,,48833,7.0,7,,,,,,
,,,,,48838,5.0,5,,,,,,
,,,,,48846,8.0,8,,,,,,
,,,,,48850,4.0,4,,,,,,
,,,,,48854,4.0,4,,,,,,
,,,,,48858,4.0,4,,,,,,
,,,,,48868,10.0,10,,,,,,
,,,,,48880,12.0,12,,,,,,
,,,,,48889,9.0,9,,,,,,
,,,,,48897,8.0,8,,,,,,
,,,,,48902,5.0,5,,,,,,
,,,,,48905,3.0,3,,,,,,
,,,,,48910,5.0,5,,,,,,
,,,,,48921,11.0,11,,,,,,
,,,,,48925,4.0,4,,,,,,
,,,,,48928,3.0,3,,,,,,
,,,,,48935,7.0,7,,,,,,
,,,,,48940,5.0,5,,,,,,
,,,,,48944,4.0,4,,,,,,
,,,,,48951,7.0,7,,,,,,
,,,,,48955,4.0,4,,,,,,
,,,,,48958,3.0,3,,,,,,
,,,,,48965,7.0,7,,,,,,
,,,,,48968,3.0,3,,,,,,
,,,,,48972,4.0,4,,,,,,
,,,,,48978,6.0,6,,,,,,
,,,,,48982,4.0,4,,,,,,
,,,,,48988,6.0,6,,,,,,
,,,,,48994,6.0,6,,,,,,
,,,,,49000,6.0,6,,,,,,
,,,,,49000,,,2.2919533252716064,5.144591331481934,4.995321273803711,0.0003,0.0003,0.1
,,,,,49009,9.0,9,,,,,,
,,,,,49013,4.0,4,,,,,,
,,,,,49021,8.0,8,,,,,,
,,,,,49034,13.0,13,,,,,,
,,,,,49039,5.0,5,,,,,,
,,,,,49044,5.0,5,,,,,,
,,,,,49049,5.0,5,,,,,,
,,,,,49057,8.0,8,,,,,,
,,,,,49067,10.0,10,,,,,,
,,,,,49081,14.0,14,,,,,,
,,,,,49088,7.0,7,,,,,,
,,,,,49102,14.0,14,,,,,,
,,,,,49106,4.0,4,,,,,,
,,,,,49115,9.0,9,,,,,,
,,,,,49120,5.0,5,,,,,,
,,,,,49123,3.0,3,,,,,,
,,,,,49126,3.0,3,,,,,,
,,,,,49130,4.0,4,,,,,,
,,,,,49136,6.0,6,,,,,,
,,,,,49142,6.0,6,,,,,,
,,,,,49146,4.0,4,,,,,,
,,,,,49155,9.0,9,,,,,,
,,,,,49164,9.0,9,,,,,,
,,,,,49182,18.0,18,,,,,,
,,,,,49187,5.0,5,,,,,,
,,,,,49190,3.0,3,,,,,,
,,,,,49198,8.0,8,,,,,,
,,,,,49203,5.0,5,,,,,,
,,,,,49208,5.0,5,,,,,,
,,,,,49215,7.0,7,,,,,,
,,,,,49220,5.0,5,,,,,,
,,,,,49231,11.0,11,,,,,,
,,,,,49241,10.0,10,,,,,,
,,,,,49248,7.0,7,,,,,,
,,,,,49252,4.0,4,,,,,,
,,,,,49261,9.0,9,,,,,,
,,,,,49268,7.0,7,,,,,,
,,,,,49274,6.0,6,,,,,,
,,,,,49280,6.0,6,,,,,,
,,,,,49284,4.0,4,,,,,,
,,,,,49289,5.0,5,,,,,,
,,,,,49294,5.0,5,,,,,,
,,,,,49303,9.0,9,,,,,,
,,,,,49307,4.0,4,,,,,,
,,,,,49321,14.0,14,,,,,,
,,,,,49326,5.0,5,,,,,,
,,,,,49338,12.0,12,,,,,,
,,,,,49342,4.0,4,,,,,,
,,,,,49373,31.0,31,,,,,,
,,,,,49376,3.0,3,,,,,,
,,,,,49380,4.0,4,,,,,,
,,,,,49383,3.0,3,,,,,,
,,,,,49388,5.0,5,,,,,,
,,,,,49392,4.0,4,,,,,,
,,,,,49399,7.0,7,,,,,,
,,,,,49403,4.0,4,,,,,,
,,,,,49407,4.0,4,,,,,,
,,,,,49419,12.0,12,,,,,,
,,,,,49425,6.0,6,,,,,,
,,,,,49436,11.0,11,,,,,,
,,,,,49447,11.0,11,,,,,,
,,,,,49463,16.0,16,,,,,,
,,,,,49467,4.0,4,,,,,,
,,,,,49470,3.0,3,,,,,,
,,,,,49473,3.0,3,,,,,,
,,,,,49477,4.0,4,,,,,,
,,,,,49484,7.0,7,,,,,,
,,,,,49493,9.0,9,,,,,,
,,,,,49498,5.0,5,,,,,,
,,,,,49509,11.0,11,,,,,,
,,,,,49516,7.0,7,,,,,,
,,,,,49520,4.0,4,,,,,,
,,,,,49526,6.0,6,,,,,,
,,,,,49535,9.0,9,,,,,,
,,,,,49541,6.0,6,,,,,,
,,,,,49555,14.0,14,,,,,,
,,,,,49558,3.0,3,,,,,,
,,,,,49564,6.0,6,,,,,,
,,,,,49567,3.0,3,,,,,,
,,,,,49582,15.0,15,,,,,,
,,,,,49587,5.0,5,,,,,,
,,,,,49591,4.0,4,,,,,,
,,,,,49595,4.0,4,,,,,,
,,,,,49600,5.0,5,,,,,,
,,,,,49611,11.0,11,,,,,,
,,,,,49614,3.0,3,,,,,,
,,,,,49622,8.0,8,,,,,,
,,,,,49628,6.0,6,,,,,,
,,,,,49640,12.0,12,,,,,,
,,,,,49645,5.0,5,,,,,,
,,,,,49650,5.0,5,,,,,,
,,,,,49658,8.0,8,,,,,,
,,,,,49661,3.0,3,,,,,,
,,,,,49669,8.0,8,,,,,,
,,,,,49677,8.0,8,,,,,,
,,,,,49681,4.0,4,,,,,,
,,,,,49688,7.0,7,,,,,,
,,,,,49697,9.0,9,,,,,,
,,,,,49705,8.0,8,,,,,,
,,,,,49710,5.0,5,,,,,,
,,,,,49721,11.0,11,,,,,,
,,,,,49729,8.0,8,,,,,,
,,,,,49732,3.0,3,,,,,,
,,,,,49740,8.0,8,,,,,,
,,,,,49744,4.0,4,,,,,,
,,,,,49749,5.0,5,,,,,,
,,,,,49756,7.0,7,,,,,,
,,,,,49760,4.0,4,,,,,,
,,,,,49768,8.0,8,,,,,,
,,,,,49775,7.0,7,,,,,,
,,,,,49783,8.0,8,,,,,,
,,,,,49786,3.0,3,,,,,,
,,,,,49792,6.0,6,,,,,,
,,,,,49797,5.0,5,,,,,,
,,,,,49802,5.0,5,,,,,,
,,,,,49806,4.0,4,,,,,,
,,,,,49813,7.0,7,,,,,,
,,,,,49827,14.0,14,,,,,,
,,,,,49831,4.0,4,,,,,,
,,,,,49839,8.0,8,,,,,,
,,,,,49843,4.0,4,,,,,,
,,,,,49863,20.0,20,,,,,,
,,,,,49866,3.0,3,,,,,,
,,,,,49871,5.0,5,,,,,,
,,,,,49876,5.0,5,,,,,,
,,,,,49880,4.0,4,,,,,,
,,,,,49883,3.0,3,,,,,,
,,,,,49892,9.0,9,,,,,,
,,,,,49896,4.0,4,,,,,,
,,,,,49908,12.0,12,,,,,,
,,,,,49915,7.0,7,,,,,,
,,,,,49919,4.0,4,,,,,,
,,,,,49932,13.0,13,,,,,,
,,,,,49948,16.0,16,,,,,,
,,,,,49951,3.0,3,,,,,,
,,,,,49956,5.0,5,,,,,,
,,,,,49962,6.0,6,,,,,,
,,,,,49970,8.0,8,,,,,,
,,,,,49973,3.0,3,,,,,,
,,,,,49978,5.0,5,,,,,,
,,,,,49983,5.0,5,,,,,,
,,,,,49987,4.0,4,,,,,,
,,,,,49992,5.0,5,,,,,,
,,,,,49996,4.0,4,,,,,,
