Eval_AverageReturn,Eval_StdReturn,Eval_MaxReturn,Eval_MinReturn,Eval_AverageEpLen,step,Train_EpisodeReturn,Train_EpisodeLen,critic_loss,q_values,target_values,grad_norm,epsilon,lr
-902.3405,347.1845,-424.2174,-1724.4404,108.2,0,,,,,,,,
,,,,,89,-128.87952,90,,,,,,
,,,,,154,-80.64314,65,,,,,,
,,,,,228,-104.749245,74,,,,,,
,,,,,301,-113.096634,73,,,,,,
,,,,,393,-115.4641,92,,,,,,
,,,,,469,-268.06268,76,,,,,,
,,,,,558,-115.50337,89,,,,,,
,,,,,623,-151.17789,65,,,,,,
,,,,,709,-132.84357,86,,,,,,
,,,,,767,-88.53901,58,,,,,,
,,,,,830,-64.41484,63,,,,,,
,,,,,891,-71.64627,61,,,,,,
,,,,,951,-128.83006,60,,,,,,
,,,,,1021,-184.11783,70,,,,,,
,,,,,1102,-109.6345,81,,,,,,
,,,,,1178,-133.69376,76,,,,,,
,,,,,1235,-75.957245,57,,,,,,
,,,,,1296,-106.16013,61,,,,,,
,,,,,1379,-203.79517,83,,,,,,
,,,,,1442,-79.61128,63,,,,,,
,,,,,1506,-100.76995,64,,,,,,
,,,,,1599,-146.40575,93,,,,,,
,,,,,1688,-314.16702,89,,,,,,
,,,,,1754,-80.27746,66,,,,,,
,,,,,1841,-283.21075,87,,,,,,
,,,,,1929,-284.16953,88,,,,,,
,,,,,2001,-44.06762,72,,,,,,
,,,,,2063,-160.74872,62,,,,,,
,,,,,2138,-106.59559,75,,,,,,
,,,,,2192,-152.63118,54,,,,,,
,,,,,2251,-65.93683,59,,,,,,
,,,,,2333,-95.634155,82,,,,,,
,,,,,2401,-307.2291,68,,,,,,
,,,,,2468,-124.23347,67,,,,,,
,,,,,2556,-125.66457,88,,,,,,
,,,,,2645,-82.11232,89,,,,,,
,,,,,2725,-132.84604,80,,,,,,
,,,,,2782,-236.59029,57,,,,,,
,,,,,2850,-131.43999,68,,,,,,
,,,,,2936,-139.6397,86,,,,,,
,,,,,2992,-99.76552,56,,,,,,
,,,,,3056,-118.139275,64,,,,,,
,,,,,3147,-179.06433,91,,,,,,
,,,,,3245,-169.76242,98,,,,,,
,,,,,3323,-91.56706,78,,,,,,
,,,,,3386,-64.97098,63,,,,,,
,,,,,3481,-104.86699,95,,,,,,
,,,,,3583,-346.96024,102,,,,,,
,,,,,3664,-176.75037,81,,,,,,
,,,,,3751,-142.64223,87,,,,,,
,,,,,3821,-147.21141,70,,,,,,
,,,,,3879,-57.28928,58,,,,,,
,,,,,3941,-207.46844,62,,,,,,
,,,,,4014,-386.43365,73,,,,,,
,,,,,4103,-243.91936,89,,,,,,
,,,,,4165,-118.75531,62,,,,,,
,,,,,4224,-190.9201,59,,,,,,
,,,,,4280,-248.83046,56,,,,,,
,,,,,4368,-109.96527,88,,,,,,
,,,,,4449,-302.09436,81,,,,,,
,,,,,4536,-218.57526,87,,,,,,
,,,,,4614,-111.73603,78,,,,,,
,,,,,4689,-132.91287,75,,,,,,
,,,,,4752,-79.55026,63,,,,,,
,,,,,4812,-108.7146,60,,,,,,
,,,,,4881,-104.01168,69,,,,,,
,,,,,4968,-221.55023,87,,,,,,
,,,,,5029,-115.506714,61,,,,,,
,,,,,5095,-109.911156,66,,,,,,
,,,,,5196,-142.5404,101,,,,,,
,,,,,5262,-173.46704,66,,,,,,
,,,,,5359,-92.66797,97,,,,,,
,,,,,5430,-156.75589,71,,,,,,
,,,,,5511,-134.8425,81,,,,,,
,,,,,5581,-244.5351,70,,,,,,
,,,,,5649,-101.77194,68,,,,,,
,,,,,5735,-127.14702,86,,,,,,
,,,,,5818,-100.50234,83,,,,,,
,,,,,5889,-111.52255,71,,,,,,
,,,,,5984,-181.55011,95,,,,,,
,,,,,6059,-125.24317,75,,,,,,
,,,,,6150,14.262283,91,,,,,,
,,,,,6215,-122.22507,65,,,,,,
,,,,,6304,-109.300354,89,,,,,,
,,,,,6395,-112.26312,91,,,,,,
,,,,,6496,-118.12104,101,,,,,,
,,,,,6592,-109.92368,96,,,,,,
,,,,,6675,-116.66436,83,,,,,,
,,,,,6754,-136.8905,79,,,,,,
,,,,,6830,-136.74146,76,,,,,,
,,,,,6891,-216.85217,61,,,,,,
,,,,,6959,1.7232361,68,,,,,,
,,,,,7020,-147.44,61,,,,,,
,,,,,7080,-91.156555,60,,,,,,
,,,,,7135,-169.48341,55,,,,,,
,,,,,7202,-101.41029,67,,,,,,
,,,,,7283,-105.22257,81,,,,,,
,,,,,7341,-105.36479,58,,,,,,
,,,,,7431,-120.16609,90,,,,,,
,,,,,7528,-98.691414,97,,,,,,
,,,,,7607,-106.75516,79,,,,,,
,,,,,7668,-100.0824,61,,,,,,
,,,,,7729,-142.80638,61,,,,,,
,,,,,7787,-130.76431,58,,,,,,
,,,,,7856,-126.7404,69,,,,,,
,,,,,7918,-71.32086,62,,,,,,
,,,,,7978,17.93042,60,,,,,,
,,,,,8044,-58.358326,66,,,,,,
,,,,,8162,-421.962,118,,,,,,
,,,,,8232,-139.28534,70,,,,,,
,,,,,8324,-231.75113,92,,,,,,
,,,,,8398,-147.76715,74,,,,,,
,,,,,8460,-97.09448,62,,,,,,
,,,,,8523,-127.81256,63,,,,,,
,,,,,8596,-124.44267,73,,,,,,
,,,,,8667,-124.60518,71,,,,,,
,,,,,8731,-63.51853,64,,,,,,
,,,,,8814,-117.990814,83,,,,,,
,,,,,8889,-97.3125,75,,,,,,
,,,,,8960,-110.92236,71,,,,,,
,,,,,9019,-123.36826,59,,,,,,
,,,,,9131,7.862602,112,,,,,,
,,,,,9215,-133.42612,84,,,,,,
,,,,,9281,-149.10098,66,,,,,,
,,,,,9340,-114.27449,59,,,,,,
,,,,,9426,-187.04164,86,,,,,,
,,,,,9515,-99.95256,89,,,,,,
,,,,,9596,-10.4594345,81,,,,,,
,,,,,9658,-130.37509,62,,,,,,
,,,,,9745,-162.73679,87,,,,,,
-805.2784,252.687,-421.80197,-1267.357,97.4,10000,,,,,,,,
,,,,,10745,41.205208,1000,,,,,,
,,,,,10804,-75.74898,59,,,,,,
,,,,,10883,-203.24736,79,,,,,,
,,,,,10944,-97.58782,61,,,,,,
,,,,,11029,-182.23895,85,,,,,,
,,,,,11089,-139.8183,60,,,,,,
,,,,,11182,-130.1215,93,,,,,,
,,,,,11257,-138.65541,75,,,,,,
,,,,,11350,-221.2518,93,,,,,,
,,,,,11429,-153.38617,79,,,,,,
,,,,,11482,-92.70992,53,,,,,,
,,,,,11576,-144.44324,94,,,,,,
,,,,,11697,-512.7174,121,,,,,,
,,,,,11773,-101.723755,76,,,,,,
,,,,,11832,-100.57882,59,,,,,,
,,,,,11913,-158.19308,81,,,,,,
,,,,,11977,-105.84532,64,,,,,,
,,,,,12066,-273.8382,89,,,,,,
,,,,,12144,-86.35924,78,,,,,,
,,,,,12238,-94.65294,94,,,,,,
,,,,,12316,-137.38043,78,,,,,,
,,,,,12369,-161.05328,53,,,,,,
,,,,,12444,-130.8224,75,,,,,,
,,,,,12523,-128.72565,79,,,,,,
,,,,,12621,-77.4131,98,,,,,,
,,,,,12678,-87.48707,57,,,,,,
,,,,,12745,-99.567535,67,,,,,,
,,,,,12805,-134.4277,60,,,,,,
,,,,,12871,-173.11975,66,,,,,,
,,,,,12942,-374.68524,71,,,,,,
,,,,,13019,51.92758,77,,,,,,
,,,,,13087,-93.62521,68,,,,,,
,,,,,13170,-197.84355,83,,,,,,
,,,,,13241,-102.72716,71,,,,,,
,,,,,13313,-84.243034,72,,,,,,
,,,,,13406,-114.89969,93,,,,,,
,,,,,13471,-54.357674,65,,,,,,
,,,,,13550,-211.05295,79,,,,,,
,,,,,13609,-161.15878,59,,,,,,
,,,,,13670,-96.92153,61,,,,,,
,,,,,13731,-94.82075,61,,,,,,
,,,,,13811,-16.812141,80,,,,,,
,,,,,13918,-114.54596,107,,,,,,
,,,,,14009,0.5937424,91,,,,,,
,,,,,14107,-104.11777,98,,,,,,
,,,,,14164,-133.46416,57,,,,,,
,,,,,14222,-115.080765,58,,,,,,
,,,,,14313,-463.91797,91,,,,,,
,,,,,14374,-78.15211,61,,,,,,
,,,,,14481,-165.88002,107,,,,,,
,,,,,14543,-184.62587,62,,,,,,
,,,,,14617,-122.90232,74,,,,,,
,,,,,14692,-81.304405,75,,,,,,
,,,,,14749,-85.800255,57,,,,,,
,,,,,14876,-301.6383,127,,,,,,
,,,,,14941,-122.345795,65,,,,,,
,,,,,15013,-97.08728,72,,,,,,
,,,,,15113,-123.603424,100,,,,,,
,,,,,15186,-158.7789,73,,,,,,
,,,,,15272,-128.7805,86,,,,,,
,,,,,15361,-137.40376,89,,,,,,
,,,,,15433,-114.47534,72,,,,,,
,,,,,15514,-124.84222,81,,,,,,
,,,,,15574,-94.22761,60,,,,,,
,,,,,15663,-175.25143,89,,,,,,
,,,,,15722,-101.19392,59,,,,,,
,,,,,15816,-127.48237,94,,,,,,
,,,,,15890,-111.41531,74,,,,,,
,,,,,15973,-107.34077,83,,,,,,
,,,,,16036,-88.96178,63,,,,,,
,,,,,16112,-139.0036,76,,,,,,
,,,,,16166,-115.37299,54,,,,,,
,,,,,16255,-131.56166,89,,,,,,
,,,,,16327,-141.73882,72,,,,,,
,,,,,16401,-134.8944,74,,,,,,
,,,,,16470,-124.851456,69,,,,,,
,,,,,16563,-119.63602,93,,,,,,
,,,,,16646,-123.90109,83,,,,,,
,,,,,16708,-79.52708,62,,,,,,
,,,,,16789,-75.116196,81,,,,,,
,,,,,16855,-119.97472,66,,,,,,
,,,,,16946,-134.64523,91,,,,,,
,,,,,17017,-112.032974,71,,,,,,
,,,,,17095,-206.40414,78,,,,,,
,,,,,17186,-120.218445,91,,,,,,
,,,,,17288,-103.17625,102,,,,,,
,,,,,17364,-123.55174,76,,,,,,
,,,,,17434,-141.83542,70,,,,,,
,,,,,17541,-181.21957,107,,,,,,
,,,,,17645,-129.57019,104,,,,,,
,,,,,17744,-178.29266,99,,,,,,
,,,,,17820,-15.661499,76,,,,,,
,,,,,17899,-117.10045,79,,,,,,
,,,,,17971,-100.68702,72,,,,,,
,,,,,18049,-119.64211,78,,,,,,
,,,,,18109,-107.64119,60,,,,,,
,,,,,18194,-38.78327,85,,,,,,
,,,,,18284,-33.776085,90,,,,,,
,,,,,18364,-129.67375,80,,,,,,
,,,,,18424,-105.013794,60,,,,,,
,,,,,18506,-8.398415,82,,,,,,
,,,,,18570,-136.53696,64,,,,,,
,,,,,18682,-130.55324,112,,,,,,
,,,,,18769,-292.65665,87,,,,,,
,,,,,18836,-119.17409,67,,,,,,
,,,,,18908,-124.68796,72,,,,,,
,,,,,18991,-90.258934,83,,,,,,
,,,,,19077,-120.72992,86,,,,,,
,,,,,19187,-380.71448,110,,,,,,
,,,,,19285,-138.1961,98,,,,,,
,,,,,19352,-62.484062,67,,,,,,
,,,,,19481,-207.80148,129,,,,,,
,,,,,19582,-6.3586197,101,,,,,,
,,,,,19655,-93.449776,73,,,,,,
,,,,,19717,-224.66809,62,,,,,,
,,,,,19776,-114.84437,59,,,,,,
,,,,,19845,-98.34021,69,,,,,,
,,,,,19972,-197.1069,127,,,,,,
-807.35,445.0246,-427.87967,-2036.4186,120.3,20000,,,161.51353454589844,-0.07342767715454102,-2.0427377223968506,17.557941436767578,0.88,0.001
,,,,,20056,-153.39293,84,,,,,,
,,,,,20160,-234.80792,104,,,,,,
,,,,,20232,-136.13283,72,,,,,,
,,,,,20289,-105.00631,57,,,,,,
,,,,,20352,-91.036064,63,,,,,,
,,,,,20480,-190.65479,128,,,,,,
,,,,,20573,-313.56256,93,,,,,,
,,,,,20671,-165.22818,98,,,,,,
,,,,,20748,-267.2872,77,,,,,,
,,,,,20844,-352.4077,96,,,,,,
,,,,,20939,-434.65628,95,,,,,,
,,,,,20995,-81.78708,56,,,,,,
,,,,,21000,,,82.32596588134766,-2.004352331161499,-1.179390788078308,39.53434753417969,0.874,0.001
,,,,,21114,-146.54532,119,,,,,,
,,,,,21176,-88.37189,62,,,,,,
,,,,,21263,-342.43225,87,,,,,,
,,,,,21363,-389.15936,100,,,,,,
,,,,,21490,-591.2704,127,,,,,,
,,,,,21574,-356.85303,84,,,,,,
,,,,,21677,-553.8459,103,,,,,,
,,,,,21772,-341.13556,95,,,,,,
,,,,,21837,-17.708557,65,,,,,,
,,,,,21945,-572.4215,108,,,,,,
,,,,,22000,,,1.8053175210952759,-0.01983020454645157,0.22959394752979279,12.335079193115234,0.868,0.001
,,,,,22018,-189.0275,73,,,,,,
,,,,,22080,-142.90744,62,,,,,,
,,,,,22146,-104.215775,66,,,,,,
,,,,,22206,-199.25026,60,,,,,,
,,,,,22280,-304.89337,74,,,,,,
,,,,,22359,-207.27287,79,,,,,,
,,,,,22466,-458.93393,107,,,,,,
,,,,,22532,-284.2437,66,,,,,,
,,,,,22599,-92.57764,67,,,,,,
,,,,,22669,-278.55786,70,,,,,,
,,,,,22733,-229.257,64,,,,,,
,,,,,22802,-212.33315,69,,,,,,
,,,,,22899,-288.34552,97,,,,,,
,,,,,22995,-460.714,96,,,,,,
,,,,,23000,,,10.068990707397461,-1.4281222820281982,-1.518172264099121,22.058597564697266,0.862,0.001
,,,,,23081,-440.31146,86,,,,,,
,,,,,23158,-339.85516,77,,,,,,
,,,,,23216,-100.99101,58,,,,,,
,,,,,23333,-453.21515,117,,,,,,
,,,,,23396,-169.65433,63,,,,,,
,,,,,23462,-110.53176,66,,,,,,
,,,,,23585,-149.87567,123,,,,,,
,,,,,23694,-138.83537,109,,,,,,
,,,,,23788,-369.0493,94,,,,,,
,,,,,23886,-534.3098,98,,,,,,
,,,,,24000,,,19.291738510131836,-2.8257064819335938,-2.764904022216797,27.902252197265625,0.856,0.001
,,,,,24003,-477.50613,117,,,,,,
,,,,,24093,-492.3812,90,,,,,,
,,,,,24200,-561.48254,107,,,,,,
,,,,,24316,-385.92404,116,,,,,,
,,,,,24402,-480.7295,86,,,,,,
,,,,,24470,-108.72045,68,,,,,,
,,,,,24542,-173.91696,72,,,,,,
,,,,,24630,-441.46942,88,,,,,,
,,,,,24731,-510.90994,101,,,,,,
,,,,,24836,-472.22174,105,,,,,,
,,,,,24921,-322.69522,85,,,,,,
,,,,,24991,-122.2028,70,,,,,,
,,,,,25000,,,6.47830867767334,-2.1472368240356445,-1.5459542274475098,39.03075408935547,0.85,0.001
,,,,,25079,-177.24507,88,,,,,,
,,,,,25136,-87.27102,57,,,,,,
,,,,,25222,-257.2462,86,,,,,,
,,,,,25296,-357.61267,74,,,,,,
,,,,,25399,-642.1773,103,,,,,,
,,,,,25472,-235.33476,73,,,,,,
,,,,,25548,-477.14142,76,,,,,,
,,,,,25636,-397.37827,88,,,,,,
,,,,,25722,-334.34958,86,,,,,,
,,,,,25811,-302.65094,89,,,,,,
,,,,,25937,-139.157,126,,,,,,
,,,,,26000,,,7.419529914855957,0.6331177353858948,1.1010686159133911,61.248451232910156,0.844,0.001
,,,,,26047,-223.98634,110,,,,,,
,,,,,26127,-254.48546,80,,,,,,
,,,,,26258,-504.45346,131,,,,,,
,,,,,26383,-334.4181,125,,,,,,
,,,,,26484,-326.54675,101,,,,,,
,,,,,26586,-410.72052,102,,,,,,
,,,,,26647,-98.85177,61,,,,,,
,,,,,26731,-114.79469,84,,,,,,
,,,,,26812,-461.36676,81,,,,,,
,,,,,26903,-521.7135,91,,,,,,
,,,,,26970,-118.022865,67,,,,,,
,,,,,27000,,,3.4061524868011475,-1.7721986770629883,-1.8208508491516113,25.510034561157227,0.838,0.001
,,,,,27027,-161.29428,57,,,,,,
,,,,,27094,-147.49188,67,,,,,,
,,,,,27184,-420.4352,90,,,,,,
,,,,,27254,-232.99983,70,,,,,,
,,,,,27333,-433.9014,79,,,,,,
,,,,,27433,-352.22516,100,,,,,,
,,,,,27540,-430.51483,107,,,,,,
,,,,,27637,-405.99634,97,,,,,,
,,,,,27759,-430.94934,122,,,,,,
,,,,,27852,-310.52856,93,,,,,,
,,,,,27959,-334.7392,107,,,,,,
,,,,,28000,,,3.2424755096435547,-4.186417579650879,-4.038055896759033,32.528141021728516,0.832,0.001
,,,,,28073,-347.3765,114,,,,,,
,,,,,28173,-292.2988,100,,,,,,
,,,,,28278,-280.74033,105,,,,,,
,,,,,28343,-89.144966,65,,,,,,
,,,,,28442,-144.86713,99,,,,,,
,,,,,28527,-304.03143,85,,,,,,
,,,,,28620,-336.2208,93,,,,,,
,,,,,28723,-346.55914,103,,,,,,
,,,,,28796,-132.11543,73,,,,,,
,,,,,28864,-103.06606,68,,,,,,
,,,,,28947,-494.94095,83,,,,,,
,,,,,29000,,,1.28804612159729,-2.608079433441162,-2.7169570922851562,15.100166320800781,0.8260000000000001,0.001
,,,,,29069,-479.652,122,,,,,,
,,,,,29182,-504.29077,113,,,,,,
,,,,,29292,-431.11462,110,,,,,,
,,,,,29364,-287.52252,72,,,,,,
,,,,,29423,-182.35515,59,,,,,,
,,,,,29574,-364.55243,151,,,,,,
,,,,,29638,-167.36803,64,,,,,,
,,,,,29735,-355.4607,97,,,,,,
,,,,,29819,-94.562546,84,,,,,,
,,,,,29894,-214.8165,75,,,,,,
,,,,,29977,-274.5462,83,,,,,,
-340.61536,93.83165,-176.74619,-495.30685,328.1,30000,,,3.960206985473633,4.751528263092041,5.371431827545166,44.455711364746094,0.82,0.001
,,,,,30039,-107.72958,62,,,,,,
,,,,,30118,-103.57835,79,,,,,,
,,,,,30224,-326.18542,106,,,,,,
,,,,,30303,-69.9303,79,,,,,,
,,,,,30386,-298.9067,83,,,,,,
,,,,,30480,-184.49213,94,,,,,,
,,,,,30576,-531.50385,96,,,,,,
,,,,,30686,-494.99915,110,,,,,,
,,,,,30763,-115.87298,77,,,,,,
,,,,,30843,-425.93982,80,,,,,,
,,,,,30912,-123.05984,69,,,,,,
,,,,,30983,-134.01523,71,,,,,,
,,,,,31000,,,6.475720405578613,-5.725495338439941,-6.299130439758301,34.498260498046875,0.8140000000000001,0.001
,,,,,31081,-440.41202,98,,,,,,
,,,,,31141,-66.72026,60,,,,,,
,,,,,31202,-109.305565,61,,,,,,
,,,,,31287,-349.95197,85,,,,,,
,,,,,31378,-436.13605,91,,,,,,
,,,,,31476,-360.9727,98,,,,,,
,,,,,31544,-123.68828,68,,,,,,
,,,,,31634,-400.4821,90,,,,,,
,,,,,31713,-207.39603,79,,,,,,
,,,,,31825,-368.71484,112,,,,,,
,,,,,31928,-497.32935,103,,,,,,
,,,,,32000,,,5.351104736328125,-7.751204490661621,-7.836687088012695,24.0660457611084,0.808,0.001
,,,,,32071,4.5581436,143,,,,,,
,,,,,32165,-474.5298,94,,,,,,
,,,,,32256,-216.15921,91,,,,,,
,,,,,32340,-253.6095,84,,,,,,
,,,,,32441,-408.88025,101,,,,,,
,,,,,32523,-162.96693,82,,,,,,
,,,,,32649,-494.45416,126,,,,,,
,,,,,32717,-205.88486,68,,,,,,
,,,,,32789,-135.6882,72,,,,,,
,,,,,32868,-189.72714,79,,,,,,
,,,,,32962,-386.07657,94,,,,,,
,,,,,33000,,,4.123197078704834,-4.9090728759765625,-4.561326503753662,36.09349060058594,0.802,0.001
,,,,,33091,-324.97696,129,,,,,,
,,,,,33152,-96.894646,61,,,,,,
,,,,,33257,-539.1778,105,,,,,,
,,,,,33342,-107.335945,85,,,,,,
,,,,,33464,-131.32896,122,,,,,,
,,,,,33583,-272.97147,119,,,,,,
,,,,,33690,-421.72647,107,,,,,,
,,,,,33784,-363.09683,94,,,,,,
,,,,,33862,-96.749626,78,,,,,,
,,,,,33944,-73.317505,82,,,,,,
,,,,,34000,,,5.170486927032471,-2.3346333503723145,-2.7903366088867188,36.925254821777344,0.796,0.001
,,,,,34059,-146.16705,115,,,,,,
,,,,,34191,-332.96634,132,,,,,,
,,,,,34287,-341.50363,96,,,,,,
,,,,,34385,-347.23584,98,,,,,,
,,,,,34470,-42.397972,85,,,,,,
,,,,,34605,-381.79022,135,,,,,,
,,,,,34709,-83.164825,104,,,,,,
,,,,,34831,-22.14618,122,,,,,,
,,,,,34902,-178.33353,71,,,,,,
,,,,,34998,-183.40392,96,,,,,,
,,,,,35000,,,16.43310546875,-10.87980842590332,-10.735782623291016,63.26898956298828,0.79,0.001
,,,,,35089,-219.30814,91,,,,,,
,,,,,35188,-92.9401,99,,,,,,
,,,,,35295,-323.31647,107,,,,,,
,,,,,35379,-171.28735,84,,,,,,
,,,,,35442,-136.8515,63,,,,,,
,,,,,35581,-249.63315,139,,,,,,
,,,,,35707,-369.3209,126,,,,,,
,,,,,35791,-107.24925,84,,,,,,
,,,,,35864,-72.90898,73,,,,,,
,,,,,36000,,,1.5833287239074707,-1.4626789093017578,-1.2610399723052979,19.763639450073242,0.784,0.001
,,,,,36004,-402.03067,140,,,,,,
,,,,,36089,-253.03331,85,,,,,,
,,,,,36212,-384.10986,123,,,,,,
,,,,,36291,-83.9909,79,,,,,,
,,,,,36388,-358.2671,97,,,,,,
,,,,,36499,-306.49127,111,,,,,,
,,,,,36563,-124.34955,64,,,,,,
,,,,,36624,-201.76787,61,,,,,,
,,,,,36688,-126.649055,64,,,,,,
,,,,,36755,-178.84232,67,,,,,,
,,,,,36822,-108.69608,67,,,,,,
,,,,,36908,-299.79938,86,,,,,,
,,,,,36992,-105.92758,84,,,,,,
,,,,,37000,,,82.92729949951172,-4.017030239105225,-6.497294902801514,252.01034545898438,0.778,0.001
,,,,,37093,-226.95619,101,,,,,,
,,,,,37207,-7.6322937,114,,,,,,
,,,,,37321,-435.43475,114,,,,,,
,,,,,37402,-412.02554,81,,,,,,
,,,,,37512,-191.27744,110,,,,,,
,,,,,37593,-171.40855,81,,,,,,
,,,,,37704,-125.29918,111,,,,,,
,,,,,37768,-141.06659,64,,,,,,
,,,,,37912,-333.7368,144,,,,,,
,,,,,38000,,,110.54291534423828,-7.168650150299072,-9.0399808883667,311.648193359375,0.772,0.001
,,,,,38001,-117.277565,89,,,,,,
,,,,,38099,-132.04059,98,,,,,,
,,,,,38171,-182.69052,72,,,,,,
,,,,,38280,-223.46646,109,,,,,,
,,,,,38374,-328.64163,94,,,,,,
,,,,,38481,-313.5074,107,,,,,,
,,,,,38565,-388.305,84,,,,,,
,,,,,38630,-103.02148,65,,,,,,
,,,,,38720,-77.43088,90,,,,,,
,,,,,38791,-333.57605,71,,,,,,
,,,,,38855,-152.95744,64,,,,,,
,,,,,38924,-79.78758,69,,,,,,
,,,,,39000,,,49.42594528198242,-12.79228687286377,-14.099802017211914,120.31819915771484,0.766,0.001
,,,,,39056,-450.4206,132,,,,,,
,,,,,39135,-221.90591,79,,,,,,
,,,,,39193,-56.150528,58,,,,,,
,,,,,39316,-333.86224,123,,,,,,
,,,,,39400,-381.93137,84,,,,,,
,,,,,39518,-157.7478,118,,,,,,
,,,,,39621,-266.943,103,,,,,,
,,,,,39710,-363.07184,89,,,,,,
,,,,,39802,-261.36987,92,,,,,,
,,,,,39878,-84.56773,76,,,,,,
7.360617,164.22595,233.16217,-227.51758,278.0,40000,,,54.92487716674805,-10.514290809631348,-9.17982292175293,116.12126922607422,0.76,0.001
,,,,,40008,-76.13878,130,,,,,,
,,,,,40122,-205.46356,114,,,,,,
,,,,,40206,-418.73666,84,,,,,,
,,,,,40265,-64.474945,59,,,,,,
,,,,,40352,-129.78851,87,,,,,,
,,,,,40455,-386.70773,103,,,,,,
,,,,,40519,-71.35799,64,,,,,,
,,,,,40587,-131.042,68,,,,,,
,,,,,40658,-191.99496,71,,,,,,
,,,,,40737,-182.43118,79,,,,,,
,,,,,40828,-322.03937,91,,,,,,
,,,,,40921,-113.10283,93,,,,,,
,,,,,41000,,,2.0827126502990723,0.9199512004852295,0.9321115016937256,22.01773452758789,0.754,0.001
,,,,,41021,-316.87518,100,,,,,,
,,,,,41145,-159.26746,124,,,,,,
,,,,,41248,-156.01755,103,,,,,,
,,,,,41304,-127.66433,56,,,,,,
,,,,,41411,-203.44946,107,,,,,,
,,,,,41524,-355.57605,113,,,,,,
,,,,,41612,-105.84807,88,,,,,,
,,,,,41684,-128.24738,72,,,,,,
,,,,,41759,-77.63278,75,,,,,,
,,,,,41874,-182.65485,115,,,,,,
,,,,,41982,-355.985,108,,,,,,
,,,,,42000,,,3.4366657733917236,-1.2770386934280396,-1.4998109340667725,27.882770538330078,0.748,0.001
,,,,,42059,-125.381714,77,,,,,,
,,,,,42139,-192.28506,80,,,,,,
,,,,,42278,-267.73108,139,,,,,,
,,,,,42390,-124.448296,112,,,,,,
,,,,,42495,-331.32645,105,,,,,,
,,,,,42575,-224.18774,80,,,,,,
,,,,,42678,-262.47662,103,,,,,,
,,,,,42748,-133.08928,70,,,,,,
,,,,,42878,-155.75574,130,,,,,,
,,,,,42985,-97.07874,107,,,,,,
,,,,,43000,,,6.143377304077148,-10.121002197265625,-10.64306354522705,41.375057220458984,0.742,0.001
,,,,,43079,-243.09811,94,,,,,,
,,,,,43146,-64.68446,67,,,,,,
,,,,,43244,-120.51652,98,,,,,,
,,,,,43330,-532.26276,86,,,,,,
,,,,,43448,-144.4191,118,,,,,,
,,,,,43539,-190.65955,91,,,,,,
,,,,,43606,-166.82422,67,,,,,,
,,,,,43727,-49.56873,121,,,,,,
,,,,,43791,-85.26738,64,,,,,,
,,,,,43860,-278.89612,69,,,,,,
,,,,,43965,-104.84055,105,,,,,,
,,,,,44000,,,35.401641845703125,-2.0557749271392822,-1.9756184816360474,83.38926696777344,0.736,0.001
,,,,,44022,-99.02044,57,,,,,,
,,,,,44128,-174.99469,106,,,,,,
,,,,,44207,-125.70516,79,,,,,,
,,,,,44282,-45.57133,75,,,,,,
,,,,,44390,-390.2878,108,,,,,,
,,,,,44493,-272.81174,103,,,,,,
,,,,,44587,-142.63715,94,,,,,,
,,,,,44684,-374.71045,97,,,,,,
,,,,,44748,-161.44414,64,,,,,,
,,,,,44856,-245.01204,108,,,,,,
,,,,,44924,-130.81215,68,,,,,,
,,,,,44991,-111.2932,67,,,,,,
,,,,,45000,,,234.16592407226562,-14.333505630493164,-12.582154273986816,285.7850341796875,0.73,0.001
,,,,,45095,-300.03772,104,,,,,,
,,,,,45179,-101.78918,84,,,,,,
,,,,,45258,-127.85816,79,,,,,,
,,,,,45375,-161.6083,117,,,,,,
,,,,,45494,-120.07892,119,,,,,,
,,,,,45576,-74.28899,82,,,,,,
,,,,,45660,-63.39839,84,,,,,,
,,,,,45739,-52.33971,79,,,,,,
,,,,,45845,-71.27231,106,,,,,,
,,,,,45939,-88.29195,94,,,,,,
,,,,,46000,,,6.495610237121582,-2.984900951385498,-3.6093432903289795,73.16609191894531,0.724,0.001
,,,,,46039,-316.2558,100,,,,,,
,,,,,46136,-131.45248,97,,,,,,
,,,,,46220,-212.06651,84,,,,,,
,,,,,46342,-239.69807,122,,,,,,
,,,,,46475,-93.14544,133,,,,,,
,,,,,46538,-130.28914,63,,,,,,
,,,,,46593,-118.8181,55,,,,,,
,,,,,46686,-68.75586,93,,,,,,
,,,,,46790,-445.73657,104,,,,,,
,,,,,46893,-238.26683,103,,,,,,
,,,,,47000,,,98.25192260742188,-2.1678240299224854,-0.9500744938850403,178.52781677246094,0.718,0.001
,,,,,47012,-116.78404,119,,,,,,
,,,,,47098,-99.86148,86,,,,,,
,,,,,47178,-125.74303,80,,,,,,
,,,,,47246,-125.90399,68,,,,,,
,,,,,47318,-228.90225,72,,,,,,
,,,,,47423,-73.248215,105,,,,,,
,,,,,47496,-108.25706,73,,,,,,
,,,,,47597,-98.89501,101,,,,,,
,,,,,47683,-133.55824,86,,,,,,
,,,,,47787,-169.4328,104,,,,,,
,,,,,47893,-115.702324,106,,,,,,
,,,,,47995,-301.21704,102,,,,,,
,,,,,48000,,,42.09581756591797,0.25445353984832764,1.1957423686981201,65.1651840209961,0.712,0.001
,,,,,48067,-90.88748,72,,,,,,
,,,,,48187,-143.25076,120,,,,,,
,,,,,48301,-97.39683,114,,,,,,
,,,,,48379,-116.25075,78,,,,,,
,,,,,48441,-83.617714,62,,,,,,
,,,,,48574,-397.4501,133,,,,,,
,,,,,48680,-412.02298,106,,,,,,
,,,,,48778,-191.86244,98,,,,,,
,,,,,48846,-74.75441,68,,,,,,
,,,,,48912,-166.59682,66,,,,,,
,,,,,49000,,,80.5866470336914,-0.8238072395324707,0.8889834880828857,174.50491333007812,0.706,0.001
,,,,,49016,-258.2553,104,,,,,,
,,,,,49093,-211.66957,77,,,,,,
,,,,,49158,-109.09099,65,,,,,,
,,,,,49249,-126.693214,91,,,,,,
,,,,,49314,-89.63274,65,,,,,,
,,,,,49387,-94.35493,73,,,,,,
,,,,,49450,-58.349056,63,,,,,,
,,,,,49573,-314.46893,123,,,,,,
,,,,,49649,-319.26685,76,,,,,,
,,,,,49764,-71.34547,115,,,,,,
,,,,,49864,-330.4116,100,,,,,,
,,,,,49951,-151.36987,87,,,,,,
-80.36482,121.409454,229.82686,-188.20312,152.1,50000,,,287.3343200683594,-2.5015034675598145,-0.15200233459472656,364.4060974121094,0.7,0.001
,,,,,50045,-96.79897,94,,,,,,
,,,,,50139,-212.42206,94,,,,,,
,,,,,50242,-123.93091,103,,,,,,
,,,,,50334,-134.30942,92,,,,,,
,,,,,50431,-101.465454,97,,,,,,
,,,,,50527,-94.28182,96,,,,,,
,,,,,50624,-473.54816,97,,,,,,
,,,,,50710,-88.6395,86,,,,,,
,,,,,50815,-103.90291,105,,,,,,
,,,,,50937,-66.06612,122,,,,,,
,,,,,51000,,,7.961595058441162,1.069596290588379,1.652646780014038,73.79676055908203,0.694,0.001
,,,,,51005,-60.2606,68,,,,,,
,,,,,51102,-199.00606,97,,,,,,
,,,,,51172,-139.97989,70,,,,,,
,,,,,51240,-87.9355,68,,,,,,
,,,,,51316,-60.85989,76,,,,,,
,,,,,51432,-128.54262,116,,,,,,
,,,,,51538,-113.83774,106,,,,,,
,,,,,51617,-155.08667,79,,,,,,
,,,,,51679,-60.641335,62,,,,,,
,,,,,51780,-189.58951,101,,,,,,
,,,,,51895,-109.873276,115,,,,,,
,,,,,51991,-107.98153,96,,,,,,
,,,,,52000,,,30.941280364990234,-17.835140228271484,-17.140853881835938,107.84725189208984,0.688,0.001
,,,,,52054,-75.39258,63,,,,,,
,,,,,52126,-79.77643,72,,,,,,
,,,,,52216,-141.67091,90,,,,,,
,,,,,52311,-75.87523,95,,,,,,
,,,,,52399,-53.977,88,,,,,,
,,,,,52502,-44.459385,103,,,,,,
,,,,,52597,-95.15639,95,,,,,,
,,,,,52664,-67.48993,67,,,,,,
,,,,,52786,-67.62842,122,,,,,,
,,,,,52890,-108.67633,104,,,,,,
,,,,,53000,,,19.3322696685791,-2.7772793769836426,-3.5228629112243652,112.41207885742188,0.6819999999999999,0.001
,,,,,53015,-24.642471,125,,,,,,
,,,,,53111,-82.54098,96,,,,,,
,,,,,53178,-74.18655,67,,,,,,
,,,,,53251,-135.06934,73,,,,,,
,,,,,53318,-65.428604,67,,,,,,
,,,,,53417,-111.99294,99,,,,,,
,,,,,53483,-21.582062,66,,,,,,
,,,,,53597,-225.30643,114,,,,,,
,,,,,53698,-96.348976,101,,,,,,
,,,,,53816,-119.98555,118,,,,,,
,,,,,53916,-148.95764,100,,,,,,
,,,,,54000,,,7.421163558959961,5.050836563110352,5.067100524902344,57.119022369384766,0.6759999999999999,0.001
,,,,,54003,-140.40825,87,,,,,,
,,,,,54070,-81.267395,67,,,,,,
,,,,,54164,-116.0493,94,,,,,,
,,,,,54260,-104.23429,96,,,,,,
,,,,,54335,-104.49864,75,,,,,,
,,,,,54444,-117.65639,109,,,,,,
,,,,,54582,-124.37155,138,,,,,,
,,,,,54653,-83.115875,71,,,,,,
,,,,,54764,-84.98889,111,,,,,,
,,,,,54837,-78.20987,73,,,,,,
,,,,,54900,-160.718,63,,,,,,
,,,,,54975,-125.19085,75,,,,,,
,,,,,55000,,,36.047149658203125,2.8074522018432617,3.9777073860168457,110.17549896240234,0.67,0.001
,,,,,55063,-77.63603,88,,,,,,
,,,,,55140,-169.38977,77,,,,,,
,,,,,55240,-240.72923,100,,,,,,
,,,,,55321,-103.74493,81,,,,,,
,,,,,55409,-118.756836,88,,,,,,
,,,,,55493,-55.75831,84,,,,,,
,,,,,55563,-96.83326,70,,,,,,
,,,,,55640,-244.23015,77,,,,,,
,,,,,55736,-110.94088,96,,,,,,
,,,,,55841,-105.4048,105,,,,,,
,,,,,55915,-75.84632,74,,,,,,
,,,,,56000,,,5.755551338195801,1.4553723335266113,1.7349735498428345,75.76145935058594,0.6639999999999999,0.001
,,,,,56041,-205.42506,126,,,,,,
,,,,,56103,-161.4857,62,,,,,,
,,,,,56185,-152.55598,82,,,,,,
,,,,,56259,-23.235275,74,,,,,,
,,,,,56344,-85.70841,85,,,,,,
,,,,,56458,-68.0812,114,,,,,,
,,,,,57000,,,24.243722915649414,0.6752849817276001,0.5801911950111389,112.91082763671875,0.6579999999999999,0.001
,,,,,57458,51.53255,1000,,,,,,
,,,,,57519,-113.2401,61,,,,,,
,,,,,57587,-35.27104,68,,,,,,
,,,,,57696,-229.52618,109,,,,,,
,,,,,57767,-126.5119,71,,,,,,
,,,,,57852,-195.4984,85,,,,,,
,,,,,57942,-71.96079,90,,,,,,
,,,,,58000,,,41.01222610473633,0.15432167053222656,1.239006757736206,263.47821044921875,0.652,0.001
,,,,,58048,-116.7893,106,,,,,,
,,,,,58115,-59.33347,67,,,,,,
,,,,,58187,-89.8783,72,,,,,,
,,,,,58307,-107.51543,120,,,,,,
,,,,,58394,-131.97766,87,,,,,,
,,,,,58516,-154.06139,122,,,,,,
,,,,,58614,-186.61435,98,,,,,,
,,,,,58701,-207.6826,87,,,,,,
,,,,,58787,-68.35773,86,,,,,,
,,,,,58857,-100.33969,70,,,,,,
,,,,,58938,-83.63671,81,,,,,,
,,,,,59000,,,24.45163917541504,-4.096318244934082,-4.927437782287598,205.792724609375,0.646,0.001
,,,,,59015,-21.145264,77,,,,,,
,,,,,59101,-69.496826,86,,,,,,
,,,,,59167,-83.3533,66,,,,,,
,,,,,59261,-106.44133,94,,,,,,
,,,,,59376,-118.725174,115,,,,,,
,,,,,59486,-90.28582,110,,,,,,
,,,,,59573,-98.6941,87,,,,,,
,,,,,59683,-151.52863,110,,,,,,
,,,,,59806,-154.11322,123,,,,,,
,,,,,59926,-84.77692,120,,,,,,
,,,,,59993,-118.92629,67,,,,,,
-24.620678,56.13016,87.319084,-114.60598,288.9,60000,,,150.99569702148438,9.827337265014648,11.236860275268555,340.2166748046875,0.6399999999999999,0.001
,,,,,60068,-68.93311,75,,,,,,
,,,,,60145,-33.480827,77,,,,,,
,,,,,60232,-14.059761,87,,,,,,
,,,,,60307,-123.04218,75,,,,,,
,,,,,60375,-81.32834,68,,,,,,
,,,,,60481,-122.132835,106,,,,,,
,,,,,60580,-77.21454,99,,,,,,
,,,,,60653,-81.68434,73,,,,,,
,,,,,60771,-100.076584,118,,,,,,
,,,,,60877,-146.95715,106,,,,,,
,,,,,60994,-175.73003,117,,,,,,
,,,,,61000,,,243.93380737304688,11.621784210205078,13.671714782714844,437.0845031738281,0.634,0.001
,,,,,61059,-74.98266,65,,,,,,
,,,,,61167,-60.679096,108,,,,,,
,,,,,61232,-185.03775,65,,,,,,
,,,,,61323,-148.86937,91,,,,,,
,,,,,61411,-79.72433,88,,,,,,
,,,,,61504,-122.527885,93,,,,,,
,,,,,61622,-171.58998,118,,,,,,
,,,,,61711,-127.41263,89,,,,,,
,,,,,61824,-148.1028,113,,,,,,
,,,,,61942,-143.21248,118,,,,,,
,,,,,62000,,,7.261592864990234,2.67257022857666,2.7143709659576416,52.1570930480957,0.628,0.001
,,,,,62043,-51.324913,101,,,,,,
,,,,,62125,-99.65841,82,,,,,,
,,,,,62201,-143.2339,76,,,,,,
,,,,,62316,-114.02997,115,,,,,,
,,,,,62384,-60.89025,68,,,,,,
,,,,,62456,-85.61544,72,,,,,,
,,,,,62525,-76.136505,69,,,,,,
,,,,,62621,-66.879074,96,,,,,,
,,,,,62700,-77.12503,79,,,,,,
,,,,,62808,-123.11487,108,,,,,,
,,,,,62913,-142.59464,105,,,,,,
,,,,,63000,,,26.504121780395508,3.395941972732544,4.533015727996826,183.1036834716797,0.622,0.001
,,,,,63036,-96.37362,123,,,,,,
,,,,,63120,-55.001293,84,,,,,,
,,,,,63229,-123.55427,109,,,,,,
,,,,,63301,-79.54151,72,,,,,,
,,,,,63393,-75.28587,92,,,,,,
,,,,,63499,-104.562805,106,,,,,,
,,,,,63586,-112.05505,87,,,,,,
,,,,,63673,-79.280685,87,,,,,,
,,,,,63780,-44.79084,107,,,,,,
,,,,,63889,-98.00852,109,,,,,,
,,,,,63960,-66.385254,71,,,,,,
,,,,,64000,,,12.322759628295898,10.27641773223877,11.162111282348633,90.23743438720703,0.616,0.001
,,,,,64029,-74.663574,69,,,,,,
,,,,,64113,-49.29016,84,,,,,,
,,,,,64226,-82.318794,113,,,,,,
,,,,,64284,-52.876823,58,,,,,,
,,,,,64352,-65.88074,68,,,,,,
,,,,,64471,-92.12719,119,,,,,,
,,,,,64597,-31.67714,126,,,,,,
,,,,,64729,-62.603924,132,,,,,,
,,,,,64864,-69.35309,135,,,,,,
,,,,,64981,-215.6284,117,,,,,,
,,,,,65000,,,89.69380950927734,14.85433292388916,13.35851001739502,238.9124298095703,0.61,0.001
,,,,,65091,-116.165825,110,,,,,,
,,,,,65197,-128.12932,106,,,,,,
,,,,,65297,-109.68381,100,,,,,,
,,,,,65369,-69.104965,72,,,,,,
,,,,,65459,7.8994293,90,,,,,,
,,,,,65583,-92.299805,124,,,,,,
,,,,,65698,-90.882095,115,,,,,,
,,,,,65815,-106.98497,117,,,,,,
,,,,,65900,-25.549759,85,,,,,,
,,,,,65966,-43.49865,66,,,,,,
,,,,,66000,,,2.780719757080078,8.263225555419922,8.195667266845703,24.24962043762207,0.604,0.001
,,,,,66062,-101.023575,96,,,,,,
,,,,,66156,-109.520226,94,,,,,,
,,,,,66224,-110.034485,68,,,,,,
,,,,,66305,-97.85542,81,,,,,,
,,,,,66369,-61.177406,64,,,,,,
,,,,,66464,-84.98498,95,,,,,,
,,,,,66531,-58.707264,67,,,,,,
,,,,,66605,-66.51056,74,,,,,,
,,,,,66672,-76.84583,67,,,,,,
,,,,,66779,-209.7146,107,,,,,,
,,,,,66899,-159.56711,120,,,,,,
,,,,,66999,-62.656372,100,,,,,,
,,,,,67000,,,14.190732955932617,8.485929489135742,8.068857192993164,79.20053100585938,0.598,0.001
,,,,,67090,-104.75085,91,,,,,,
,,,,,67189,-84.44999,99,,,,,,
,,,,,67292,-58.86674,103,,,,,,
,,,,,67390,-126.840454,98,,,,,,
,,,,,67465,-68.9784,75,,,,,,
,,,,,67553,-48.186615,88,,,,,,
,,,,,67626,-75.63283,73,,,,,,
,,,,,67690,-91.34626,64,,,,,,
,,,,,67824,-35.637894,134,,,,,,
,,,,,67898,-65.70412,74,,,,,,
,,,,,67976,-83.05626,78,,,,,,
,,,,,68000,,,2.934814453125,18.64095687866211,18.250778198242188,56.28306198120117,0.5920000000000001,0.001
,,,,,68099,-28.186981,123,,,,,,
,,,,,68182,-86.511955,83,,,,,,
,,,,,68258,-64.01236,76,,,,,,
,,,,,68348,-82.289276,90,,,,,,
,,,,,68445,-117.213196,97,,,,,,
,,,,,68508,-53.23039,63,,,,,,
,,,,,68646,-113.93851,138,,,,,,
,,,,,68762,-140.45964,116,,,,,,
,,,,,68883,-55.896164,121,,,,,,
,,,,,68971,-60.519176,88,,,,,,
,,,,,69000,,,12.679527282714844,10.24516773223877,9.003528594970703,112.36396789550781,0.586,0.001
,,,,,69054,-95.532074,83,,,,,,
,,,,,69134,-97.23342,80,,,,,,
,,,,,69216,-141.69458,82,,,,,,
,,,,,69351,-120.39688,135,,,,,,
,,,,,69423,-78.10204,72,,,,,,
,,,,,69551,-163.22514,128,,,,,,
,,,,,69665,-68.30435,114,,,,,,
,,,,,69747,-105.74266,82,,,,,,
,,,,,69817,-119.13692,70,,,,,,
,,,,,69881,-52.932285,64,,,,,,
-84.76908,74.181465,-2.0603027,-190.46756,183.4,70000,,,5.380495071411133,9.811468124389648,10.017659187316895,56.103572845458984,0.58,0.001
,,,,,70004,-183.14148,123,,,,,,
,,,,,70103,-103.03803,99,,,,,,
,,,,,70203,-60.13599,100,,,,,,
,,,,,70299,-94.82718,96,,,,,,
,,,,,70382,-50.799774,83,,,,,,
,,,,,70494,-108.66306,112,,,,,,
,,,,,70557,-41.291573,63,,,,,,
,,,,,70646,-133.28783,89,,,,,,
,,,,,70717,-66.5922,71,,,,,,
,,,,,70794,-97.22706,77,,,,,,
,,,,,70886,-105.459145,92,,,,,,
,,,,,70967,-106.554115,81,,,,,,
,,,,,71000,,,9.234819412231445,7.100569725036621,7.277318000793457,75.86932373046875,0.5740000000000001,0.001
,,,,,71076,-89.965454,109,,,,,,
,,,,,71197,-27.980324,121,,,,,,
,,,,,71287,-53.047607,90,,,,,,
,,,,,71351,-51.45998,64,,,,,,
,,,,,71485,-47.103207,134,,,,,,
,,,,,71598,-58.683823,113,,,,,,
,,,,,71671,-74.97825,73,,,,,,
,,,,,71757,-49.892265,86,,,,,,
,,,,,71848,-4.2485504,91,,,,,,
,,,,,71912,-144.89606,64,,,,,,
,,,,,72000,,,5.589081287384033,16.92641830444336,17.13103675842285,37.55309295654297,0.5680000000000001,0.001
,,,,,72009,-192.94907,97,,,,,,
,,,,,72129,-111.88581,120,,,,,,
,,,,,72238,-52.2557,109,,,,,,
,,,,,72348,-251.61534,110,,,,,,
,,,,,72452,-175.25244,104,,,,,,
,,,,,72540,-98.53004,88,,,,,,
,,,,,72652,-75.95412,112,,,,,,
,,,,,72761,-53.741127,109,,,,,,
,,,,,72826,-106.53019,65,,,,,,
,,,,,72920,-76.677574,94,,,,,,
,,,,,73000,,,4.459110260009766,16.9036865234375,17.17559051513672,31.41191864013672,0.5619999999999999,0.001
,,,,,73018,-135.31833,98,,,,,,
,,,,,73135,-76.06158,117,,,,,,
,,,,,73243,-108.13237,108,,,,,,
,,,,,73336,-91.96695,93,,,,,,
,,,,,73444,-96.49689,108,,,,,,
,,,,,73560,-36.90273,116,,,,,,
,,,,,73671,-91.46211,111,,,,,,
,,,,,73782,-104.02771,111,,,,,,
,,,,,73858,-61.65308,76,,,,,,
,,,,,73969,-50.49951,111,,,,,,
,,,,,74000,,,64.10655212402344,-0.2250232696533203,0.7331809997558594,280.81280517578125,0.556,0.001
,,,,,74055,-78.86166,86,,,,,,
,,,,,74142,-142.18634,87,,,,,,
,,,,,74265,-70.859985,123,,,,,,
,,,,,74371,-47.879627,106,,,,,,
,,,,,74450,-56.189,79,,,,,,
,,,,,74582,-23.251106,132,,,,,,
,,,,,74688,-88.442345,106,,,,,,
,,,,,74790,-95.346054,102,,,,,,
,,,,,74899,-146.0787,109,,,,,,
,,,,,74982,-88.239944,83,,,,,,
,,,,,75000,,,12.28900146484375,8.772571563720703,8.190052032470703,92.63217163085938,0.55,0.001
,,,,,75070,-53.555397,88,,,,,,
,,,,,75186,-64.77452,116,,,,,,
,,,,,75287,-74.92879,101,,,,,,
,,,,,75384,-109.84681,97,,,,,,
,,,,,75518,-92.10938,134,,,,,,
,,,,,75599,-71.69808,81,,,,,,
,,,,,75685,-88.63145,86,,,,,,
,,,,,75770,-74.8308,85,,,,,,
,,,,,75877,-44.794685,107,,,,,,
,,,,,75944,-103.24139,67,,,,,,
,,,,,76000,,,27.046600341796875,5.994627952575684,5.9323225021362305,69.15463256835938,0.5439999999999999,0.001
,,,,,76050,-67.20929,106,,,,,,
,,,,,76172,-76.33377,122,,,,,,
,,,,,76268,-89.40693,96,,,,,,
,,,,,76402,-56.014664,134,,,,,,
,,,,,76526,-98.490166,124,,,,,,
,,,,,76642,-86.98686,116,,,,,,
,,,,,76737,-30.409843,95,,,,,,
,,,,,76818,-45.51018,81,,,,,,
,,,,,76899,-82.533844,81,,,,,,
,,,,,77000,,,77.5059585571289,14.841343879699707,14.462499618530273,258.0025634765625,0.538,0.001
,,,,,77027,-33.242317,128,,,,,,
,,,,,77139,-67.763725,112,,,,,,
,,,,,77230,-67.230774,91,,,,,,
,,,,,77327,-100.14967,97,,,,,,
,,,,,77440,-76.62617,113,,,,,,
,,,,,77512,-81.04543,72,,,,,,
,,,,,77582,-123.50337,70,,,,,,
,,,,,77727,-50.718025,145,,,,,,
,,,,,77852,-48.312138,125,,,,,,
,,,,,77967,-276.39764,115,,,,,,
,,,,,78000,,,3.6005425453186035,27.321456909179688,27.32620620727539,37.931026458740234,0.532,0.001
,,,,,78084,-85.0139,117,,,,,,
,,,,,78165,-18.791222,81,,,,,,
,,,,,78269,-78.6047,104,,,,,,
,,,,,78361,-108.29614,92,,,,,,
,,,,,78460,-56.759155,99,,,,,,
,,,,,78556,-4.6618576,96,,,,,,
,,,,,78668,-59.228416,112,,,,,,
,,,,,78738,-59.322952,70,,,,,,
,,,,,78853,-59.54283,115,,,,,,
,,,,,78929,-83.75307,76,,,,,,
,,,,,78997,-79.00032,68,,,,,,
,,,,,79000,,,24.44116973876953,21.535207748413086,21.642471313476562,58.97780227661133,0.526,0.001
,,,,,79138,-75.41037,141,,,,,,
,,,,,79255,-88.783646,117,,,,,,
,,,,,79349,-73.96645,94,,,,,,
,,,,,79442,-90.14234,93,,,,,,
,,,,,79542,-71.593315,100,,,,,,
,,,,,79671,-134.74983,129,,,,,,
,,,,,79773,-117.16971,102,,,,,,
,,,,,79881,-111.8257,108,,,,,,
,,,,,79999,-80.90554,118,,,,,,
-84.78697,105.526146,182.3585,-233.9153,209.9,80000,,,3.5786056518554688,20.720565795898438,19.910184860229492,58.1973762512207,0.52,0.001
,,,,,80102,-93.21316,103,,,,,,
,,,,,80254,-87.66135,152,,,,,,
,,,,,80337,-56.719994,83,,,,,,
,,,,,80410,-97.959496,73,,,,,,
,,,,,80487,-80.32289,77,,,,,,
,,,,,80594,-129.94992,107,,,,,,
,,,,,80718,-73.55771,124,,,,,,
,,,,,80826,-58.077404,108,,,,,,
,,,,,80945,-22.676697,119,,,,,,
,,,,,81000,,,4.880935192108154,15.778284072875977,15.226428985595703,49.73775863647461,0.514,0.001
,,,,,81039,37.145004,94,,,,,,
,,,,,81161,-134.55139,122,,,,,,
,,,,,81254,-52.602192,93,,,,,,
,,,,,81342,-2.6279984,88,,,,,,
,,,,,81452,-46.316,110,,,,,,
,,,,,81547,-33.44126,95,,,,,,
,,,,,81673,-74.328384,126,,,,,,
,,,,,81754,-100.73294,81,,,,,,
,,,,,81854,-86.09909,100,,,,,,
,,,,,81972,-46.741802,118,,,,,,
,,,,,82000,,,6.555027008056641,23.090717315673828,21.87943458557129,113.30511474609375,0.508,0.001
,,,,,82072,-99.15153,100,,,,,,
,,,,,82161,-102.94135,89,,,,,,
,,,,,82251,-74.86542,90,,,,,,
,,,,,82345,-88.443565,94,,,,,,
,,,,,82462,-66.03297,117,,,,,,
,,,,,82596,-33.07009,134,,,,,,
,,,,,82691,-97.15296,95,,,,,,
,,,,,82828,-80.44236,137,,,,,,
,,,,,82895,-69.685814,67,,,,,,
,,,,,82992,-110.25252,97,,,,,,
,,,,,83000,,,17.143077850341797,25.943628311157227,24.755020141601562,109.93994903564453,0.502,0.001
,,,,,83090,-68.24364,98,,,,,,
,,,,,83191,-63.10977,101,,,,,,
,,,,,83270,-58.722977,79,,,,,,
,,,,,83383,-63.97443,113,,,,,,
,,,,,83493,-122.36586,110,,,,,,
,,,,,83567,-79.69035,74,,,,,,
,,,,,83683,-55.46589,116,,,,,,
,,,,,83750,-73.63153,67,,,,,,
,,,,,83846,-109.068214,96,,,,,,
,,,,,83947,-6.733589,101,,,,,,
,,,,,84000,,,7.223026275634766,10.524810791015625,10.29539680480957,58.94559860229492,0.4959999999999999,0.001
,,,,,84061,-49.1403,114,,,,,,
,,,,,84139,-23.638954,78,,,,,,
,,,,,84219,-28.43274,80,,,,,,
,,,,,84308,-37.822296,89,,,,,,
,,,,,84380,-52.91231,72,,,,,,
,,,,,84488,-34.417,108,,,,,,
,,,,,84607,-4.575058,119,,,,,,
,,,,,84735,-176.32751,128,,,,,,
,,,,,84838,-130.35811,103,,,,,,
,,,,,84973,-26.01458,135,,,,,,
,,,,,85000,,,874.4896240234375,12.556373596191406,16.417858123779297,658.0399169921875,0.49,0.001
,,,,,85067,-77.79244,94,,,,,,
,,,,,85144,-46.26269,77,,,,,,
,,,,,85252,-35.927147,108,,,,,,
,,,,,85338,-35.205322,86,,,,,,
,,,,,85464,-63.973633,126,,,,,,
,,,,,85588,-72.30013,124,,,,,,
,,,,,85685,-101.225,97,,,,,,
,,,,,85798,-28.449577,113,,,,,,
,,,,,85876,-37.311737,78,,,,,,
,,,,,86000,,,5.172487258911133,20.036113739013672,19.575580596923828,50.57085418701172,0.484,0.001
,,,,,86007,-66.65795,131,,,,,,
,,,,,86096,-56.303017,89,,,,,,
,,,,,86180,-69.39366,84,,,,,,
,,,,,86255,-27.619034,75,,,,,,
,,,,,86345,-88.62781,90,,,,,,
,,,,,86437,-44.734547,92,,,,,,
,,,,,86525,-97.109566,88,,,,,,
,,,,,86604,-40.015614,79,,,,,,
,,,,,86696,-96.110985,92,,,,,,
,,,,,86795,-59.96328,99,,,,,,
,,,,,86896,-106.20569,101,,,,,,
,,,,,87000,,,12.68282413482666,6.947369575500488,6.56024169921875,72.51750183105469,0.478,0.001
,,,,,87016,-102.881325,120,,,,,,
,,,,,87120,-81.3649,104,,,,,,
,,,,,87221,-71.72568,101,,,,,,
,,,,,87316,-54.907883,95,,,,,,
,,,,,87392,-71.49162,76,,,,,,
,,,,,87485,-57.93162,93,,,,,,
,,,,,87585,-80.78869,100,,,,,,
,,,,,87691,-48.435368,106,,,,,,
,,,,,87789,-46.87891,98,,,,,,
,,,,,87918,-226.94376,129,,,,,,
,,,,,88000,,,6.199269771575928,22.30573081970215,22.712398529052734,47.777618408203125,0.472,0.001
,,,,,88020,-92.828285,102,,,,,,
,,,,,88123,-77.29787,103,,,,,,
,,,,,88217,-56.88478,94,,,,,,
,,,,,88317,-63.981266,100,,,,,,
,,,,,88413,-67.53189,96,,,,,,
,,,,,88521,-55.961143,108,,,,,,
,,,,,88635,-19.117287,114,,,,,,
,,,,,88746,-61.88256,111,,,,,,
,,,,,88859,-87.88437,113,,,,,,
,,,,,88953,-62.604214,94,,,,,,
,,,,,89000,,,32.62845230102539,9.889045715332031,10.468427658081055,117.43134307861328,0.46599999999999997,0.001
,,,,,89110,-18.373917,157,,,,,,
,,,,,89201,-74.979065,91,,,,,,
,,,,,89273,-75.08066,72,,,,,,
,,,,,89407,-77.10426,134,,,,,,
,,,,,89505,-88.2939,98,,,,,,
,,,,,89573,-61.984592,68,,,,,,
,,,,,89662,-68.90015,89,,,,,,
,,,,,89746,8.384872,84,,,,,,
,,,,,89869,-4.7867737,123,,,,,,
,,,,,89976,-58.582096,107,,,,,,
-140.577,165.25162,191.04948,-375.63812,288.6,90000,,,4.071027755737305,18.374635696411133,18.96050262451172,54.69608688354492,0.45999999999999996,0.001
,,,,,90102,-102.885544,126,,,,,,
,,,,,90221,-43.57837,119,,,,,,
,,,,,90365,-11.606392,144,,,,,,
,,,,,90475,-47.24141,110,,,,,,
,,,,,90610,-28.889198,135,,,,,,
,,,,,90706,-28.74044,96,,,,,,
,,,,,90811,-66.73794,105,,,,,,
,,,,,90890,-54.073547,79,,,,,,
,,,,,90988,-53.898663,98,,,,,,
,,,,,91000,,,5.3009233474731445,22.139644622802734,22.406177520751953,42.14594268798828,0.45399999999999996,0.001
,,,,,91092,-86.42091,104,,,,,,
,,,,,91180,-53.395317,88,,,,,,
,,,,,91275,-41.062862,95,,,,,,
,,,,,91387,-44.050137,112,,,,,,
,,,,,91479,-23.921402,92,,,,,,
,,,,,91585,-97.01719,106,,,,,,
,,,,,91690,-21.031403,105,,,,,,
,,,,,91803,-137.74953,113,,,,,,
,,,,,91890,-54.724285,87,,,,,,
,,,,,91969,-15.977661,79,,,,,,
,,,,,92000,,,82.82392883300781,25.805984497070312,24.70598030090332,157.71051025390625,0.44800000000000006,0.001
,,,,,92070,-63.875725,101,,,,,,
,,,,,92157,-43.021645,87,,,,,,
,,,,,92259,-5.609207,102,,,,,,
,,,,,92352,-3.1216125,93,,,,,,
,,,,,92467,-27.01561,115,,,,,,
,,,,,92609,-90.5376,142,,,,,,
,,,,,92678,-34.970993,69,,,,,,
,,,,,92770,-2.1612701,92,,,,,,
,,,,,92858,-56.68039,88,,,,,,
,,,,,92948,37.656296,90,,,,,,
,,,,,93000,,,5.216329097747803,14.026437759399414,14.461181640625,69.43726348876953,0.44199999999999995,0.001
,,,,,93073,19.125946,125,,,,,,
,,,,,93164,8.387077,91,,,,,,
,,,,,93304,-59.437023,140,,,,,,
,,,,,93382,-23.747765,78,,,,,,
,,,,,93500,-3.368843,118,,,,,,
,,,,,93594,-58.434387,94,,,,,,
,,,,,93686,1.6125183,92,,,,,,
,,,,,93798,-35.926254,112,,,,,,
,,,,,93869,-65.50966,71,,,,,,
,,,,,93993,-51.199173,124,,,,,,
,,,,,94000,,,6.025264739990234,21.533113479614258,21.974571228027344,54.62513732910156,0.43599999999999994,0.001
,,,,,94080,-57.755978,87,,,,,,
,,,,,94181,-11.512558,101,,,,,,
,,,,,94256,-54.07046,75,,,,,,
,,,,,94346,-88.965866,90,,,,,,
,,,,,94464,-41.193733,118,,,,,,
,,,,,94554,-44.632526,90,,,,,,
,,,,,94677,-70.209076,123,,,,,,
,,,,,94769,-64.32792,92,,,,,,
,,,,,94888,-54.81352,119,,,,,,
,,,,,94976,0.14107513,88,,,,,,
,,,,,95000,,,11.81020450592041,28.071853637695312,28.755535125732422,80.0927963256836,0.43000000000000005,0.001
,,,,,95105,-21.976631,129,,,,,,
,,,,,95248,-7.542633,143,,,,,,
,,,,,95394,-19.36058,146,,,,,,
,,,,,95530,14.588684,136,,,,,,
,,,,,95600,-50.361286,70,,,,,,
,,,,,95686,-23.92617,86,,,,,,
,,,,,95790,6.7727585,104,,,,,,
,,,,,95900,-94.86003,110,,,,,,
,,,,,96000,,,8.535186767578125,33.433509826660156,32.819183349609375,68.17341613769531,0.42399999999999993,0.001
,,,,,96054,-18.44513,154,,,,,,
,,,,,96122,-86.85176,68,,,,,,
,,,,,96277,-41.558296,155,,,,,,
,,,,,96369,-49.43876,92,,,,,,
,,,,,96486,-35.311348,117,,,,,,
,,,,,96581,-45.17344,95,,,,,,
,,,,,96672,-40.440002,91,,,,,,
,,,,,96806,-63.406147,134,,,,,,
,,,,,96905,-69.86124,99,,,,,,
,,,,,97000,,,10.69426155090332,21.094627380371094,21.597612380981445,93.96770477294922,0.41800000000000004,0.001
,,,,,97019,-44.358826,114,,,,,,
,,,,,97133,-29.802109,114,,,,,,
,,,,,98000,,,51.140750885009766,16.15045166015625,15.242650032043457,132.08062744140625,0.41200000000000003,0.001
,,,,,98133,96.99193,1000,,,,,,
,,,,,98240,-52.598488,107,,,,,,
,,,,,98365,-38.89251,125,,,,,,
,,,,,98437,-56.31026,72,,,,,,
,,,,,98606,-68.36671,169,,,,,,
,,,,,98697,-6.7645264,91,,,,,,
,,,,,98793,-60.405346,96,,,,,,
,,,,,98919,4.839264,126,,,,,,
,,,,,99000,,,8.718494415283203,24.582725524902344,24.36832618713379,75.80116271972656,0.4059999999999999,0.001
,,,,,99042,-56.08264,123,,,,,,
,,,,,99189,-11.6377945,147,,,,,,
,,,,,99288,-42.472233,99,,,,,,
,,,,,99399,-65.67798,111,,,,,,
,,,,,99489,-76.334404,90,,,,,,
,,,,,99641,-192.17331,152,,,,,,
,,,,,99751,17.056984,110,,,,,,
,,,,,99863,-42.828033,112,,,,,,
,,,,,99984,33.596634,121,,,,,,
-113.99821,69.020386,-26.433983,-290.0517,193.8,100000,,,4.420899391174316,36.0904541015625,35.72201919555664,63.511016845703125,0.4,0.001
,,,,,100055,-18.716805,71,,,,,,
,,,,,100164,-175.48177,109,,,,,,
,,,,,100280,-66.44945,116,,,,,,
,,,,,100362,-52.73211,82,,,,,,
,,,,,100471,-137.56488,109,,,,,,
,,,,,100552,-5.4668503,81,,,,,,
,,,,,100700,-58.970657,148,,,,,,
,,,,,100800,3.1319962,100,,,,,,
,,,,,100905,-33.19583,105,,,,,,
,,,,,101000,,,4.8183746337890625,27.41156578063965,27.789588928222656,49.34109115600586,0.394,0.001
,,,,,101032,45.388504,127,,,,,,
,,,,,101133,-13.338585,101,,,,,,
,,,,,101237,2.678978,104,,,,,,
,,,,,101339,-25.260818,102,,,,,,
,,,,,101412,-112.532394,73,,,,,,
,,,,,101485,-84.32621,73,,,,,,
,,,,,101617,-24.005516,132,,,,,,
,,,,,101720,-30.336433,103,,,,,,
,,,,,101836,-41.949497,116,,,,,,
,,,,,101978,-41.324715,142,,,,,,
,,,,,102000,,,10.75934886932373,23.908008575439453,23.88665771484375,46.3344841003418,0.3879999999999999,0.001
,,,,,102071,-2.9085464,93,,,,,,
,,,,,102186,-104.99742,115,,,,,,
,,,,,102276,-49.767326,90,,,,,,
,,,,,102404,0.12815094,128,,,,,,
,,,,,102534,-37.343082,130,,,,,,
,,,,,102634,-73.81154,100,,,,,,
,,,,,102782,-11.268768,148,,,,,,
,,,,,103000,,,8.814043045043945,21.196331024169922,20.870758056640625,59.77449035644531,0.382,0.001
,,,,,103751,-272.44434,969,,,,,,
,,,,,103891,-89.69282,140,,,,,,
,,,,,104000,,,6.040744304656982,28.893278121948242,29.148080825805664,52.57536315917969,0.376,0.001
,,,,,104014,-35.265617,123,,,,,,
,,,,,104126,-44.589832,112,,,,,,
,,,,,104263,38.629074,137,,,,,,
,,,,,104384,-26.695572,121,,,,,,
,,,,,104941,-98.376366,557,,,,,,
,,,,,105000,,,7.887868404388428,30.563276290893555,30.541091918945312,35.16947937011719,0.37,0.001
,,,,,105055,-18.137321,114,,,,,,
,,,,,105171,-60.429634,116,,,,,,
,,,,,105264,-57.356865,93,,,,,,
,,,,,105376,-74.46626,112,,,,,,
,,,,,105508,-36.563232,132,,,,,,
,,,,,105662,-14.062988,154,,,,,,
,,,,,105797,-0.062301636,135,,,,,,
,,,,,106000,,,20.85845947265625,19.883127212524414,19.08809471130371,140.7104034423828,0.364,0.001
,,,,,106005,-167.04904,208,,,,,,
,,,,,106121,-47.34801,116,,,,,,
,,,,,106254,-110.07153,133,,,,,,
,,,,,106418,-109.26007,164,,,,,,
,,,,,106584,-25.415405,166,,,,,,
,,,,,106694,-25.069138,110,,,,,,
,,,,,106813,-86.93365,119,,,,,,
,,,,,106888,-38.97041,75,,,,,,
,,,,,107000,,,8.148199081420898,17.47971534729004,17.16338348388672,60.3555793762207,0.358,0.001
,,,,,107009,-146.14485,121,,,,,,
,,,,,107116,-85.138535,107,,,,,,
,,,,,107224,-43.768684,108,,,,,,
,,,,,107352,-9.059837,128,,,,,,
,,,,,107504,19.027893,152,,,,,,
,,,,,107601,-12.637207,97,,,,,,
,,,,,107687,-38.416397,86,,,,,,
,,,,,107857,-97.60617,170,,,,,,
,,,,,107984,-40.97861,127,,,,,,
,,,,,108000,,,7.312469959259033,23.78846549987793,23.719165802001953,62.41073989868164,0.352,0.001
,,,,,108066,-55.830704,82,,,,,,
,,,,,108174,-46.553596,108,,,,,,
,,,,,108290,-68.21737,116,,,,,,
,,,,,108426,-25.929466,136,,,,,,
,,,,,108553,-12.0686035,127,,,,,,
,,,,,108666,-43.026245,113,,,,,,
,,,,,108795,-29.538872,129,,,,,,
,,,,,108894,-110.82523,99,,,,,,
,,,,,109000,,,16.690223693847656,34.39192199707031,34.06575012207031,135.9826202392578,0.346,0.001
,,,,,109064,-88.77699,170,,,,,,
,,,,,109184,-59.290092,120,,,,,,
,,,,,109314,-33.57824,130,,,,,,
,,,,,109437,-19.051132,123,,,,,,
,,,,,109533,-45.57693,96,,,,,,
,,,,,109801,-220.66061,268,,,,,,
,,,,,109907,-31.623924,106,,,,,,
-95.9481,61.905315,12.908546,-173.45166,151.5,110000,,,11.027347564697266,33.4215202331543,33.65528869628906,63.654747009277344,0.3400000000000001,0.001
,,,,,110149,-197.53528,242,,,,,,
,,,,,110255,-43.71796,106,,,,,,
,,,,,110436,-44.44098,181,,,,,,
,,,,,110566,-51.456646,130,,,,,,
,,,,,110689,-96.198685,123,,,,,,
,,,,,110840,-48.563255,151,,,,,,
,,,,,110957,-101.5967,117,,,,,,
,,,,,111000,,,8.595385551452637,26.556262969970703,26.32998275756836,75.38272094726562,0.33399999999999996,0.001
,,,,,111108,-144.25601,151,,,,,,
,,,,,111287,-32.44085,179,,,,,,
,,,,,111457,-27.17955,170,,,,,,
,,,,,111628,5.5305405,171,,,,,,
,,,,,111792,-40.429306,164,,,,,,
,,,,,111946,-55.296143,154,,,,,,
,,,,,112000,,,21.652111053466797,24.021411895751953,23.128276824951172,146.5195770263672,0.32799999999999996,0.001
,,,,,112058,-135.0307,112,,,,,,
,,,,,112181,-41.754227,123,,,,,,
,,,,,112652,211.52823,471,,,,,,
,,,,,112786,12.224365,134,,,,,,
,,,,,112919,-57.387886,133,,,,,,
,,,,,113000,,,28.092037200927734,20.40995216369629,20.03203773498535,86.36087799072266,0.32200000000000006,0.001
,,,,,113017,-8.383057,98,,,,,,
,,,,,113497,-224.44388,480,,,,,,
,,,,,113655,-2.8902817,158,,,,,,
,,,,,113777,17.864914,122,,,,,,
,,,,,113882,-37.097954,105,,,,,,
,,,,,113990,-89.06075,108,,,,,,
,,,,,114000,,,7.28090763092041,23.274078369140625,22.914493560791016,96.92034912109375,0.31599999999999995,0.001
,,,,,114112,31.629395,122,,,,,,
,,,,,114251,-41.45553,139,,,,,,
,,,,,114355,-43.23624,104,,,,,,
,,,,,114578,-173.25728,223,,,,,,
,,,,,114728,17.128937,150,,,,,,
,,,,,114840,16.641685,112,,,,,,
,,,,,114981,20.968094,141,,,,,,
,,,,,115000,,,3.433467149734497,32.58121871948242,32.672142028808594,37.301979064941406,0.30999999999999994,0.001
,,,,,115086,11.0479965,105,,,,,,
,,,,,115198,-56.538536,112,,,,,,
,,,,,115361,-8.201607,163,,,,,,
,,,,,115466,-15.203812,105,,,,,,
,,,,,115580,7.3179016,114,,,,,,
,,,,,115695,-128.3242,115,,,,,,
,,,,,115833,-43.650055,138,,,,,,
,,,,,116000,,,101.56151580810547,10.99898910522461,9.65781307220459,175.06727600097656,0.30400000000000005,0.001
,,,,,116833,50.37569,1000,,,,,,
,,,,,116963,-36.3383,130,,,,,,
,,,,,117000,,,17.026987075805664,24.079605102539062,24.14362144470215,69.56965637207031,0.29799999999999993,0.001
,,,,,117043,-36.74798,80,,,,,,
,,,,,117191,-4.8487473,148,,,,,,
,,,,,117321,-53.57389,130,,,,,,
,,,,,117420,21.37854,99,,,,,,
,,,,,118000,,,5.078710079193115,26.778505325317383,26.208904266357422,62.83659362792969,0.29200000000000004,0.001
,,,,,118420,102.570625,1000,,,,,,
,,,,,118596,-37.837982,176,,,,,,
,,,,,118715,-11.286926,119,,,,,,
,,,,,118829,-14.0735855,114,,,,,,
,,,,,119000,,,7.217829704284668,21.578563690185547,20.979576110839844,61.200904846191406,0.28600000000000003,0.001
,,,,,119829,48.39588,1000,,,,,,
-79.1523,121.775894,223.53336,-214.35626,226.5,120000,,,7.401805400848389,33.6407470703125,33.779415130615234,71.831298828125,0.2799999999999999,0.001
,,,,,120023,-48.710785,194,,,,,,
,,,,,120128,-87.855156,105,,,,,,
,,,,,120585,-176.4667,457,,,,,,
,,,,,120699,-137.6162,114,,,,,,
,,,,,120919,-52.126026,220,,,,,,
,,,,,121000,,,15.718994140625,18.52097511291504,18.846643447875977,102.96626281738281,0.274,0.001
,,,,,121094,-0.44260406,175,,,,,,
,,,,,121220,-103.3819,126,,,,,,
,,,,,121394,-12.586708,174,,,,,,
,,,,,121495,-30.26751,101,,,,,,
,,,,,121607,-159.76024,112,,,,,,
,,,,,121770,-182.24084,163,,,,,,
,,,,,122000,,,12.71905517578125,14.13380241394043,14.662580490112305,71.89886474609375,0.268,0.001
,,,,,122770,80.38497,1000,,,,,,
,,,,,122906,-65.29895,136,,,,,,
,,,,,123000,,,7.772432804107666,28.5340518951416,29.860729217529297,138.90060424804688,0.262,0.001
,,,,,123053,-37.42949,147,,,,,,
,,,,,123165,-34.02923,112,,,,,,
,,,,,123375,-102.07349,210,,,,,,
,,,,,123566,-67.53526,191,,,,,,
,,,,,123712,-96.044525,146,,,,,,
,,,,,123877,-134.7656,165,,,,,,
,,,,,124000,,,8.622306823730469,36.55805587768555,36.011505126953125,67.45838928222656,0.256,0.001
,,,,,124431,-169.51709,554,,,,,,
,,,,,124569,9.664032,138,,,,,,
,,,,,124712,-178.84708,143,,,,,,
,,,,,124824,-63.102722,112,,,,,,
,,,,,125000,,,13.452280044555664,14.862508773803711,14.060754776000977,102.88970947265625,0.25,0.001
,,,,,125025,-57.04992,201,,,,,,
,,,,,125123,-27.302704,98,,,,,,
,,,,,125224,-95.145645,101,,,,,,
,,,,,125317,-36.4315,93,,,,,,
,,,,,125514,14.024536,197,,,,,,
,,,,,125653,-33.31482,139,,,,,,
,,,,,125791,13.662987,138,,,,,,
,,,,,126000,,,17.426288604736328,23.06153678894043,22.96849822998047,70.61305236816406,0.244,0.001
,,,,,126084,-89.28472,293,,,,,,
,,,,,126225,-5.8317566,141,,,,,,
,,,,,126343,-19.197601,118,,,,,,
,,,,,127000,,,14.88576602935791,17.619800567626953,17.546335220336914,94.53133392333984,0.238,0.001
,,,,,127343,17.300993,1000,,,,,,
,,,,,127522,-26.77272,179,,,,,,
,,,,,128000,,,21.277454376220703,25.756149291992188,26.05448341369629,121.71403503417969,0.23199999999999998,0.001
,,,,,128522,81.69501,1000,,,,,,
,,,,,128855,-93.062355,333,,,,,,
,,,,,128952,1.3939209,97,,,,,,
,,,,,129000,,,10.605478286743164,37.4688835144043,37.554359436035156,65.916748046875,0.22599999999999998,0.001
,,,,,129122,9.919762,170,,,,,,
,,,,,129241,-8.129547,119,,,,,,
,,,,,129359,19.175827,118,,,,,,
,,,,,129468,-24.037132,109,,,,,,
,,,,,129686,-16.933167,218,,,,,,
-28.33631,159.9993,280.22986,-258.5729,761.0,130000,,,7.41921329498291,29.744037628173828,30.06723403930664,85.91095733642578,0.21999999999999997,0.001
,,,,,130507,-66.967834,821,,,,,,
,,,,,130631,35.094177,124,,,,,,
,,,,,130892,-50.406,261,,,,,,
,,,,,131000,,,6.369209289550781,26.979263305664062,26.83057403564453,69.37118530273438,0.21399999999999997,0.001
,,,,,131001,-202.85178,109,,,,,,
,,,,,131295,-268.85477,294,,,,,,
,,,,,131646,-183.87431,351,,,,,,
,,,,,132000,,,5.470149040222168,25.807971954345703,25.10939598083496,74.53085327148438,0.20799999999999996,0.001
,,,,,132646,77.87706,1000,,,,,,
,,,,,132771,20.179398,125,,,,,,
,,,,,133000,,,23.939916610717773,29.23766326904297,29.26542854309082,100.41030883789062,0.20199999999999996,0.001
,,,,,133043,-226.25563,272,,,,,,
,,,,,134000,,,11.360087394714355,26.55864143371582,27.60865592956543,88.44802856445312,0.19599999999999995,0.001
,,,,,134043,122.1701,1000,,,,,,
,,,,,135000,,,6.914966583251953,30.42461585998535,30.81462860107422,87.64933776855469,0.18999999999999995,0.001
,,,,,135043,50.132717,1000,,,,,,
,,,,,136000,,,20.71039581298828,25.762718200683594,26.75490951538086,106.56704711914062,0.18400000000000005,0.001
,,,,,136043,86.50766,1000,,,,,,
,,,,,137000,,,14.385801315307617,22.925168991088867,22.359840393066406,84.26609802246094,0.17799999999999994,0.001
,,,,,137043,92.21799,1000,,,,,,
,,,,,137773,225.00699,730,,,,,,
,,,,,138000,,,275.62158203125,20.771459579467773,20.19873046875,340.3281555175781,0.17199999999999993,0.001
,,,,,138773,75.045494,1000,,,,,,
,,,,,139000,,,6.065474510192871,32.88906478881836,33.44146728515625,73.43435668945312,0.16600000000000004,0.001
,,,,,139773,69.376724,1000,,,,,,
19.0,130.9732,231.3452,-170.6034,623.8,140000,,,12.57511043548584,28.537723541259766,28.598289489746094,62.070068359375,0.15999999999999992,0.001
,,,,,140773,18.569305,1000,,,,,,
,,,,,141000,,,17.31515121459961,28.858287811279297,29.23785400390625,156.35157775878906,0.15400000000000003,0.001
,,,,,141773,59.396183,1000,,,,,,
,,,,,142000,,,21.232826232910156,29.96389389038086,31.23992156982422,125.82131958007812,0.14800000000000002,0.001
,,,,,142773,-16.318714,1000,,,,,,
,,,,,143000,,,9.069231033325195,13.395477294921875,13.717799186706543,63.0816764831543,0.1419999999999999,0.001
,,,,,143728,175.6923,955,,,,,,
,,,,,144000,,,5.878199100494385,34.287574768066406,34.18006896972656,67.04132080078125,0.136,0.001
,,,,,144086,-218.58957,358,,,,,,
,,,,,144664,222.47855,578,,,,,,
,,,,,145000,,,6.7280802726745605,28.409597396850586,29.009660720825195,87.29825592041016,0.13,0.001
,,,,,145664,45.62336,1000,,,,,,
,,,,,146000,,,9.15283203125,32.941993713378906,33.337764739990234,78.05595397949219,0.12399999999999989,0.001
,,,,,146395,198.44388,731,,,,,,
,,,,,146722,-73.06535,327,,,,,,
,,,,,146856,-91.15866,134,,,,,,
,,,,,147000,,,374.23907470703125,35.16567611694336,37.438270568847656,416.63494873046875,0.118,0.001
,,,,,147078,6.2153625,222,,,,,,
,,,,,148000,,,8.554383277893066,36.4880256652832,36.46875,54.24851989746094,0.11199999999999999,0.001
,,,,,148016,262.98712,938,,,,,,
,,,,,148886,246.84296,870,,,,,,
,,,,,149000,,,7.7893452644348145,30.227970123291016,29.96476173400879,74.14441680908203,0.10599999999999998,0.001
,,,,,149470,221.57823,584,,,,,,
,,,,,149746,311.14032,276,,,,,,
34.227585,101.44441,180.06856,-160.42825,846.7,150000,,,11.427800178527832,24.395488739013672,24.111330032348633,75.74597930908203,0.1,0.001
,,,,,150217,182.59918,471,,,,,,
,,,,,151000,,,13.92549991607666,28.93279457092285,28.667865753173828,86.06241607666016,0.09946666666666668,0.001
,,,,,151217,126.75253,1000,,,,,,
,,,,,152000,,,8.214397430419922,28.54305648803711,27.807613372802734,71.67898559570312,0.09893333333333335,0.001
,,,,,152004,114.832466,787,,,,,,
,,,,,152219,-208.77658,215,,,,,,
,,,,,152748,-259.83392,529,,,,,,
,,,,,153000,,,10.62156867980957,36.65033721923828,37.59965515136719,82.61634826660156,0.0984,0.001
,,,,,153748,40.804054,1000,,,,,,
,,,,,154000,,,9.245606422424316,36.614200592041016,37.01802444458008,71.85476684570312,0.09786666666666667,0.001
,,,,,154382,240.11128,634,,,,,,
,,,,,155000,,,10.648159980773926,38.654048919677734,37.74121856689453,93.64219665527344,0.09733333333333334,0.001
,,,,,155139,193.80215,757,,,,,,
,,,,,155629,161.73015,490,,,,,,
,,,,,155860,-185.58385,231,,,,,,
,,,,,156000,,,6.373172283172607,39.12481689453125,39.59634780883789,69.64871215820312,0.09680000000000001,0.001
,,,,,156527,171.6367,667,,,,,,
,,,,,157000,,,18.3132381439209,38.637901306152344,37.83606719970703,84.77114868164062,0.09626666666666667,0.001
,,,,,157070,180.3512,543,,,,,,
,,,,,157946,170.55695,876,,,,,,
,,,,,158000,,,5.057806491851807,39.20030212402344,39.598453521728516,53.9538459777832,0.09573333333333334,0.001
,,,,,158946,6.49296,1000,,,,,,
,,,,,159000,,,18.23428726196289,37.53083038330078,36.8906135559082,115.38726043701172,0.0952,0.001
,,,,,159489,-223.18782,543,,,,,,
-73.41352,194.44875,237.10081,-376.52078,611.6,160000,,,11.08471965789795,45.496421813964844,45.07221984863281,79.21097564697266,0.09466666666666668,0.001
,,,,,160020,168.74817,531,,,,,,
,,,,,161000,,,6.438533782958984,40.03685760498047,39.46335220336914,53.48964309692383,0.09413333333333333,0.001
,,,,,161020,88.29993,1000,,,,,,
,,,,,161228,-160.19717,208,,,,,,
,,,,,161763,187.05908,535,,,,,,
,,,,,162000,,,12.199270248413086,30.063512802124023,30.323532104492188,61.23158645629883,0.0936,0.001
,,,,,162416,-181.37527,653,,,,,,
,,,,,162832,253.41617,416,,,,,,
,,,,,163000,,,5.383176803588867,42.98428726196289,43.28329086303711,63.0313720703125,0.09306666666666667,0.001
,,,,,163336,235.2662,504,,,,,,
,,,,,163830,-24.1791,494,,,,,,
,,,,,164000,,,7.768867492675781,29.612838745117188,29.659334182739258,62.80973434448242,0.09253333333333334,0.001
,,,,,164291,241.61221,461,,,,,,
,,,,,164637,250.79308,346,,,,,,
,,,,,164891,-173.59491,254,,,,,,
,,,,,165000,,,4.067683219909668,45.771385192871094,45.307559967041016,49.83720779418945,0.092,0.001
,,,,,165587,238.09424,696,,,,,,
,,,,,166000,,,6.645772457122803,32.549964904785156,32.96791076660156,47.977378845214844,0.09146666666666667,0.001
,,,,,166587,146.06883,1000,,,,,,
,,,,,167000,,,12.850593566894531,35.008934020996094,35.4957389831543,100.0337905883789,0.09093333333333334,0.001
,,,,,167140,-214.98425,553,,,,,,
,,,,,167476,-95.50324,336,,,,,,
,,,,,168000,,,5.993525505065918,47.8880729675293,48.107666015625,45.759521484375,0.09040000000000001,0.001
,,,,,168058,162.31003,582,,,,,,
,,,,,169000,,,53.980587005615234,44.92132568359375,45.04020309448242,325.29547119140625,0.08986666666666668,0.001
,,,,,169058,107.674095,1000,,,,,,
,,,,,169415,258.82605,357,,,,,,
34.421505,180.82901,256.50763,-310.88553,416.3,170000,,,25.49431037902832,32.747596740722656,32.49652862548828,96.61137390136719,0.08933333333333333,0.001
,,,,,170265,134.22377,850,,,,,,
,,,,,170726,214.26868,461,,,,,,
,,,,,171000,,,11.165891647338867,41.5128059387207,42.34943389892578,106.50566864013672,0.0888,0.001
,,,,,171112,260.4754,386,,,,,,
,,,,,171357,-158.44678,245,,,,,,
,,,,,171744,236.96407,387,,,,,,
,,,,,172000,,,15.945175170898438,54.85205078125,55.85545349121094,78.02459716796875,0.08826666666666667,0.001
,,,,,172739,225.02777,995,,,,,,
,,,,,173000,,,8.388397216796875,42.41519546508789,43.207801818847656,88.2779541015625,0.08773333333333334,0.001
,,,,,173325,172.32138,586,,,,,,
,,,,,174000,,,14.829072952270508,42.89358901977539,43.07192611694336,89.77762603759766,0.0872,0.001
,,,,,174049,133.43404,724,,,,,,
,,,,,175000,,,23.094778060913086,29.011083602905273,28.710205078125,136.98463439941406,0.08666666666666667,0.001
,,,,,175049,82.96942,1000,,,,,,
,,,,,175592,182.30176,543,,,,,,
,,,,,176000,,,9.75761604309082,41.22563934326172,41.78932571411133,114.95245361328125,0.08613333333333334,0.001
,,,,,176244,222.87894,652,,,,,,
,,,,,177000,,,6.8540873527526855,35.2672233581543,34.52988052368164,104.62104797363281,0.08560000000000001,0.001
,,,,,177244,116.724236,1000,,,,,,
,,,,,177384,19.800453,140,,,,,,
,,,,,177788,247.74861,404,,,,,,
,,,,,178000,,,28.860103607177734,40.973358154296875,41.19108963012695,142.0055389404297,0.08506666666666667,0.001
,,,,,178103,-105.352615,315,,,,,,
,,,,,178559,272.22983,456,,,,,,
,,,,,179000,,,9.338489532470703,51.306915283203125,50.7273063659668,115.91140747070312,0.08453333333333334,0.001
,,,,,179119,217.50536,560,,,,,,
,,,,,179316,12.355774,197,,,,,,
,,,,,179539,52.62741,223,,,,,,
134.47884,124.71091,270.27167,-100.77871,619.2,180000,,,4.9066972732543945,55.181419372558594,54.9036865234375,50.337257385253906,0.084,0.001
,,,,,180076,192.02896,537,,,,,,
,,,,,180750,-110.807945,674,,,,,,
,,,,,181000,,,22.522342681884766,42.94214630126953,41.890960693359375,125.72220611572266,0.08346666666666668,0.001
,,,,,181309,179.87958,559,,,,,,
,,,,,181706,-120.81641,397,,,,,,
,,,,,182000,,,18.949378967285156,22.185556411743164,22.148591995239258,76.33221435546875,0.08293333333333333,0.001
,,,,,182083,-26.951576,377,,,,,,
,,,,,182687,173.78017,604,,,,,,
,,,,,182899,-11.15995,212,,,,,,
,,,,,183000,,,7.274505615234375,45.95926284790039,46.213829040527344,78.01422119140625,0.0824,0.001
,,,,,183042,-1.4706345,143,,,,,,
,,,,,183546,183.63077,504,,,,,,
,,,,,183846,297.88885,300,,,,,,
,,,,,184000,,,19.05225372314453,56.62119674682617,57.178375244140625,123.04622650146484,0.08186666666666667,0.001
,,,,,184306,-174.24695,460,,,,,,
,,,,,184617,-60.27764,311,,,,,,
,,,,,184954,190.20395,337,,,,,,
,,,,,185000,,,3.9683666229248047,50.35707092285156,50.692989349365234,42.62855529785156,0.08133333333333334,0.001
,,,,,185371,281.31842,417,,,,,,
,,,,,185698,-86.04451,327,,,,,,
,,,,,186000,,,14.234515190124512,48.05034637451172,47.686256408691406,61.62993240356445,0.08080000000000001,0.001
,,,,,186352,98.63408,654,,,,,,
,,,,,187000,,,5.894867897033691,43.75947189331055,43.510894775390625,58.30785369873047,0.08026666666666667,0.001
,,,,,187352,44.128014,1000,,,,,,
,,,,,188000,,,44.266048431396484,42.526859283447266,42.283145904541016,156.02915954589844,0.07973333333333334,0.001
,,,,,188217,208.4996,865,,,,,,
,,,,,188527,239.64626,310,,,,,,
,,,,,189000,,,5.881130218505859,51.20625305175781,51.797447204589844,71.34202575683594,0.0792,0.001
,,,,,189377,230.01985,850,,,,,,
,,,,,189681,241.87311,304,,,,,,
75.07247,176.52477,279.7828,-217.69698,552.7,190000,,,7.977492332458496,28.76587677001953,28.4885311126709,88.35320281982422,0.07866666666666668,0.001
,,,,,190427,248.51837,746,,,,,,
,,,,,190800,-116.54068,373,,,,,,
,,,,,191000,,,19.69447898864746,46.344749450683594,46.06548309326172,115.357666015625,0.07813333333333333,0.001
,,,,,191542,150.64868,742,,,,,,
,,,,,192000,,,7.243653774261475,48.81719207763672,48.26804733276367,67.95250701904297,0.0776,0.001
,,,,,192542,124.62146,1000,,,,,,
,,,,,192695,0.4965744,153,,,,,,
,,,,,193000,,,9.169877052307129,69.58132934570312,69.03079986572266,75.92393493652344,0.07706666666666667,0.001
,,,,,193632,158.41571,937,,,,,,
,,,,,194000,,,53.148563385009766,46.434898376464844,44.829376220703125,187.27987670898438,0.07653333333333334,0.001
,,,,,194170,318.31955,538,,,,,,
,,,,,194307,44.72345,137,,,,,,
,,,,,194458,-14.211708,151,,,,,,
,,,,,194607,35.94368,149,,,,,,
,,,,,194973,230.27179,366,,,,,,
,,,,,195000,,,14.466980934143066,49.77394485473633,50.244140625,114.15080261230469,0.07600000000000001,0.001
,,,,,195863,192.44559,890,,,,,,
,,,,,196000,,,8.246638298034668,64.01747131347656,64.92626190185547,85.59330749511719,0.07546666666666668,0.001
,,,,,196259,247.41223,396,,,,,,
,,,,,196662,267.86313,403,,,,,,
,,,,,197000,,,11.833904266357422,62.19056701660156,62.655025482177734,98.70161437988281,0.07493333333333334,0.001
,,,,,197166,-207.2907,504,,,,,,
,,,,,197403,266.59277,237,,,,,,
,,,,,198000,,,71.43429565429688,46.8705940246582,47.992156982421875,352.5862121582031,0.07440000000000001,0.001
,,,,,198036,167.62491,633,,,,,,
,,,,,198550,182.42651,514,,,,,,
,,,,,199000,,,7.7513813972473145,49.88486099243164,50.77771759033203,77.39838409423828,0.07386666666666666,0.001
,,,,,199550,91.63034,1000,,,,,,
,,,,,199946,245.71655,396,,,,,,
-84.93772,113.48466,231.79285,-206.40662,476.4,200000,,,10.477693557739258,49.83900451660156,50.21527099609375,87.39473724365234,0.07333333333333333,0.001
,,,,,200586,188.46329,640,,,,,,
,,,,,201000,,,7.19588565826416,51.502532958984375,51.67113494873047,68.36241912841797,0.0728,0.001
,,,,,201087,244.87088,501,,,,,,
,,,,,201430,202.71494,343,,,,,,
,,,,,201838,186.30841,408,,,,,,
,,,,,202000,,,10.241843223571777,60.42279052734375,59.69573211669922,94.82670593261719,0.07226666666666667,0.001
,,,,,202504,-159.13422,666,,,,,,
,,,,,202795,-131.44426,291,,,,,,
,,,,,202972,-6.880234,177,,,,,,
,,,,,203000,,,5.086613178253174,49.57275390625,49.75993728637695,56.29691696166992,0.07173333333333334,0.001
,,,,,203325,-127.153275,353,,,,,,
,,,,,203724,263.2851,399,,,,,,
,,,,,204000,,,94.69441223144531,61.90350341796875,60.69227981567383,385.61322021484375,0.07120000000000001,0.001
,,,,,204580,182.69818,856,,,,,,
,,,,,204777,252.76343,197,,,,,,
,,,,,205000,,,29.922643661499023,53.254600524902344,53.87468338012695,134.63241577148438,0.07066666666666667,0.001
,,,,,205117,187.43668,340,,,,,,
,,,,,206000,,,14.005804061889648,59.52804183959961,59.44504928588867,131.6447296142578,0.07013333333333334,0.001
,,,,,206117,48.652195,1000,,,,,,
,,,,,206439,229.62659,322,,,,,,
,,,,,206673,220.32379,234,,,,,,
,,,,,207000,,,19.445560455322266,56.87469482421875,56.869354248046875,88.45967864990234,0.06960000000000001,0.001
,,,,,207376,271.1398,703,,,,,,
,,,,,207950,181.75082,574,,,,,,
,,,,,208000,,,8.959792137145996,59.38688278198242,59.871578216552734,57.314002990722656,0.06906666666666667,0.001
,,,,,208086,-12.252647,136,,,,,,
,,,,,208363,261.8184,277,,,,,,
,,,,,208725,269.53244,362,,,,,,
,,,,,209000,,,6.0463643074035645,66.10773468017578,66.13461303710938,49.922908782958984,0.06853333333333333,0.001
,,,,,209064,253.75743,339,,,,,,
102.967186,86.846924,256.89087,-80.35462,576.0,210000,,,8.519824981689453,54.87294006347656,54.46953582763672,57.324710845947266,0.068,0.001
,,,,,210064,63.3614,1000,,,,,,
,,,,,210825,-207.32927,761,,,,,,
,,,,,211000,,,8.802389144897461,68.90270233154297,69.01541137695312,68.25529479980469,0.06746666666666667,0.001
,,,,,211650,208.69907,825,,,,,,
,,,,,211995,11.827148,345,,,,,,
,,,,,212000,,,220.3341827392578,41.70441436767578,42.468048095703125,513.399658203125,0.06693333333333334,0.001
,,,,,212541,242.4692,546,,,,,,
,,,,,212736,190.32236,195,,,,,,
,,,,,213000,,,10.296280860900879,65.1126480102539,64.90486145019531,72.20991516113281,0.06640000000000001,0.001
,,,,,213300,233.74364,564,,,,,,
,,,,,213887,-107.31002,587,,,,,,
,,,,,214000,,,9.350763320922852,62.22417449951172,61.964839935302734,78.89522552490234,0.06586666666666667,0.001
,,,,,214290,205.22797,403,,,,,,
,,,,,214675,239.07724,385,,,,,,
,,,,,215000,,,30.64542579650879,75.11090850830078,74.31932067871094,129.0240020751953,0.06533333333333333,0.001
,,,,,215404,246.83081,729,,,,,,
,,,,,215592,209.8392,188,,,,,,
,,,,,216000,,,10.684086799621582,51.17544174194336,50.743247985839844,84.98958587646484,0.0648,0.001
,,,,,216085,226.18137,493,,,,,,
,,,,,216228,29.22055,143,,,,,,
,,,,,217000,,,12.919967651367188,56.559349060058594,56.89889907836914,96.57081604003906,0.06426666666666667,0.001
,,,,,217228,41.761574,1000,,,,,,
,,,,,218000,,,8.11186408996582,73.65921020507812,74.35717010498047,86.13412475585938,0.06373333333333334,0.001
,,,,,218074,135.36565,846,,,,,,
,,,,,218987,212.24826,913,,,,,,
,,,,,219000,,,43.42367935180664,61.743568420410156,60.44546890258789,234.59426879882812,0.0632,0.001
,,,,,219548,-108.38078,561,,,,,,
,,,,,219900,238.51187,352,,,,,,
73.919815,244.1938,278.3156,-348.77063,549.5,220000,,,71.7139663696289,60.29002380371094,59.36304473876953,177.23146057128906,0.06266666666666668,0.001
,,,,,220811,267.87265,911,,,,,,
,,,,,221000,,,91.1045913696289,52.917884826660156,54.27826690673828,108.7515869140625,0.06213333333333334,0.001
,,,,,221554,198.50943,743,,,,,,
,,,,,221814,-34.16803,260,,,,,,
,,,,,222000,,,21.0949764251709,66.2634048461914,66.03289794921875,98.98455047607422,0.06160000000000001,0.001
,,,,,222479,-158.02852,665,,,,,,
,,,,,222918,226.59695,439,,,,,,
,,,,,223000,,,100.52617645263672,61.82923126220703,64.23388671875,127.42601013183594,0.06106666666666667,0.001
,,,,,223176,250.86235,258,,,,,,
,,,,,223542,-60.92244,366,,,,,,
,,,,,224000,,,5.725976943969727,55.98170471191406,55.513343811035156,61.08015441894531,0.060533333333333335,0.001
,,,,,224259,129.05678,717,,,,,,
,,,,,224382,0.31884766,123,,,,,,
,,,,,224685,270.94415,303,,,,,,
,,,,,225000,,,17.301122665405273,46.137474060058594,45.99797821044922,80.544677734375,0.060000000000000005,0.001
,,,,,225029,276.5915,344,,,,,,
,,,,,225217,286.00574,188,,,,,,
,,,,,225334,-33.254036,117,,,,,,
,,,,,225681,257.00284,347,,,,,,
,,,,,226000,,,10.650847434997559,58.840484619140625,58.331451416015625,73.56143951416016,0.05946666666666667,0.001
,,,,,226045,-147.38986,364,,,,,,
,,,,,227000,,,14.496801376342773,53.59632110595703,52.85853958129883,92.11465454101562,0.05893333333333334,0.001
,,,,,227045,86.33939,1000,,,,,,
,,,,,227462,223.27443,417,,,,,,
,,,,,227827,-159.82423,365,,,,,,
,,,,,228000,,,74.27729034423828,62.49234390258789,60.39060974121094,222.48768615722656,0.0584,0.001
,,,,,228225,244.08655,398,,,,,,
,,,,,228578,-101.5237,353,,,,,,
,,,,,228810,-194.05215,232,,,,,,
,,,,,229000,,,30.77013397216797,59.035587310791016,58.383087158203125,186.9426727294922,0.05786666666666668,0.001
,,,,,229415,207.39355,605,,,,,,
,,,,,229889,-174.35287,474,,,,,,
127.083275,99.78401,268.18732,-114.39946,872.2,230000,,,73.35112762451172,56.17076110839844,55.88649368286133,187.22450256347656,0.05733333333333334,0.001
,,,,,230161,-171.60915,272,,,,,,
,,,,,230666,-82.81323,505,,,,,,
,,,,,230993,264.9597,327,,,,,,
,,,,,231000,,,4.165075302124023,74.52108001708984,74.73712158203125,50.67864990234375,0.0568,0.001
,,,,,231567,234.45499,574,,,,,,
,,,,,232000,,,11.205290794372559,56.164390563964844,56.527793884277344,77.23489379882812,0.05626666666666667,0.001
,,,,,232036,193.16968,469,,,,,,
,,,,,232456,227.12656,420,,,,,,
,,,,,232618,272.6473,162,,,,,,
,,,,,233000,,,7.5290727615356445,59.40034866333008,59.988975524902344,99.21893310546875,0.055733333333333336,0.001
,,,,,233448,61.131466,830,,,,,,
,,,,,233598,-6.441063,150,,,,,,
,,,,,233848,278.9123,250,,,,,,
,,,,,234000,,,67.60417938232422,51.57897186279297,51.574859619140625,181.6820526123047,0.0552,0.001
,,,,,234076,242.83522,228,,,,,,
,,,,,234366,268.73477,290,,,,,,
,,,,,234723,249.52144,357,,,,,,
,,,,,235000,,,10.455379486083984,54.545982360839844,54.72768020629883,90.57846069335938,0.054666666666666676,0.001
,,,,,235195,246.33063,472,,,,,,
,,,,,235801,245.36446,606,,,,,,
,,,,,236000,,,44.41926574707031,53.33810806274414,52.536834716796875,168.58746337890625,0.05413333333333334,0.001
,,,,,236197,273.5133,396,,,,,,
,,,,,236936,224.74445,739,,,,,,
,,,,,237000,,,23.223281860351562,66.97825622558594,66.99503326416016,190.8652801513672,0.05360000000000001,0.001
,,,,,237421,-194.20682,485,,,,,,
,,,,,238000,,,8.647811889648438,53.33021545410156,54.844200134277344,138.74493408203125,0.05306666666666667,0.001
,,,,,238148,193.6934,727,,,,,,
,,,,,238784,209.55919,636,,,,,,
,,,,,239000,,,38.66911315917969,43.68459701538086,42.69480895996094,129.33042907714844,0.052533333333333335,0.001
,,,,,239273,297.0708,489,,,,,,
,,,,,239760,-114.710815,487,,,,,,
38.910683,198.87369,270.37238,-371.57895,761.5,240000,,,7.0700364112854,64.29550170898438,63.937259674072266,64.79268646240234,0.052000000000000005,0.001
,,,,,240436,-71.62063,676,,,,,,
,,,,,240900,195.02084,464,,,,,,
,,,,,241000,,,65.99707794189453,61.2440071105957,62.66193389892578,221.19834899902344,0.05146666666666667,0.001
,,,,,241048,10.081795,148,,,,,,
,,,,,242000,,,4.6805644035339355,68.98040771484375,68.41950988769531,76.69427490234375,0.050933333333333344,0.001
,,,,,242048,106.143906,1000,,,,,,
,,,,,242442,-187.26254,394,,,,,,
,,,,,242615,257.51794,173,,,,,,
,,,,,242847,260.97705,232,,,,,,
,,,,,243000,,,11.157508850097656,60.934104919433594,61.00970458984375,92.96417999267578,0.05040000000000001,0.001
,,,,,243264,234.3819,417,,,,,,
,,,,,243594,268.49808,330,,,,,,
,,,,,244000,,,17.31544303894043,71.06441497802734,70.52976989746094,108.62149047851562,0.04986666666666667,0.001
,,,,,244059,226.29572,465,,,,,,
,,,,,244542,193.02739,483,,,,,,
,,,,,245000,,,21.181987762451172,63.70634841918945,62.958335876464844,78.26616668701172,0.04933333333333334,0.001
,,,,,245205,211.8782,663,,,,,,
,,,,,246000,,,13.541666030883789,60.07090377807617,59.52382278442383,82.32942962646484,0.0488,0.001
,,,,,246205,48.45439,1000,,,,,,
,,,,,246497,-128.34749,292,,,,,,
,,,,,247000,,,23.933135986328125,48.212249755859375,48.367557525634766,85.68409729003906,0.04826666666666667,0.001
,,,,,247136,151.10716,639,,,,,,
,,,,,248000,,,5.271425247192383,70.57826232910156,70.5208969116211,50.33649826049805,0.047733333333333336,0.001
,,,,,248136,-81.81416,1000,,,,,,
,,,,,248322,256.2834,186,,,,,,
,,,,,248602,257.03882,280,,,,,,
,,,,,249000,,,20.99561309814453,63.644378662109375,64.10641479492188,86.61315155029297,0.0472,0.001
,,,,,249010,228.16006,408,,,,,,
,,,,,249697,144.98492,687,,,,,,
,,,,,249901,265.6366,204,,,,,,
216.96469,73.31733,286.24097,34.38626,289.2,250000,,,11.400142669677734,66.47744750976562,67.21765899658203,71.18673706054688,0.046666666666666676,0.001
,,,,,250225,265.1712,324,,,,,,
,,,,,250359,4.4523163,134,,,,,,
,,,,,251000,,,8.776403427124023,61.0091552734375,60.13557434082031,78.52616882324219,0.04613333333333334,0.001
,,,,,251011,191.02908,652,,,,,,
,,,,,252000,,,58.864776611328125,57.81317138671875,56.375282287597656,201.26483154296875,0.0456,0.001
,,,,,252011,77.161835,1000,,,,,,
,,,,,252836,183.29636,825,,,,,,
,,,,,253000,,,6.8780198097229,72.80360412597656,72.67841339111328,63.89684295654297,0.04506666666666667,0.001
,,,,,253205,250.04984,369,,,,,,
,,,,,253978,218.84583,773,,,,,,
,,,,,254000,,,25.029300689697266,73.08869171142578,73.9590835571289,117.9290771484375,0.044533333333333334,0.001
,,,,,254275,264.42102,297,,,,,,
,,,,,254789,-186.97473,514,,,,,,
,,,,,255000,,,88.05120849609375,75.52168273925781,76.3537826538086,330.77392578125,0.04400000000000001,0.001
,,,,,255322,261.779,533,,,,,,
,,,,,255444,-8.144424,122,,,,,,
,,,,,256000,,,12.620800018310547,55.336875915527344,55.58045959472656,95.92911529541016,0.043466666666666674,0.001
,,,,,256107,232.0419,663,,,,,,
,,,,,257000,,,13.14586353302002,57.525177001953125,57.703346252441406,93.45134735107422,0.04293333333333334,0.001
,,,,,257107,149.16255,1000,,,,,,
,,,,,257754,213.8956,647,,,,,,
,,,,,258000,,,13.382132530212402,72.41712951660156,72.38027954101562,96.27854919433594,0.04240000000000001,0.001
,,,,,258615,74.392586,861,,,,,,
,,,,,259000,,,7.7001166343688965,63.939292907714844,63.97818374633789,60.387020111083984,0.04186666666666667,0.001
,,,,,259030,270.17438,415,,,,,,
,,,,,259280,-78.59906,250,,,,,,
,,,,,259580,205.76376,300,,,,,,
-11.10728,117.73819,256.8172,-115.624275,782.9,260000,,,27.108598709106445,64.13770294189453,65.03223419189453,108.09223175048828,0.04133333333333334,0.001
,,,,,260390,176.67831,810,,,,,,
,,,,,260498,1.9527359,108,,,,,,
,,,,,260676,244.06201,178,,,,,,
,,,,,260955,268.93286,279,,,,,,
,,,,,261000,,,7.716821670532227,66.1086654663086,65.25711059570312,84.83206176757812,0.0408,0.001
,,,,,261727,159.00284,772,,,,,,
,,,,,262000,,,9.733748435974121,68.90999603271484,69.25154113769531,68.3990707397461,0.040266666666666666,0.001
,,,,,262353,256.34842,626,,,,,,
,,,,,262944,216.14412,591,,,,,,
,,,,,263000,,,19.340396881103516,71.5179214477539,70.95623779296875,77.06834411621094,0.03973333333333334,0.001
,,,,,263306,238.24576,362,,,,,,
,,,,,264000,,,81.75154113769531,60.1602783203125,60.55145263671875,104.99639129638672,0.039200000000000006,0.001
,,,,,264199,179.90776,893,,,,,,
,,,,,264606,234.15067,407,,,,,,
,,,,,265000,,,32.686729431152344,51.16065216064453,51.44844055175781,156.5301055908203,0.03866666666666667,0.001
,,,,,265071,145.37508,465,,,,,,
,,,,,265296,279.04407,225,,,,,,
,,,,,265618,194.1082,322,,,,,,
,,,,,266000,,,63.68562316894531,61.52587127685547,62.430152893066406,70.50069427490234,0.03813333333333334,0.001
,,,,,266618,118.26726,1000,,,,,,
,,,,,266722,8.586113,104,,,,,,
,,,,,267000,,,19.567041397094727,58.59501647949219,58.460899353027344,88.27621459960938,0.0376,0.001
,,,,,267367,-116.69262,645,,,,,,
,,,,,267564,280.91168,197,,,,,,
,,,,,267962,280.2589,398,,,,,,
,,,,,268000,,,4.539317607879639,81.20647430419922,81.20838928222656,49.319210052490234,0.03706666666666668,0.001
,,,,,268353,248.45384,391,,,,,,
,,,,,268767,208.69156,414,,,,,,
,,,,,269000,,,60.27259826660156,62.29077911376953,63.79482650756836,100.33434295654297,0.036533333333333334,0.001
,,,,,269134,287.82684,367,,,,,,
,,,,,269422,264.92828,288,,,,,,
,,,,,269885,190.36053,463,,,,,,
126.09276,114.20867,249.09706,-120.732765,794.3,270000,,,12.123443603515625,62.306678771972656,61.464569091796875,80.4269027709961,0.036000000000000004,0.001
,,,,,270103,247.88635,218,,,,,,
,,,,,270388,242.6392,285,,,,,,
,,,,,270745,276.00854,357,,,,,,
,,,,,271000,,,36.903968811035156,65.73873138427734,66.58143615722656,187.78404235839844,0.035466666666666674,0.001
,,,,,271034,0.6948166,289,,,,,,
,,,,,272000,,,14.24911880493164,60.10641098022461,59.161617279052734,97.21735382080078,0.03493333333333333,0.001
,,,,,272034,108.57814,1000,,,,,,
,,,,,272440,228.27109,406,,,,,,
,,,,,272659,243.28114,219,,,,,,
,,,,,272808,-21.869331,149,,,,,,
,,,,,273000,,,9.260083198547363,63.040584564208984,63.5382080078125,70.26728057861328,0.034400000000000014,0.001
,,,,,273250,248.98685,442,,,,,,
,,,,,273516,-266.8011,266,,,,,,
,,,,,273630,-36.80078,114,,,,,,
,,,,,273958,272.64606,328,,,,,,
,,,,,274000,,,11.411550521850586,68.11212921142578,67.7813720703125,72.2506332397461,0.03386666666666667,0.001
,,,,,274377,244.73701,419,,,,,,
,,,,,274727,212.54492,350,,,,,,
,,,,,275000,,,7.491853713989258,75.61587524414062,75.85105895996094,88.90352630615234,0.03333333333333334,0.001
,,,,,275031,235.48871,304,,,,,,
,,,,,275447,132.54831,416,,,,,,
,,,,,276000,,,12.512496948242188,70.67887878417969,71.44386291503906,98.80361938476562,0.03280000000000001,0.001
,,,,,276447,-30.742863,1000,,,,,,
,,,,,277000,,,220.36782836914062,72.27845764160156,71.71204376220703,356.75018310546875,0.032266666666666666,0.001
,,,,,277050,217.42603,603,,,,,,
,,,,,277421,-151.48752,371,,,,,,
,,,,,277920,214.54138,499,,,,,,
,,,,,278000,,,73.23982238769531,67.90464782714844,66.6749038696289,185.2515869140625,0.031733333333333336,0.001
,,,,,278920,57.242214,1000,,,,,,
,,,,,279000,,,10.233707427978516,72.27937316894531,71.29180908203125,107.21051788330078,0.031200000000000006,0.001
,,,,,279323,232.8064,403,,,,,,
,,,,,279632,-76.828255,309,,,,,,
,,,,,279901,277.3622,269,,,,,,
118.53386,130.15121,247.73659,-187.46457,629.2,280000,,,5.849506378173828,72.2736587524414,72.93145751953125,79.29179382324219,0.03066666666666666,0.001
,,,,,280191,46.741196,290,,,,,,
,,,,,280447,264.44354,256,,,,,,
,,,,,281000,,,36.948402404785156,64.87920379638672,64.00509643554688,152.00836181640625,0.030133333333333345,0.001
,,,,,281183,146.29224,736,,,,,,
,,,,,282000,,,4.797154426574707,76.42829895019531,76.71383666992188,53.7843017578125,0.0296,0.001
,,,,,282183,-41.684406,1000,,,,,,
,,,,,282678,274.49237,495,,,,,,
,,,,,283000,,,21.68354606628418,59.39350891113281,58.251827239990234,193.89083862304688,0.02906666666666667,0.001
,,,,,283126,217.20044,448,,,,,,
,,,,,283537,-26.675018,411,,,,,,
,,,,,284000,,,15.033255577087402,59.908424377441406,60.39612579345703,93.05815124511719,0.02853333333333334,0.001
,,,,,284048,232.13579,511,,,,,,
,,,,,284339,254.31725,291,,,,,,
,,,,,284725,270.9162,386,,,,,,
,,,,,285000,,,16.830169677734375,57.41685104370117,56.851566314697266,125.98867797851562,0.027999999999999997,0.001
,,,,,285195,264.53107,470,,,,,,
,,,,,286000,,,13.132993698120117,70.49240112304688,70.73506164550781,72.15283966064453,0.02746666666666668,0.001
,,,,,286195,63.22897,1000,,,,,,
,,,,,286671,209.00507,476,,,,,,
,,,,,287000,,,10.64870548248291,56.18450164794922,56.86617660522461,83.08051300048828,0.026933333333333337,0.001
,,,,,287671,-94.9188,1000,,,,,,
,,,,,288000,,,19.24991226196289,75.948974609375,76.36646270751953,128.4458770751953,0.026400000000000007,0.001
,,,,,288217,233.5114,546,,,,,,
,,,,,288566,232.94923,349,,,,,,
,,,,,288836,307.82306,270,,,,,,
,,,,,289000,,,77.408447265625,63.43647766113281,64.68133544921875,93.1696548461914,0.025866666666666677,0.001
,,,,,289316,207.49925,480,,,,,,
,,,,,289570,252.42113,254,,,,,,
,,,,,289718,20.476059,148,,,,,,
207.05608,87.675964,290.85223,-45.12208,397.2,290000,,,4.763067245483398,70.55300903320312,70.73802185058594,53.31371307373047,0.025333333333333333,0.001
,,,,,290199,227.61377,481,,,,,,
,,,,,290751,212.35687,552,,,,,,
,,,,,291000,,,7.437320709228516,74.47835540771484,73.5919189453125,110.07113647460938,0.024800000000000003,0.001
,,,,,291071,235.23878,320,,,,,,
,,,,,291321,256.01913,250,,,,,,
,,,,,291767,229.7421,446,,,,,,
,,,,,292000,,,21.62532615661621,72.41934204101562,72.99977111816406,124.57304382324219,0.024266666666666672,0.001
,,,,,292046,240.08388,279,,,,,,
,,,,,292692,266.19067,646,,,,,,
,,,,,293000,,,17.68975830078125,71.19328308105469,69.80116271972656,185.96234130859375,0.02373333333333333,0.001
,,,,,293072,-259.36505,380,,,,,,
,,,,,293400,40.02603,328,,,,,,
,,,,,294000,,,8.173868179321289,57.08106231689453,57.098472595214844,55.99070358276367,0.023200000000000012,0.001
,,,,,294400,-83.60697,1000,,,,,,
,,,,,294743,256.1258,343,,,,,,
,,,,,294950,257.92804,207,,,,,,
,,,,,295000,,,23.536069869995117,66.489501953125,67.332763671875,112.85972595214844,0.02266666666666667,0.001
,,,,,295847,-199.59702,897,,,,,,
,,,,,296000,,,7.772448539733887,66.74932861328125,66.32949829101562,63.75858688354492,0.022133333333333338,0.001
,,,,,296284,170.19939,437,,,,,,
,,,,,296721,218.67648,437,,,,,,
,,,,,296980,-210.44418,259,,,,,,
,,,,,297000,,,8.049705505371094,82.81778717041016,82.84944152832031,59.73860168457031,0.021600000000000008,0.001
,,,,,297303,269.31848,323,,,,,,
,,,,,297666,249.63707,363,,,,,,
,,,,,298000,,,8.150635719299316,72.51248168945312,72.43875122070312,65.1654281616211,0.021066666666666664,0.001
,,,,,298292,225.8607,626,,,,,,
,,,,,299000,,,6.825345993041992,72.53996276855469,72.49072265625,51.11865234375,0.020533333333333334,0.001
,,,,,299292,-89.532005,1000,,,,,,
,,,,,299622,276.27875,330,,,,,,
,,,,,299867,221.23831,245,,,,,,
145.68318,168.03046,266.40503,-278.87695,466.2,300000,,,6.951743125915527,79.42254638671875,79.72441864013672,81.9413833618164,0.02,0.001
,,,,,300129,279.25317,262,,,,,,
,,,,,300347,-47.107723,218,,,,,,
,,,,,300545,209.21109,198,,,,,,
,,,,,301000,,,18.677698135375977,75.09741973876953,75.50442504882812,158.08428955078125,0.02,0.001
,,,,,301171,227.68753,626,,,,,,
,,,,,301597,-182.5634,426,,,,,,
,,,,,301889,244.37427,292,,,,,,
,,,,,302000,,,9.718708038330078,75.06751251220703,75.56403350830078,76.9429931640625,0.02,0.001
,,,,,302181,239.65503,292,,,,,,
,,,,,302754,134.70462,573,,,,,,
,,,,,303000,,,6.410360336303711,76.84880065917969,75.95161437988281,97.09645080566406,0.02,0.001
,,,,,303754,-123.82398,1000,,,,,,
,,,,,304000,,,53.94385528564453,66.52069091796875,66.50286865234375,139.46255493164062,0.02,0.001
,,,,,304039,259.83368,285,,,,,,
,,,,,304464,-142.7832,425,,,,,,
,,,,,305000,,,12.401734352111816,74.33045959472656,73.4622802734375,101.4796371459961,0.02,0.001
,,,,,305081,191.23239,617,,,,,,
,,,,,305530,232.86905,449,,,,,,
,,,,,305906,271.1397,376,,,,,,
,,,,,306000,,,4.668761253356934,70.61089324951172,71.19927215576172,64.44754791259766,0.02,0.001
,,,,,306268,270.91107,362,,,,,,
,,,,,306683,196.7027,415,,,,,,
,,,,,307000,,,14.034412384033203,71.72047424316406,72.44352722167969,107.53962707519531,0.02,0.001
,,,,,307112,254.71996,429,,,,,,
,,,,,308000,,,217.0598907470703,63.20917510986328,61.73282241821289,420.2550964355469,0.02,0.001
,,,,,308112,34.467354,1000,,,,,,
,,,,,308337,245.64435,225,,,,,,
,,,,,308721,236.24966,384,,,,,,
,,,,,308938,252.1576,217,,,,,,
,,,,,309000,,,26.19284439086914,65.56382751464844,66.09713745117188,134.2683868408203,0.02,0.001
,,,,,309524,257.1408,586,,,,,,
,,,,,309838,238.75667,314,,,,,,
97.574,138.82468,260.18002,-185.49179,492.2,310000,,,30.30976104736328,68.62092590332031,69.96585083007812,121.5730209350586,0.02,0.001
,,,,,310432,201.53174,594,,,,,,
,,,,,311000,,,4.862951755523682,70.21707153320312,69.9897689819336,57.30134201049805,0.02,0.001
,,,,,311045,205.73251,613,,,,,,
,,,,,311319,226.3034,274,,,,,,
,,,,,312000,,,5.84475040435791,71.6514892578125,71.6524658203125,45.47391128540039,0.02,0.001
,,,,,312156,144.47444,837,,,,,,
,,,,,312439,-250.29282,283,,,,,,
,,,,,312651,266.10443,212,,,,,,
,,,,,312925,273.7507,274,,,,,,
,,,,,313000,,,15.947726249694824,59.91204833984375,60.47588348388672,118.00566101074219,0.02,0.001
,,,,,313251,266.22205,326,,,,,,
,,,,,313694,253.80438,443,,,,,,
,,,,,314000,,,9.674971580505371,75.2425765991211,74.330078125,97.0336685180664,0.02,0.001
,,,,,314143,144.90265,449,,,,,,
,,,,,314562,164.08392,419,,,,,,
,,,,,314929,252.59059,367,,,,,,
,,,,,315000,,,33.43779373168945,67.01887512207031,68.6112060546875,119.05664825439453,0.02,0.001
,,,,,315330,292.79895,401,,,,,,
,,,,,316000,,,54.177207946777344,73.7209243774414,73.80429077148438,77.39959716796875,0.02,0.001
,,,,,316205,172.66455,875,,,,,,
,,,,,316453,222.23517,248,,,,,,
,,,,,316838,197.18503,385,,,,,,
,,,,,317000,,,4.780953407287598,69.49957275390625,69.65711975097656,62.18180847167969,0.02,0.001
,,,,,317553,203.36224,715,,,,,,
,,,,,318000,,,14.049905776977539,69.40293884277344,69.36102294921875,106.84143829345703,0.02,0.001
,,,,,318553,-48.85963,1000,,,,,,
,,,,,319000,,,9.14923095703125,71.49356079101562,71.97731018066406,84.30354309082031,0.02,0.001
,,,,,319325,165.50562,772,,,,,,
161.42181,77.81002,251.70932,-6.80542,457.2,320000,,,8.367958068847656,75.19000244140625,75.12581634521484,62.777320861816406,0.02,0.001
,,,,,320325,-18.06749,1000,,,,,,
,,,,,320644,218.7782,319,,,,,,
,,,,,320887,-3.6783524,243,,,,,,
,,,,,321000,,,7.4387922286987305,77.36898803710938,77.70002746582031,60.56424331665039,0.02,0.001
,,,,,321606,87.99829,719,,,,,,
,,,,,322000,,,14.315903663635254,73.54731750488281,74.11074829101562,78.37791442871094,0.02,0.001
,,,,,322002,231.94283,396,,,,,,
,,,,,322327,212.77368,325,,,,,,
,,,,,323000,,,9.601869583129883,69.78880310058594,68.90728759765625,90.00717163085938,0.02,0.001
,,,,,323327,-82.409355,1000,,,,,,
,,,,,323733,-241.07246,406,,,,,,
,,,,,324000,,,72.09136962890625,73.183837890625,73.12019348144531,109.73695373535156,0.02,0.001
,,,,,324069,169.51654,336,,,,,,
,,,,,324432,152.87094,363,,,,,,
,,,,,324817,260.0681,385,,,,,,
,,,,,325000,,,5.637894630432129,71.50787353515625,71.69561767578125,58.61322784423828,0.02,0.001
,,,,,325141,258.55533,324,,,,,,
,,,,,325630,231.53207,489,,,,,,
,,,,,326000,,,6.717043876647949,79.09607696533203,78.9388427734375,62.165367126464844,0.02,0.001
,,,,,326630,-52.619297,1000,,,,,,
,,,,,326946,257.62457,316,,,,,,
,,,,,327000,,,13.71858024597168,86.06529235839844,86.81875610351562,89.68605041503906,0.02,0.001
,,,,,327424,212.3269,478,,,,,,
,,,,,327830,201.07921,406,,,,,,
,,,,,328000,,,10.484140396118164,81.41661071777344,80.86124420166016,72.16678619384766,0.02,0.001
,,,,,328250,254.42085,420,,,,,,
,,,,,328499,294.44092,249,,,,,,
,,,,,329000,,,38.47782897949219,67.67387390136719,67.92903137207031,166.48736572265625,0.02,0.001
,,,,,329499,-65.10236,1000,,,,,,
136.29056,131.88382,242.60191,-81.1294,499.0,330000,,,40.59789276123047,75.44827270507812,74.39320373535156,201.1966552734375,0.02,0.001
,,,,,330499,108.07165,1000,,,,,,
,,,,,331000,,,13.176910400390625,68.16046905517578,67.72087097167969,82.46296691894531,0.02,0.001
,,,,,331499,-88.49583,1000,,,,,,
,,,,,332000,,,19.674152374267578,61.43172073364258,60.98676300048828,93.03856658935547,0.02,0.001
,,,,,332499,141.49768,1000,,,,,,
,,,,,332999,250.0268,500,,,,,,
,,,,,333000,,,7.590131759643555,74.2738265991211,74.46669006347656,72.62899017333984,0.02,0.001
,,,,,333304,194.69704,305,,,,,,
,,,,,333691,254.19876,387,,,,,,
,,,,,334000,,,9.36387825012207,73.20234680175781,72.4323501586914,79.19818878173828,0.02,0.001
,,,,,334691,-44.024982,1000,,,,,,
,,,,,335000,,,7.006566047668457,71.4716567993164,72.2877197265625,80.14022827148438,0.02,0.001
,,,,,335691,-91.69689,1000,,,,,,
,,,,,336000,,,7.849403381347656,71.93592834472656,72.14288330078125,55.052764892578125,0.02,0.001
,,,,,336691,-8.3402,1000,,,,,,
,,,,,336949,310.49176,258,,,,,,
,,,,,337000,,,9.432965278625488,55.30409240722656,55.49192810058594,73.35208129882812,0.02,0.001
,,,,,337800,165.01305,851,,,,,,
,,,,,338000,,,15.381307601928711,68.94706726074219,69.67491149902344,114.4429931640625,0.02,0.001
,,,,,338151,258.2845,351,,,,,,
,,,,,338544,257.83698,393,,,,,,
,,,,,338918,230.30164,374,,,,,,
,,,,,339000,,,112.37614440917969,66.77178955078125,66.78773498535156,137.89219665527344,0.02,0.001
,,,,,339918,-59.29268,1000,,,,,,
63.50866,182.29712,289.85638,-111.62949,712.1,340000,,,32.97901916503906,80.49427795410156,79.27748107910156,109.6867446899414,0.02,0.001
,,,,,340918,-58.875835,1000,,,,,,
,,,,,341000,,,10.158313751220703,64.64399719238281,64.05953979492188,68.65361785888672,0.02,0.001
,,,,,341457,180.3623,539,,,,,,
,,,,,341885,308.00726,428,,,,,,
,,,,,342000,,,5.879899024963379,84.75204467773438,83.88101196289062,105.76993560791016,0.02,0.001
,,,,,342327,159.17636,442,,,,,,
,,,,,342642,258.10016,315,,,,,,
,,,,,343000,,,10.141639709472656,74.29983520507812,74.84882354736328,107.71485900878906,0.02,0.001
,,,,,343642,-51.209896,1000,,,,,,
,,,,,344000,,,5.134225845336914,70.35325622558594,70.71878051757812,60.03163528442383,0.02,0.001
,,,,,344642,-101.516975,1000,,,,,,
,,,,,344848,270.5094,206,,,,,,
,,,,,345000,,,94.59013366699219,78.65719604492188,78.69000244140625,188.6404266357422,0.02,0.001
,,,,,345125,250.50839,277,,,,,,
,,,,,345303,249.83572,178,,,,,,
,,,,,345747,252.41704,444,,,,,,
,,,,,346000,,,9.21542739868164,70.38916778564453,70.65372467041016,66.80045318603516,0.02,0.001
,,,,,346018,217.76465,271,,,,,,
,,,,,346519,243.55208,501,,,,,,
,,,,,346875,219.37231,356,,,,,,
,,,,,347000,,,7.096673011779785,60.3812255859375,59.851444244384766,60.54104232788086,0.02,0.001
,,,,,347109,192.64346,234,,,,,,
,,,,,347352,247.86232,243,,,,,,
,,,,,347561,264.44183,209,,,,,,
,,,,,347874,218.11737,313,,,,,,
,,,,,348000,,,5.78839111328125,66.58985137939453,66.5767593383789,60.72238540649414,0.02,0.001
,,,,,348152,274.06232,278,,,,,,
,,,,,349000,,,9.138272285461426,59.988128662109375,60.18988037109375,56.13483810424805,0.02,0.001
,,,,,349152,-81.87433,1000,,,,,,
,,,,,349475,234.72815,323,,,,,,
,,,,,349722,224.24806,247,,,,,,
64.03488,146.24852,289.323,-193.87552,644.6,350000,,,17.84783935546875,68.16184997558594,68.19072723388672,147.9926300048828,0.02,0.001
,,,,,350199,176.14774,477,,,,,,
,,,,,350687,216.272,488,,,,,,
,,,,,350948,184.58759,261,,,,,,
,,,,,351000,,,10.354899406433105,69.61567687988281,70.10548400878906,69.62091064453125,0.02,0.001
,,,,,351254,262.6908,306,,,,,,
,,,,,352000,,,6.146571636199951,68.56411743164062,68.71192932128906,55.606048583984375,0.02,0.001
,,,,,352254,121.24839,1000,,,,,,
,,,,,352637,225.3634,383,,,,,,
,,,,,352792,15.994316,155,,,,,,
,,,,,353000,,,22.2867488861084,61.81175231933594,61.99447250366211,200.06336975097656,0.02,0.001
,,,,,353294,256.9051,502,,,,,,
,,,,,353567,257.65192,273,,,,,,
,,,,,353870,242.81287,303,,,,,,
,,,,,354000,,,5.5136027336120605,77.1426773071289,76.9129638671875,56.95022201538086,0.02,0.001
,,,,,354169,230.5443,299,,,,,,
,,,,,354459,247.22032,290,,,,,,
,,,,,354871,163.74841,412,,,,,,
,,,,,355000,,,75.63609313964844,60.077537536621094,61.85514831542969,306.052001953125,0.02,0.001
,,,,,355349,226.56046,478,,,,,,
,,,,,355763,251.21634,414,,,,,,
,,,,,356000,,,15.640928268432617,70.33509826660156,69.84161376953125,95.62549591064453,0.02,0.001
,,,,,356086,222.75511,323,,,,,,
,,,,,356265,-155.4686,179,,,,,,
,,,,,356622,194.70998,357,,,,,,
,,,,,356753,-82.00695,131,,,,,,
,,,,,357000,,,10.301553726196289,61.481048583984375,61.579254150390625,76.54256439208984,0.02,0.001
,,,,,357753,51.23001,1000,,,,,,
,,,,,358000,,,4.087512969970703,79.26390075683594,79.32733154296875,36.032649993896484,0.02,0.001
,,,,,358042,278.95178,289,,,,,,
,,,,,358431,222.45242,389,,,,,,
,,,,,358787,225.35623,356,,,,,,
,,,,,359000,,,10.470052719116211,78.8191909790039,78.6601333618164,68.18736267089844,0.02,0.001
,,,,,359328,153.14201,541,,,,,,
,,,,,359914,256.1269,586,,,,,,
195.76163,54.46006,281.5402,116.03618,533.5,360000,,,31.5645694732666,76.23394012451172,76.96366882324219,134.2678985595703,0.02,0.001
,,,,,360370,263.24957,456,,,,,,
,,,,,360630,225.67432,260,,,,,,
,,,,,360840,242.94258,210,,,,,,
,,,,,361000,,,5.730891227722168,70.26807403564453,71.0555191040039,47.85148620605469,0.02,0.001
,,,,,361642,160.25795,802,,,,,,
,,,,,361870,261.40698,228,,,,,,
,,,,,362000,,,8.605077743530273,69.47311401367188,69.67208862304688,63.305999755859375,0.02,0.001
,,,,,362104,259.5633,234,,,,,,
,,,,,362477,196.65698,373,,,,,,
,,,,,362759,242.48752,282,,,,,,
,,,,,363000,,,20.696182250976562,72.12211608886719,72.68836975097656,118.91730499267578,0.02,0.001
,,,,,363069,189.09775,310,,,,,,
,,,,,363807,281.6024,738,,,,,,
,,,,,364000,,,8.801267623901367,62.87945556640625,62.714786529541016,79.08827209472656,0.02,0.001
,,,,,364052,244.99564,245,,,,,,
,,,,,364412,160.30502,360,,,,,,
,,,,,364582,283.05896,170,,,,,,
,,,,,364824,264.4605,242,,,,,,
,,,,,365000,,,6.163308143615723,72.38348388671875,72.08123779296875,58.915897369384766,0.02,0.001
,,,,,365117,207.93573,293,,,,,,
,,,,,365401,256.1031,284,,,,,,
,,,,,366000,,,62.538028717041016,74.63825225830078,76.0676040649414,101.56351470947266,0.02,0.001
,,,,,366254,184.79556,853,,,,,,
,,,,,366541,-371.02576,287,,,,,,
,,,,,366762,247.49266,221,,,,,,
,,,,,367000,,,10.107658386230469,71.93803405761719,72.22731018066406,80.9664306640625,0.02,0.001
,,,,,367295,182.213,533,,,,,,
,,,,,367545,234.76682,250,,,,,,
,,,,,367733,-29.124672,188,,,,,,
,,,,,368000,,,12.015165328979492,65.54841613769531,66.18655395507812,79.81845092773438,0.02,0.001
,,,,,368155,-431.7656,422,,,,,,
,,,,,368472,227.9455,317,,,,,,
,,,,,368854,245.55144,382,,,,,,
,,,,,369000,,,8.203248977661133,66.11931610107422,65.80461883544922,59.24580764770508,0.02,0.001
,,,,,369059,10.581444,205,,,,,,
,,,,,369303,224.83952,244,,,,,,
,,,,,369569,248.53171,266,,,,,,
,,,,,369824,259.54388,255,,,,,,
223.64795,62.69916,288.92926,133.07486,464.9,370000,,,51.985877990722656,70.49478149414062,71.24395751953125,69.42516326904297,0.02,0.001
,,,,,370499,244.40633,675,,,,,,
,,,,,370813,212.05887,314,,,,,,
,,,,,371000,,,38.9124755859375,71.30413055419922,71.92044067382812,175.0175323486328,0.02,0.001
,,,,,371110,248.84534,297,,,,,,
,,,,,371404,272.0873,294,,,,,,
,,,,,371650,277.29346,246,,,,,,
,,,,,371827,246.36,177,,,,,,
,,,,,372000,,,7.570749282836914,71.47256469726562,71.17704772949219,55.61792755126953,0.02,0.001
,,,,,372053,285.1078,226,,,,,,
,,,,,372329,265.8297,276,,,,,,
,,,,,372516,250.53279,187,,,,,,
,,,,,372794,212.59381,278,,,,,,
,,,,,373000,,,289.63031005859375,65.49993133544922,63.343955993652344,774.79931640625,0.02,0.001
,,,,,373056,286.33966,262,,,,,,
,,,,,373310,272.97113,254,,,,,,
,,,,,373553,273.85175,243,,,,,,
,,,,,373916,279.7355,363,,,,,,
,,,,,374000,,,8.599409103393555,63.75511169433594,63.575233459472656,84.57002258300781,0.02,0.001
,,,,,374177,265.95517,261,,,,,,
,,,,,374439,249.685,262,,,,,,
,,,,,374614,299.73114,175,,,,,,
,,,,,374812,214.31827,198,,,,,,
,,,,,375000,,,11.104740142822266,64.23236846923828,65.08071899414062,89.78258514404297,0.02,0.001
,,,,,375104,249.12386,292,,,,,,
,,,,,375379,192.69083,275,,,,,,
,,,,,375502,-14.258644,123,,,,,,
,,,,,375873,252.68973,371,,,,,,
,,,,,376000,,,10.45508098602295,68.9439468383789,68.65812683105469,75.0811767578125,0.02,0.001
,,,,,376110,274.9331,237,,,,,,
,,,,,376313,256.99615,203,,,,,,
,,,,,376635,177.98958,322,,,,,,
,,,,,376773,40.058365,138,,,,,,
,,,,,377000,,,26.581623077392578,78.3360595703125,78.39529418945312,160.77528381347656,0.02,0.001
,,,,,377197,220.93767,424,,,,,,
,,,,,377863,223.28381,666,,,,,,
,,,,,378000,,,6.428749084472656,79.45439910888672,78.47020721435547,98.23484802246094,0.02,0.001
,,,,,378057,285.99902,194,,,,,,
,,,,,378301,281.56583,244,,,,,,
,,,,,378594,233.27428,293,,,,,,
,,,,,378949,256.17914,355,,,,,,
,,,,,379000,,,258.477783203125,83.31781768798828,81.47447967529297,220.41973876953125,0.02,0.001
,,,,,379069,26.424881,120,,,,,,
,,,,,379304,247.86119,235,,,,,,
,,,,,379768,261.49255,464,,,,,,
82.226654,99.18016,207.52518,-67.42204,768.9,380000,,,8.183517456054688,75.03348541259766,74.21931457519531,79.7903060913086,0.02,0.001
,,,,,380064,292.78668,296,,,,,,
,,,,,380265,220.49562,201,,,,,,
,,,,,380600,266.5401,335,,,,,,
,,,,,380968,231.58076,368,,,,,,
,,,,,381000,,,22.179096221923828,66.52715301513672,66.49111938476562,126.63713073730469,0.02,0.001
,,,,,381176,206.40082,208,,,,,,
,,,,,381524,248.5426,348,,,,,,
,,,,,381696,264.34253,172,,,,,,
,,,,,381924,245.11111,228,,,,,,
,,,,,382000,,,27.49835968017578,60.01972579956055,60.95063018798828,136.71412658691406,0.02,0.001
,,,,,382213,260.9094,289,,,,,,
,,,,,382405,272.7243,192,,,,,,
,,,,,382698,234.85905,293,,,,,,
,,,,,383000,,,18.381656646728516,81.41389465332031,80.05704498291016,129.89373779296875,0.02,0.001
,,,,,383048,243.65018,350,,,,,,
,,,,,383208,253.25531,160,,,,,,
,,,,,383448,281.94824,240,,,,,,
,,,,,383720,244.62587,272,,,,,,
,,,,,384000,,,3.3573622703552246,71.02218627929688,70.74456787109375,41.67851638793945,0.02,0.001
,,,,,384036,309.54504,316,,,,,,
,,,,,384413,214.89969,377,,,,,,
,,,,,384612,272.7624,199,,,,,,
,,,,,384793,-169.74661,181,,,,,,
,,,,,385000,,,21.74342155456543,77.07760620117188,76.90931701660156,103.07557678222656,0.02,0.001
,,,,,385006,292.14783,213,,,,,,
,,,,,385264,299.8758,258,,,,,,
,,,,,385523,210.86111,259,,,,,,
,,,,,385846,269.69464,323,,,,,,
,,,,,386000,,,45.18434143066406,59.293148040771484,60.00160217285156,70.9202651977539,0.02,0.001
,,,,,386003,255.06033,157,,,,,,
,,,,,386258,271.5772,255,,,,,,
,,,,,386533,236.98427,275,,,,,,
,,,,,386867,285.23657,334,,,,,,
,,,,,387000,,,5.592811584472656,62.91481018066406,62.722354888916016,66.67863464355469,0.02,0.001
,,,,,387038,284.84473,171,,,,,,
,,,,,387278,271.73804,240,,,,,,
,,,,,387433,35.658905,155,,,,,,
,,,,,387798,-153.12497,365,,,,,,
,,,,,388000,,,19.559375762939453,75.77810668945312,75.81273651123047,161.52342224121094,0.02,0.001
,,,,,388036,254.8696,238,,,,,,
,,,,,388215,241.44559,179,,,,,,
,,,,,388452,212.46155,237,,,,,,
,,,,,388794,286.3437,342,,,,,,
,,,,,389000,,,16.336429595947266,74.92689514160156,76.31414794921875,117.74896240234375,0.02,0.001
,,,,,389025,267.10547,231,,,,,,
,,,,,389286,231.4524,261,,,,,,
,,,,,389697,204.44814,411,,,,,,
247.86943,62.100643,294.10986,71.93541,241.6,390000,,,4.281937599182129,74.79209899902344,74.10348510742188,55.92665100097656,0.02,0.001
,,,,,390274,284.1836,577,,,,,,
,,,,,390490,241.0292,216,,,,,,
,,,,,390839,250.31381,349,,,,,,
,,,,,390989,248.74387,150,,,,,,
,,,,,391000,,,7.827376365661621,78.23297882080078,78.2303695678711,65.39669799804688,0.02,0.001
,,,,,391142,15.287239,153,,,,,,
,,,,,391486,236.0967,344,,,,,,
,,,,,391679,246.92624,193,,,,,,
,,,,,391936,288.32977,257,,,,,,
,,,,,392000,,,5.670827388763428,66.61174011230469,67.19535064697266,67.3801040649414,0.02,0.001
,,,,,392335,210.6123,399,,,,,,
,,,,,392772,246.75345,437,,,,,,
,,,,,392921,-52.2017,149,,,,,,
,,,,,393000,,,5.80366325378418,67.78659057617188,68.45161437988281,68.62540435791016,0.02,0.001
,,,,,393266,249.14961,345,,,,,,
,,,,,393531,223.14572,265,,,,,,
,,,,,393766,256.97562,235,,,,,,
,,,,,394000,,,8.895042419433594,68.30136108398438,68.18235778808594,83.0079574584961,0.02,0.001
,,,,,394596,148.14249,830,,,,,,
,,,,,395000,,,15.995939254760742,75.72306823730469,76.81623840332031,83.93671417236328,0.02,0.001
,,,,,395192,208.59259,596,,,,,,
,,,,,395633,241.8612,441,,,,,,
,,,,,395913,264.87848,280,,,,,,
,,,,,396000,,,25.065975189208984,61.87649154663086,61.826683044433594,110.79306030273438,0.02,0.001
,,,,,396175,281.3216,262,,,,,,
,,,,,396875,155.07646,700,,,,,,
,,,,,397000,,,9.189807891845703,70.14372253417969,70.59362030029297,63.73148727416992,0.02,0.001
,,,,,397351,272.66785,476,,,,,,
,,,,,397913,200.9504,562,,,,,,
,,,,,398000,,,6.992694854736328,75.89286804199219,75.84317779541016,72.13796997070312,0.02,0.001
,,,,,398162,273.60828,249,,,,,,
,,,,,398320,16.019493,158,,,,,,
,,,,,398530,236.99164,210,,,,,,
,,,,,398889,280.20154,359,,,,,,
,,,,,399000,,,7.4949469566345215,65.97319030761719,66.03656768798828,62.330101013183594,0.02,0.001
,,,,,399057,267.61426,168,,,,,,
,,,,,399222,261.9713,165,,,,,,
,,,,,399687,258.06805,465,,,,,,
,,,,,399925,256.87366,238,,,,,,
233.12944,58.78514,293.7537,113.92035,382.4,400000,,,17.516254425048828,66.4295425415039,66.92413330078125,138.07191467285156,0.02,0.001
,,,,,400162,251.06302,237,,,,,,
,,,,,401000,,,4.06229305267334,77.0981216430664,77.40494537353516,37.878231048583984,0.02,0.001
,,,,,401162,128.3358,1000,,,,,,
,,,,,401635,300.51123,473,,,,,,
,,,,,401914,238.0427,279,,,,,,
,,,,,402000,,,4.789459228515625,70.59700012207031,70.26927185058594,42.794979095458984,0.02,0.001
,,,,,402104,236.18842,190,,,,,,
,,,,,403000,,,11.132012367248535,75.28691101074219,75.02831268310547,72.9307632446289,0.02,0.001
,,,,,403104,-87.30727,1000,,,,,,
,,,,,403478,265.89938,374,,,,,,
,,,,,404000,,,22.742183685302734,63.37860870361328,64.11920928955078,147.9834442138672,0.02,0.001
,,,,,404160,167.41733,682,,,,,,
,,,,,404426,248.13837,266,,,,,,
,,,,,404940,140.58063,514,,,,,,
,,,,,405000,,,46.57577133178711,79.031005859375,80.24971771240234,207.300048828125,0.02,0.001
,,,,,405282,206.68553,342,,,,,,
,,,,,405739,247.37851,457,,,,,,
,,,,,405975,237.47588,236,,,,,,
,,,,,406000,,,7.256190299987793,66.9600830078125,66.87850952148438,71.22510528564453,0.02,0.001
,,,,,406267,227.69772,292,,,,,,
,,,,,406464,248.6475,197,,,,,,
,,,,,406629,67.938126,165,,,,,,
,,,,,407000,,,32.163963317871094,70.3138656616211,70.74092864990234,107.43262481689453,0.02,0.001
,,,,,407180,166.03084,551,,,,,,
,,,,,407599,235.83719,419,,,,,,
,,,,,407935,251.7029,336,,,,,,
,,,,,408000,,,6.834922790527344,65.03227996826172,65.06663513183594,59.447147369384766,0.02,0.001
,,,,,408935,115.11116,1000,,,,,,
,,,,,409000,,,12.126933097839355,71.23018646240234,71.0218276977539,87.73438262939453,0.02,0.001
,,,,,409257,229.56425,322,,,,,,
,,,,,409450,277.776,193,,,,,,
,,,,,409686,287.67212,236,,,,,,
,,,,,409959,251.6389,273,,,,,,
264.89172,31.935635,295.72318,180.41353,232.2,410000,,,2.438016176223755,73.54930877685547,73.34210968017578,40.94632339477539,0.02,0.001
,,,,,410378,235.99954,419,,,,,,
,,,,,410548,270.84656,170,,,,,,
,,,,,411000,,,9.12428092956543,65.03500366210938,64.78224182128906,69.94717407226562,0.02,0.001
,,,,,411111,220.66904,563,,,,,,
,,,,,411279,243.54941,168,,,,,,
,,,,,411582,250.6181,303,,,,,,
,,,,,411787,291.18063,205,,,,,,
,,,,,412000,,,68.00778198242188,56.41337966918945,55.538726806640625,245.38381958007812,0.02,0.001
,,,,,412191,243.21667,404,,,,,,
,,,,,412485,248.97902,294,,,,,,
,,,,,412730,256.43134,245,,,,,,
,,,,,412996,206.06042,266,,,,,,
,,,,,413000,,,12.565347671508789,68.19247436523438,67.64112854003906,96.35194396972656,0.02,0.001
,,,,,413170,254.1433,174,,,,,,
,,,,,413519,202.57645,349,,,,,,
,,,,,413817,214.07332,298,,,,,,
,,,,,414000,,,13.55859375,66.75830078125,65.3882064819336,104.84439849853516,0.02,0.001
,,,,,414111,227.96239,294,,,,,,
,,,,,414204,11.189041,93,,,,,,
,,,,,414391,265.21362,187,,,,,,
,,,,,414616,257.8069,225,,,,,,
,,,,,414856,294.5979,240,,,,,,
,,,,,415000,,,7.20439338684082,67.73934936523438,67.79080200195312,57.98672866821289,0.02,0.001
,,,,,415254,251.63977,398,,,,,,
,,,,,415428,280.91306,174,,,,,,
,,,,,415711,274.37067,283,,,,,,
,,,,,416000,,,18.779024124145508,79.30060577392578,80.23992919921875,84.39502716064453,0.02,0.001
,,,,,416090,273.74042,379,,,,,,
,,,,,416314,248.45013,224,,,,,,
,,,,,416701,267.3179,387,,,,,,
,,,,,416900,264.0243,199,,,,,,
,,,,,417000,,,5.519980430603027,71.29792785644531,71.39114379882812,49.965274810791016,0.02,0.001
,,,,,417268,269.42432,368,,,,,,
,,,,,417518,290.15063,250,,,,,,
,,,,,417709,245.61522,191,,,,,,
,,,,,417918,274.8424,209,,,,,,
,,,,,418000,,,18.505474090576172,69.45980834960938,69.8425521850586,100.27588653564453,0.02,0.001
,,,,,418192,236.98094,274,,,,,,
,,,,,418415,262.75848,223,,,,,,
,,,,,418697,250.77806,282,,,,,,
,,,,,418884,263.60052,187,,,,,,
,,,,,419000,,,13.367372512817383,58.022621154785156,57.76407241821289,67.84110260009766,0.02,0.001
,,,,,419146,281.98502,262,,,,,,
,,,,,419433,241.08788,287,,,,,,
,,,,,419670,249.43817,237,,,,,,
,,,,,419866,278.5944,196,,,,,,
239.13474,31.191599,279.53726,189.74413,345.4,420000,,,4.56001615524292,75.45516204833984,75.35342407226562,57.06099319458008,0.02,0.001
,,,,,420088,314.3145,222,,,,,,
,,,,,420310,267.8535,222,,,,,,
,,,,,420641,275.37396,331,,,,,,
,,,,,421000,,,70.76229095458984,65.22903442382812,63.39637756347656,315.9797058105469,0.02,0.001
,,,,,421034,243.13126,393,,,,,,
,,,,,421222,271.2245,188,,,,,,
,,,,,421423,47.027145,201,,,,,,
,,,,,421946,222.83139,523,,,,,,
,,,,,422000,,,11.710356712341309,71.4756851196289,71.04934692382812,122.99229431152344,0.02,0.001
,,,,,422144,243.15181,198,,,,,,
,,,,,422381,282.41193,237,,,,,,
,,,,,422640,234.2698,259,,,,,,
,,,,,422875,294.43768,235,,,,,,
,,,,,423000,,,4.84123420715332,72.07148742675781,71.93276977539062,42.380279541015625,0.02,0.001
,,,,,423185,250.19272,310,,,,,,
,,,,,423387,276.12613,202,,,,,,
,,,,,423546,270.5526,159,,,,,,
,,,,,423754,282.3158,208,,,,,,
,,,,,423998,264.7688,244,,,,,,
,,,,,424000,,,24.23184585571289,65.75529479980469,66.29332733154297,121.16381072998047,0.02,0.001
,,,,,424231,266.06873,233,,,,,,
,,,,,424500,300.55164,269,,,,,,
,,,,,424915,227.71011,415,,,,,,
,,,,,425000,,,27.822593688964844,69.07962036132812,70.59575653076172,126.18408203125,0.02,0.001
,,,,,425228,279.7278,313,,,,,,
,,,,,425480,253.20815,252,,,,,,
,,,,,425832,236.93277,352,,,,,,
,,,,,426000,,,6.8425140380859375,73.76707458496094,74.30567932128906,68.97163391113281,0.02,0.001
,,,,,426105,254.85013,273,,,,,,
,,,,,426664,233.78285,559,,,,,,
,,,,,426901,217.35907,237,,,,,,
,,,,,427000,,,9.521406173706055,62.043731689453125,61.91443634033203,76.98246765136719,0.02,0.001
,,,,,427152,258.59955,251,,,,,,
,,,,,427467,244.64749,315,,,,,,
,,,,,427602,61.64937,135,,,,,,
,,,,,427686,49.763123,84,,,,,,
,,,,,427962,273.55078,276,,,,,,
,,,,,428000,,,8.839886665344238,62.74333572387695,62.80419158935547,76.0882568359375,0.02,0.001
,,,,,428181,272.63538,219,,,,,,
,,,,,428400,288.40002,219,,,,,,
,,,,,428603,312.4477,203,,,,,,
,,,,,428798,277.57242,195,,,,,,
,,,,,429000,,,4.984002113342285,70.05374145507812,69.91621398925781,42.46372985839844,0.02,0.001
,,,,,429157,233.71693,359,,,,,,
,,,,,429357,259.7929,200,,,,,,
,,,,,429671,191.60425,314,,,,,,
,,,,,429854,259.7299,183,,,,,,
179.61969,73.00843,267.0569,75.867226,565.1,430000,,,7.723652362823486,59.555118560791016,60.535972595214844,78.1283187866211,0.02,0.001
,,,,,430098,254.54376,244,,,,,,
,,,,,430356,251.11597,258,,,,,,
,,,,,430604,237.1445,248,,,,,,
,,,,,430907,291.3753,303,,,,,,
,,,,,431000,,,3.6428611278533936,64.58387756347656,64.2994613647461,39.40097427368164,0.02,0.001
,,,,,431071,264.13647,164,,,,,,
,,,,,431417,159.62924,346,,,,,,
,,,,,431609,279.3132,192,,,,,,
,,,,,431788,217.49918,179,,,,,,
,,,,,432000,,,61.111961364746094,68.61917877197266,69.753173828125,105.85350036621094,0.02,0.001
,,,,,432422,278.66595,634,,,,,,
,,,,,432689,248.43288,267,,,,,,
,,,,,432933,256.95404,244,,,,,,
,,,,,433000,,,11.644645690917969,67.87873840332031,67.669921875,77.03145599365234,0.02,0.001
,,,,,433226,-2.8364105,293,,,,,,
,,,,,433489,236.48442,263,,,,,,
,,,,,433730,254.25859,241,,,,,,
,,,,,434000,,,14.468676567077637,65.366943359375,65.87770080566406,88.82197570800781,0.02,0.001
,,,,,434196,161.57703,466,,,,,,
,,,,,434440,239.94337,244,,,,,,
,,,,,434978,239.98093,538,,,,,,
,,,,,435000,,,13.149435043334961,61.98329544067383,62.548946380615234,87.08087921142578,0.02,0.001
,,,,,435298,209.19168,320,,,,,,
,,,,,435712,210.74274,414,,,,,,
,,,,,436000,,,22.07430648803711,69.91742706298828,70.59266662597656,114.69950866699219,0.02,0.001
,,,,,436045,243.10239,333,,,,,,
,,,,,436244,303.69788,199,,,,,,
,,,,,436432,278.63977,188,,,,,,
,,,,,436768,317.2539,336,,,,,,
,,,,,437000,,,23.251319885253906,82.75845336914062,83.16630554199219,138.2220001220703,0.02,0.001
,,,,,437130,247.00812,362,,,,,,
,,,,,437401,278.93625,271,,,,,,
,,,,,437600,262.8263,199,,,,,,
,,,,,437909,222.90918,309,,,,,,
,,,,,438000,,,4.741947174072266,71.91674041748047,71.93497467041016,39.75905990600586,0.02,0.001
,,,,,438115,249.19006,206,,,,,,
,,,,,438274,249.18839,159,,,,,,
,,,,,438492,294.2578,218,,,,,,
,,,,,438832,232.45695,340,,,,,,
,,,,,439000,,,11.063424110412598,65.69110107421875,65.60824584960938,59.996150970458984,0.02,0.001
,,,,,439305,259.63705,473,,,,,,
,,,,,439515,237.20975,210,,,,,,
,,,,,439601,-17.02156,86,,,,,,
,,,,,439739,-107.19283,138,,,,,,
,,,,,439977,276.50665,238,,,,,,
225.02872,77.867584,293.09756,10.167137,236.5,440000,,,45.56806945800781,63.32830810546875,63.55036163330078,308.190673828125,0.02,0.001
,,,,,440912,204.95755,935,,,,,,
,,,,,441000,,,56.899723052978516,68.27978515625,69.12667846679688,88.51788330078125,0.02,0.001
,,,,,441132,274.61078,220,,,,,,
,,,,,441444,261.8294,312,,,,,,
,,,,,441756,159.03442,312,,,,,,
,,,,,442000,,,3.8715929985046387,69.6736068725586,69.85992431640625,42.82271957397461,0.02,0.001
,,,,,442087,219.9863,331,,,,,,
,,,,,442367,264.6438,280,,,,,,
,,,,,442780,198.80838,413,,,,,,
,,,,,443000,,,77.68091583251953,69.43563842773438,70.94734954833984,86.06869506835938,0.02,0.001
,,,,,443228,238.4659,448,,,,,,
,,,,,443505,261.76617,277,,,,,,
,,,,,443907,300.92706,402,,,,,,
,,,,,444000,,,11.395910263061523,70.4097900390625,70.89186096191406,98.70886993408203,0.02,0.001
,,,,,444069,-146.22237,162,,,,,,
,,,,,444343,227.43082,274,,,,,,
,,,,,444657,289.57486,314,,,,,,
,,,,,444843,298.02042,186,,,,,,
,,,,,445000,,,4.17930269241333,68.51673889160156,68.74707794189453,41.849082946777344,0.02,0.001
,,,,,445101,253.24272,258,,,,,,
,,,,,445545,246.07484,444,,,,,,
,,,,,445740,243.54472,195,,,,,,
,,,,,445973,265.98962,233,,,,,,
,,,,,446000,,,6.498828887939453,64.85791015625,65.037841796875,79.1234130859375,0.02,0.001
,,,,,446328,203.51956,355,,,,,,
,,,,,446708,198.41827,380,,,,,,
,,,,,447000,,,9.256904602050781,67.27926635742188,67.14491271972656,67.06331634521484,0.02,0.001
,,,,,447040,304.41138,332,,,,,,
,,,,,447418,275.72424,378,,,,,,
,,,,,447760,252.2754,342,,,,,,
,,,,,448000,,,4.941082954406738,67.54896545410156,67.7522201538086,43.714202880859375,0.02,0.001
,,,,,448104,172.97148,344,,,,,,
,,,,,448513,267.3547,409,,,,,,
,,,,,448711,299.00452,198,,,,,,
,,,,,448968,305.03027,257,,,,,,
,,,,,449000,,,9.54463005065918,74.87016296386719,74.47979736328125,95.18487548828125,0.02,0.001
,,,,,449221,234.67479,253,,,,,,
,,,,,449352,-4.453171,131,,,,,,
,,,,,449599,261.05167,247,,,,,,
,,,,,449880,185.33237,281,,,,,,
189.71346,83.588036,284.66095,16.233559,449.4,450000,,,19.835100173950195,66.64093017578125,67.19424438476562,80.36820983886719,0.02,0.001
,,,,,450135,235.69502,255,,,,,,
,,,,,450410,254.97633,275,,,,,,
,,,,,450751,220.0861,341,,,,,,
,,,,,451000,,,50.6749153137207,64.47509002685547,63.401615142822266,171.5441436767578,0.02,0.001
,,,,,451063,244.73576,312,,,,,,
,,,,,451260,240.24461,197,,,,,,
,,,,,451473,207.77057,213,,,,,,
,,,,,451748,238.80383,275,,,,,,
,,,,,452000,,,12.485166549682617,66.32723236083984,66.65687561035156,101.74851989746094,0.02,0.001
,,,,,452192,240.98593,444,,,,,,
,,,,,452495,286.86835,303,,,,,,
,,,,,452804,280.8909,309,,,,,,
,,,,,452954,281.60754,150,,,,,,
,,,,,453000,,,76.84929656982422,69.59968566894531,70.33695983886719,136.69952392578125,0.02,0.001
,,,,,453248,284.40936,294,,,,,,
,,,,,453649,278.5639,401,,,,,,
,,,,,454000,,,25.808624267578125,65.44993591308594,65.57099914550781,124.98806762695312,0.02,0.001
,,,,,454649,87.143135,1000,,,,,,
,,,,,455000,,,7.089145183563232,75.87922668457031,75.59756469726562,53.48161315917969,0.02,0.001
,,,,,455063,234.77893,414,,,,,,
,,,,,455417,233.44579,354,,,,,,
,,,,,455708,256.13754,291,,,,,,
,,,,,455971,198.10611,263,,,,,,
,,,,,456000,,,9.324161529541016,71.02660369873047,71.65567016601562,75.96583557128906,0.02,0.001
,,,,,456565,182.71812,594,,,,,,
,,,,,456777,279.10007,212,,,,,,
,,,,,456947,268.8431,170,,,,,,
,,,,,457000,,,68.9461669921875,64.77687072753906,65.99508666992188,79.54458618164062,0.02,0.001
,,,,,457223,273.93884,276,,,,,,
,,,,,457386,-39.377655,163,,,,,,
,,,,,457898,255.41635,512,,,,,,
,,,,,458000,,,60.409324645996094,73.59574890136719,74.36627197265625,74.1044692993164,0.02,0.001
,,,,,458065,-3.8391266,167,,,,,,
,,,,,458404,233.48099,339,,,,,,
,,,,,458627,221.25574,223,,,,,,
,,,,,458820,244.53372,193,,,,,,
,,,,,459000,,,4.0000715255737305,74.06973266601562,74.3356704711914,38.6668701171875,0.02,0.001
,,,,,459047,240.86665,227,,,,,,
,,,,,459347,251.99095,300,,,,,,
,,,,,459596,295.0537,249,,,,,,
265.8487,22.969727,297.87872,221.7161,252.2,460000,,,4.054464340209961,67.26033020019531,66.7767105102539,39.83708190917969,0.02,0.001
,,,,,460162,157.97139,566,,,,,,
,,,,,460442,183.08942,280,,,,,,
,,,,,460753,270.23108,311,,,,,,
,,,,,461000,,,5.141759872436523,69.03218078613281,68.4643783569336,67.0227279663086,0.02,0.001
,,,,,461167,258.03412,414,,,,,,
,,,,,461552,230.36464,385,,,,,,
,,,,,461871,200.8067,319,,,,,,
,,,,,462000,,,41.5247917175293,66.37670135498047,66.84634399414062,250.52255249023438,0.02,0.001
,,,,,462293,274.04474,422,,,,,,
,,,,,462508,238.3665,215,,,,,,
,,,,,462773,273.06024,265,,,,,,
,,,,,463000,,,34.9719352722168,67.8836441040039,68.05482482910156,72.79850006103516,0.02,0.001
,,,,,463029,244.65361,256,,,,,,
,,,,,463275,264.65588,246,,,,,,
,,,,,463444,256.3691,169,,,,,,
,,,,,463536,-18.363098,92,,,,,,
,,,,,463844,286.0047,308,,,,,,
,,,,,464000,,,5.734442234039307,68.6291732788086,69.70408630371094,75.99362182617188,0.02,0.001
,,,,,464287,299.45837,443,,,,,,
,,,,,464837,193.80647,550,,,,,,
,,,,,465000,,,57.181053161621094,72.3616943359375,73.79998779296875,151.93264770507812,0.02,0.001
,,,,,465459,198.0661,622,,,,,,
,,,,,465869,203.61612,410,,,,,,
,,,,,466000,,,10.231098175048828,73.23350524902344,73.11761474609375,90.95448303222656,0.02,0.001
,,,,,466055,275.3374,186,,,,,,
,,,,,466341,232.37383,286,,,,,,
,,,,,466644,274.64725,303,,,,,,
,,,,,466899,277.68854,255,,,,,,
,,,,,467000,,,13.631300926208496,70.24032592773438,70.8725814819336,77.21296691894531,0.02,0.001
,,,,,467011,-6.3311157,112,,,,,,
,,,,,467258,280.3932,247,,,,,,
,,,,,467676,249.7293,418,,,,,,
,,,,,467988,-275.36063,312,,,,,,
,,,,,468000,,,11.194833755493164,63.656490325927734,63.98242950439453,80.5447006225586,0.02,0.001
,,,,,468243,239.00743,255,,,,,,
,,,,,468411,261.23138,168,,,,,,
,,,,,468631,249.72255,220,,,,,,
,,,,,468750,-0.9391556,119,,,,,,
,,,,,469000,,,16.048564910888672,65.21086120605469,66.0516128540039,74.96050262451172,0.02,0.001
,,,,,469062,243.56876,312,,,,,,
,,,,,469254,-4.947571,192,,,,,,
,,,,,469557,195.08026,303,,,,,,
218.21355,80.19355,298.5514,21.122314,386.0,470000,,,6.064878940582275,66.83501434326172,66.34814453125,60.260772705078125,0.02,0.001
,,,,,470141,36.817398,584,,,,,,
,,,,,470371,270.12476,230,,,,,,
,,,,,470598,275.632,227,,,,,,
,,,,,470768,260.39478,170,,,,,,
,,,,,470965,273.92358,197,,,,,,
,,,,,471000,,,3.805731773376465,67.79100036621094,67.18292999267578,58.682559967041016,0.02,0.001
,,,,,471859,221.68428,894,,,,,,
,,,,,472000,,,9.8109130859375,80.20024108886719,79.58091735839844,116.88067626953125,0.02,0.001
,,,,,472033,240.44603,174,,,,,,
,,,,,472425,223.39539,392,,,,,,
,,,,,472665,269.7657,240,,,,,,
,,,,,472931,256.60974,266,,,,,,
,,,,,473000,,,7.269495964050293,71.89157104492188,72.53272247314453,96.10071563720703,0.02,0.001
,,,,,473265,-196.3528,334,,,,,,
,,,,,473527,270.59094,262,,,,,,
,,,,,473866,289.8098,339,,,,,,
,,,,,474000,,,9.734170913696289,69.64378356933594,69.83675384521484,61.80562973022461,0.02,0.001
,,,,,474106,255.28595,240,,,,,,
,,,,,474306,255.9257,200,,,,,,
,,,,,474673,236.9311,367,,,,,,
,,,,,474943,281.04413,270,,,,,,
,,,,,475000,,,4.496050834655762,67.7073745727539,67.6489028930664,38.90043258666992,0.02,0.001
,,,,,475233,281.6386,290,,,,,,
,,,,,475509,276.79507,276,,,,,,
,,,,,475729,249.11525,220,,,,,,
,,,,,476000,,,10.697050094604492,60.852989196777344,61.323516845703125,106.7300033569336,0.02,0.001
,,,,,476370,167.70811,641,,,,,,
,,,,,476685,246.93738,315,,,,,,
,,,,,477000,,,17.592182159423828,62.21772766113281,61.37522506713867,92.3271484375,0.02,0.001
,,,,,477133,251.9706,448,,,,,,
,,,,,477580,225.45038,447,,,,,,
,,,,,477921,251.45251,341,,,,,,
,,,,,478000,,,9.84524917602539,77.02667236328125,77.36432647705078,128.82725524902344,0.02,0.001
,,,,,478138,278.7046,217,,,,,,
,,,,,478592,255.37755,454,,,,,,
,,,,,478861,273.95892,269,,,,,,
,,,,,479000,,,18.704639434814453,70.60054016113281,70.78938293457031,103.04306030273438,0.02,0.001
,,,,,479190,160.35709,329,,,,,,
,,,,,479371,215.81387,181,,,,,,
228.53915,47.042328,294.6578,130.58093,274.7,480000,,,5.895899295806885,71.80889892578125,72.12079620361328,40.252708435058594,0.02,0.001
,,,,,480195,87.42266,824,,,,,,
,,,,,480528,238.44173,333,,,,,,
,,,,,481000,,,9.850069999694824,62.44099807739258,62.319602966308594,44.00958251953125,0.02,0.001
,,,,,481041,175.21297,513,,,,,,
,,,,,481306,237.50098,265,,,,,,
,,,,,481677,278.40805,371,,,,,,
,,,,,481792,13.669579,115,,,,,,
,,,,,482000,,,24.231586456298828,70.18565368652344,71.06489562988281,129.850830078125,0.02,0.001
,,,,,482011,276.12018,219,,,,,,
,,,,,482426,262.5744,415,,,,,,
,,,,,482878,289.2849,452,,,,,,
,,,,,483000,,,9.772233009338379,72.5369873046875,72.68038940429688,96.34033203125,0.02,0.001
,,,,,483119,271.39835,241,,,,,,
,,,,,483369,273.04755,250,,,,,,
,,,,,483767,245.17989,398,,,,,,
,,,,,483976,270.59106,209,,,,,,
,,,,,484000,,,3.8688406944274902,72.10026550292969,72.50782775878906,57.33067321777344,0.02,0.001
,,,,,484509,241.92204,533,,,,,,
,,,,,484874,246.78612,365,,,,,,
,,,,,485000,,,5.433910846710205,75.35103607177734,74.67630004882812,82.88350677490234,0.02,0.001
,,,,,485154,282.0916,280,,,,,,
,,,,,485488,252.73093,334,,,,,,
,,,,,485801,254.50021,313,,,,,,
,,,,,486000,,,5.823139190673828,71.74623107910156,71.63611602783203,55.02029037475586,0.02,0.001
,,,,,486054,281.18796,253,,,,,,
,,,,,486318,263.96387,264,,,,,,
,,,,,486593,228.8166,275,,,,,,
,,,,,486939,292.57623,346,,,,,,
,,,,,487000,,,7.611597537994385,65.12864685058594,65.14411926269531,77.2099609375,0.02,0.001
,,,,,487586,223.0636,647,,,,,,
,,,,,487944,278.802,358,,,,,,
,,,,,488000,,,17.87303352355957,64.885498046875,66.09759521484375,128.76329040527344,0.02,0.001
,,,,,488322,279.78998,378,,,,,,
,,,,,488658,-175.88152,336,,,,,,
,,,,,488887,292.09723,229,,,,,,
,,,,,489000,,,23.21979522705078,68.42325592041016,67.53712463378906,142.25131225585938,0.02,0.001
,,,,,489165,294.90973,278,,,,,,
,,,,,489484,231.76482,319,,,,,,
,,,,,489712,291.36377,228,,,,,,
207.15694,79.72484,287.77438,21.342606,449.5,490000,,,6.374123573303223,75.72322845458984,76.2451400756836,54.5543327331543,0.02,0.001
,,,,,490041,202.3193,329,,,,,,
,,,,,490283,282.84668,242,,,,,,
,,,,,490691,214.01031,408,,,,,,
,,,,,491000,,,7.724914073944092,75.2175521850586,75.20594787597656,47.47911071777344,0.02,0.001
,,,,,491377,223.61732,686,,,,,,
,,,,,491820,280.1167,443,,,,,,
,,,,,492000,,,5.292520046234131,72.0504150390625,72.47875213623047,57.7365837097168,0.02,0.001
,,,,,492118,284.1525,298,,,,,,
,,,,,492305,253.06677,187,,,,,,
,,,,,492634,237.61867,329,,,,,,
,,,,,493000,,,13.573097229003906,72.70706176757812,72.86739349365234,69.353271484375,0.02,0.001
,,,,,493634,-77.02373,1000,,,,,,
,,,,,494000,,,78.64071655273438,68.64996337890625,69.37236022949219,128.71652221679688,0.02,0.001
,,,,,494634,70.243416,1000,,,,,,
,,,,,494980,203.24991,346,,,,,,
,,,,,495000,,,25.464948654174805,64.63130187988281,64.04750061035156,165.22718811035156,0.02,0.001
,,,,,495341,262.94568,361,,,,,,
,,,,,495623,238.2346,282,,,,,,
,,,,,495867,248.0393,244,,,,,,
,,,,,496000,,,8.301090240478516,77.48342895507812,77.67694854736328,66.69805145263672,0.02,0.001
,,,,,496077,272.0182,210,,,,,,
,,,,,496400,275.26398,323,,,,,,
,,,,,496636,248.6417,236,,,,,,
,,,,,497000,,,5.75681209564209,76.07797241210938,75.67127990722656,50.243743896484375,0.02,0.001
,,,,,497144,216.45862,508,,,,,,
,,,,,498000,,,17.02674674987793,71.39524841308594,71.14573669433594,122.44062042236328,0.02,0.001
,,,,,498144,2.1757963,1000,,,,,,
,,,,,498637,311.36786,493,,,,,,
,,,,,498941,289.77927,304,,,,,,
,,,,,499000,,,8.271136283874512,68.63572692871094,68.41471862792969,74.52735137939453,0.02,0.001
,,,,,499173,300.73462,232,,,,,,
,,,,,499420,251.47285,247,,,,,,
,,,,,499879,235.89017,459,,,,,,
