Eval_AverageReturn,Eval_StdReturn,Eval_MaxReturn,Eval_MinReturn,Eval_AverageEpLen,step,Train_EpisodeReturn,Train_EpisodeLen,critic_loss,q_values,target_values,grad_norm,epsilon,lr
-821.94806,339.06613,-429.61624,-1508.9178,98.7,0,,,,,,,,
,,,,,104,-185.25381,105,,,,,,
,,,,,175,-159.61005,71,,,,,,
,,,,,260,-105.54912,85,,,,,,
,,,,,319,-23.792824,59,,,,,,
,,,,,399,-220.15646,80,,,,,,
,,,,,458,-104.39626,59,,,,,,
,,,,,532,-115.099724,74,,,,,,
,,,,,599,-232.79347,67,,,,,,
,,,,,662,-128.92262,63,,,,,,
,,,,,757,-128.80255,95,,,,,,
,,,,,815,-114.74197,58,,,,,,
,,,,,878,-111.79306,63,,,,,,
,,,,,934,-109.72234,56,,,,,,
,,,,,1011,-99.81879,77,,,,,,
,,,,,1066,-118.21073,55,,,,,,
,,,,,1137,-116.98258,71,,,,,,
,,,,,1224,-86.797066,87,,,,,,
,,,,,1294,-123.96051,70,,,,,,
,,,,,1370,-268.82108,76,,,,,,
,,,,,1439,40.53714,69,,,,,,
,,,,,1504,-220.26349,65,,,,,,
,,,,,1589,-94.82921,85,,,,,,
,,,,,1663,-124.97922,74,,,,,,
,,,,,1750,-94.19871,87,,,,,,
,,,,,1831,-122.38826,81,,,,,,
,,,,,1895,-128.50104,64,,,,,,
,,,,,1971,-104.00763,76,,,,,,
,,,,,2032,-91.684395,61,,,,,,
,,,,,2117,-117.10275,85,,,,,,
,,,,,2177,-125.133286,60,,,,,,
,,,,,2265,-84.62807,88,,,,,,
,,,,,2325,-164.85538,60,,,,,,
,,,,,2388,-60.04022,63,,,,,,
,,,,,2481,-86.5487,93,,,,,,
,,,,,2563,-195.04938,82,,,,,,
,,,,,2639,-113.62355,76,,,,,,
,,,,,2717,-142.02756,78,,,,,,
,,,,,2810,-86.71265,93,,,,,,
,,,,,2896,-188.2627,86,,,,,,
,,,,,2968,-120.61829,72,,,,,,
,,,,,3038,-93.28409,70,,,,,,
,,,,,3113,-203.53003,75,,,,,,
,,,,,3182,-124.98572,69,,,,,,
,,,,,3265,-185.3436,83,,,,,,
,,,,,3343,-144.19142,78,,,,,,
,,,,,3427,-104.2336,84,,,,,,
,,,,,3511,-163.01868,84,,,,,,
,,,,,3582,-89.51706,71,,,,,,
,,,,,3657,-315.97012,75,,,,,,
,,,,,3760,-151.42987,103,,,,,,
,,,,,3815,-79.73896,55,,,,,,
,,,,,3882,-49.068417,67,,,,,,
,,,,,3942,-96.23017,60,,,,,,
,,,,,4007,-361.54318,65,,,,,,
,,,,,4090,4.0117645,83,,,,,,
,,,,,4146,-145.8787,56,,,,,,
,,,,,4218,-142.39473,72,,,,,,
,,,,,4312,-165.11243,94,,,,,,
,,,,,4367,-290.85742,55,,,,,,
,,,,,4441,-156.50394,74,,,,,,
,,,,,4501,-113.56395,60,,,,,,
,,,,,4562,-108.658844,61,,,,,,
,,,,,4623,-101.835335,61,,,,,,
,,,,,4687,-70.46139,64,,,,,,
,,,,,4781,-120.53369,94,,,,,,
,,,,,4862,-122.89954,81,,,,,,
,,,,,4959,-144.99399,97,,,,,,
,,,,,5032,-265.2421,73,,,,,,
,,,,,5103,-155.13223,71,,,,,,
,,,,,5188,-93.78548,85,,,,,,
,,,,,5263,-195.7695,75,,,,,,
,,,,,5320,-169.73984,57,,,,,,
,,,,,5403,-141.10966,83,,,,,,
,,,,,5469,-136.45503,66,,,,,,
,,,,,5552,-412.14612,83,,,,,,
,,,,,5616,-77.66475,64,,,,,,
,,,,,5676,-86.08255,60,,,,,,
,,,,,5760,-183.31464,84,,,,,,
,,,,,5865,-30.882393,105,,,,,,
,,,,,5935,-91.567154,70,,,,,,
,,,,,6014,-119.5335,79,,,,,,
,,,,,6146,-288.65686,132,,,,,,
,,,,,6221,-93.077286,75,,,,,,
,,,,,6285,-37.405697,64,,,,,,
,,,,,6346,-64.45918,61,,,,,,
,,,,,6409,-164.30344,63,,,,,,
,,,,,6467,-95.38333,58,,,,,,
,,,,,6523,-66.61401,56,,,,,,
,,,,,6621,-128.78046,98,,,,,,
,,,,,6699,-195.70663,78,,,,,,
,,,,,6787,-106.61537,88,,,,,,
,,,,,6847,-89.49736,60,,,,,,
,,,,,6909,-131.20691,62,,,,,,
,,,,,6997,-190.56319,88,,,,,,
,,,,,7066,-98.333824,69,,,,,,
,,,,,7150,-123.90267,84,,,,,,
,,,,,7221,-106.72797,71,,,,,,
,,,,,7279,-95.10041,58,,,,,,
,,,,,7342,-309.9455,63,,,,,,
,,,,,7409,-191.486,67,,,,,,
,,,,,7479,-98.859,70,,,,,,
,,,,,7573,-162.5505,94,,,,,,
,,,,,7645,-39.295517,72,,,,,,
,,,,,7726,-128.24934,81,,,,,,
,,,,,7810,-131.35347,84,,,,,,
,,,,,7914,27.007797,104,,,,,,
,,,,,8020,-138.34227,106,,,,,,
,,,,,8074,-125.22046,54,,,,,,
,,,,,8170,-304.12854,96,,,,,,
,,,,,8250,-437.69968,80,,,,,,
,,,,,8372,-189.5039,122,,,,,,
,,,,,8425,-161.69815,53,,,,,,
,,,,,8505,-173.48734,80,,,,,,
,,,,,8573,-236.13605,68,,,,,,
,,,,,8683,-157.61703,110,,,,,,
,,,,,8740,-93.689606,57,,,,,,
,,,,,8830,-331.81506,90,,,,,,
,,,,,8915,-209.4599,85,,,,,,
,,,,,8974,-103.1206,59,,,,,,
,,,,,9038,-171.49802,64,,,,,,
,,,,,9109,-174.3579,71,,,,,,
,,,,,9164,-67.04118,55,,,,,,
,,,,,9226,-93.67461,62,,,,,,
,,,,,9328,-130.13335,102,,,,,,
,,,,,9405,-206.51419,77,,,,,,
,,,,,9473,-88.390625,68,,,,,,
,,,,,9534,-53.486763,61,,,,,,
,,,,,9595,-84.80748,61,,,,,,
,,,,,9692,-165.4335,97,,,,,,
,,,,,9751,-184.61656,59,,,,,,
,,,,,9812,-179.9506,61,,,,,,
,,,,,9898,-108.812485,86,,,,,,
,,,,,9964,-107.18768,66,,,,,,
-627.31433,154.70721,-415.12973,-910.7171,86.6,10000,,,,,,,,
,,,,,10074,-173.35652,110,,,,,,
,,,,,10151,-169.78354,77,,,,,,
,,,,,10242,-157.12119,91,,,,,,
,,,,,10333,-152.77599,91,,,,,,
,,,,,10404,-150.034,71,,,,,,
,,,,,10473,-92.595795,69,,,,,,
,,,,,10559,-97.075134,86,,,,,,
,,,,,10648,-97.07941,89,,,,,,
,,,,,10717,-7.920349,69,,,,,,
,,,,,10787,-250.9487,70,,,,,,
,,,,,10869,-109.264366,82,,,,,,
,,,,,10945,-99.90407,76,,,,,,
,,,,,11010,-71.50929,65,,,,,,
,,,,,11073,-170.34119,63,,,,,,
,,,,,11128,-157.99965,55,,,,,,
,,,,,11205,-195.17139,77,,,,,,
,,,,,11282,-130.39172,77,,,,,,
,,,,,11385,-361.1059,103,,,,,,
,,,,,11472,-103.992714,87,,,,,,
,,,,,11540,-184.7092,68,,,,,,
,,,,,11628,-114.74819,88,,,,,,
,,,,,11724,-108.665115,96,,,,,,
,,,,,11828,-269.48163,104,,,,,,
,,,,,11888,-74.99222,60,,,,,,
,,,,,11947,-97.478485,59,,,,,,
,,,,,12013,-57.982346,66,,,,,,
,,,,,12101,-193.2614,88,,,,,,
,,,,,12199,-88.91863,98,,,,,,
,,,,,12269,-275.40594,70,,,,,,
,,,,,12350,-102.75504,81,,,,,,
,,,,,12443,-150.83818,93,,,,,,
,,,,,12539,-98.41856,96,,,,,,
,,,,,12605,-172.20496,66,,,,,,
,,,,,12676,-96.14759,71,,,,,,
,,,,,12763,-146.50966,87,,,,,,
,,,,,12873,-238.20177,110,,,,,,
,,,,,12982,-414.18588,109,,,,,,
,,,,,13064,-183.54523,82,,,,,,
,,,,,13147,-139.62901,83,,,,,,
,,,,,13209,-195.63545,62,,,,,,
,,,,,13321,13.9735565,112,,,,,,
,,,,,13380,-87.86556,59,,,,,,
,,,,,13487,-475.3523,107,,,,,,
,,,,,13559,-83.000694,72,,,,,,
,,,,,13620,-131.00189,61,,,,,,
,,,,,13682,-125.67523,62,,,,,,
,,,,,13758,-170.73132,76,,,,,,
,,,,,13818,-168.1584,60,,,,,,
,,,,,13911,-1.0126038,93,,,,,,
,,,,,13991,-340.25055,80,,,,,,
,,,,,14053,-73.42366,62,,,,,,
,,,,,14168,-233.04218,115,,,,,,
,,,,,14259,-147.25192,91,,,,,,
,,,,,14338,-220.36337,79,,,,,,
,,,,,14405,-140.69424,67,,,,,,
,,,,,14511,-155.30376,106,,,,,,
,,,,,14597,-298.11633,86,,,,,,
,,,,,14708,-51.278934,111,,,,,,
,,,,,14801,-276.76196,93,,,,,,
,,,,,14855,-239.67722,54,,,,,,
,,,,,14939,-256.24054,84,,,,,,
,,,,,15031,-194.43796,92,,,,,,
,,,,,15120,-190.17924,89,,,,,,
,,,,,15180,-83.90787,60,,,,,,
,,,,,15263,-135.07385,83,,,,,,
,,,,,15341,-136.0952,78,,,,,,
,,,,,15397,-90.1848,56,,,,,,
,,,,,15492,-128.23524,95,,,,,,
,,,,,15560,-103.00289,68,,,,,,
,,,,,15634,-82.96508,74,,,,,,
,,,,,15700,-173.0604,66,,,,,,
,,,,,15793,-130.92625,93,,,,,,
,,,,,15894,-294.34103,101,,,,,,
,,,,,15975,-404.66406,81,,,,,,
,,,,,16040,-78.17805,65,,,,,,
,,,,,16137,-99.20168,97,,,,,,
,,,,,16205,49.520233,68,,,,,,
,,,,,16290,-138.23502,85,,,,,,
,,,,,16381,-160.23546,91,,,,,,
,,,,,16451,-91.88001,70,,,,,,
,,,,,16516,-92.80171,65,,,,,,
,,,,,16580,-69.35945,64,,,,,,
,,,,,16643,-155.65337,63,,,,,,
,,,,,16729,-204.80006,86,,,,,,
,,,,,16823,-61.62287,94,,,,,,
,,,,,16897,-93.98307,74,,,,,,
,,,,,16955,-169.2308,58,,,,,,
,,,,,17015,-98.95233,60,,,,,,
,,,,,17086,-87.57383,71,,,,,,
,,,,,17201,-148.90884,115,,,,,,
,,,,,17275,-188.2882,74,,,,,,
,,,,,17355,-270.5393,80,,,,,,
,,,,,17433,-137.11993,78,,,,,,
,,,,,17541,-184.71768,108,,,,,,
,,,,,17646,-363.6886,105,,,,,,
,,,,,17739,-402.2573,93,,,,,,
,,,,,17852,-173.82935,113,,,,,,
,,,,,17917,-38.557228,65,,,,,,
,,,,,17991,-108.13551,74,,,,,,
,,,,,18091,-126.64075,100,,,,,,
,,,,,18195,-136.66074,104,,,,,,
,,,,,18269,-151.3408,74,,,,,,
,,,,,18332,-104.33721,63,,,,,,
,,,,,18406,-109.78263,74,,,,,,
,,,,,18510,-149.3414,104,,,,,,
,,,,,18607,-95.51631,97,,,,,,
,,,,,18728,-171.83578,121,,,,,,
,,,,,18790,-135.69281,62,,,,,,
,,,,,18889,33.022278,99,,,,,,
,,,,,18953,-186.20848,64,,,,,,
,,,,,19020,-126.96916,67,,,,,,
,,,,,19087,-52.87176,67,,,,,,
,,,,,19153,-23.678513,66,,,,,,
,,,,,19251,-210.3123,98,,,,,,
,,,,,19319,-89.999565,68,,,,,,
,,,,,19415,-293.00378,96,,,,,,
,,,,,19521,-135.8725,106,,,,,,
,,,,,19624,-144.01852,103,,,,,,
,,,,,19679,-109.89489,55,,,,,,
,,,,,19737,-117.68402,58,,,,,,
,,,,,19828,-284.13095,91,,,,,,
,,,,,19899,-87.68973,71,,,,,,
,,,,,19990,-179.42194,91,,,,,,
-756.77985,131.30008,-535.37115,-901.7646,112.9,20000,,,177.1181640625,-0.07255396246910095,-2.1468889713287354,18.421756744384766,0.88,0.001
,,,,,20086,-96.90028,96,,,,,,
,,,,,20153,-107.459915,67,,,,,,
,,,,,20231,-226.40265,78,,,,,,
,,,,,20345,19.00727,114,,,,,,
,,,,,20437,-393.2293,92,,,,,,
,,,,,20501,-161.62317,64,,,,,,
,,,,,20583,-238.33842,82,,,,,,
,,,,,20679,-163.21713,96,,,,,,
,,,,,20768,-432.61517,89,,,,,,
,,,,,20830,-247.359,62,,,,,,
,,,,,20950,-516.8961,120,,,,,,
,,,,,21000,,,2.4905242919921875,-1.3004369735717773,-1.2977981567382812,10.002120971679688,0.874,0.001
,,,,,21052,-157.91603,102,,,,,,
,,,,,21127,-225.56088,75,,,,,,
,,,,,21181,-151.11249,54,,,,,,
,,,,,21278,-202.4758,97,,,,,,
,,,,,21340,-143.19696,62,,,,,,
,,,,,21452,-135.80814,112,,,,,,
,,,,,21556,-222.58775,104,,,,,,
,,,,,21636,-355.62366,80,,,,,,
,,,,,21697,-280.95718,61,,,,,,
,,,,,21781,-166.8272,84,,,,,,
,,,,,21840,-83.85582,59,,,,,,
,,,,,21958,-311.7959,118,,,,,,
,,,,,22000,,,130.67588806152344,-2.8533198833465576,-2.6085119247436523,73.64567565917969,0.868,0.001
,,,,,22052,-253.18004,94,,,,,,
,,,,,22144,-270.34924,92,,,,,,
,,,,,22234,-146.45265,90,,,,,,
,,,,,22328,-175.11795,94,,,,,,
,,,,,22410,-167.06372,82,,,,,,
,,,,,22491,-449.20535,81,,,,,,
,,,,,22548,-132.13358,57,,,,,,
,,,,,22629,-108.83095,81,,,,,,
,,,,,22721,-125.11943,92,,,,,,
,,,,,22819,-308.48193,98,,,,,,
,,,,,22912,-487.6713,93,,,,,,
,,,,,22968,-233.32758,56,,,,,,
,,,,,23000,,,150.7447509765625,-1.516882300376892,-4.1274518966674805,125.22196960449219,0.862,0.001
,,,,,23039,-105.7286,71,,,,,,
,,,,,23143,-324.96786,104,,,,,,
,,,,,23248,-118.75925,105,,,,,,
,,,,,23323,-114.48774,75,,,,,,
,,,,,23431,-198.85211,108,,,,,,
,,,,,23518,-461.47275,87,,,,,,
,,,,,23626,-297.58148,108,,,,,,
,,,,,23695,-143.35791,69,,,,,,
,,,,,23781,-478.92365,86,,,,,,
,,,,,23871,-496.323,90,,,,,,
,,,,,23969,-64.57504,98,,,,,,
,,,,,24000,,,145.3203582763672,-2.386211633682251,-4.582158088684082,90.41464233398438,0.856,0.001
,,,,,24057,-286.063,88,,,,,,
,,,,,24144,-379.23468,87,,,,,,
,,,,,24217,-138.49303,73,,,,,,
,,,,,24293,-136.69206,76,,,,,,
,,,,,24384,-515.5786,91,,,,,,
,,,,,24456,1.4356537,72,,,,,,
,,,,,24544,-127.63614,88,,,,,,
,,,,,24649,-354.8252,105,,,,,,
,,,,,24742,-568.40985,93,,,,,,
,,,,,24831,-318.66843,89,,,,,,
,,,,,24893,-123.81365,62,,,,,,
,,,,,24968,-231.50778,75,,,,,,
,,,,,25000,,,5.332747459411621,-1.0567100048065186,-1.1780210733413696,14.34652328491211,0.85,0.001
,,,,,25074,-526.37244,106,,,,,,
,,,,,25176,-160.48488,102,,,,,,
,,,,,25235,-120.505646,59,,,,,,
,,,,,25339,-322.83643,104,,,,,,
,,,,,25403,-98.53,64,,,,,,
,,,,,25523,-437.75784,120,,,,,,
,,,,,25652,-100.594406,129,,,,,,
,,,,,25746,-424.97324,94,,,,,,
,,,,,25807,-113.990524,61,,,,,,
,,,,,25867,-128.93488,60,,,,,,
,,,,,25982,-501.7566,115,,,,,,
,,,,,26000,,,316.7020568847656,-0.7506573796272278,1.55653715133667,303.3428955078125,0.844,0.001
,,,,,26094,-64.864746,112,,,,,,
,,,,,26154,-77.16443,60,,,,,,
,,,,,26254,-467.7883,100,,,,,,
,,,,,26357,-156.54639,103,,,,,,
,,,,,26440,-491.3157,83,,,,,,
,,,,,26542,-485.79526,102,,,,,,
,,,,,26643,-290.59406,101,,,,,,
,,,,,26727,-172.13092,84,,,,,,
,,,,,26796,-98.47618,69,,,,,,
,,,,,26916,-130.10538,120,,,,,,
,,,,,26982,-96.33904,66,,,,,,
,,,,,27000,,,95.3531494140625,-4.212400436401367,-6.055048942565918,194.62615966796875,0.838,0.001
,,,,,27037,-84.71695,55,,,,,,
,,,,,27132,-404.17322,95,,,,,,
,,,,,27189,-104.597534,57,,,,,,
,,,,,27298,-21.762482,109,,,,,,
,,,,,27380,-464.05582,82,,,,,,
,,,,,27473,-144.21793,93,,,,,,
,,,,,27577,-457.21704,104,,,,,,
,,,,,27666,-483.90634,89,,,,,,
,,,,,27766,-492.3904,100,,,,,,
,,,,,27843,-119.94144,77,,,,,,
,,,,,27943,-204.95334,100,,,,,,
,,,,,28000,,,6.798291206359863,-2.3949601650238037,-2.8362040519714355,28.88106346130371,0.832,0.001
,,,,,28025,-105.16479,82,,,,,,
,,,,,28111,-481.25998,86,,,,,,
,,,,,28210,-500.46524,99,,,,,,
,,,,,28307,-447.80844,97,,,,,,
,,,,,28387,-335.99265,80,,,,,,
,,,,,28450,-140.22153,63,,,,,,
,,,,,28539,-379.49512,89,,,,,,
,,,,,28635,-348.3254,96,,,,,,
,,,,,28709,-376.65643,74,,,,,,
,,,,,28810,-398.70212,101,,,,,,
,,,,,28902,-157.07913,92,,,,,,
,,,,,28964,-86.94236,62,,,,,,
,,,,,29000,,,34.649024963378906,-1.4917144775390625,-2.2474937438964844,84.86212921142578,0.8260000000000001,0.001
,,,,,29032,-95.367584,68,,,,,,
,,,,,29109,-139.56934,77,,,,,,
,,,,,29193,-407.40878,84,,,,,,
,,,,,29245,-94.329765,52,,,,,,
,,,,,29313,-245.66281,68,,,,,,
,,,,,29410,-382.99927,97,,,,,,
,,,,,29507,-155.0787,97,,,,,,
,,,,,29599,-142.53452,92,,,,,,
,,,,,29687,-232.53995,88,,,,,,
,,,,,29764,-364.9594,77,,,,,,
,,,,,29841,-145.1021,77,,,,,,
,,,,,29940,-454.11243,99,,,,,,
-62.32852,26.633158,-22.573326,-113.134,152.7,30000,,,117.3662338256836,-1.878398060798645,-2.8591389656066895,87.13035583496094,0.82,0.001
,,,,,30016,-126.84081,76,,,,,,
,,,,,30088,-116.86712,72,,,,,,
,,,,,30186,-477.12357,98,,,,,,
,,,,,30283,-376.52985,97,,,,,,
,,,,,30352,-177.12076,69,,,,,,
,,,,,30426,-238.88116,74,,,,,,
,,,,,30522,-353.69153,96,,,,,,
,,,,,30606,-274.62338,84,,,,,,
,,,,,30670,-99.205475,64,,,,,,
,,,,,30765,-51.249928,95,,,,,,
,,,,,30884,-167.94899,119,,,,,,
,,,,,30953,-104.699104,69,,,,,,
,,,,,31000,,,313.9739685058594,-4.5077362060546875,-1.9980111122131348,497.5509338378906,0.8140000000000001,0.001
,,,,,31011,-138.81625,58,,,,,,
,,,,,31096,-88.86149,85,,,,,,
,,,,,31156,-116.95334,60,,,,,,
,,,,,31245,-92.85204,89,,,,,,
,,,,,31314,-96.32901,69,,,,,,
,,,,,31414,-271.9899,100,,,,,,
,,,,,31473,-79.74328,59,,,,,,
,,,,,31567,-433.54184,94,,,,,,
,,,,,31634,-108.54406,67,,,,,,
,,,,,31711,-192.32031,77,,,,,,
,,,,,31795,-159.31366,84,,,,,,
,,,,,31863,-129.38226,68,,,,,,
,,,,,31986,-527.6204,123,,,,,,
,,,,,32000,,,5.6129302978515625,-5.392387866973877,-5.312891960144043,34.79422378540039,0.808,0.001
,,,,,32055,-72.0661,69,,,,,,
,,,,,32183,-392.785,128,,,,,,
,,,,,32254,-131.76086,71,,,,,,
,,,,,32319,-69.58836,65,,,,,,
,,,,,32420,-369.73846,101,,,,,,
,,,,,32498,-99.69792,78,,,,,,
,,,,,32582,-106.33162,84,,,,,,
,,,,,32668,-377.39502,86,,,,,,
,,,,,32786,-133.40274,118,,,,,,
,,,,,32879,-229.10266,93,,,,,,
,,,,,32987,-402.80557,108,,,,,,
,,,,,33000,,,141.4034423828125,-5.041893005371094,-6.819411754608154,193.71633911132812,0.802,0.001
,,,,,33093,-135.95602,106,,,,,,
,,,,,33165,-118.29335,72,,,,,,
,,,,,33222,-79.21243,57,,,,,,
,,,,,33335,-336.81445,113,,,,,,
,,,,,33426,-412.84875,91,,,,,,
,,,,,33495,-55.20137,69,,,,,,
,,,,,33571,-78.83758,76,,,,,,
,,,,,33632,-168.74927,61,,,,,,
,,,,,33693,-94.83568,61,,,,,,
,,,,,33771,-72.425545,78,,,,,,
,,,,,33863,-299.41812,92,,,,,,
,,,,,33949,-456.3153,86,,,,,,
,,,,,34000,,,10.410877227783203,-0.510858952999115,-0.18164390325546265,78.0782241821289,0.796,0.001
,,,,,34030,-137.9851,81,,,,,,
,,,,,34150,-406.06534,120,,,,,,
,,,,,34273,-449.40576,123,,,,,,
,,,,,34373,-203.12582,100,,,,,,
,,,,,34435,-72.02902,62,,,,,,
,,,,,34521,-377.4085,86,,,,,,
,,,,,34591,-114.38696,70,,,,,,
,,,,,34653,-109.54493,62,,,,,,
,,,,,34742,-367.99008,89,,,,,,
,,,,,34824,-82.310715,82,,,,,,
,,,,,34954,-54.842888,130,,,,,,
,,,,,35000,,,82.88675689697266,-4.249331951141357,-5.839196681976318,84.6288833618164,0.79,0.001
,,,,,35032,-311.58014,78,,,,,,
,,,,,35120,-308.70737,88,,,,,,
,,,,,35185,-81.157,65,,,,,,
,,,,,35295,-537.90137,110,,,,,,
,,,,,35406,-350.9615,111,,,,,,
,,,,,35468,-74.592995,62,,,,,,
,,,,,35522,-180.31519,54,,,,,,
,,,,,35650,-118.79118,128,,,,,,
,,,,,35713,-149.98529,63,,,,,,
,,,,,35805,-90.13692,92,,,,,,
,,,,,35924,-142.0401,119,,,,,,
,,,,,36000,,,10.326251029968262,-0.7029544115066528,-0.7359534502029419,40.24343490600586,0.784,0.001
,,,,,36009,-388.61304,85,,,,,,
,,,,,36076,-105.082115,67,,,,,,
,,,,,36147,-123.15715,71,,,,,,
,,,,,36227,-105.49054,80,,,,,,
,,,,,36316,-337.18457,89,,,,,,
,,,,,36436,-101.22193,120,,,,,,
,,,,,36518,-95.78365,82,,,,,,
,,,,,36594,-86.79663,76,,,,,,
,,,,,36659,17.810524,65,,,,,,
,,,,,36749,-332.08423,90,,,,,,
,,,,,36861,-429.65594,112,,,,,,
,,,,,36989,-201.59753,128,,,,,,
,,,,,37000,,,5.78614616394043,-1.8089971542358398,-1.0512115955352783,28.441408157348633,0.778,0.001
,,,,,37050,-131.63174,61,,,,,,
,,,,,37119,-84.10208,69,,,,,,
,,,,,37208,-260.64587,89,,,,,,
,,,,,37276,-83.24239,68,,,,,,
,,,,,37352,-103.57291,76,,,,,,
,,,,,37447,-342.06207,95,,,,,,
,,,,,37566,-217.11334,119,,,,,,
,,,,,37659,-408.4416,93,,,,,,
,,,,,37762,-407.72296,103,,,,,,
,,,,,37849,-405.86523,87,,,,,,
,,,,,37955,-133.91884,106,,,,,,
,,,,,38000,,,38.018829345703125,-3.6342530250549316,-4.171225547790527,181.50889587402344,0.772,0.001
,,,,,38051,-265.41928,96,,,,,,
,,,,,38157,-92.5419,106,,,,,,
,,,,,38257,-413.99622,100,,,,,,
,,,,,38337,-191.5841,80,,,,,,
,,,,,38416,-308.29752,79,,,,,,
,,,,,38478,-198.38849,62,,,,,,
,,,,,38555,-129.838,77,,,,,,
,,,,,38614,-95.506485,59,,,,,,
,,,,,38730,-316.0192,116,,,,,,
,,,,,38821,-279.5268,91,,,,,,
,,,,,38924,-424.92413,103,,,,,,
,,,,,38994,-61.46536,70,,,,,,
,,,,,39000,,,445.41192626953125,-2.669191837310791,0.556133508682251,290.4342041015625,0.766,0.001
,,,,,39126,-114.97556,132,,,,,,
,,,,,39228,-227.03381,102,,,,,,
,,,,,39336,-403.03705,108,,,,,,
,,,,,39394,-90.29164,58,,,,,,
,,,,,39470,-187.87946,76,,,,,,
,,,,,39561,-327.9901,91,,,,,,
,,,,,39647,20.914955,86,,,,,,
,,,,,39768,-374.80743,121,,,,,,
,,,,,39846,-80.734116,78,,,,,,
,,,,,39921,-99.09036,75,,,,,,
-2209.9233,1550.4213,14.890121,-5408.784,519.5,40000,,,7.535378456115723,-1.552393913269043,-1.542269229888916,31.963979721069336,0.76,0.001
,,,,,40010,-71.73883,89,,,,,,
,,,,,40125,-210.07558,115,,,,,,
,,,,,40201,-281.96326,76,,,,,,
,,,,,40265,-92.72793,64,,,,,,
,,,,,40344,-75.47223,79,,,,,,
,,,,,40424,-128.47852,80,,,,,,
,,,,,40489,-136.91226,65,,,,,,
,,,,,40554,-167.88892,65,,,,,,
,,,,,40640,-137.34882,86,,,,,,
,,,,,40734,-256.62378,94,,,,,,
,,,,,40831,-305.0291,97,,,,,,
,,,,,40893,-93.813705,62,,,,,,
,,,,,40969,-155.41968,76,,,,,,
,,,,,41000,,,269.4558410644531,-1.5258049964904785,1.0732626914978027,331.4209289550781,0.754,0.001
,,,,,41110,-250.6514,141,,,,,,
,,,,,41213,-187.01439,103,,,,,,
,,,,,41344,-136.2265,131,,,,,,
,,,,,41415,-223.81638,71,,,,,,
,,,,,41494,-54.594963,79,,,,,,
,,,,,41551,-103.49287,57,,,,,,
,,,,,41609,-118.01876,58,,,,,,
,,,,,41701,-89.79165,92,,,,,,
,,,,,41772,-117.59001,71,,,,,,
,,,,,41853,-323.1801,81,,,,,,
,,,,,41953,-150.68202,100,,,,,,
,,,,,42000,,,3.6248457431793213,0.6632838249206543,0.8220317363739014,32.230918884277344,0.748,0.001
,,,,,42025,-100.87577,72,,,,,,
,,,,,42124,-421.11572,99,,,,,,
,,,,,42226,-111.11323,102,,,,,,
,,,,,42293,-261.29776,67,,,,,,
,,,,,42372,-99.245636,79,,,,,,
,,,,,42470,-302.099,98,,,,,,
,,,,,42601,-550.5665,131,,,,,,
,,,,,42712,-310.23767,111,,,,,,
,,,,,42797,-122.6262,85,,,,,,
,,,,,42892,-65.31877,95,,,,,,
,,,,,42980,-407.43723,88,,,,,,
,,,,,43000,,,131.15374755859375,-2.509284019470215,-4.731602191925049,124.37893676757812,0.742,0.001
,,,,,43081,-249.87161,101,,,,,,
,,,,,43182,-123.28342,101,,,,,,
,,,,,43291,-468.90607,109,,,,,,
,,,,,43359,-140.75545,68,,,,,,
,,,,,43433,-79.438065,74,,,,,,
,,,,,43520,-136.4762,87,,,,,,
,,,,,43583,-84.2271,63,,,,,,
,,,,,43655,-190.7882,72,,,,,,
,,,,,43760,-159.05646,105,,,,,,
,,,,,43845,-153.20651,85,,,,,,
,,,,,43925,-53.447166,80,,,,,,
,,,,,44000,,,161.25889587402344,-7.668980598449707,-6.216601371765137,243.39039611816406,0.736,0.001
,,,,,44050,-150.59018,125,,,,,,
,,,,,44157,-180.82559,107,,,,,,
,,,,,44228,-90.46784,71,,,,,,
,,,,,44311,-100.40224,83,,,,,,
,,,,,44404,-228.55193,93,,,,,,
,,,,,44487,-393.98517,83,,,,,,
,,,,,44566,-85.78384,79,,,,,,
,,,,,44725,-81.723175,159,,,,,,
,,,,,44783,-118.09969,58,,,,,,
,,,,,44906,-136.27002,123,,,,,,
,,,,,45000,,,32.61959457397461,-5.969135284423828,-6.456546783447266,78.4475326538086,0.73,0.001
,,,,,45007,-40.805275,101,,,,,,
,,,,,45111,-134.37296,104,,,,,,
,,,,,45171,-166.19081,60,,,,,,
,,,,,45252,-93.78538,81,,,,,,
,,,,,45343,-321.34406,91,,,,,,
,,,,,45408,-248.25432,65,,,,,,
,,,,,45545,-204.32993,137,,,,,,
,,,,,45671,-207.01639,126,,,,,,
,,,,,45814,-245.57436,143,,,,,,
,,,,,45916,-122.08597,102,,,,,,
,,,,,45977,-62.393692,61,,,,,,
,,,,,46000,,,5.982320785522461,-1.9767853021621704,-1.7707968950271606,33.75168228149414,0.724,0.001
,,,,,46060,-82.79953,83,,,,,,
,,,,,46141,-166.22318,81,,,,,,
,,,,,46230,-161.04025,89,,,,,,
,,,,,46354,-284.11755,124,,,,,,
,,,,,46431,-93.76765,77,,,,,,
,,,,,46548,-411.4624,117,,,,,,
,,,,,46641,-128.62387,93,,,,,,
,,,,,46756,-188.9371,115,,,,,,
,,,,,46842,-243.79839,86,,,,,,
,,,,,46914,-91.41379,72,,,,,,
,,,,,46996,-165.67326,82,,,,,,
,,,,,47000,,,9.016868591308594,-6.96661376953125,-7.173480987548828,32.29233932495117,0.718,0.001
,,,,,47109,-221.97337,113,,,,,,
,,,,,47207,-151.21077,98,,,,,,
,,,,,47287,-82.8281,80,,,,,,
,,,,,47359,-69.724236,72,,,,,,
,,,,,47438,-96.59168,79,,,,,,
,,,,,47515,-123.007034,77,,,,,,
,,,,,47612,-246.13005,97,,,,,,
,,,,,47683,-77.470085,71,,,,,,
,,,,,47784,-107.31662,101,,,,,,
,,,,,47883,-122.188576,99,,,,,,
,,,,,48000,,,6.864907264709473,-5.710841178894043,-5.926181793212891,49.387508392333984,0.712,0.001
,,,,,48003,-68.131294,120,,,,,,
,,,,,48099,-101.84254,96,,,,,,
,,,,,48228,-356.3388,129,,,,,,
,,,,,48313,-104.87204,85,,,,,,
,,,,,48414,-87.4978,101,,,,,,
,,,,,48539,-308.22174,125,,,,,,
,,,,,48628,-103.610405,89,,,,,,
,,,,,48705,-181.3973,77,,,,,,
,,,,,48786,-96.38306,81,,,,,,
,,,,,48874,-139.29094,88,,,,,,
,,,,,48946,-194.42264,72,,,,,,
,,,,,49000,,,6.115968227386475,-3.0878143310546875,-3.1707510948181152,45.07668685913086,0.706,0.001
,,,,,49033,-400.02716,87,,,,,,
,,,,,49134,-200.62888,101,,,,,,
,,,,,49230,-81.43787,96,,,,,,
,,,,,49316,-111.43587,86,,,,,,
,,,,,49400,-149.10689,84,,,,,,
,,,,,49509,-167.08972,109,,,,,,
,,,,,49592,-86.897835,83,,,,,,
,,,,,49665,-83.86374,73,,,,,,
,,,,,49832,-69.83694,167,,,,,,
,,,,,49923,-54.674995,91,,,,,,
,,,,,49990,-189.73213,67,,,,,,
-546.6138,551.1977,-5.921173,-1311.3944,357.0,50000,,,329.4967346191406,-1.337661623954773,1.3358802795410156,241.83929443359375,0.7,0.001
,,,,,50100,-531.83215,110,,,,,,
,,,,,50208,-363.7083,108,,,,,,
,,,,,50318,-165.31332,110,,,,,,
,,,,,50391,-97.226555,73,,,,,,
,,,,,50475,-146.34515,84,,,,,,
,,,,,50582,-78.20944,107,,,,,,
,,,,,50661,-72.46417,79,,,,,,
,,,,,50760,-298.30286,99,,,,,,
,,,,,50854,-67.273605,94,,,,,,
,,,,,50943,-40.20907,89,,,,,,
,,,,,51000,,,55.12289047241211,-3.8111424446105957,-5.270342826843262,109.20348358154297,0.694,0.001
,,,,,51023,-393.5139,80,,,,,,
,,,,,51111,-179.02188,88,,,,,,
,,,,,51209,-88.990295,98,,,,,,
,,,,,51326,-103.06992,117,,,,,,
,,,,,51417,-82.07724,91,,,,,,
,,,,,51523,-104.334564,106,,,,,,
,,,,,51602,-52.61094,79,,,,,,
,,,,,51728,-107.483376,126,,,,,,
,,,,,51837,-121.510864,109,,,,,,
,,,,,51918,-167.62102,81,,,,,,
,,,,,52000,,,3.347564220428467,-4.6974778175354,-4.764621257781982,25.674741744995117,0.688,0.001
,,,,,52034,-458.92657,116,,,,,,
,,,,,52133,-84.12141,99,,,,,,
,,,,,52200,-95.21219,67,,,,,,
,,,,,52277,-65.22656,77,,,,,,
,,,,,52351,-47.78062,74,,,,,,
,,,,,52472,-271.4173,121,,,,,,
,,,,,52538,-71.9678,66,,,,,,
,,,,,52645,-71.276535,107,,,,,,
,,,,,52752,-145.70477,107,,,,,,
,,,,,52860,-129.7171,108,,,,,,
,,,,,52959,-116.3321,99,,,,,,
,,,,,53000,,,13.557557106018066,-3.9860806465148926,-4.574972152709961,73.71627044677734,0.6819999999999999,0.001
,,,,,53070,-109.09841,111,,,,,,
,,,,,53161,-137.98753,91,,,,,,
,,,,,53314,-175.42953,153,,,,,,
,,,,,53393,-128.26195,79,,,,,,
,,,,,53492,12.289238,99,,,,,,
,,,,,53573,-164.35446,81,,,,,,
,,,,,53668,-117.62388,95,,,,,,
,,,,,53750,-115.64302,82,,,,,,
,,,,,53831,-157.52109,81,,,,,,
,,,,,53958,-104.65503,127,,,,,,
,,,,,54000,,,18.337162017822266,-7.433670520782471,-6.357746124267578,76.25788116455078,0.6759999999999999,0.001
,,,,,54034,-59.32178,76,,,,,,
,,,,,54129,-95.883286,95,,,,,,
,,,,,54246,-20.903625,117,,,,,,
,,,,,54329,-76.096344,83,,,,,,
,,,,,54454,-49.594543,125,,,,,,
,,,,,54565,-151.0488,111,,,,,,
,,,,,54659,-121.65506,94,,,,,,
,,,,,54731,-290.41925,72,,,,,,
,,,,,54898,-91.11673,167,,,,,,
,,,,,54964,-259.09985,66,,,,,,
,,,,,55000,,,11.861204147338867,-5.814162254333496,-4.779703140258789,64.8544921875,0.67,0.001
,,,,,55052,-159.25496,88,,,,,,
,,,,,55134,-80.4474,82,,,,,,
,,,,,55202,-142.73148,68,,,,,,
,,,,,55299,20.256142,97,,,,,,
,,,,,55369,-118.2124,70,,,,,,
,,,,,55506,-59.408257,137,,,,,,
,,,,,55629,-162.87592,123,,,,,,
,,,,,55706,-61.474064,77,,,,,,
,,,,,55797,-153.29294,91,,,,,,
,,,,,55879,-94.74583,82,,,,,,
,,,,,55973,-144.47101,94,,,,,,
,,,,,56000,,,2.680647373199463,1.902023196220398,2.4644370079040527,35.465965270996094,0.6639999999999999,0.001
,,,,,56056,-70.72663,83,,,,,,
,,,,,56160,-91.31654,104,,,,,,
,,,,,56255,-174.78497,95,,,,,,
,,,,,56350,-87.15018,95,,,,,,
,,,,,56418,-115.89354,68,,,,,,
,,,,,56530,-109.04358,112,,,,,,
,,,,,56601,-68.61005,71,,,,,,
,,,,,56744,-85.76836,143,,,,,,
,,,,,56873,-113.209526,129,,,,,,
,,,,,56975,-117.949936,102,,,,,,
,,,,,57000,,,2.9691081047058105,-4.671964168548584,-5.014966011047363,33.7808723449707,0.6579999999999999,0.001
,,,,,57083,-91.37229,108,,,,,,
,,,,,57196,-144.58185,113,,,,,,
,,,,,57254,-85.13684,58,,,,,,
,,,,,57380,-151.50761,126,,,,,,
,,,,,57455,-87.93783,75,,,,,,
,,,,,57548,-102.788284,93,,,,,,
,,,,,57641,-107.25985,93,,,,,,
,,,,,57694,-168.1542,53,,,,,,
,,,,,57782,-84.38715,88,,,,,,
,,,,,57874,-87.27765,92,,,,,,
,,,,,57942,-58.1227,68,,,,,,
,,,,,58000,,,2.3799796104431152,0.7889472246170044,0.8214441537857056,18.240318298339844,0.652,0.001
,,,,,58048,-121.60847,106,,,,,,
,,,,,58116,-71.68263,68,,,,,,
,,,,,58231,-98.94708,115,,,,,,
,,,,,58314,-113.83508,83,,,,,,
,,,,,58436,-126.77895,122,,,,,,
,,,,,58541,-157.90926,105,,,,,,
,,,,,58639,-119.30179,98,,,,,,
,,,,,58738,-94.897995,99,,,,,,
,,,,,58834,-68.86786,96,,,,,,
,,,,,58953,-135.00993,119,,,,,,
,,,,,59000,,,15.835235595703125,-2.5434975624084473,-2.031893253326416,73.96614837646484,0.646,0.001
,,,,,59048,-254.7544,95,,,,,,
,,,,,59180,-97.22936,132,,,,,,
,,,,,59309,-303.60873,129,,,,,,
,,,,,59378,-89.54971,69,,,,,,
,,,,,59458,-77.57934,80,,,,,,
,,,,,59567,-146.17935,109,,,,,,
,,,,,59660,-130.98466,93,,,,,,
,,,,,59718,-62.93572,58,,,,,,
,,,,,59847,-65.17309,129,,,,,,
,,,,,59959,-120.478165,112,,,,,,
-283.0922,202.78264,-13.512909,-713.7591,307.7,60000,,,3.130458116531372,-3.8274214267730713,-3.500730514526367,25.458782196044922,0.6399999999999999,0.001
,,,,,60072,-371.52893,113,,,,,,
,,,,,60164,-184.62442,92,,,,,,
,,,,,60303,-14.948654,139,,,,,,
,,,,,60376,-75.37117,73,,,,,,
,,,,,60468,-93.59484,92,,,,,,
,,,,,60564,-252.82034,96,,,,,,
,,,,,60635,-110.92636,71,,,,,,
,,,,,60738,-117.58861,103,,,,,,
,,,,,60877,-92.83827,139,,,,,,
,,,,,60998,-172.89484,121,,,,,,
,,,,,61000,,,17.602432250976562,-4.135974884033203,-3.4263458251953125,84.62747192382812,0.634,0.001
,,,,,61122,-95.93892,124,,,,,,
,,,,,61230,-196.53903,108,,,,,,
,,,,,61307,-142.46187,77,,,,,,
,,,,,61438,-65.31003,131,,,,,,
,,,,,61547,-114.91574,109,,,,,,
,,,,,61619,-64.45534,72,,,,,,
,,,,,61724,-209.1659,105,,,,,,
,,,,,61792,-73.14504,68,,,,,,
,,,,,61887,-40.054123,95,,,,,,
,,,,,62000,-77.54578,113,,,,,,
,,,,,62000,,,10.678227424621582,4.409879207611084,3.8761520385742188,60.648834228515625,0.628,0.001
,,,,,62071,-81.822266,71,,,,,,
,,,,,62149,-61.068573,78,,,,,,
,,,,,62230,-64.833694,81,,,,,,
,,,,,62335,-46.214474,105,,,,,,
,,,,,62400,-111.56238,65,,,,,,
,,,,,62516,-92.26321,116,,,,,,
,,,,,62635,-119.493286,119,,,,,,
,,,,,62777,-24.104485,142,,,,,,
,,,,,62874,-79.86897,97,,,,,,
,,,,,62992,-85.6998,118,,,,,,
,,,,,63000,,,4.618158340454102,-1.1212749481201172,-0.9910438656806946,30.852445602416992,0.622,0.001
,,,,,63095,-91.855576,103,,,,,,
,,,,,63205,-199.21008,110,,,,,,
,,,,,63287,-89.436966,82,,,,,,
,,,,,63375,-80.96934,88,,,,,,
,,,,,63465,-69.9315,90,,,,,,
,,,,,63568,-78.00052,103,,,,,,
,,,,,63677,-56.205536,109,,,,,,
,,,,,63778,-76.2622,101,,,,,,
,,,,,63881,-34.042587,103,,,,,,
,,,,,63965,-193.24045,84,,,,,,
,,,,,64000,,,6.724458694458008,-3.2006349563598633,-2.443918228149414,48.76206970214844,0.616,0.001
,,,,,64024,-88.782524,59,,,,,,
,,,,,64143,-491.2169,119,,,,,,
,,,,,64221,-86.97057,78,,,,,,
,,,,,64303,-78.779816,82,,,,,,
,,,,,64431,-85.95041,128,,,,,,
,,,,,64530,-67.85979,99,,,,,,
,,,,,64674,-90.80363,144,,,,,,
,,,,,64788,-113.121666,114,,,,,,
,,,,,64863,-102.91497,75,,,,,,
,,,,,64932,-47.15188,69,,,,,,
,,,,,65000,,,5.304452896118164,-2.691192626953125,-2.072625160217285,39.70393371582031,0.61,0.001
,,,,,65037,-70.82715,105,,,,,,
,,,,,65127,-17.28151,90,,,,,,
,,,,,65279,-99.0018,152,,,,,,
,,,,,65357,-33.463974,78,,,,,,
,,,,,65449,-119.90079,92,,,,,,
,,,,,65590,-267.52545,141,,,,,,
,,,,,65663,-89.7113,73,,,,,,
,,,,,65729,-70.03877,66,,,,,,
,,,,,65802,-41.279938,73,,,,,,
,,,,,65907,-80.9498,105,,,,,,
,,,,,66000,,,13.61613655090332,-3.021766185760498,-3.4096994400024414,82.08068084716797,0.604,0.001
,,,,,66051,-94.48422,144,,,,,,
,,,,,66176,-134.46985,125,,,,,,
,,,,,66279,-53.720627,103,,,,,,
,,,,,66376,-232.42604,97,,,,,,
,,,,,66483,-84.07051,107,,,,,,
,,,,,66592,-77.31819,109,,,,,,
,,,,,66669,-29.382141,77,,,,,,
,,,,,66838,-98.604515,169,,,,,,
,,,,,66995,-5.9415894,157,,,,,,
,,,,,67000,,,4.529958724975586,-2.8078746795654297,-3.2184438705444336,25.17833137512207,0.598,0.001
,,,,,67066,-104.81637,71,,,,,,
,,,,,67159,-171.0407,93,,,,,,
,,,,,67243,-80.90244,84,,,,,,
,,,,,67342,-117.00518,99,,,,,,
,,,,,67459,-107.9386,117,,,,,,
,,,,,67577,-75.96825,118,,,,,,
,,,,,67703,-88.42871,126,,,,,,
,,,,,67788,-51.16165,85,,,,,,
,,,,,67865,-73.7323,77,,,,,,
,,,,,67976,-56.951057,111,,,,,,
,,,,,68000,,,16.233976364135742,-6.144938945770264,-6.553168296813965,58.10834884643555,0.5920000000000001,0.001
,,,,,68066,-84.640335,90,,,,,,
,,,,,68146,-55.861538,80,,,,,,
,,,,,68223,-60.512436,77,,,,,,
,,,,,68358,-139.55263,135,,,,,,
,,,,,68470,-117.23093,112,,,,,,
,,,,,68571,-133.42148,101,,,,,,
,,,,,68710,-72.99728,139,,,,,,
,,,,,68796,-78.71939,86,,,,,,
,,,,,68881,-94.93268,85,,,,,,
,,,,,69000,,,3.4500725269317627,4.0323967933654785,3.927894115447998,23.555747985839844,0.586,0.001
,,,,,69031,-91.0343,150,,,,,,
,,,,,69169,-114.37319,138,,,,,,
,,,,,69268,-92.682655,99,,,,,,
,,,,,69380,-86.76552,112,,,,,,
,,,,,69500,-44.34155,120,,,,,,
,,,,,69598,-59.676434,98,,,,,,
,,,,,69703,-104.15487,105,,,,,,
,,,,,69784,-24.885132,81,,,,,,
,,,,,69905,-74.407295,121,,,,,,
,,,,,69970,-97.736305,65,,,,,,
-200.24152,112.56081,-53.64383,-433.50793,393.2,70000,,,22.39030647277832,-4.666925430297852,-3.868715763092041,146.42446899414062,0.58,0.001
,,,,,70079,-138.33328,109,,,,,,
,,,,,70166,-66.78978,87,,,,,,
,,,,,70302,-214.29504,136,,,,,,
,,,,,70429,-106.74983,127,,,,,,
,,,,,70545,-82.11859,116,,,,,,
,,,,,70667,-26.284302,122,,,,,,
,,,,,70755,-132.9829,88,,,,,,
,,,,,70835,-64.05502,80,,,,,,
,,,,,70910,-47.283348,75,,,,,,
,,,,,71000,,,4.932079315185547,-1.2994836568832397,-1.3149404525756836,35.80169677734375,0.5740000000000001,0.001
,,,,,71012,-96.04115,102,,,,,,
,,,,,71106,-103.8599,94,,,,,,
,,,,,71168,-105.400696,62,,,,,,
,,,,,71300,-84.63262,132,,,,,,
,,,,,71473,-32.146317,173,,,,,,
,,,,,71567,-82.560745,94,,,,,,
,,,,,71637,-19.7537,70,,,,,,
,,,,,71741,-73.85324,104,,,,,,
,,,,,71827,-56.616917,86,,,,,,
,,,,,71919,-112.34114,92,,,,,,
,,,,,72000,,,3.31929349899292,-1.1931184530258179,-1.1635518074035645,35.11204528808594,0.5680000000000001,0.001
,,,,,72060,-61.065594,141,,,,,,
,,,,,72131,-88.36297,71,,,,,,
,,,,,72238,-90.7366,107,,,,,,
,,,,,72373,-193.71263,135,,,,,,
,,,,,72507,-55.979286,134,,,,,,
,,,,,73000,,,12.56330394744873,-1.3659775257110596,-1.264840841293335,48.83007049560547,0.5619999999999999,0.001
,,,,,73507,67.601616,1000,,,,,,
,,,,,73630,-115.20308,123,,,,,,
,,,,,73728,-28.441254,98,,,,,,
,,,,,73861,-25.731178,133,,,,,,
,,,,,73935,-25.390686,74,,,,,,
,,,,,74000,,,1.7675904035568237,-0.8695245981216431,-0.9310463666915894,18.09099006652832,0.556,0.001
,,,,,74036,-167.59,101,,,,,,
,,,,,74155,-93.43631,119,,,,,,
,,,,,74282,-68.00209,127,,,,,,
,,,,,74413,-184.07242,131,,,,,,
,,,,,74520,-35.915245,107,,,,,,
,,,,,74640,-51.390656,120,,,,,,
,,,,,74726,-14.662056,86,,,,,,
,,,,,74845,-107.477585,119,,,,,,
,,,,,74937,-33.238525,92,,,,,,
,,,,,75000,,,1.345815896987915,2.8046250343322754,2.609449863433838,18.05942726135254,0.55,0.001
,,,,,75126,-365.80545,189,,,,,,
,,,,,75221,-47.352356,95,,,,,,
,,,,,75307,-87.10953,86,,,,,,
,,,,,75420,-47.542927,113,,,,,,
,,,,,75555,-37.254208,135,,,,,,
,,,,,75697,-96.447716,142,,,,,,
,,,,,75866,11.412582,169,,,,,,
,,,,,76000,,,29.581398010253906,-1.49176025390625,-0.7273938655853271,84.28241729736328,0.5439999999999999,0.001
,,,,,76050,-60.7372,184,,,,,,
,,,,,76191,-102.347534,141,,,,,,
,,,,,76280,-86.71125,89,,,,,,
,,,,,76420,-122.78871,140,,,,,,
,,,,,76552,-131.24951,132,,,,,,
,,,,,76670,-81.26108,118,,,,,,
,,,,,76751,-58.70048,81,,,,,,
,,,,,76915,-91.17506,164,,,,,,
,,,,,77000,,,9.851326942443848,-5.20330810546875,-5.580860137939453,52.41267395019531,0.538,0.001
,,,,,77027,-115.87514,112,,,,,,
,,,,,77121,-21.314651,94,,,,,,
,,,,,77198,-60.890755,77,,,,,,
,,,,,77326,-30.956665,128,,,,,,
,,,,,77495,-92.145706,169,,,,,,
,,,,,77590,-50.94333,95,,,,,,
,,,,,77686,-38.420902,96,,,,,,
,,,,,77816,-58.26374,130,,,,,,
,,,,,77990,-26.412308,174,,,,,,
,,,,,78000,,,5.843035697937012,1.4785934686660767,1.5386438369750977,50.274471282958984,0.532,0.001
,,,,,78114,-68.99064,124,,,,,,
,,,,,78220,-98.92248,106,,,,,,
,,,,,78303,-79.0435,83,,,,,,
,,,,,78477,-43.93994,174,,,,,,
,,,,,78598,-91.77344,121,,,,,,
,,,,,78674,-48.273262,76,,,,,,
,,,,,78759,-265.354,85,,,,,,
,,,,,78857,-68.3435,98,,,,,,
,,,,,79000,,,11.120412826538086,-3.09381103515625,-3.6078548431396484,48.28797149658203,0.526,0.001
,,,,,79050,-79.08888,193,,,,,,
,,,,,79162,-56.05894,112,,,,,,
,,,,,79365,-73.81386,203,,,,,,
,,,,,79488,-27.939194,123,,,,,,
,,,,,79614,-67.69101,126,,,,,,
,,,,,79702,-73.17502,88,,,,,,
,,,,,79804,-34.29315,102,,,,,,
,,,,,79917,-83.18825,113,,,,,,
-221.26192,87.73176,-23.226799,-339.02582,576.0,80000,,,12.8834228515625,-4.838152885437012,-4.6927571296691895,72.00553131103516,0.52,0.001
,,,,,80062,-15.755516,145,,,,,,
,,,,,80164,-183.20496,102,,,,,,
,,,,,80237,-64.84771,73,,,,,,
,,,,,80363,-123.232956,126,,,,,,
,,,,,80534,-61.779026,171,,,,,,
,,,,,80663,-69.09009,129,,,,,,
,,,,,80789,-61.54436,126,,,,,,
,,,,,80866,-82.00127,77,,,,,,
,,,,,80972,-95.21189,106,,,,,,
,,,,,81000,,,4.207278251647949,-2.201369524002075,-2.15140962600708,33.174495697021484,0.514,0.001
,,,,,81130,-89.338005,158,,,,,,
,,,,,81198,-80.3845,68,,,,,,
,,,,,81260,-77.09862,62,,,,,,
,,,,,81388,-51.93159,128,,,,,,
,,,,,81521,-28.969833,133,,,,,,
,,,,,81591,-69.6613,70,,,,,,
,,,,,81673,-67.86455,82,,,,,,
,,,,,81823,-108.08279,150,,,,,,
,,,,,81975,-60.18348,152,,,,,,
,,,,,82000,,,46.965274810791016,9.783287048339844,10.111363410949707,84.238525390625,0.508,0.001
,,,,,82099,-0.79756165,124,,,,,,
,,,,,82238,-28.859825,139,,,,,,
,,,,,82348,-90.29695,110,,,,,,
,,,,,82422,-57.854088,74,,,,,,
,,,,,82568,-92.908295,146,,,,,,
,,,,,82648,-69.746735,80,,,,,,
,,,,,82808,-43.998295,160,,,,,,
,,,,,82884,-74.74933,76,,,,,,
,,,,,83000,,,6.03700590133667,-2.8900201320648193,-3.1523947715759277,48.014610290527344,0.502,0.001
,,,,,83008,-9.912376,124,,,,,,
,,,,,83085,-46.580776,77,,,,,,
,,,,,83230,-100.009254,145,,,,,,
,,,,,83400,-29.25402,170,,,,,,
,,,,,83555,-16.810272,155,,,,,,
,,,,,83621,-54.380756,66,,,,,,
,,,,,83743,-57.047363,122,,,,,,
,,,,,83857,-31.454079,114,,,,,,
,,,,,83966,-22.600746,109,,,,,,
,,,,,84000,,,4.132024765014648,0.8271069526672363,0.2908151149749756,40.685447692871094,0.4959999999999999,0.001
,,,,,84067,-241.47437,101,,,,,,
,,,,,84192,-152.03976,125,,,,,,
,,,,,84267,-74.867325,75,,,,,,
,,,,,84377,-66.48877,110,,,,,,
,,,,,84503,-26.677559,126,,,,,,
,,,,,84616,-54.155807,113,,,,,,
,,,,,84745,-103.265816,129,,,,,,
,,,,,84889,-92.24309,144,,,,,,
,,,,,85000,,,9.223625183105469,-1.9090421199798584,-1.9902361631393433,53.389892578125,0.49,0.001
,,,,,85027,-75.03398,138,,,,,,
,,,,,85147,-113.61174,120,,,,,,
,,,,,85247,-15.737137,100,,,,,,
,,,,,85316,-57.011894,69,,,,,,
,,,,,85414,-86.041626,98,,,,,,
,,,,,85525,-24.79264,111,,,,,,
,,,,,85703,-54.732914,178,,,,,,
,,,,,85837,-1.2033157,134,,,,,,
,,,,,85937,-54.33893,100,,,,,,
,,,,,86000,,,5.020148277282715,-8.490550994873047,-8.67333698272705,31.24599838256836,0.484,0.001
,,,,,86049,-97.28808,112,,,,,,
,,,,,86122,-53.273563,73,,,,,,
,,,,,86220,-88.85721,98,,,,,,
,,,,,86321,-73.56555,101,,,,,,
,,,,,86441,-89.933754,120,,,,,,
,,,,,86549,5.021385,108,,,,,,
,,,,,86666,-36.424408,117,,,,,,
,,,,,86802,-79.8071,136,,,,,,
,,,,,86889,-3.7763748,87,,,,,,
,,,,,87000,,,16.525753021240234,-6.756046772003174,-6.446224212646484,69.96776580810547,0.478,0.001
,,,,,87024,-28.217567,135,,,,,,
,,,,,87157,-140.05383,133,,,,,,
,,,,,87305,-68.69324,148,,,,,,
,,,,,87427,-143.54388,122,,,,,,
,,,,,87542,5.5889893,115,,,,,,
,,,,,87663,-55.714462,121,,,,,,
,,,,,87787,-41.963978,124,,,,,,
,,,,,87929,-41.854248,142,,,,,,
,,,,,88000,,,2.2442128658294678,1.693295955657959,1.6863090991973877,20.190580368041992,0.472,0.001
,,,,,88083,-69.12517,154,,,,,,
,,,,,88262,-25.94172,179,,,,,,
,,,,,88382,-64.752426,120,,,,,,
,,,,,88608,-55.820896,226,,,,,,
,,,,,88795,-32.443863,187,,,,,,
,,,,,88882,-113.310196,87,,,,,,
,,,,,89000,,,2.656987190246582,3.397284507751465,3.759416103363037,29.18817138671875,0.46599999999999997,0.001
,,,,,89017,-95.55978,135,,,,,,
,,,,,89087,-57.753517,70,,,,,,
,,,,,89178,30.59845,91,,,,,,
,,,,,89322,-29.17482,144,,,,,,
,,,,,89398,-64.043945,76,,,,,,
,,,,,89594,-75.01468,196,,,,,,
,,,,,89809,-10.425446,215,,,,,,
,,,,,89888,-83.11415,79,,,,,,
-297.55658,66.1439,-180.74811,-402.37125,395.7,90000,,,7.3464860916137695,-2.1929943561553955,-1.716673731803894,53.87675094604492,0.45999999999999996,0.001
,,,,,90086,-125.866905,198,,,,,,
,,,,,90256,-215.83249,170,,,,,,
,,,,,90379,-29.899841,123,,,,,,
,,,,,90510,-99.03238,131,,,,,,
,,,,,90620,-26.095566,110,,,,,,
,,,,,90767,-41.164536,147,,,,,,
,,,,,90925,-179.15637,158,,,,,,
,,,,,91000,,,7.2907514572143555,4.312378883361816,4.384712219238281,49.77500534057617,0.45399999999999996,0.001
,,,,,91119,-62.43764,194,,,,,,
,,,,,91246,-15.329987,127,,,,,,
,,,,,91342,-22.060799,96,,,,,,
,,,,,91537,-52.427418,195,,,,,,
,,,,,91667,-10.801376,130,,,,,,
,,,,,91795,-26.272491,128,,,,,,
,,,,,91961,-112.17497,166,,,,,,
,,,,,92000,,,5.972543239593506,7.389517307281494,7.721586227416992,40.34309005737305,0.44800000000000006,0.001
,,,,,92100,-74.78401,139,,,,,,
,,,,,92180,-70.64475,80,,,,,,
,,,,,92308,19.007248,128,,,,,,
,,,,,92381,-67.75749,73,,,,,,
,,,,,92504,-62.43343,123,,,,,,
,,,,,92625,-8.66066,121,,,,,,
,,,,,92760,-19.597572,135,,,,,,
,,,,,92905,-92.34426,145,,,,,,
,,,,,93000,,,5.827224254608154,-1.4011330604553223,-1.6499055624008179,45.80192184448242,0.44199999999999995,0.001
,,,,,93029,-33.19503,124,,,,,,
,,,,,93115,-62.146263,86,,,,,,
,,,,,93291,-70.8642,176,,,,,,
,,,,,93424,-99.64766,133,,,,,,
,,,,,93535,-125.91859,111,,,,,,
,,,,,93699,-85.72165,164,,,,,,
,,,,,93855,-11.2699585,156,,,,,,
,,,,,93977,-87.93288,122,,,,,,
,,,,,94000,,,2.892001152038574,0.27846384048461914,0.01627826690673828,23.473588943481445,0.43599999999999994,0.001
,,,,,94093,-60.84524,116,,,,,,
,,,,,94230,-121.4061,137,,,,,,
,,,,,94403,-130.89473,173,,,,,,
,,,,,94564,-105.5855,161,,,,,,
,,,,,94653,-67.577675,89,,,,,,
,,,,,94840,-23.308327,187,,,,,,
,,,,,95000,,,1.8655112981796265,-0.1987890601158142,-0.24348664283752441,16.177654266357422,0.43000000000000005,0.001
,,,,,95017,7.735878,177,,,,,,
,,,,,95182,-58.806393,165,,,,,,
,,,,,95311,-52.991676,129,,,,,,
,,,,,96000,,,10.283746719360352,0.9310314059257507,0.46201133728027344,72.23149108886719,0.42399999999999993,0.001
,,,,,96311,-37.155453,1000,,,,,,
,,,,,96486,-107.63332,175,,,,,,
,,,,,96562,-76.705734,76,,,,,,
,,,,,96714,-69.18339,152,,,,,,
,,,,,96891,-10.479347,177,,,,,,
,,,,,97000,,,9.843006134033203,-5.685568332672119,-5.585445880889893,50.933433532714844,0.41800000000000004,0.001
,,,,,97047,-81.92788,156,,,,,,
,,,,,97169,-37.777664,122,,,,,,
,,,,,97284,-68.96014,115,,,,,,
,,,,,98000,,,3.4555246829986572,-3.107923984527588,-3.50296950340271,34.48906326293945,0.41200000000000003,0.001
,,,,,98284,24.96068,1000,,,,,,
,,,,,98408,-103.73695,124,,,,,,
,,,,,98536,-143.3057,128,,,,,,
,,,,,98668,9.972595,132,,,,,,
,,,,,98762,-48.658993,94,,,,,,
,,,,,98906,0.52804565,144,,,,,,
,,,,,99000,,,37.186344146728516,0.27077484130859375,-0.9077482223510742,116.12393188476562,0.4059999999999999,0.001
,,,,,99197,-83.24982,291,,,,,,
,,,,,99331,-62.034492,134,,,,,,
,,,,,99485,-45.0918,154,,,,,,
,,,,,99620,22.559769,135,,,,,,
,,,,,99704,-53.311012,84,,,,,,
,,,,,99848,-47.630745,144,,,,,,
,,,,,99957,-63.629166,109,,,,,,
-243.68088,75.69204,-138.32986,-371.64154,280.8,100000,,,26.830307006835938,-9.476114273071289,-9.879905700683594,145.9249725341797,0.4,0.001
,,,,,100094,-169.60913,137,,,,,,
,,,,,100179,-28.358688,85,,,,,,
,,,,,100312,-22.907394,133,,,,,,
,,,,,100409,-48.69593,97,,,,,,
,,,,,100579,-158.41614,170,,,,,,
,,,,,100703,-69.526886,124,,,,,,
,,,,,100825,-50.5795,122,,,,,,
,,,,,100978,-170.2479,153,,,,,,
,,,,,101000,,,26.04429817199707,-1.322688341140747,-2.2920055389404297,134.15274047851562,0.394,0.001
,,,,,101121,24.179115,143,,,,,,
,,,,,101203,-38.71713,82,,,,,,
,,,,,101413,-128.51321,210,,,,,,
,,,,,101708,-59.843704,295,,,,,,
,,,,,101867,-129.94601,159,,,,,,
,,,,,102000,,,10.967259407043457,-5.458070755004883,-5.231873512268066,53.74894332885742,0.3879999999999999,0.001
,,,,,102079,-140.23357,212,,,,,,
,,,,,102290,-19.279999,211,,,,,,
,,,,,102519,-32.80639,229,,,,,,
,,,,,102694,-99.585556,175,,,,,,
,,,,,102903,-41.572647,209,,,,,,
,,,,,103000,,,7.455894470214844,0.702214241027832,1.3893535137176514,52.45155334472656,0.382,0.001
,,,,,103086,-155.80354,183,,,,,,
,,,,,103213,-42.02069,127,,,,,,
,,,,,103338,-46.0212,125,,,,,,
,,,,,104000,,,36.12517547607422,0.10046005249023438,0.16226530075073242,120.57281494140625,0.376,0.001
,,,,,104077,-140.58678,739,,,,,,
,,,,,104227,-222.76595,150,,,,,,
,,,,,104380,-137.30127,153,,,,,,
,,,,,104547,-50.17139,167,,,,,,
,,,,,104732,-85.01311,185,,,,,,
,,,,,104942,-16.924614,210,,,,,,
,,,,,105000,,,6.189391613006592,9.267192840576172,9.17517375946045,32.683921813964844,0.37,0.001
,,,,,105095,-60.121513,153,,,,,,
,,,,,105189,5.869568,94,,,,,,
,,,,,105775,-103.62105,586,,,,,,
,,,,,106000,,,2.9203948974609375,-3.2509732246398926,-2.7900407314300537,33.037071228027344,0.364,0.001
,,,,,106092,-255.44164,317,,,,,,
,,,,,106189,-48.602802,97,,,,,,
,,,,,107000,,,4.558187961578369,5.309131145477295,5.002875804901123,49.55833435058594,0.358,0.001
,,,,,107049,-297.5383,860,,,,,,
,,,,,107353,-59.19631,304,,,,,,
,,,,,107573,-131.62715,220,,,,,,
,,,,,107831,-166.38293,258,,,,,,
,,,,,107986,0.27490234,155,,,,,,
,,,,,108000,,,5.288984298706055,-0.718518853187561,-0.8962559700012207,42.81255340576172,0.352,0.001
,,,,,108186,-41.18865,200,,,,,,
,,,,,108327,26.980057,141,,,,,,
,,,,,108521,-2.248207,194,,,,,,
,,,,,108752,-166.07367,231,,,,,,
,,,,,108926,-37.116215,174,,,,,,
,,,,,109000,,,9.178385734558105,-10.694543838500977,-11.006071090698242,50.43096160888672,0.346,0.001
,,,,,109164,-47.382927,238,,,,,,
,,,,,109384,-106.83989,220,,,,,,
,,,,,109559,-41.63187,175,,,,,,
,,,,,109745,-75.06845,186,,,,,,
-250.68181,114.56775,-134.2521,-475.68347,434.5,110000,,,25.957807540893555,-2.7769925594329834,-1.6737109422683716,192.10775756835938,0.3400000000000001,0.001
,,,,,110106,-156.40378,361,,,,,,
,,,,,110236,-80.899254,130,,,,,,
,,,,,110468,-43.263313,232,,,,,,
,,,,,110767,-9.571518,299,,,,,,
,,,,,111000,,,8.94497013092041,5.104635238647461,5.07211446762085,46.94210433959961,0.33399999999999996,0.001
,,,,,111039,-65.25095,272,,,,,,
,,,,,111262,-29.180183,223,,,,,,
,,,,,111450,-120.399704,188,,,,,,
,,,,,111532,-79.24929,82,,,,,,
,,,,,112000,,,16.41116714477539,6.891273498535156,7.524835586547852,60.355472564697266,0.32799999999999996,0.001
,,,,,112532,-171.0339,1000,,,,,,
,,,,,113000,,,5.343755722045898,-2.2261486053466797,-2.1734282970428467,38.75296401977539,0.32200000000000006,0.001
,,,,,113040,-358.02197,508,,,,,,
,,,,,113252,-138.79262,212,,,,,,
,,,,,114000,,,4.039602756500244,7.709883213043213,7.718303203582764,35.22470474243164,0.31599999999999995,0.001
,,,,,114252,-16.949398,1000,,,,,,
,,,,,114410,-58.312874,158,,,,,,
,,,,,114574,-133.6203,164,,,,,,
,,,,,114687,-35.058197,113,,,,,,
,,,,,115000,,,8.351303100585938,3.400331974029541,2.4733493328094482,68.20804595947266,0.30999999999999994,0.001
,,,,,115191,-196.97534,504,,,,,,
,,,,,115281,9.732468,90,,,,,,
,,,,,116000,,,25.33059310913086,9.138526916503906,8.474709510803223,151.90101623535156,0.30400000000000005,0.001
,,,,,116260,-275.5456,979,,,,,,
,,,,,116359,-30.275078,99,,,,,,
,,,,,116438,-20.6419,79,,,,,,
,,,,,116631,-84.99908,193,,,,,,
,,,,,116789,-117.943375,158,,,,,,
,,,,,117000,,,21.908363342285156,4.619776725769043,4.6941609382629395,73.88390350341797,0.29799999999999993,0.001
,,,,,117023,-141.03716,234,,,,,,
,,,,,117281,-185.10919,258,,,,,,
,,,,,117414,-137.27295,133,,,,,,
,,,,,117511,-17.43863,97,,,,,,
,,,,,117753,-89.53035,242,,,,,,
,,,,,117901,-104.13255,148,,,,,,
,,,,,118000,,,15.233720779418945,0.3219151496887207,0.37044382095336914,67.81507110595703,0.29200000000000004,0.001
,,,,,118901,-81.915375,1000,,,,,,
,,,,,119000,,,11.608522415161133,12.393227577209473,11.4708833694458,98.67938995361328,0.28600000000000003,0.001
,,,,,119120,-27.141327,219,,,,,,
,,,,,119697,-163.4167,577,,,,,,
-180.06918,85.69854,5.428055,-291.43103,385.5,120000,,,4.282193183898926,14.070655822753906,14.018948554992676,38.03784942626953,0.2799999999999999,0.001
,,,,,120049,-249.6164,352,,,,,,
,,,,,120418,-101.422745,369,,,,,,
,,,,,121000,,,40.17015838623047,0.39278650283813477,1.389983892440796,101.3165054321289,0.274,0.001
,,,,,121418,-122.28729,1000,,,,,,
,,,,,121713,-95.42926,295,,,,,,
,,,,,121828,-51.876465,115,,,,,,
,,,,,122000,,,165.7616424560547,4.091411590576172,6.01834774017334,392.6196594238281,0.268,0.001
,,,,,122828,-86.183754,1000,,,,,,
,,,,,123000,,,62.332027435302734,-1.3352241516113281,-0.7068705558776855,504.8731384277344,0.262,0.001
,,,,,123828,-128.93271,1000,,,,,,
,,,,,124000,,,20.875591278076172,10.037739753723145,9.95085334777832,94.15013885498047,0.256,0.001
,,,,,124244,-242.3193,416,,,,,,
,,,,,124565,-171.98083,321,,,,,,
,,,,,124660,-53.836758,95,,,,,,
,,,,,124794,-76.436066,134,,,,,,
,,,,,125000,,,4.3257904052734375,5.36170768737793,5.879966735839844,36.95309829711914,0.25,0.001
,,,,,125734,-292.07422,940,,,,,,
,,,,,125903,-91.811905,169,,,,,,
,,,,,126000,,,7.739368915557861,8.093259811401367,8.210845947265625,131.6580810546875,0.244,0.001
,,,,,126091,-131.29057,188,,,,,,
,,,,,126343,-122.48683,252,,,,,,
,,,,,126469,-90.57245,126,,,,,,
,,,,,126602,-28.748795,133,,,,,,
,,,,,126854,-87.20572,252,,,,,,
,,,,,126964,-132.67516,110,,,,,,
,,,,,127000,,,418.7912292480469,9.68403148651123,12.141952514648438,565.38330078125,0.238,0.001
,,,,,127824,-131.94855,860,,,,,,
,,,,,128000,,,13.309456825256348,-1.2971172332763672,-1.9999241828918457,113.60755920410156,0.23199999999999998,0.001
,,,,,128022,-64.53784,198,,,,,,
,,,,,128288,-183.71494,266,,,,,,
,,,,,128702,-28.042007,414,,,,,,
,,,,,128894,-118.10872,192,,,,,,
,,,,,129000,,,6.200470924377441,9.94047737121582,10.40797233581543,50.48751449584961,0.22599999999999998,0.001
,,,,,129072,-144.05731,178,,,,,,
-186.00064,39.226963,-131.07208,-249.04027,403.2,130000,,,20.63521957397461,8.430099487304688,7.974730491638184,86.70394134521484,0.21999999999999997,0.001
,,,,,130072,-134.57999,1000,,,,,,
,,,,,130597,-71.96734,525,,,,,,
,,,,,130697,-71.56869,100,,,,,,
,,,,,130785,-20.27314,88,,,,,,
,,,,,130923,-100.582405,138,,,,,,
,,,,,131000,,,4.188233852386475,3.5524420738220215,3.794748544692993,54.03678894042969,0.21399999999999997,0.001
,,,,,131260,-167.43713,337,,,,,,
,,,,,132000,,,49.02535629272461,7.6005353927612305,8.66848373413086,148.92831420898438,0.20799999999999996,0.001
,,,,,132260,-194.2054,1000,,,,,,
,,,,,132488,-117.491066,228,,,,,,
,,,,,132625,-137.04776,137,,,,,,
,,,,,133000,,,10.506451606750488,-0.121856689453125,0.29862403869628906,66.73392486572266,0.20199999999999996,0.001
,,,,,133013,-196.18585,388,,,,,,
,,,,,133189,-121.03238,176,,,,,,
,,,,,133788,-249.55037,599,,,,,,
,,,,,134000,,,11.31978988647461,15.71584701538086,16.380874633789062,49.617218017578125,0.19599999999999995,0.001
,,,,,134001,-171.27017,213,,,,,,
,,,,,134400,-183.40625,399,,,,,,
,,,,,134901,-210.81328,501,,,,,,
,,,,,135000,,,7.667111396789551,10.241645812988281,10.237823486328125,38.483795166015625,0.18999999999999995,0.001
,,,,,135349,-208.95857,448,,,,,,
,,,,,135532,-47.91698,183,,,,,,
,,,,,135688,-129.50836,156,,,,,,
,,,,,135851,-155.8074,163,,,,,,
,,,,,136000,,,5.6212029457092285,3.0217814445495605,3.318631887435913,43.342979431152344,0.18400000000000005,0.001
,,,,,136851,-52.264214,1000,,,,,,
,,,,,136965,-62.690407,114,,,,,,
,,,,,137000,,,33.18931579589844,-0.7986044883728027,0.15180569887161255,136.198974609375,0.17799999999999994,0.001
,,,,,137288,-219.3223,323,,,,,,
,,,,,138000,,,26.553342819213867,-0.4200246334075928,-0.776414155960083,93.13462829589844,0.17199999999999993,0.001
,,,,,138288,-126.31061,1000,,,,,,
,,,,,138553,-126.21118,265,,,,,,
,,,,,138772,-163.6073,219,,,,,,
,,,,,139000,,,20.918010711669922,2.8785719871520996,3.5135982036590576,63.33549880981445,0.16600000000000004,0.001
,,,,,139247,-229.69147,475,,,,,,
,,,,,139385,-117.1701,138,,,,,,
,,,,,139624,-161.89044,239,,,,,,
-144.56279,90.14023,-37.972504,-353.62598,336.7,140000,,,5.334378242492676,2.89815354347229,2.4685959815979004,57.17356872558594,0.15999999999999992,0.001
,,,,,140624,-99.9699,1000,,,,,,
,,,,,141000,,,4.907820224761963,4.609133720397949,5.3880615234375,64.7098388671875,0.15400000000000003,0.001
,,,,,141084,-178.73836,460,,,,,,
,,,,,141433,-189.36826,349,,,,,,
,,,,,141739,-180.02866,306,,,,,,
,,,,,142000,,,5.245469093322754,7.665619850158691,8.505345344543457,63.33180236816406,0.14800000000000002,0.001
,,,,,142256,-206.69174,517,,,,,,
,,,,,143000,,,5.020904064178467,4.336645126342773,3.45442533493042,61.14788055419922,0.1419999999999999,0.001
,,,,,143079,-269.62454,823,,,,,,
,,,,,143653,-266.62646,574,,,,,,
,,,,,144000,,,4.45866584777832,8.824213027954102,8.420719146728516,50.11225509643555,0.136,0.001
,,,,,144190,-237.05951,537,,,,,,
,,,,,144439,-143.06195,249,,,,,,
,,,,,145000,,,8.650221824645996,12.283931732177734,12.364863395690918,48.159183502197266,0.13,0.001
,,,,,145439,-66.79396,1000,,,,,,
,,,,,145648,-127.88112,209,,,,,,
,,,,,146000,,,5.331773281097412,8.448205947875977,8.47035026550293,37.237186431884766,0.12399999999999989,0.001
,,,,,146648,-16.723324,1000,,,,,,
,,,,,146870,-117.04503,222,,,,,,
,,,,,147000,,,9.282773971557617,8.930951118469238,9.091310501098633,46.220375061035156,0.118,0.001
,,,,,147167,-130.51904,297,,,,,,
,,,,,147444,-122.47936,277,,,,,,
,,,,,148000,,,45.42243576049805,8.148029327392578,8.382676124572754,238.04086303710938,0.11199999999999999,0.001
,,,,,148035,-212.71301,591,,,,,,
,,,,,148458,-163.5609,423,,,,,,
,,,,,149000,,,4.359821319580078,9.684823036193848,10.220279693603516,41.88261795043945,0.10599999999999998,0.001
,,,,,149458,-3.7520738,1000,,,,,,
,,,,,149759,-287.19318,301,,,,,,
-152.04756,33.21536,-113.76864,-196.51065,297.8,150000,,,5.624020099639893,13.984091758728027,13.926877975463867,33.41826629638672,0.1,0.001
,,,,,150075,-136.98492,316,,,,,,
,,,,,151000,,,4.12890625,13.579019546508789,13.39652156829834,33.72219467163086,0.09946666666666668,0.001
,,,,,151075,-60.97139,1000,,,,,,
,,,,,151224,-113.28141,149,,,,,,
,,,,,151668,-181.00317,444,,,,,,
,,,,,152000,,,22.156909942626953,9.977323532104492,8.673737525939941,124.19644165039062,0.09893333333333335,0.001
,,,,,152607,-248.86444,939,,,,,,
,,,,,153000,,,12.478002548217773,2.4704227447509766,2.360870838165283,76.05184173583984,0.0984,0.001
,,,,,153096,161.65617,489,,,,,,
,,,,,153291,-94.41106,195,,,,,,
,,,,,153829,-249.18709,538,,,,,,
,,,,,153983,-92.395134,154,,,,,,
,,,,,154000,,,26.895545959472656,1.767165184020996,1.1218161582946777,152.4941864013672,0.09786666666666667,0.001
,,,,,154172,-107.962395,189,,,,,,
,,,,,154491,-99.44112,319,,,,,,
,,,,,154679,-22.65245,188,,,,,,
,,,,,155000,,,2.6262197494506836,7.278404235839844,7.457272529602051,27.387636184692383,0.09733333333333334,0.001
,,,,,155006,-131.03458,327,,,,,,
,,,,,155956,-252.82317,950,,,,,,
,,,,,156000,,,26.72930908203125,8.026243209838867,6.987627983093262,108.77538299560547,0.09680000000000001,0.001
,,,,,156956,-46.705185,1000,,,,,,
,,,,,157000,,,3.1446735858917236,11.815974235534668,11.942046165466309,25.947128295898438,0.09626666666666667,0.001
,,,,,157280,-125.966896,324,,,,,,
,,,,,158000,,,13.624411582946777,4.1198859214782715,5.070627212524414,96.4283676147461,0.09573333333333334,0.001
,,,,,158280,16.281536,1000,,,,,,
,,,,,158630,-122.39859,350,,,,,,
,,,,,159000,,,11.1239013671875,5.489240646362305,4.8115434646606445,71.15484619140625,0.0952,0.001
,,,,,159241,-269.11453,611,,,,,,
,,,,,159407,-98.614975,166,,,,,,
-117.62559,92.09277,12.374806,-250.35085,677.1,160000,,,5.23985481262207,13.009437561035156,12.912887573242188,31.320772171020508,0.09466666666666668,0.001
,,,,,160407,-152.21982,1000,,,,,,
,,,,,160833,-167.166,426,,,,,,
,,,,,161000,,,13.480364799499512,7.9408979415893555,8.32207202911377,47.43157196044922,0.09413333333333333,0.001
,,,,,161064,-69.96665,231,,,,,,
,,,,,162000,,,4.003974914550781,14.49604320526123,14.199031829833984,38.17869567871094,0.0936,0.001
,,,,,162064,-48.95886,1000,,,,,,
,,,,,162786,-268.43756,722,,,,,,
,,,,,163000,,,10.16488265991211,5.137546539306641,4.726471424102783,49.82647705078125,0.09306666666666667,0.001
,,,,,163229,-134.96538,443,,,,,,
,,,,,163866,-249.59412,637,,,,,,
,,,,,164000,,,7.425296306610107,3.897021770477295,4.036530494689941,46.11457443237305,0.09253333333333334,0.001
,,,,,164295,-182.2976,429,,,,,,
,,,,,165000,,,5.459190368652344,12.735578536987305,12.842874526977539,47.049503326416016,0.092,0.001
,,,,,165295,-39.79838,1000,,,,,,
,,,,,166000,,,7.753904819488525,5.843421936035156,6.362320423126221,65.11920928955078,0.09146666666666667,0.001
,,,,,166295,-21.454098,1000,,,,,,
,,,,,167000,,,7.464028358459473,12.324079513549805,12.059727668762207,49.45323944091797,0.09093333333333334,0.001
,,,,,167295,-19.07499,1000,,,,,,
,,,,,168000,,,5.832998752593994,19.8659610748291,19.913326263427734,48.30173873901367,0.09040000000000001,0.001
,,,,,168295,59.028046,1000,,,,,,
,,,,,169000,,,13.929712295532227,8.881526947021484,9.154518127441406,48.15997314453125,0.08986666666666668,0.001
,,,,,169295,-152.51822,1000,,,,,,
-53.730408,103.49771,50.125916,-301.2973,798.0,170000,,,6.850586891174316,11.494739532470703,11.580820083618164,46.71654510498047,0.08933333333333333,0.001
,,,,,170295,-157.23491,1000,,,,,,
,,,,,171000,,,20.106237411499023,8.552450180053711,8.355825424194336,80.20084381103516,0.0888,0.001
,,,,,171295,-49.307304,1000,,,,,,
,,,,,172000,,,5.554502964019775,10.185165405273438,10.374752044677734,47.234737396240234,0.08826666666666667,0.001
,,,,,172295,-18.294073,1000,,,,,,
,,,,,173000,,,15.157735824584961,8.873403549194336,9.146312713623047,65.04877471923828,0.08773333333333334,0.001
,,,,,173295,-60.36011,1000,,,,,,
,,,,,173519,-110.34993,224,,,,,,
,,,,,174000,,,3.892859697341919,9.032888412475586,8.948141098022461,33.11653137207031,0.0872,0.001
,,,,,174362,-301.5427,843,,,,,,
,,,,,175000,,,6.235007286071777,15.534661293029785,15.463702201843262,50.562828063964844,0.08666666666666667,0.001
,,,,,175362,-75.29493,1000,,,,,,
,,,,,176000,,,42.243865966796875,7.717049598693848,6.836426734924316,151.35107421875,0.08613333333333334,0.001
,,,,,176362,-35.982597,1000,,,,,,
,,,,,177000,,,9.303476333618164,0.9031381607055664,1.4133143424987793,70.93435668945312,0.08560000000000001,0.001
,,,,,177362,-63.66223,1000,,,,,,
,,,,,178000,,,6.0431132316589355,14.369504928588867,13.682287216186523,64.92249298095703,0.08506666666666667,0.001
,,,,,178362,-46.340622,1000,,,,,,
,,,,,179000,,,18.371973037719727,13.564725875854492,13.912979125976562,88.74143981933594,0.08453333333333334,0.001
,,,,,179362,21.763042,1000,,,,,,
-8.617946,120.33069,228.77863,-232.59337,860.7,180000,,,158.30865478515625,11.709954261779785,10.523286819458008,196.4745330810547,0.084,0.001
,,,,,180362,-24.648762,1000,,,,,,
,,,,,181000,,,35.57371520996094,12.272602081298828,11.610097885131836,165.1490936279297,0.08346666666666668,0.001
,,,,,181362,-3.649879,1000,,,,,,
,,,,,182000,,,41.155487060546875,15.67733383178711,14.882752418518066,147.78871154785156,0.08293333333333333,0.001
,,,,,182362,-63.83241,1000,,,,,,
,,,,,183000,,,32.547725677490234,3.3174076080322266,4.277386665344238,106.8892822265625,0.0824,0.001
,,,,,183362,-29.067196,1000,,,,,,
,,,,,183705,-124.704575,343,,,,,,
,,,,,184000,,,8.042401313781738,16.394309997558594,16.38308334350586,65.72796630859375,0.08186666666666667,0.001
,,,,,184705,8.553433,1000,,,,,,
,,,,,185000,,,14.673081398010254,8.61703872680664,8.568390846252441,63.935035705566406,0.08133333333333334,0.001
,,,,,185705,-42.839615,1000,,,,,,
,,,,,186000,,,10.940330505371094,20.069259643554688,19.46530532836914,71.68756866455078,0.08080000000000001,0.001
,,,,,186705,-5.735675,1000,,,,,,
,,,,,187000,,,10.190696716308594,14.4786376953125,14.266674041748047,56.017940521240234,0.08026666666666667,0.001
,,,,,187705,-29.68158,1000,,,,,,
,,,,,188000,,,5.5276265144348145,12.353241920471191,12.431175231933594,35.13268280029297,0.07973333333333334,0.001
,,,,,188705,1.9007511,1000,,,,,,
,,,,,189000,,,30.6011962890625,17.015247344970703,18.475629806518555,117.80230712890625,0.0792,0.001
,,,,,189705,-40.588776,1000,,,,,,
-63.77112,72.981544,24.347164,-225.90128,857.1,190000,,,6.036858558654785,14.560403823852539,14.359380722045898,56.89853286743164,0.07866666666666668,0.001
,,,,,190705,-15.593393,1000,,,,,,
,,,,,191000,,,4.884709358215332,12.04294204711914,11.663076400756836,57.444358825683594,0.07813333333333333,0.001
,,,,,191705,16.636353,1000,,,,,,
,,,,,192000,,,9.5818452835083,11.29035758972168,11.265222549438477,121.56549835205078,0.0776,0.001
,,,,,192705,-44.86616,1000,,,,,,
,,,,,192940,-64.118835,235,,,,,,
,,,,,193000,,,12.046638488769531,15.41214656829834,15.931638717651367,77.93649291992188,0.07706666666666667,0.001
,,,,,193940,36.204086,1000,,,,,,
,,,,,194000,,,5.582627773284912,17.32988739013672,16.916255950927734,46.86917495727539,0.07653333333333334,0.001
,,,,,194940,-31.588692,1000,,,,,,
,,,,,195000,,,3.896909475326538,19.81906509399414,19.6926212310791,34.28225326538086,0.07600000000000001,0.001
,,,,,195940,-45.67882,1000,,,,,,
,,,,,196000,,,19.349050521850586,8.649478912353516,8.243158340454102,84.73863983154297,0.07546666666666668,0.001
,,,,,196308,-226.53757,368,,,,,,
,,,,,197000,,,5.1990814208984375,19.067705154418945,18.799846649169922,42.29441452026367,0.07493333333333334,0.001
,,,,,197308,-150.72145,1000,,,,,,
,,,,,198000,,,42.42377471923828,13.216835021972656,13.865001678466797,168.66053771972656,0.07440000000000001,0.001
,,,,,198308,-0.03274846,1000,,,,,,
,,,,,199000,,,10.28710651397705,17.57855987548828,16.532634735107422,91.55268859863281,0.07386666666666666,0.001
,,,,,199308,0.40577412,1000,,,,,,
-13.660093,18.398838,10.231426,-58.501644,1000.0,200000,,,18.466957092285156,18.297954559326172,18.954511642456055,73.01053619384766,0.07333333333333333,0.001
,,,,,200308,10.674,1000,,,,,,
,,,,,201000,,,6.959721565246582,4.772204875946045,4.401111602783203,64.8519058227539,0.0728,0.001
,,,,,201308,-11.090916,1000,,,,,,
,,,,,202000,,,5.194214344024658,21.879257202148438,21.47895622253418,43.521671295166016,0.07226666666666667,0.001
,,,,,202308,-56.500145,1000,,,,,,
,,,,,203000,,,107.26144409179688,10.24543285369873,9.026891708374023,224.46041870117188,0.07173333333333334,0.001
,,,,,203308,-31.2828,1000,,,,,,
,,,,,204000,,,34.362213134765625,21.46063804626465,22.491214752197266,136.02972412109375,0.07120000000000001,0.001
,,,,,204308,-52.054028,1000,,,,,,
,,,,,205000,,,4.0302534103393555,19.899778366088867,19.457275390625,38.45331573486328,0.07066666666666667,0.001
,,,,,205308,-78.66926,1000,,,,,,
,,,,,206000,,,5.08457088470459,24.145742416381836,24.130016326904297,49.64984893798828,0.07013333333333334,0.001
,,,,,206308,-17.75456,1000,,,,,,
,,,,,206453,-86.881004,145,,,,,,
,,,,,207000,,,4.425539016723633,23.4271297454834,23.77164077758789,45.101524353027344,0.06960000000000001,0.001
,,,,,207453,-27.449778,1000,,,,,,
,,,,,207568,-17.419403,115,,,,,,
,,,,,208000,,,7.084264755249023,19.375667572021484,19.392292022705078,54.965301513671875,0.06906666666666667,0.001
,,,,,208568,-1.294209,1000,,,,,,
,,,,,209000,,,7.951699256896973,15.020580291748047,15.196369171142578,50.958641052246094,0.06853333333333333,0.001
,,,,,209568,-0.054780588,1000,,,,,,
-82.52913,71.72462,15.2324505,-169.69644,927.3,210000,,,8.127607345581055,16.88454818725586,17.017284393310547,56.61256790161133,0.068,0.001
,,,,,210568,-2.4625452,1000,,,,,,
,,,,,210791,-86.48391,223,,,,,,
,,,,,211000,,,5.807768821716309,18.605539321899414,18.814743041992188,44.09248352050781,0.06746666666666667,0.001
,,,,,211033,-106.27432,242,,,,,,
,,,,,212000,,,11.206233024597168,12.709792137145996,12.663719177246094,63.607261657714844,0.06693333333333334,0.001
,,,,,212033,-15.17303,1000,,,,,,
,,,,,213000,,,7.530947685241699,20.071128845214844,19.974679946899414,62.581756591796875,0.06640000000000001,0.001
,,,,,213033,-24.084766,1000,,,,,,
,,,,,214000,,,7.89348030090332,18.646713256835938,17.78055191040039,78.76716613769531,0.06586666666666667,0.001
,,,,,214033,-34.628178,1000,,,,,,
,,,,,214158,-108.22916,125,,,,,,
,,,,,215000,,,5.44793176651001,17.279935836791992,16.9149169921875,45.02328109741211,0.06533333333333333,0.001
,,,,,215158,-41.199203,1000,,,,,,
,,,,,216000,,,43.61762237548828,11.311941146850586,11.198576927185059,92.14639282226562,0.0648,0.001
,,,,,216158,-16.529129,1000,,,,,,
,,,,,217000,,,4.311456203460693,28.69970703125,28.80161476135254,41.370872497558594,0.06426666666666667,0.001
,,,,,217158,-2.6835546,1000,,,,,,
,,,,,217605,-209.27376,447,,,,,,
,,,,,218000,,,21.66707992553711,8.622145652770996,7.7292585372924805,88.72119140625,0.06373333333333334,0.001
,,,,,218356,-241.55312,751,,,,,,
,,,,,219000,,,5.847314834594727,24.277135848999023,23.896392822265625,54.42432403564453,0.0632,0.001
,,,,,219356,-35.34046,1000,,,,,,
-27.358484,29.551016,17.71018,-64.13461,1000.0,220000,,,14.2016019821167,15.233047485351562,15.059708595275879,84.81493377685547,0.06266666666666668,0.001
,,,,,220356,2.7553422,1000,,,,,,
,,,,,220527,-0.37563324,171,,,,,,
,,,,,221000,,,6.699456214904785,29.340293884277344,29.07418441772461,56.568267822265625,0.06213333333333334,0.001
,,,,,221527,-94.62518,1000,,,,,,
,,,,,222000,,,24.328330993652344,19.06574821472168,19.22934341430664,85.70074462890625,0.06160000000000001,0.001
,,,,,222527,-33.65843,1000,,,,,,
,,,,,223000,,,5.930718421936035,25.257801055908203,25.747413635253906,52.775177001953125,0.06106666666666667,0.001
,,,,,223527,-50.46697,1000,,,,,,
,,,,,224000,,,6.507946014404297,15.157491683959961,15.274778366088867,52.91608428955078,0.060533333333333335,0.001
,,,,,224527,-97.55873,1000,,,,,,
,,,,,225000,,,7.382432460784912,17.075416564941406,16.833261489868164,59.597923278808594,0.060000000000000005,0.001
,,,,,225527,120.09133,1000,,,,,,
,,,,,226000,,,4.491602897644043,26.956993103027344,26.814781188964844,44.44409942626953,0.05946666666666667,0.001
,,,,,226527,-12.712282,1000,,,,,,
,,,,,227000,,,5.784955978393555,23.164594650268555,22.879533767700195,44.883079528808594,0.05893333333333334,0.001
,,,,,227527,-46.37299,1000,,,,,,
,,,,,228000,,,20.585739135742188,6.399425029754639,7.2334303855896,92.47691345214844,0.0584,0.001
,,,,,228527,-41.17483,1000,,,,,,
,,,,,229000,,,6.520392894744873,19.141746520996094,18.964862823486328,59.75297164916992,0.05786666666666668,0.001
,,,,,229527,-81.63794,1000,,,,,,
-15.926344,57.298134,117.10913,-124.872025,981.2,230000,,,9.150283813476562,20.823928833007812,20.695659637451172,58.154319763183594,0.05733333333333334,0.001
,,,,,230527,-31.558655,1000,,,,,,
,,,,,231000,,,5.368989944458008,11.39966106414795,11.094650268554688,56.87605667114258,0.0568,0.001
,,,,,231527,-34.135532,1000,,,,,,
,,,,,232000,,,8.005834579467773,25.335477828979492,26.107131958007812,65.00464630126953,0.05626666666666667,0.001
,,,,,232527,-12.005058,1000,,,,,,
,,,,,233000,,,20.478418350219727,26.475242614746094,27.019046783447266,142.40228271484375,0.055733333333333336,0.001
,,,,,233527,-1.4477618,1000,,,,,,
,,,,,234000,,,7.275923728942871,21.0413761138916,20.681198120117188,47.69512176513672,0.0552,0.001
,,,,,234527,-27.92655,1000,,,,,,
,,,,,235000,,,4.444464206695557,23.314437866210938,23.219512939453125,38.72463607788086,0.054666666666666676,0.001
,,,,,235527,28.864151,1000,,,,,,
,,,,,236000,,,11.782615661621094,19.438579559326172,19.99685287475586,94.50823211669922,0.05413333333333334,0.001
,,,,,236527,-45.60105,1000,,,,,,
,,,,,237000,,,6.948111534118652,18.638648986816406,19.429962158203125,68.1234359741211,0.05360000000000001,0.001
,,,,,237234,-267.5202,707,,,,,,
,,,,,238000,,,9.143424987792969,21.405061721801758,21.280391693115234,61.766727447509766,0.05306666666666667,0.001
,,,,,238234,-48.269768,1000,,,,,,
,,,,,239000,,,8.115886688232422,21.494361877441406,20.92147445678711,59.327301025390625,0.052533333333333335,0.001
,,,,,239234,-5.7620373,1000,,,,,,
-27.296463,32.586613,3.2599015,-118.59793,1000.0,240000,,,83.4749526977539,15.97100830078125,17.442764282226562,300.2394104003906,0.052000000000000005,0.001
,,,,,240234,-32.396606,1000,,,,,,
,,,,,240366,38.27881,132,,,,,,
,,,,,241000,,,53.25579071044922,20.104923248291016,19.315814971923828,156.32418823242188,0.05146666666666667,0.001
,,,,,241366,-34.555515,1000,,,,,,
,,,,,242000,,,7.179715156555176,16.409587860107422,15.945205688476562,66.28046417236328,0.050933333333333344,0.001
,,,,,242366,-11.98614,1000,,,,,,
,,,,,243000,,,17.553590774536133,19.765195846557617,19.275005340576172,118.64439392089844,0.05040000000000001,0.001
,,,,,243366,-7.436555,1000,,,,,,
,,,,,244000,,,12.145797729492188,20.297035217285156,21.012723922729492,118.96192169189453,0.04986666666666667,0.001
,,,,,244366,-7.687211,1000,,,,,,
,,,,,245000,,,9.341537475585938,13.861666679382324,13.81765079498291,66.25788116455078,0.04933333333333334,0.001
,,,,,245366,-8.573352,1000,,,,,,
,,,,,246000,,,17.070354461669922,21.83522605895996,21.439533233642578,101.24288940429688,0.0488,0.001
,,,,,246366,-42.289692,1000,,,,,,
,,,,,247000,,,13.568273544311523,28.408710479736328,28.303058624267578,83.5842514038086,0.04826666666666667,0.001
,,,,,247366,-61.423923,1000,,,,,,
,,,,,248000,,,5.486404895782471,23.842620849609375,23.660938262939453,50.755149841308594,0.047733333333333336,0.001
,,,,,248014,205.06981,648,,,,,,
,,,,,249000,,,4.3383588790893555,22.260921478271484,22.31110382080078,34.53984069824219,0.0472,0.001
,,,,,249014,-75.69385,1000,,,,,,
-51.7524,27.023954,-9.772341,-97.74957,917.0,250000,,,7.747661590576172,21.777408599853516,21.261810302734375,59.924400329589844,0.046666666666666676,0.001
,,,,,250014,-14.014995,1000,,,,,,
,,,,,251000,,,5.055937767028809,25.196456909179688,24.925289154052734,39.772090911865234,0.04613333333333334,0.001
,,,,,251014,-24.038523,1000,,,,,,
,,,,,252000,,,4.436975479125977,21.162702560424805,21.005390167236328,37.679866790771484,0.0456,0.001
,,,,,252014,-23.998938,1000,,,,,,
,,,,,253000,,,44.52442932128906,16.63409423828125,17.266799926757812,222.1019744873047,0.04506666666666667,0.001
,,,,,253014,-40.080414,1000,,,,,,
,,,,,254000,,,14.176287651062012,18.218774795532227,19.21867561340332,114.81214904785156,0.044533333333333334,0.001
,,,,,254014,-63.104885,1000,,,,,,
,,,,,255000,,,5.511190414428711,18.00646209716797,19.022476196289062,71.40579223632812,0.04400000000000001,0.001
,,,,,255014,-28.418886,1000,,,,,,
,,,,,256000,,,11.916303634643555,20.446439743041992,20.252702713012695,65.15086364746094,0.043466666666666674,0.001
,,,,,256014,-39.239433,1000,,,,,,
,,,,,257000,,,7.23682975769043,22.984153747558594,23.466962814331055,63.893638610839844,0.04293333333333334,0.001
,,,,,257014,-13.817869,1000,,,,,,
,,,,,258000,,,70.56513214111328,32.226619720458984,32.57759475708008,141.66163635253906,0.04240000000000001,0.001
,,,,,258014,-42.330402,1000,,,,,,
,,,,,259000,,,17.581356048583984,12.923065185546875,13.508338928222656,131.72109985351562,0.04186666666666667,0.001
,,,,,259014,-14.303301,1000,,,,,,
-26.59544,87.60269,124.757965,-141.39914,925.2,260000,,,4.424172401428223,27.820659637451172,28.067594528198242,38.30347442626953,0.04133333333333334,0.001
,,,,,260014,-9.714644,1000,,,,,,
,,,,,260104,-62.332306,90,,,,,,
,,,,,261000,,,8.761823654174805,23.78470802307129,24.012548446655273,55.46437072753906,0.0408,0.001
,,,,,261104,-42.301853,1000,,,,,,
,,,,,262000,,,4.05441951751709,32.74444580078125,32.28900909423828,46.23896789550781,0.040266666666666666,0.001
,,,,,262104,-78.50494,1000,,,,,,
,,,,,263000,,,11.019207000732422,19.557418823242188,19.117481231689453,95.5364990234375,0.03973333333333334,0.001
,,,,,263104,-36.70481,1000,,,,,,
,,,,,264000,,,10.476566314697266,17.244625091552734,17.79073715209961,81.01278686523438,0.039200000000000006,0.001
,,,,,264104,-65.76006,1000,,,,,,
,,,,,265000,,,5.056276321411133,22.348331451416016,21.825550079345703,49.74353790283203,0.03866666666666667,0.001
,,,,,265104,-82.99569,1000,,,,,,
,,,,,266000,,,11.83625602722168,12.154221534729004,13.250926971435547,68.20689392089844,0.03813333333333334,0.001
,,,,,266104,-42.169697,1000,,,,,,
,,,,,267000,,,15.992950439453125,10.726829528808594,11.115959167480469,79.82951354980469,0.0376,0.001
,,,,,267104,-71.437904,1000,,,,,,
,,,,,268000,,,10.531885147094727,24.584087371826172,23.60709571838379,104.28575897216797,0.03706666666666668,0.001
,,,,,268104,-41.328094,1000,,,,,,
,,,,,269000,,,4.988521099090576,27.638629913330078,28.095699310302734,42.83229446411133,0.036533333333333334,0.001
,,,,,269104,-4.7282276,1000,,,,,,
-55.036644,37.445087,-18.51558,-156.31442,1000.0,270000,,,7.100174427032471,29.252573013305664,28.890090942382812,56.07175827026367,0.036000000000000004,0.001
,,,,,270104,-36.79925,1000,,,,,,
,,,,,271000,,,6.5405473709106445,21.689970016479492,21.649032592773438,52.687076568603516,0.035466666666666674,0.001
,,,,,271104,-70.7771,1000,,,,,,
,,,,,272000,,,11.978525161743164,26.481952667236328,26.267013549804688,66.21009826660156,0.03493333333333333,0.001
,,,,,272104,-32.186337,1000,,,,,,
,,,,,273000,,,20.43748664855957,23.680789947509766,23.42679214477539,187.88206481933594,0.034400000000000014,0.001
,,,,,273104,-45.57779,1000,,,,,,
,,,,,274000,,,7.8583664894104,30.63059425354004,30.590124130249023,59.47321319580078,0.03386666666666667,0.001
,,,,,274104,-41.973557,1000,,,,,,
,,,,,275000,,,6.556266784667969,18.57438850402832,18.073261260986328,67.02618408203125,0.03333333333333334,0.001
,,,,,275104,0.50688887,1000,,,,,,
,,,,,276000,,,16.067203521728516,24.259031295776367,25.845544815063477,135.49667358398438,0.03280000000000001,0.001
,,,,,276104,-82.13151,1000,,,,,,
,,,,,277000,,,15.225473403930664,25.697946548461914,25.622638702392578,75.23865509033203,0.032266666666666666,0.001
,,,,,277104,-15.271046,1000,,,,,,
,,,,,278000,,,7.76605749130249,24.13397216796875,24.01750373840332,65.04271697998047,0.031733333333333336,0.001
,,,,,278104,-59.27127,1000,,,,,,
,,,,,279000,,,225.45896911621094,27.112546920776367,24.9386043548584,324.17938232421875,0.031200000000000006,0.001
,,,,,279104,-25.717236,1000,,,,,,
-38.082867,25.22,-8.739965,-100.69485,966.8,280000,,,3.923917531967163,24.331897735595703,24.334270477294922,45.062461853027344,0.03066666666666666,0.001
,,,,,280104,-35.679256,1000,,,,,,
,,,,,281000,,,25.331863403320312,24.1712646484375,24.291118621826172,123.85614013671875,0.030133333333333345,0.001
,,,,,281104,-5.3446345,1000,,,,,,
,,,,,282000,,,7.545787334442139,27.69505500793457,27.20697784423828,44.47843933105469,0.0296,0.001
,,,,,282104,-85.45797,1000,,,,,,
,,,,,283000,,,22.83423614501953,18.68025779724121,18.69977569580078,62.02302932739258,0.02906666666666667,0.001
,,,,,283104,-45.043407,1000,,,,,,
,,,,,284000,,,5.304597854614258,31.723827362060547,31.86543083190918,54.042388916015625,0.02853333333333334,0.001
,,,,,284104,-1.9723572,1000,,,,,,
,,,,,285000,,,42.86239242553711,17.358436584472656,18.261211395263672,329.99005126953125,0.027999999999999997,0.001
,,,,,285104,-25.293549,1000,,,,,,
,,,,,286000,,,30.721755981445312,26.45065689086914,26.392772674560547,121.23104095458984,0.02746666666666668,0.001
,,,,,286104,0.26499033,1000,,,,,,
,,,,,287000,,,5.4254255294799805,24.570083618164062,24.710693359375,45.38508605957031,0.026933333333333337,0.001
,,,,,287104,-63.722485,1000,,,,,,
,,,,,288000,,,5.291689872741699,25.891849517822266,25.555580139160156,42.74704360961914,0.026400000000000007,0.001
,,,,,288104,26.322144,1000,,,,,,
,,,,,289000,,,16.914430618286133,25.728389739990234,25.8197021484375,100.38860321044922,0.025866666666666677,0.001
,,,,,289104,-5.092637,1000,,,,,,
-36.611214,60.77863,114.10916,-120.07049,980.3,290000,,,5.137584209442139,29.558122634887695,29.86538314819336,42.065277099609375,0.025333333333333333,0.001
,,,,,290104,-24.793653,1000,,,,,,
,,,,,291000,,,13.98351764678955,28.830785751342773,28.2589054107666,58.30588912963867,0.024800000000000003,0.001
,,,,,291104,-32.664383,1000,,,,,,
,,,,,292000,,,12.685525894165039,26.4600830078125,26.606019973754883,64.98238372802734,0.024266666666666672,0.001
,,,,,292104,-56.850063,1000,,,,,,
,,,,,293000,,,8.38217544555664,25.795196533203125,25.48094367980957,68.89851379394531,0.02373333333333333,0.001
,,,,,293104,-58.91167,1000,,,,,,
,,,,,294000,,,6.98520565032959,27.944936752319336,28.049636840820312,56.99119567871094,0.023200000000000012,0.001
,,,,,294104,-17.824228,1000,,,,,,
,,,,,295000,,,4.907609939575195,22.873701095581055,22.5928897857666,43.572933197021484,0.02266666666666667,0.001
,,,,,295104,-38.279053,1000,,,,,,
,,,,,296000,,,14.600008964538574,22.991636276245117,22.751724243164062,96.73682403564453,0.022133333333333338,0.001
,,,,,296104,-54.7542,1000,,,,,,
,,,,,297000,,,16.86038589477539,26.8245906829834,25.54342269897461,147.093505859375,0.021600000000000008,0.001
,,,,,297104,-50.468105,1000,,,,,,
,,,,,298000,,,8.109295845031738,23.39931869506836,23.48743438720703,75.87847137451172,0.021066666666666664,0.001
,,,,,298104,-62.095234,1000,,,,,,
,,,,,299000,,,5.479043960571289,30.86028480529785,31.35507583618164,53.546756744384766,0.020533333333333334,0.001
,,,,,299104,-33.699783,1000,,,,,,
-38.844963,17.511246,-18.558525,-77.0595,1000.0,300000,,,9.16997241973877,24.79892349243164,24.371967315673828,76.4474105834961,0.02,0.001
,,,,,300104,-6.852603,1000,,,,,,
,,,,,301000,,,29.077659606933594,29.01337432861328,27.274452209472656,187.22882080078125,0.02,0.001
,,,,,301104,-48.665504,1000,,,,,,
,,,,,302000,,,5.769870758056641,32.29392623901367,32.385398864746094,46.93861770629883,0.02,0.001
,,,,,302104,-24.019815,1000,,,,,,
,,,,,303000,,,56.74311828613281,25.40206527709961,26.871671676635742,182.92538452148438,0.02,0.001
,,,,,303104,-10.185406,1000,,,,,,
,,,,,304000,,,5.786129474639893,31.4550724029541,31.27438735961914,56.45807647705078,0.02,0.001
,,,,,304104,-37.0139,1000,,,,,,
,,,,,305000,,,6.019646167755127,24.87088394165039,25.3691349029541,65.32906341552734,0.02,0.001
,,,,,305104,-53.48163,1000,,,,,,
,,,,,306000,,,7.329890251159668,37.34886932373047,36.73936462402344,75.20401000976562,0.02,0.001
,,,,,306104,-28.154797,1000,,,,,,
,,,,,307000,,,4.3072404861450195,35.400489807128906,35.481510162353516,37.16220474243164,0.02,0.001
,,,,,307104,-57.749874,1000,,,,,,
,,,,,307654,188.17523,550,,,,,,
,,,,,308000,,,6.097466468811035,29.287673950195312,28.790706634521484,63.9351806640625,0.02,0.001
,,,,,308654,-30.273005,1000,,,,,,
,,,,,309000,,,7.832710266113281,30.06147575378418,30.38330078125,77.9071044921875,0.02,0.001
,,,,,309654,-28.559336,1000,,,,,,
-16.70969,14.418373,3.2117496,-47.554214,1000.0,310000,,,11.400389671325684,23.995098114013672,24.906387329101562,89.04645538330078,0.02,0.001
,,,,,310654,-63.86303,1000,,,,,,
,,,,,311000,,,7.359127998352051,22.744081497192383,22.981319427490234,67.34654235839844,0.02,0.001
,,,,,311654,-39.667465,1000,,,,,,
,,,,,312000,,,7.898648262023926,23.676631927490234,23.263221740722656,76.27619934082031,0.02,0.001
,,,,,312654,-46.309933,1000,,,,,,
,,,,,313000,,,5.751247882843018,26.751785278320312,27.037918090820312,58.73904800415039,0.02,0.001
,,,,,313654,-37.868256,1000,,,,,,
,,,,,314000,,,3.6817047595977783,40.09257507324219,40.379051208496094,45.51339340209961,0.02,0.001
,,,,,314654,-19.074306,1000,,,,,,
,,,,,315000,,,4.099565505981445,31.804975509643555,32.115142822265625,40.358314514160156,0.02,0.001
,,,,,315654,-56.001945,1000,,,,,,
,,,,,316000,,,23.574831008911133,27.28557586669922,27.994384765625,164.27548217773438,0.02,0.001
,,,,,316654,12.220378,1000,,,,,,
,,,,,317000,,,7.860512733459473,25.937034606933594,26.034101486206055,72.06510925292969,0.02,0.001
,,,,,317654,-1.3262415,1000,,,,,,
,,,,,318000,,,7.943100929260254,25.074016571044922,24.88266944885254,66.77193450927734,0.02,0.001
,,,,,318068,-136.02147,414,,,,,,
,,,,,319000,,,12.920134544372559,34.20267105102539,35.06870651245117,106.08023834228516,0.02,0.001
,,,,,319068,-7.5825853,1000,,,,,,
-42.372437,131.182,250.0043,-332.29758,924.6,320000,,,6.989062309265137,33.148014068603516,33.13569641113281,59.90996551513672,0.02,0.001
,,,,,320068,-16.965149,1000,,,,,,
,,,,,321000,,,7.698000431060791,28.17268943786621,27.22235870361328,76.18047332763672,0.02,0.001
,,,,,321068,-28.858772,1000,,,,,,
,,,,,322000,,,12.752371788024902,27.459745407104492,28.268529891967773,86.66853332519531,0.02,0.001
,,,,,322068,-41.109413,1000,,,,,,
,,,,,323000,,,21.976150512695312,24.722904205322266,23.60274887084961,120.8065414428711,0.02,0.001
,,,,,323068,-9.301203,1000,,,,,,
,,,,,323571,-12.919388,503,,,,,,
,,,,,324000,,,8.676689147949219,34.59861373901367,34.817047119140625,65.55274963378906,0.02,0.001
,,,,,324571,-14.844394,1000,,,,,,
,,,,,325000,,,12.354555130004883,27.283767700195312,26.471561431884766,90.90016174316406,0.02,0.001
,,,,,325571,-24.58357,1000,,,,,,
,,,,,326000,,,10.312746047973633,32.8173942565918,31.226890563964844,130.43910217285156,0.02,0.001
,,,,,326571,-9.206036,1000,,,,,,
,,,,,327000,,,13.970335006713867,33.103546142578125,32.563751220703125,75.27406311035156,0.02,0.001
,,,,,327571,-56.610893,1000,,,,,,
,,,,,328000,,,6.143729209899902,36.7864990234375,36.925193786621094,63.9931526184082,0.02,0.001
,,,,,328571,-30.519115,1000,,,,,,
,,,,,329000,,,7.66910457611084,38.3708610534668,38.68745803833008,63.374813079833984,0.02,0.001
,,,,,329571,-48.63826,1000,,,,,,
-7.7933173,66.280334,118.13378,-83.69616,1000.0,330000,,,4.978194236755371,32.70191192626953,33.10008239746094,44.983314514160156,0.02,0.001
,,,,,330571,-37.317753,1000,,,,,,
,,,,,331000,,,6.415361404418945,34.34772491455078,34.4466438293457,80.44818878173828,0.02,0.001
,,,,,331571,-35.709103,1000,,,,,,
,,,,,332000,,,188.101806640625,32.97311019897461,30.341753005981445,791.8292236328125,0.02,0.001
,,,,,332571,-37.385715,1000,,,,,,
,,,,,333000,,,14.191704750061035,35.16724395751953,34.8981819152832,88.17815399169922,0.02,0.001
,,,,,333571,-57.854218,1000,,,,,,
,,,,,334000,,,9.650630950927734,35.14491653442383,34.24824523925781,74.73194885253906,0.02,0.001
,,,,,334326,188.86026,755,,,,,,
,,,,,335000,,,10.493265151977539,35.294029235839844,36.81922149658203,102.18257141113281,0.02,0.001
,,,,,335326,-19.150003,1000,,,,,,
,,,,,336000,,,22.374351501464844,28.867290496826172,29.67340087890625,135.22720336914062,0.02,0.001
,,,,,336326,-41.274773,1000,,,,,,
,,,,,337000,,,11.74681568145752,37.681331634521484,37.731903076171875,77.7916259765625,0.02,0.001
,,,,,337326,-2.388017,1000,,,,,,
,,,,,338000,,,44.88378143310547,39.018775939941406,39.102115631103516,182.32630920410156,0.02,0.001
,,,,,338326,-41.210186,1000,,,,,,
,,,,,339000,,,5.411136150360107,34.392112731933594,35.604713439941406,91.09905242919922,0.02,0.001
,,,,,339326,-49.375072,1000,,,,,,
92.17829,117.73324,227.05646,-80.12213,814.3,340000,,,15.056549072265625,25.880321502685547,25.758960723876953,89.06127166748047,0.02,0.001
,,,,,340326,-82.353775,1000,,,,,,
,,,,,341000,,,6.177995681762695,35.512657165527344,35.07627868652344,63.191837310791016,0.02,0.001
,,,,,341326,-2.5428343,1000,,,,,,
,,,,,341798,270.29974,472,,,,,,
,,,,,342000,,,4.478952407836914,33.62727355957031,32.7987174987793,57.38310623168945,0.02,0.001
,,,,,342798,92.57817,1000,,,,,,
,,,,,343000,,,15.37518310546875,37.024147033691406,38.126548767089844,68.51747131347656,0.02,0.001
,,,,,343798,-63.53463,1000,,,,,,
,,,,,344000,,,8.815069198608398,32.209983825683594,32.368011474609375,74.15351867675781,0.02,0.001
,,,,,344380,163.44339,582,,,,,,
,,,,,345000,,,9.114936828613281,34.46453094482422,34.116172790527344,88.81182098388672,0.02,0.001
,,,,,345243,193.0797,863,,,,,,
,,,,,345822,143.86566,579,,,,,,
,,,,,346000,,,4.819803237915039,31.41002655029297,31.59117889404297,42.48668670654297,0.02,0.001
,,,,,346822,-56.247784,1000,,,,,,
,,,,,347000,,,31.30622100830078,39.771339416503906,39.33881378173828,135.9730987548828,0.02,0.001
,,,,,347822,-38.18576,1000,,,,,,
,,,,,348000,,,7.560358047485352,46.6630859375,45.81663513183594,66.06153106689453,0.02,0.001
,,,,,348822,-63.213146,1000,,,,,,
,,,,,349000,,,10.916443824768066,38.68974304199219,39.15740966796875,94.93951416015625,0.02,0.001
,,,,,349822,-59.854355,1000,,,,,,
-51.533825,21.471392,-6.953964,-85.01511,1000.0,350000,,,17.87342643737793,28.987972259521484,28.242584228515625,115.4638900756836,0.02,0.001
,,,,,350822,-75.79148,1000,,,,,,
,,,,,351000,,,7.273351669311523,34.90258026123047,35.267181396484375,56.95441436767578,0.02,0.001
,,,,,351719,231.92618,897,,,,,,
,,,,,352000,,,16.191072463989258,35.405555725097656,36.89300537109375,117.1972427368164,0.02,0.001
,,,,,352719,-77.69701,1000,,,,,,
,,,,,353000,,,11.485013008117676,30.40347671508789,30.047691345214844,74.24215698242188,0.02,0.001
,,,,,353719,-68.22294,1000,,,,,,
,,,,,354000,,,11.672306060791016,34.90299987792969,34.980316162109375,76.14021301269531,0.02,0.001
,,,,,354719,-28.107986,1000,,,,,,
,,,,,355000,,,5.004541397094727,48.01762390136719,48.032936096191406,50.26069641113281,0.02,0.001
,,,,,355719,-5.42131,1000,,,,,,
,,,,,356000,,,3.9105420112609863,31.443775177001953,31.594501495361328,45.822044372558594,0.02,0.001
,,,,,356719,-27.462723,1000,,,,,,
,,,,,357000,,,9.080055236816406,33.51202392578125,32.38753890991211,85.20994567871094,0.02,0.001
,,,,,357719,-13.715861,1000,,,,,,
,,,,,358000,,,11.523086547851562,43.1068115234375,43.806419372558594,65.45556640625,0.02,0.001
,,,,,358719,-28.98882,1000,,,,,,
,,,,,359000,,,9.13583755493164,40.253047943115234,40.592899322509766,58.043888092041016,0.02,0.001
,,,,,359719,-5.1429486,1000,,,,,,
-46.79782,71.424286,139.5171,-148.74658,1000.0,360000,,,5.469439506530762,33.858306884765625,33.36870193481445,73.9091796875,0.02,0.001
,,,,,360719,-57.54912,1000,,,,,,
,,,,,361000,,,7.121170520782471,42.52306365966797,42.42710876464844,65.35388946533203,0.02,0.001
,,,,,361719,-21.609709,1000,,,,,,
,,,,,362000,,,3.8506863117218018,45.393836975097656,45.27281951904297,36.54564666748047,0.02,0.001
,,,,,362719,-26.832615,1000,,,,,,
,,,,,363000,,,7.846737861633301,42.15700912475586,41.93833923339844,67.4215316772461,0.02,0.001
,,,,,363719,-43.765636,1000,,,,,,
,,,,,364000,,,4.46268892288208,38.32276916503906,37.650245666503906,68.41423034667969,0.02,0.001
,,,,,364027,231.5454,308,,,,,,
,,,,,365000,,,4.446780204772949,36.782623291015625,36.4970703125,53.89388656616211,0.02,0.001
,,,,,365027,9.868921,1000,,,,,,
,,,,,366000,,,11.054866790771484,35.3631591796875,35.34342956542969,78.22096252441406,0.02,0.001
,,,,,366027,-50.66884,1000,,,,,,
,,,,,366356,276.7131,329,,,,,,
,,,,,367000,,,6.220590591430664,39.158714294433594,39.19042205810547,52.07819747924805,0.02,0.001
,,,,,367356,-26.547806,1000,,,,,,
,,,,,368000,,,9.709121704101562,36.774715423583984,37.09748840332031,72.41297149658203,0.02,0.001
,,,,,368305,224.98065,949,,,,,,
,,,,,368745,284.34717,440,,,,,,
,,,,,369000,,,19.938608169555664,28.849658966064453,29.384294509887695,116.07941436767578,0.02,0.001
,,,,,369745,-3.3865843,1000,,,,,,
36.509377,139.8995,250.3022,-140.19083,775.9,370000,,,12.59715461730957,36.2884521484375,36.965293884277344,79.11335754394531,0.02,0.001
,,,,,370745,-31.465858,1000,,,,,,
,,,,,371000,,,18.350217819213867,30.92261505126953,31.07111358642578,93.83261108398438,0.02,0.001
,,,,,371745,-34.310192,1000,,,,,,
,,,,,372000,,,5.426553249359131,40.48637390136719,40.73778533935547,46.07398223876953,0.02,0.001
,,,,,372088,251.37546,343,,,,,,
,,,,,373000,,,11.002449035644531,39.72358703613281,39.67926025390625,80.02450561523438,0.02,0.001
,,,,,373088,70.97677,1000,,,,,,
,,,,,374000,,,4.820234298706055,39.545814514160156,39.843841552734375,45.45563507080078,0.02,0.001
,,,,,374088,-16.174013,1000,,,,,,
,,,,,375000,,,4.20003604888916,42.42792510986328,42.897705078125,61.13676452636719,0.02,0.001
,,,,,375088,-36.44191,1000,,,,,,
,,,,,376000,,,4.641783714294434,40.41755676269531,39.81828308105469,71.12653350830078,0.02,0.001
,,,,,376088,-61.34476,1000,,,,,,
,,,,,376681,242.44217,593,,,,,,
,,,,,377000,,,19.522953033447266,44.43515396118164,43.908477783203125,58.96432113647461,0.02,0.001
,,,,,377681,-62.27221,1000,,,,,,
,,,,,378000,,,157.85238647460938,28.04157257080078,29.77183723449707,275.6745910644531,0.02,0.001
,,,,,378382,194.8075,701,,,,,,
,,,,,379000,,,7.2340850830078125,37.27472686767578,37.472190856933594,75.58423614501953,0.02,0.001
,,,,,379382,-55.984455,1000,,,,,,
,,,,,379865,230.75723,483,,,,,,
75.189575,136.01245,249.87537,-81.537796,748.0,380000,,,8.888484954833984,40.78974914550781,40.372779846191406,70.78578186035156,0.02,0.001
,,,,,380865,-31.220938,1000,,,,,,
,,,,,381000,,,5.716795921325684,39.80852508544922,40.26865005493164,58.2967643737793,0.02,0.001
,,,,,381865,-17.525036,1000,,,,,,
,,,,,382000,,,5.076523780822754,47.21756362915039,46.74551010131836,57.36283493041992,0.02,0.001
,,,,,382865,-5.639521,1000,,,,,,
,,,,,383000,,,6.673277378082275,36.507606506347656,36.993553161621094,53.925899505615234,0.02,0.001
,,,,,383865,-62.606308,1000,,,,,,
,,,,,384000,,,8.492294311523438,42.36992645263672,42.17736053466797,65.13313293457031,0.02,0.001
,,,,,384553,225.93336,688,,,,,,
,,,,,385000,,,5.365023612976074,39.46403503417969,40.17620849609375,65.39166259765625,0.02,0.001
,,,,,385553,-6.867454,1000,,,,,,
,,,,,386000,,,8.730480194091797,33.25917053222656,33.42462921142578,76.4510269165039,0.02,0.001
,,,,,386553,-72.78952,1000,,,,,,
,,,,,387000,,,9.783124923706055,35.81180191040039,36.059547424316406,63.43618392944336,0.02,0.001
,,,,,387199,245.64749,646,,,,,,
,,,,,387769,-31.957535,570,,,,,,
,,,,,388000,,,8.271872520446777,37.502891540527344,37.87042236328125,67.4452896118164,0.02,0.001
,,,,,388121,211.00046,352,,,,,,
,,,,,388627,-2.2659912,506,,,,,,
,,,,,388992,246.57925,365,,,,,,
,,,,,389000,,,9.296486854553223,36.539794921875,36.809078216552734,77.66954040527344,0.02,0.001
,,,,,389374,203.55965,382,,,,,,
,,,,,389868,214.58978,494,,,,,,
142.82115,118.36501,265.78354,-43.424934,676.8,390000,,,8.57552433013916,39.252403259277344,38.820125579833984,81.14002990722656,0.02,0.001
,,,,,390298,254.06998,430,,,,,,
,,,,,390562,258.29926,264,,,,,,
,,,,,390921,248.39684,359,,,,,,
,,,,,391000,,,13.540509223937988,47.621665954589844,47.147735595703125,101.77006530761719,0.02,0.001
,,,,,391400,210.66394,479,,,,,,
,,,,,392000,,,3.8829293251037598,43.17454147338867,43.70582580566406,56.76811981201172,0.02,0.001
,,,,,392400,-2.9561477,1000,,,,,,
,,,,,392695,237.5295,295,,,,,,
,,,,,393000,,,14.494821548461914,45.89231872558594,45.38642120361328,55.05284118652344,0.02,0.001
,,,,,393529,122.37646,834,,,,,,
,,,,,393996,185.02985,467,,,,,,
,,,,,394000,,,7.035202980041504,34.589454650878906,34.390350341796875,63.326656341552734,0.02,0.001
,,,,,394802,-211.95761,806,,,,,,
,,,,,395000,,,8.16273307800293,37.003787994384766,37.205780029296875,81.93745422363281,0.02,0.001
,,,,,395139,263.06335,337,,,,,,
,,,,,395554,-86.95447,415,,,,,,
,,,,,395877,249.71155,323,,,,,,
,,,,,396000,,,5.015446662902832,38.4603271484375,38.308433532714844,44.430320739746094,0.02,0.001
,,,,,396499,173.49925,622,,,,,,
,,,,,397000,,,12.758903503417969,44.87705993652344,45.28327178955078,80.84105682373047,0.02,0.001
,,,,,397413,100.16723,914,,,,,,
,,,,,398000,,,6.081254959106445,40.16456985473633,40.40138626098633,55.95819091796875,0.02,0.001
,,,,,398288,80.322365,875,,,,,,
,,,,,399000,,,5.102890491485596,43.8052978515625,44.15143585205078,54.03514099121094,0.02,0.001
,,,,,399288,-92.61151,1000,,,,,,
163.44937,91.00189,281.25275,-26.418236,596.3,400000,,,8.655043601989746,41.91468811035156,42.201080322265625,61.784549713134766,0.02,0.001
,,,,,400155,152.67361,867,,,,,,
,,,,,400900,186.57263,745,,,,,,
,,,,,401000,,,10.809955596923828,40.2176399230957,40.10704803466797,71.57914733886719,0.02,0.001
,,,,,401305,-65.95117,405,,,,,,
,,,,,401867,228.7572,562,,,,,,
,,,,,402000,,,8.099939346313477,40.281898498535156,41.1212043762207,73.933349609375,0.02,0.001
,,,,,402358,179.41565,491,,,,,,
,,,,,402754,234.06268,396,,,,,,
,,,,,403000,,,4.594173908233643,38.658836364746094,38.84003448486328,46.8801155090332,0.02,0.001
,,,,,403306,240.20465,552,,,,,,
,,,,,404000,,,6.354724884033203,41.11859130859375,40.80125045776367,62.14982223510742,0.02,0.001
,,,,,404306,24.382887,1000,,,,,,
,,,,,405000,,,17.574865341186523,40.686866760253906,40.195518493652344,107.19126892089844,0.02,0.001
,,,,,405306,-27.925207,1000,,,,,,
,,,,,405786,202.93301,480,,,,,,
,,,,,406000,,,12.721863746643066,39.79628372192383,40.229225158691406,69.17816925048828,0.02,0.001
,,,,,406627,261.16855,841,,,,,,
,,,,,407000,,,8.797770500183105,45.555931091308594,44.9444580078125,69.69375610351562,0.02,0.001
,,,,,407627,55.93316,1000,,,,,,
,,,,,408000,,,9.926107406616211,52.168601989746094,52.664390563964844,87.04520416259766,0.02,0.001
,,,,,408001,231.68835,374,,,,,,
,,,,,408208,223.27829,207,,,,,,
,,,,,408542,241.10936,334,,,,,,
,,,,,409000,,,9.485702514648438,38.65217590332031,38.3741455078125,65.80155181884766,0.02,0.001
,,,,,409082,-156.01077,540,,,,,,
,,,,,409538,217.80579,456,,,,,,
,,,,,409675,9.8162,137,,,,,,
214.70598,45.68005,268.5721,124.45144,456.6,410000,,,7.424703598022461,38.03474426269531,38.17864227294922,85.58160400390625,0.02,0.001
,,,,,410254,236.8854,579,,,,,,
,,,,,410615,195.42747,361,,,,,,
,,,,,411000,,,7.473747253417969,37.463661193847656,37.63513946533203,56.628780364990234,0.02,0.001
,,,,,411615,-119.03104,1000,,,,,,
,,,,,411726,-140.49895,111,,,,,,
,,,,,412000,,,58.70521926879883,42.54853057861328,43.90169143676758,105.97700500488281,0.02,0.001
,,,,,412457,198.67351,731,,,,,,
,,,,,412830,249.79594,373,,,,,,
,,,,,413000,,,29.938589096069336,32.903785705566406,32.81785583496094,76.48548126220703,0.02,0.001
,,,,,413425,167.0725,595,,,,,,
,,,,,413971,219.99704,546,,,,,,
,,,,,414000,,,6.323930740356445,40.6464958190918,40.98883056640625,62.781002044677734,0.02,0.001
,,,,,414479,249.19928,508,,,,,,
,,,,,414787,200.08699,308,,,,,,
,,,,,415000,,,10.193032264709473,46.842586517333984,46.62199401855469,103.78289794921875,0.02,0.001
,,,,,415313,200.95987,526,,,,,,
,,,,,415889,223.66519,576,,,,,,
,,,,,416000,,,128.39886474609375,51.361759185791016,50.059139251708984,342.858642578125,0.02,0.001
,,,,,416348,179.86467,459,,,,,,
,,,,,416464,-104.768654,116,,,,,,
,,,,,417000,,,7.475971221923828,44.235313415527344,43.856040954589844,54.37369155883789,0.02,0.001
,,,,,417464,-34.862274,1000,,,,,,
,,,,,418000,,,10.758832931518555,41.00836944580078,40.521888732910156,80.74495697021484,0.02,0.001
,,,,,418146,174.40918,682,,,,,,
,,,,,419000,,,8.975080490112305,46.79587173461914,45.84623718261719,108.66920471191406,0.02,0.001
,,,,,419146,1.3883902,1000,,,,,,
,,,,,419518,233.5937,372,,,,,,
,,,,,419891,228.38371,373,,,,,,
178.0234,99.34244,268.75052,-87.71658,499.0,420000,,,12.806197166442871,38.32151794433594,37.36598205566406,99.34544372558594,0.02,0.001
,,,,,420791,151.37671,900,,,,,,
,,,,,421000,,,9.742395401000977,39.29136657714844,39.51540756225586,113.61730194091797,0.02,0.001
,,,,,421112,259.50674,321,,,,,,
,,,,,421794,155.6098,682,,,,,,
,,,,,422000,,,8.234077453613281,47.423118591308594,47.3068962097168,78.44554138183594,0.02,0.001
,,,,,422425,181.25667,631,,,,,,
,,,,,422859,219.60368,434,,,,,,
,,,,,423000,,,17.0759220123291,38.21969985961914,38.08068084716797,74.83475494384766,0.02,0.001
,,,,,423859,-34.469044,1000,,,,,,
,,,,,424000,,,8.679193496704102,41.858970642089844,41.07949447631836,86.23834228515625,0.02,0.001
,,,,,424317,178.387,458,,,,,,
,,,,,425000,,,11.450077056884766,40.53987121582031,40.939422607421875,66.24131774902344,0.02,0.001
,,,,,425016,200.83698,699,,,,,,
,,,,,426000,,,5.720816612243652,47.31111145019531,47.246315002441406,45.930294036865234,0.02,0.001
,,,,,426016,-41.027435,1000,,,,,,
,,,,,427000,,,8.751684188842773,34.81060028076172,34.07820129394531,86.49213409423828,0.02,0.001
,,,,,427016,72.29742,1000,,,,,,
,,,,,428000,,,14.788555145263672,40.185203552246094,40.36612319946289,92.01862335205078,0.02,0.001
,,,,,428016,4.423534,1000,,,,,,
,,,,,428332,263.66638,316,,,,,,
,,,,,428498,279.91504,166,,,,,,
,,,,,429000,,,6.443470478057861,37.88224792480469,38.15857696533203,62.79010009765625,0.02,0.001
,,,,,429498,-39.617237,1000,,,,,,
12.048594,89.94161,171.5612,-74.657814,965.4,430000,,,7.689084053039551,45.026268005371094,44.57868194580078,52.81195068359375,0.02,0.001
,,,,,430056,187.16061,558,,,,,,
,,,,,430452,229.64325,396,,,,,,
,,,,,431000,,,7.807191848754883,38.451663970947266,38.490989685058594,55.886474609375,0.02,0.001
,,,,,431452,-79.422325,1000,,,,,,
,,,,,431778,245.31728,326,,,,,,
,,,,,432000,,,4.473814010620117,46.15375900268555,46.35188674926758,47.68440246582031,0.02,0.001
,,,,,432437,215.3688,659,,,,,,
,,,,,432763,227.21097,326,,,,,,
,,,,,433000,,,11.001056671142578,45.34880065917969,45.95298385620117,90.39958190917969,0.02,0.001
,,,,,433318,248.50046,555,,,,,,
,,,,,433703,230.20935,385,,,,,,
,,,,,434000,,,8.564797401428223,34.766273498535156,35.39701461791992,70.29280853271484,0.02,0.001
,,,,,434122,211.69916,419,,,,,,
,,,,,434525,262.88605,403,,,,,,
,,,,,434981,211.71184,456,,,,,,
,,,,,435000,,,12.628379821777344,37.49114990234375,36.741458892822266,182.17901611328125,0.02,0.001
,,,,,435981,-72.63298,1000,,,,,,
,,,,,436000,,,7.254822731018066,46.27778244018555,46.234867095947266,87.98086547851562,0.02,0.001
,,,,,436733,260.5456,752,,,,,,
,,,,,437000,,,4.909407138824463,46.36548614501953,46.27604675292969,51.054866790771484,0.02,0.001
,,,,,437320,217.30426,587,,,,,,
,,,,,437809,-47.147297,489,,,,,,
,,,,,438000,,,6.9807515144348145,50.77608108520508,50.20725631713867,66.92692565917969,0.02,0.001
,,,,,438623,149.01323,814,,,,,,
,,,,,439000,,,6.22755765914917,47.01921081542969,46.75641632080078,56.22732162475586,0.02,0.001
,,,,,439623,-50.88908,1000,,,,,,
121.80249,126.91256,290.72528,-77.82295,692.7,440000,,,8.619274139404297,47.41812515258789,47.23080062866211,73.30316925048828,0.02,0.001
,,,,,440623,-69.342636,1000,,,,,,
,,,,,441000,,,5.61289644241333,49.79957580566406,49.298484802246094,60.9595832824707,0.02,0.001
,,,,,441424,180.126,801,,,,,,
,,,,,442000,,,11.421154022216797,45.83451843261719,45.82276916503906,55.19573211669922,0.02,0.001
,,,,,442297,149.98746,873,,,,,,
,,,,,443000,,,8.275917053222656,40.531700134277344,40.72364807128906,80.09864807128906,0.02,0.001
,,,,,443086,146.1258,789,,,,,,
,,,,,444000,,,3.5629708766937256,46.595726013183594,46.24184799194336,51.03515625,0.02,0.001
,,,,,444043,137.09308,957,,,,,,
,,,,,445000,,,33.597877502441406,47.51359558105469,48.32123565673828,239.09063720703125,0.02,0.001
,,,,,445043,-73.0022,1000,,,,,,
,,,,,445956,154.13998,913,,,,,,
,,,,,446000,,,7.785923480987549,41.99488830566406,42.516265869140625,79.08171081542969,0.02,0.001
,,,,,446956,7.419841,1000,,,,,,
,,,,,447000,,,8.229204177856445,40.31378936767578,40.07073211669922,51.604644775390625,0.02,0.001
,,,,,447225,207.08405,269,,,,,,
,,,,,447756,182.32385,531,,,,,,
,,,,,448000,,,10.460075378417969,37.29642868041992,36.95684814453125,63.46189498901367,0.02,0.001
,,,,,448437,200.7897,681,,,,,,
,,,,,449000,,,16.4946346282959,49.31300735473633,49.22038650512695,61.401588439941406,0.02,0.001
,,,,,449006,199.00546,569,,,,,,
,,,,,449339,214.6919,333,,,,,,
113.05455,156.03555,305.89398,-94.993355,746.1,450000,,,6.357395648956299,42.984375,42.60674285888672,68.63907623291016,0.02,0.001
,,,,,450145,116.541756,806,,,,,,
,,,,,450619,243.05104,474,,,,,,
,,,,,451000,,,12.646893501281738,46.25478744506836,45.899497985839844,89.362548828125,0.02,0.001
,,,,,451619,-3.8691125,1000,,,,,,
,,,,,452000,,,7.543719291687012,56.74592590332031,57.00569152832031,75.92814636230469,0.02,0.001
,,,,,452127,238.46774,508,,,,,,
,,,,,452296,-67.39409,169,,,,,,
,,,,,452804,193.52518,508,,,,,,
,,,,,453000,,,7.705945014953613,52.786842346191406,52.36476135253906,68.51921081542969,0.02,0.001
,,,,,453537,273.7113,733,,,,,,
,,,,,454000,,,17.685300827026367,41.13970184326172,41.44310760498047,88.8309097290039,0.02,0.001
,,,,,454537,-11.724042,1000,,,,,,
,,,,,455000,,,13.577495574951172,53.019203186035156,52.628807067871094,84.1082763671875,0.02,0.001
,,,,,455537,-16.156157,1000,,,,,,
,,,,,456000,,,8.419480323791504,51.456939697265625,50.434104919433594,77.99492645263672,0.02,0.001
,,,,,456067,209.52939,530,,,,,,
,,,,,456519,260.17322,452,,,,,,
,,,,,457000,,,18.53632926940918,45.62640380859375,44.43998718261719,110.61331939697266,0.02,0.001
,,,,,457519,21.220785,1000,,,,,,
,,,,,457998,264.2718,479,,,,,,
,,,,,458000,,,17.8511962890625,48.658172607421875,49.14482116699219,181.74002075195312,0.02,0.001
,,,,,458998,-88.64237,1000,,,,,,
,,,,,459000,,,7.126190185546875,41.060516357421875,40.24969482421875,85.93842315673828,0.02,0.001
,,,,,459998,-82.16363,1000,,,,,,
77.20138,149.99463,278.47797,-141.49394,766.0,460000,,,12.830491065979004,44.84849548339844,45.28276443481445,78.65304565429688,0.02,0.001
,,,,,460998,-42.10066,1000,,,,,,
,,,,,461000,,,20.332611083984375,47.414222717285156,46.43583679199219,121.39507293701172,0.02,0.001
,,,,,461594,170.53775,596,,,,,,
,,,,,462000,,,6.753260612487793,51.35818862915039,51.34095764160156,68.78485107421875,0.02,0.001
,,,,,462170,201.26175,576,,,,,,
,,,,,462938,181.75775,768,,,,,,
,,,,,463000,,,17.40744400024414,50.096046447753906,50.26583480834961,113.50824737548828,0.02,0.001
,,,,,463150,275.79828,212,,,,,,
,,,,,464000,,,4.359260559082031,46.948509216308594,46.62445068359375,52.00193786621094,0.02,0.001
,,,,,464150,14.838921,1000,,,,,,
,,,,,464453,253.91557,303,,,,,,
,,,,,464999,194.83856,546,,,,,,
,,,,,465000,,,6.450858116149902,47.66496276855469,47.51312255859375,55.23944091796875,0.02,0.001
,,,,,465535,-119.52573,536,,,,,,
,,,,,466000,,,9.562386512756348,47.50978088378906,47.9534797668457,79.37598419189453,0.02,0.001
,,,,,466535,-49.080814,1000,,,,,,
,,,,,466805,216.97908,270,,,,,,
,,,,,467000,,,6.306436538696289,52.063499450683594,52.28410720825195,57.90705871582031,0.02,0.001
,,,,,467378,236.62592,573,,,,,,
,,,,,468000,,,8.973104476928711,45.223201751708984,45.45131301879883,68.55577087402344,0.02,0.001
,,,,,468378,-19.24087,1000,,,,,,
,,,,,469000,,,9.543295860290527,52.718231201171875,53.081932067871094,77.46075439453125,0.02,0.001
,,,,,469335,109.49251,957,,,,,,
-5.8923364,98.2172,252.49632,-86.59535,940.9,470000,,,5.441188335418701,53.533538818359375,53.96543884277344,57.2081413269043,0.02,0.001
,,,,,470335,-79.001625,1000,,,,,,
,,,,,470985,233.31749,650,,,,,,
,,,,,471000,,,6.291781425476074,49.78175354003906,50.09616470336914,53.24235916137695,0.02,0.001
,,,,,471354,224.67166,369,,,,,,
,,,,,472000,,,4.099303245544434,51.54753875732422,51.587860107421875,40.18461227416992,0.02,0.001
,,,,,472174,139.78168,820,,,,,,
,,,,,472421,282.25873,247,,,,,,
,,,,,472779,-153.19751,358,,,,,,
,,,,,473000,,,8.823369979858398,52.042266845703125,51.92884826660156,55.28361129760742,0.02,0.001
,,,,,473412,147.89816,633,,,,,,
,,,,,474000,,,7.511147975921631,47.80764389038086,47.91883087158203,65.75255584716797,0.02,0.001
,,,,,474412,-58.127193,1000,,,,,,
,,,,,475000,,,4.936092376708984,43.164520263671875,42.65534973144531,42.18449401855469,0.02,0.001
,,,,,475412,-37.371876,1000,,,,,,
,,,,,476000,,,4.541977882385254,48.24860763549805,48.231163024902344,41.89495086669922,0.02,0.001
,,,,,476412,-98.73967,1000,,,,,,
,,,,,476632,211.83745,220,,,,,,
,,,,,476913,264.80643,281,,,,,,
,,,,,477000,,,6.857954502105713,51.25543212890625,51.810829162597656,65.33747100830078,0.02,0.001
,,,,,477913,-50.13064,1000,,,,,,
,,,,,478000,,,20.609519958496094,45.40271759033203,45.089454650878906,114.79663848876953,0.02,0.001
,,,,,478404,175.52519,491,,,,,,
,,,,,478675,248.46115,271,,,,,,
,,,,,479000,,,5.56722354888916,52.79292678833008,52.339683532714844,58.97502899169922,0.02,0.001
,,,,,479566,69.412544,891,,,,,,
,,,,,479973,289.94983,407,,,,,,
79.19714,139.66483,278.50482,-86.80228,702.1,480000,,,21.210826873779297,47.94384765625,49.25337219238281,122.75328826904297,0.02,0.001
,,,,,480973,-30.310343,1000,,,,,,
,,,,,481000,,,25.595373153686523,48.20314025878906,48.817405700683594,101.53115844726562,0.02,0.001
,,,,,481504,180.2734,531,,,,,,
,,,,,482000,,,4.346772193908691,51.35274887084961,51.24570083618164,54.78117370605469,0.02,0.001
,,,,,482504,4.6215553,1000,,,,,,
,,,,,482898,219.83672,394,,,,,,
,,,,,483000,,,8.56884765625,50.00526809692383,50.401893615722656,81.61074829101562,0.02,0.001
,,,,,483289,256.43457,391,,,,,,
,,,,,483850,198.40497,561,,,,,,
,,,,,484000,,,3.542421579360962,52.3916015625,52.144439697265625,53.78146743774414,0.02,0.001
,,,,,484388,295.14368,538,,,,,,
,,,,,484573,-23.107582,185,,,,,,
,,,,,484994,140.39551,421,,,,,,
,,,,,485000,,,23.575469970703125,51.66427230834961,52.310523986816406,135.27589416503906,0.02,0.001
,,,,,485495,190.7651,501,,,,,,
,,,,,486000,,,8.200821876525879,42.60778045654297,42.783058166503906,58.30154800415039,0.02,0.001
,,,,,486462,119.94436,967,,,,,,
,,,,,486945,-94.32858,483,,,,,,
,,,,,487000,,,3.853292465209961,46.97695541381836,46.74955749511719,41.40726852416992,0.02,0.001
,,,,,487242,202.55441,297,,,,,,
,,,,,488000,,,5.424820899963379,46.3095703125,46.10144805908203,48.261634826660156,0.02,0.001
,,,,,488242,-71.03287,1000,,,,,,
,,,,,489000,,,59.192955017089844,50.879337310791016,49.33332061767578,298.8248596191406,0.02,0.001
,,,,,489242,-8.690085,1000,,,,,,
54.01784,118.90019,223.72588,-62.090534,718.5,490000,,,4.971995830535889,44.326133728027344,43.79792022705078,65.39341735839844,0.02,0.001
,,,,,490242,64.12177,1000,,,,,,
,,,,,491000,,,8.363420486450195,49.3192024230957,49.71540832519531,73.58246612548828,0.02,0.001
,,,,,491242,-70.02735,1000,,,,,,
,,,,,491840,152.90411,598,,,,,,
,,,,,492000,,,260.4765319824219,44.54515838623047,42.12236022949219,127.43508911132812,0.02,0.001
,,,,,492362,-135.21068,522,,,,,,
,,,,,492972,229.81662,610,,,,,,
,,,,,493000,,,10.458094596862793,51.503509521484375,51.039833068847656,72.55040740966797,0.02,0.001
,,,,,493972,-70.08616,1000,,,,,,
,,,,,494000,,,6.901571750640869,41.153709411621094,40.607147216796875,61.34300994873047,0.02,0.001
,,,,,494533,213.97864,561,,,,,,
,,,,,495000,,,18.072296142578125,44.067684173583984,43.999481201171875,128.92686462402344,0.02,0.001
,,,,,495218,145.19974,685,,,,,,
,,,,,495692,219.38107,474,,,,,,
,,,,,496000,,,12.144913673400879,42.39799499511719,43.619468688964844,78.98735046386719,0.02,0.001
,,,,,496547,170.05585,855,,,,,,
,,,,,496850,209.41617,303,,,,,,
,,,,,497000,,,10.30803394317627,44.473663330078125,43.33811950683594,125.89045715332031,0.02,0.001
,,,,,497850,-43.352707,1000,,,,,,
,,,,,498000,,,9.822725296020508,51.63178253173828,51.684898376464844,83.5393295288086,0.02,0.001
,,,,,498850,-73.57414,1000,,,,,,
,,,,,499000,,,4.885293006896973,46.126277923583984,46.75374984741211,73.33238983154297,0.02,0.001
,,,,,499134,217.57352,284,,,,,,
