Eval_AverageReturn,Eval_StdReturn,Eval_MaxReturn,Eval_MinReturn,Eval_AverageEpLen,step,Train_EpisodeReturn,Train_EpisodeLen,critic_loss,q_values,target_values,grad_norm,epsilon,lr
60.0,0.0,60.0,60.0,1930.0,0,,,,,,,,
,,,,,376,150.0,1522,,,,,,
,,,,,854,210.0,1930,,,,,,
,,,,,1416,180.0,2250,,,,,,
,,,,,1896,190.0,1938,,,,,,
,,,,,2459,200.0,2258,,,,,,
,,,,,2974,270.0,2074,,,,,,
,,,,,3510,210.0,2154,,,,,,
,,,,,3923,210.0,1674,,,,,,
,,,,,4408,180.0,1946,,,,,,
,,,,,4854,200.0,1802,,,,,,
,,,,,5317,210.0,1882,,,,,,
,,,,,5835,300.0,2082,,,,,,
,,,,,6456,300.0,2506,,,,,,
,,,,,6953,250.0,2010,,,,,,
,,,,,7387,210.0,1746,,,,,,
,,,,,7913,230.0,2130,,,,,,
,,,,,8427,210.0,2074,,,,,,
,,,,,8956,170.0,2122,,,,,,
,,,,,9432,190.0,1930,,,,,,
60.0,0.0,60.0,60.0,1930.0,10000,,,,,,,,
,,,,,10025,260.0,2386,,,,,,
,,,,,10542,290.0,2098,,,,,,
,,,,,11052,210.0,2050,,,,,,
,,,,,11498,190.0,1786,,,,,,
,,,,,12022,260.0,2114,,,,,,
,,,,,12486,260.0,1882,,,,,,
,,,,,12989,160.0,2034,,,,,,
,,,,,13491,330.0,2010,,,,,,
,,,,,13971,230.0,1922,,,,,,
,,,,,14499,250.0,2122,,,,,,
,,,,,14989,160.0,1978,,,,,,
,,,,,15428,230.0,1778,,,,,,
,,,,,15936,220.0,2050,,,,,,
,,,,,16374,280.0,1778,,,,,,
,,,,,16789,220.0,1682,,,,,,
,,,,,17355,310.0,2274,,,,,,
,,,,,17857,180.0,2026,,,,,,
,,,,,18262,190.0,1626,,,,,,
,,,,,18669,220.0,1650,,,,,,
,,,,,19120,170.0,1826,,,,,,
,,,,,19533,230.0,1658,,,,,,
,,,,,19966,210.0,1746,,,,,,
182.0,73.32121,230.0,70.0,2967.6,20000,,,3.1587705612182617,-0.006269574165344238,0.3566274046897888,0.89313805103302,1.0,0.0001
,,,,,20548,430.0,2338,,,,,,
,,,,,21000,,,8.789152145385742,0.31547224521636963,0.8873796463012695,3.870142698287964,0.9979375,0.0001
,,,,,21056,330.0,2058,,,,,,
,,,,,21461,270.0,1626,,,,,,
,,,,,21887,200.0,1730,,,,,,
,,,,,22000,,,5.934381484985352,0.7100576758384705,0.6657353043556213,5.337512016296387,0.995875,0.0001
,,,,,22384,250.0,1994,,,,,,
,,,,,22923,260.0,2170,,,,,,
,,,,,23000,,,3.180936813354492,1.141789436340332,1.039069414138794,6.317806720733643,0.9938125,0.0001
,,,,,23420,240.0,1994,,,,,,
,,,,,23973,310.0,2234,,,,,,
,,,,,24000,,,0.39846211671829224,1.6913155317306519,1.1062231063842773,12.569887161254883,0.99175,0.0001
,,,,,24502,190.0,2130,,,,,,
,,,,,24886,110.0,1546,,,,,,
,,,,,25000,,,3.3164873123168945,2.650435447692871,2.432316303253174,12.018261909484863,0.9896875,0.0001
,,,,,25314,170.0,1722,,,,,,
,,,,,26000,,,2.8488669395446777,2.1685636043548584,2.419234275817871,11.996455192565918,0.987625,0.0001
,,,,,26090,400.0,3106,,,,,,
,,,,,26508,260.0,1674,,,,,,
,,,,,27000,,,10.328958511352539,3.2704081535339355,3.870422840118408,35.58356475830078,0.9855625,0.0001
,,,,,27071,290.0,2266,,,,,,
,,,,,27597,270.0,2106,,,,,,
,,,,,27936,70.0,1378,,,,,,
,,,,,28000,,,11.533727645874023,2.9944639205932617,3.8116915225982666,35.395652770996094,0.9835,0.0001
,,,,,28456,250.0,2082,,,,,,
,,,,,28866,180.0,1650,,,,,,
,,,,,29000,,,6.350573539733887,2.762277126312256,3.4006404876708984,26.686433792114258,0.9814375,0.0001
,,,,,29400,300.0,2138,,,,,,
,,,,,29738,110.0,1354,,,,,,
168.0,36.0,240.0,150.0,2036.4,30000,,,0.0600435733795166,2.716369152069092,2.8156638145446777,2.6350176334381104,0.979375,0.0001
,,,,,30190,220.0,1826,,,,,,
,,,,,30679,160.0,1962,,,,,,
,,,,,30996,120.0,1282,,,,,,
,,,,,31000,,,3.8013172149658203,3.8945884704589844,3.235353469848633,31.098325729370117,0.9773125,0.0001
,,,,,31500,210.0,2034,,,,,,
,,,,,31968,190.0,1898,,,,,,
,,,,,32000,,,8.177312850952148,3.2448158264160156,3.6766867637634277,27.849145889282227,0.97525,0.0001
,,,,,32639,410.0,2706,,,,,,
,,,,,33000,,,2.947946071624756,3.538529396057129,3.4393396377563477,14.348087310791016,0.9731875,0.0001
,,,,,33157,240.0,2098,,,,,,
,,,,,33667,290.0,2042,,,,,,
,,,,,34000,,,5.16633939743042,4.259370803833008,4.41808557510376,34.58656311035156,0.971125,0.0001
,,,,,34224,240.0,2250,,,,,,
,,,,,34674,200.0,1826,,,,,,
,,,,,35000,,,3.7042741775512695,4.8666863441467285,4.328341960906982,34.2962646484375,0.9690625,0.0001
,,,,,35164,250.0,1962,,,,,,
,,,,,35675,310.0,2058,,,,,,
,,,,,36000,,,2.9803836345672607,4.391036033630371,4.2679667472839355,26.697858810424805,0.967,0.0001
,,,,,36069,160.0,1602,,,,,,
,,,,,36583,260.0,2058,,,,,,
,,,,,37000,,,7.838092803955078,5.972564220428467,6.134065628051758,57.78216552734375,0.9649375,0.0001
,,,,,37113,140.0,2130,,,,,,
,,,,,37639,230.0,2114,,,,,,
,,,,,38000,,,8.8160982131958,5.30375337600708,5.589643478393555,44.679908752441406,0.962875,0.0001
,,,,,38422,400.0,3154,,,,,,
,,,,,39000,,,4.849939823150635,6.069171905517578,6.344578742980957,54.590946197509766,0.9608125,0.0001
,,,,,39219,370.0,3194,,,,,,
,,,,,39640,220.0,1698,,,,,,
331.0,152.345,780.0,260.0,1672.4,40000,,,3.4763236045837402,5.833589553833008,6.334550857543945,53.91871643066406,0.95875,9.999989583333334e-05
,,,,,40101,140.0,1858,,,,,,
,,,,,40621,190.0,2098,,,,,,
,,,,,41000,,,3.1114509105682373,6.125191688537598,6.159955024719238,35.677249908447266,0.9566875,9.989572916666667e-05
,,,,,41211,270.0,2362,,,,,,
,,,,,41732,260.0,2106,,,,,,
,,,,,42000,,,2.6227293014526367,6.720615863800049,6.4333295822143555,53.429832458496094,0.9546250000000001,9.97915625e-05
,,,,,42217,220.0,1962,,,,,,
,,,,,42703,160.0,1962,,,,,,
,,,,,43000,,,8.573698043823242,6.243769645690918,6.587417125701904,90.54039001464844,0.9525625,9.968739583333334e-05
,,,,,43237,260.0,2146,,,,,,
,,,,,43649,160.0,1674,,,,,,
,,,,,44000,,,0.5987018346786499,6.1718363761901855,6.070199966430664,20.150785446166992,0.9505,9.958322916666667e-05
,,,,,44128,230.0,1938,,,,,,
,,,,,44557,150.0,1738,,,,,,
,,,,,45000,,,7.001523971557617,7.272562026977539,7.774609088897705,94.80791473388672,0.9484375,9.947906250000001e-05
,,,,,45080,220.0,2114,,,,,,
,,,,,45735,210.0,2626,,,,,,
,,,,,46000,,,6.846563339233398,6.584382057189941,7.34655237197876,104.3887939453125,0.946375,9.937489583333334e-05
,,,,,46185,220.0,1802,,,,,,
,,,,,46638,100.0,1826,,,,,,
,,,,,47000,,,17.66939926147461,6.758559226989746,7.355241775512695,191.30828857421875,0.9443125,9.927072916666668e-05
,,,,,47081,190.0,1770,,,,,,
,,,,,47500,130.0,1682,,,,,,
,,,,,47947,240.0,1794,,,,,,
,,,,,48000,,,8.461743354797363,10.232307434082031,9.882416725158691,155.35272216796875,0.94225,9.916656250000001e-05
,,,,,48476,330.0,2122,,,,,,
,,,,,48930,190.0,1842,,,,,,
,,,,,49000,,,1.9368960857391357,8.315034866333008,8.316781997680664,47.694725036621094,0.9401875,9.906239583333335e-05
,,,,,49415,220.0,1962,,,,,,
,,,,,49927,180.0,2050,,,,,,
793.0,389.257,1280.0,290.0,2714.8,50000,,,1.7637288570404053,8.818500518798828,8.081400871276855,158.6949462890625,0.938125,9.895822916666668e-05
,,,,,50384,220.0,1850,,,,,,
,,,,,50876,200.0,1994,,,,,,
,,,,,51000,,,6.218336582183838,11.03598403930664,11.042920112609863,104.82093811035156,0.9360625,9.88540625e-05
,,,,,51339,310.0,1866,,,,,,
,,,,,51737,200.0,1618,,,,,,
,,,,,52000,,,8.871954917907715,13.421480178833008,13.34074592590332,117.68736267089844,0.9339999999999999,9.874989583333334e-05
,,,,,52061,160.0,1314,,,,,,
,,,,,52488,220.0,1730,,,,,,
,,,,,53000,,,4.44490385055542,10.224218368530273,9.815649032592773,156.32028198242188,0.9319375,9.864572916666666e-05
,,,,,53144,570.0,2634,,,,,,
,,,,,53594,160.0,1802,,,,,,
,,,,,54000,,,11.934935569763184,11.479596138000488,13.253900527954102,395.7362976074219,0.929875,9.85415625e-05
,,,,,54079,220.0,1962,,,,,,
,,,,,54725,490.0,2610,,,,,,
,,,,,55000,,,4.736698150634766,13.675939559936523,13.250699043273926,194.37344360351562,0.9278125,9.843739583333333e-05
,,,,,55152,70.0,1714,,,,,,
,,,,,55807,250.0,2626,,,,,,
,,,,,56000,,,6.753764629364014,12.868997573852539,13.177231788635254,133.4329071044922,0.92575,9.833322916666668e-05
,,,,,56300,170.0,1986,,,,,,
,,,,,56782,250.0,1946,,,,,,
,,,,,57000,,,6.973150253295898,11.103626251220703,11.72027587890625,165.4976043701172,0.9236875,9.82290625e-05
,,,,,57219,170.0,1762,,,,,,
,,,,,57650,80.0,1730,,,,,,
,,,,,58000,,,2.329664945602417,10.842082977294922,11.36709976196289,142.45159912109375,0.921625,9.812489583333335e-05
,,,,,58115,240.0,1858,,,,,,
,,,,,58767,390.0,2626,,,,,,
,,,,,59000,,,2.175053119659424,10.826769828796387,10.80352783203125,77.05589294433594,0.9195625000000001,9.802072916666668e-05
,,,,,59287,270.0,2082,,,,,,
,,,,,59728,180.0,1786,,,,,,
448.0,81.46165,610.0,400.0,2449.2,60000,,,3.789438247680664,13.816591262817383,13.97542953491211,94.67381286621094,0.9175,9.79165625e-05
,,,,,60190,260.0,1858,,,,,,
,,,,,60692,250.0,2010,,,,,,
,,,,,61000,,,3.8937935829162598,13.56991958618164,13.245966911315918,165.96412658691406,0.9154375,9.781239583333333e-05
,,,,,61192,250.0,2018,,,,,,
,,,,,61689,300.0,2002,,,,,,
,,,,,62000,,,2.0505800247192383,13.68059253692627,12.794149398803711,177.62261962890625,0.913375,9.770822916666668e-05
,,,,,62187,180.0,2018,,,,,,
,,,,,62646,260.0,1850,,,,,,
,,,,,63000,160.0,1442,,,,,,
,,,,,63000,,,4.4702959060668945,13.249700546264648,12.804916381835938,119.74209594726562,0.9113125,9.76040625e-05
,,,,,63501,240.0,2010,,,,,,
,,,,,63984,200.0,1954,,,,,,
,,,,,64000,,,9.347838401794434,14.790762901306152,15.602012634277344,325.9158020019531,0.90925,9.749989583333335e-05
,,,,,64458,230.0,1914,,,,,,
,,,,,65000,,,6.134966850280762,15.404863357543945,15.807389259338379,156.45664978027344,0.9071875,9.739572916666667e-05
,,,,,65083,270.0,2514,,,,,,
,,,,,65459,160.0,1522,,,,,,
,,,,,65984,340.0,2106,,,,,,
,,,,,66000,,,6.894705295562744,13.485916137695312,13.766674995422363,135.576171875,0.905125,9.72915625e-05
,,,,,66420,220.0,1754,,,,,,
,,,,,66840,290.0,1698,,,,,,
,,,,,67000,,,2.39249849319458,13.257879257202148,13.596385955810547,125.01008605957031,0.9030625,9.718739583333334e-05
,,,,,67313,210.0,1906,,,,,,
,,,,,67814,280.0,2026,,,,,,
,,,,,68000,,,1.799222469329834,17.11151885986328,16.693511962890625,132.86277770996094,0.901,9.708322916666667e-05
,,,,,68280,150.0,1890,,,,,,
,,,,,68772,170.0,1994,,,,,,
,,,,,69000,,,2.9319465160369873,17.58971405029297,17.819087982177734,107.32720184326172,0.8989375,9.69790625e-05
,,,,,69504,420.0,2930,,,,,,
,,,,,69991,270.0,1970,,,,,,
604.0,339.71164,1120.0,280.0,2529.2,70000,,,6.637740612030029,19.65669822692871,18.819961547851562,228.7784423828125,0.896875,9.687489583333333e-05
,,,,,70516,200.0,2114,,,,,,
,,,,,71000,,,5.1761674880981445,17.879432678222656,17.892589569091797,162.97471618652344,0.8948125,9.677072916666667e-05
,,,,,71054,290.0,2154,,,,,,
,,,,,71453,200.0,1602,,,,,,
,,,,,71958,190.0,2042,,,,,,
,,,,,72000,,,4.587028503417969,18.17974853515625,17.493743896484375,241.39234924316406,0.89275,9.66665625e-05
,,,,,72441,200.0,1954,,,,,,
,,,,,72961,370.0,2098,,,,,,
,,,,,73000,,,8.927617073059082,16.723669052124023,15.44084358215332,511.10003662109375,0.8906875,9.656239583333334e-05
,,,,,73552,330.0,2386,,,,,,
,,,,,73989,160.0,1762,,,,,,
,,,,,74000,,,10.388360023498535,20.52314567565918,20.02435874938965,285.554443359375,0.888625,9.645822916666667e-05
,,,,,74528,270.0,2170,,,,,,
,,,,,75000,,,3.7644221782684326,17.14087677001953,16.00316619873047,272.7866516113281,0.8865625,9.635406250000001e-05
,,,,,75004,160.0,1906,,,,,,
,,,,,75480,180.0,1906,,,,,,
,,,,,75907,240.0,1730,,,,,,
,,,,,76000,,,4.731246471405029,21.111553192138672,21.247982025146484,121.25015258789062,0.8845,9.624989583333334e-05
,,,,,76428,180.0,2106,,,,,,
,,,,,76918,230.0,1978,,,,,,
,,,,,77000,,,5.308920383453369,18.32731819152832,18.800384521484375,219.48452758789062,0.8824375,9.614572916666667e-05
,,,,,77405,160.0,1946,,,,,,
,,,,,77831,240.0,1706,,,,,,
,,,,,78000,,,7.870375633239746,17.180763244628906,17.081588745117188,181.30819702148438,0.880375,9.60415625e-05
,,,,,78272,180.0,1786,,,,,,
,,,,,78924,390.0,2634,,,,,,
,,,,,79000,,,10.3569974899292,17.436203002929688,18.080642700195312,203.4552001953125,0.8783125,9.593739583333334e-05
,,,,,79354,240.0,1722,,,,,,
,,,,,79849,270.0,1986,,,,,,
298.0,31.241,390.0,270.0,1956.4,80000,,,9.004486083984375,20.410327911376953,20.38775634765625,206.1059112548828,0.87625,9.583322916666667e-05
,,,,,80393,300.0,2186,,,,,,
,,,,,80878,280.0,1954,,,,,,
,,,,,81000,,,4.834516525268555,18.80901336669922,17.258739471435547,331.375244140625,0.8741875,9.57290625e-05
,,,,,81444,370.0,2266,,,,,,
,,,,,81899,240.0,1842,,,,,,
,,,,,82000,,,6.333971977233887,17.688491821289062,17.461700439453125,159.91380310058594,0.872125,9.562489583333334e-05
,,,,,82230,140.0,1346,,,,,,
,,,,,82634,250.0,1634,,,,,,
,,,,,83000,,,7.028463363647461,20.263446807861328,20.446552276611328,124.4571304321289,0.8700625,9.552072916666667e-05
,,,,,83054,130.0,1690,,,,,,
,,,,,83552,210.0,2010,,,,,,
,,,,,84000,,,61.99573516845703,21.213462829589844,22.430971145629883,419.63690185546875,0.868,9.541656250000001e-05
,,,,,84123,220.0,2298,,,,,,
,,,,,84653,130.0,2122,,,,,,
,,,,,85000,,,23.181638717651367,17.829071044921875,18.475595474243164,322.1001281738281,0.8659375,9.531239583333334e-05
,,,,,85177,230.0,2122,,,,,,
,,,,,85606,230.0,1738,,,,,,
,,,,,86000,,,4.588927268981934,21.30182647705078,20.73224639892578,198.420654296875,0.863875,9.520822916666667e-05
,,,,,86059,210.0,1834,,,,,,
,,,,,86454,210.0,1602,,,,,,
,,,,,86927,210.0,1914,,,,,,
,,,,,87000,,,4.133786201477051,21.523937225341797,22.00640869140625,210.64947509765625,0.8618125,9.51040625e-05
,,,,,87438,260.0,2058,,,,,,
,,,,,87962,230.0,2098,,,,,,
,,,,,88000,,,3.8405628204345703,24.42156219482422,24.786880493164062,129.4149627685547,0.85975,9.499989583333334e-05
,,,,,88348,120.0,1554,,,,,,
,,,,,88753,240.0,1626,,,,,,
,,,,,89000,,,10.543437957763672,20.89780044555664,20.150510787963867,233.52001953125,0.8576875,9.489572916666667e-05
,,,,,89509,470.0,3034,,,,,,
412.0,48.744232,500.0,370.0,2618.0,90000,,,2.1361794471740723,21.625980377197266,20.7086238861084,239.68849182128906,0.855625,9.479156250000001e-05
,,,,,90001,210.0,1994,,,,,,
,,,,,90532,180.0,2130,,,,,,
,,,,,91000,,,8.504263877868652,25.367942810058594,25.09939193725586,279.961669921875,0.8535625,9.468739583333334e-05
,,,,,91041,240.0,2042,,,,,,
,,,,,91504,200.0,1858,,,,,,
,,,,,91873,240.0,1490,,,,,,
,,,,,92000,,,11.54435920715332,24.5556640625,23.32957649230957,394.5841369628906,0.8515,9.458322916666668e-05
,,,,,92285,220.0,1666,,,,,,
,,,,,92780,240.0,1994,,,,,,
,,,,,93000,,,14.233665466308594,22.57900047302246,23.765357971191406,338.9579772949219,0.8494375000000001,9.447906250000001e-05
,,,,,93287,310.0,2034,,,,,,
,,,,,93797,260.0,2066,,,,,,
,,,,,94000,,,19.739797592163086,26.212305068969727,26.7602481842041,388.197021484375,0.847375,9.437489583333334e-05
,,,,,94227,190.0,1746,,,,,,
,,,,,94769,270.0,2170,,,,,,
,,,,,95000,,,22.201412200927734,21.709379196166992,20.802066802978516,351.86328125,0.8453125,9.427072916666667e-05
,,,,,95394,240.0,2522,,,,,,
,,,,,96000,,,4.162127494812012,22.58613395690918,21.432205200195312,360.84625244140625,0.84325,9.41665625e-05
,,,,,96444,810.0,4218,,,,,,
,,,,,96954,270.0,2042,,,,,,
,,,,,97000,,,3.082477569580078,21.527156829833984,20.77181625366211,233.32769775390625,0.8411875,9.406239583333334e-05
,,,,,97411,180.0,1834,,,,,,
,,,,,97941,300.0,2146,,,,,,
,,,,,98000,,,12.756921768188477,23.535572052001953,23.75174331665039,197.5817413330078,0.839125,9.395822916666667e-05
,,,,,98470,230.0,2114,,,,,,
,,,,,98800,140.0,1346,,,,,,
,,,,,99000,,,2.7810487747192383,26.6556453704834,26.503814697265625,150.33746337890625,0.8370625,9.385406250000001e-05
,,,,,99199,160.0,1602,,,,,,
,,,,,99595,230.0,1610,,,,,,
336.0,175.68153,550.0,160.0,1992.4,100000,,,6.789554595947266,23.998641967773438,24.01248550415039,170.8536834716797,0.835,9.374989583333334e-05
,,,,,100027,180.0,1730,,,,,,
,,,,,100522,270.0,1994,,,,,,
,,,,,101000,,,4.1713666915893555,24.729494094848633,23.937965393066406,246.37815856933594,0.8329375,9.364572916666668e-05
,,,,,101102,320.0,2338,,,,,,
,,,,,101568,190.0,1890,,,,,,
,,,,,102000,,,7.464169025421143,23.763866424560547,22.606185913085938,512.9261474609375,0.830875,9.35415625e-05
,,,,,102031,240.0,1866,,,,,,
,,,,,102597,290.0,2290,,,,,,
,,,,,103000,,,6.987800598144531,27.67323112487793,26.70615005493164,358.7129211425781,0.8288125,9.343739583333334e-05
,,,,,103087,300.0,1970,,,,,,
,,,,,103713,290.0,2522,,,,,,
,,,,,104000,,,6.987251281738281,29.779632568359375,28.814790725708008,385.04888916015625,0.82675,9.333322916666666e-05
,,,,,104220,260.0,2042,,,,,,
,,,,,104705,240.0,1954,,,,,,
,,,,,105000,,,4.5710768699646,25.231420516967773,25.43986701965332,179.2293243408203,0.8246875,9.32290625e-05
,,,,,105279,410.0,2314,,,,,,
,,,,,105780,200.0,2018,,,,,,
,,,,,106000,,,4.56667423248291,31.721355438232422,31.857858657836914,196.72836303710938,0.8226249999999999,9.312489583333333e-05
,,,,,106314,200.0,2146,,,,,,
,,,,,106719,240.0,1642,,,,,,
,,,,,107000,,,8.312986373901367,30.98221206665039,30.4899959564209,402.6270446777344,0.8205625,9.302072916666668e-05
,,,,,107252,180.0,2138,,,,,,
,,,,,107650,190.0,1610,,,,,,
,,,,,108000,,,6.155664443969727,27.158462524414062,27.87246322631836,274.68658447265625,0.8185,9.29165625e-05
,,,,,108362,720.0,2866,,,,,,
,,,,,108892,310.0,2138,,,,,,
,,,,,109000,,,7.239914417266846,29.839811325073242,29.340953826904297,326.444580078125,0.8164374999999999,9.281239583333335e-05
,,,,,109315,170.0,1722,,,,,,
,,,,,109689,190.0,1506,,,,,,
330.0,96.8504,620.0,280.0,1894.0,110000,,,4.416134834289551,27.931381225585938,28.585994720458984,283.684326171875,0.8143750000000001,9.270822916666668e-05
,,,,,110172,220.0,1962,,,,,,
,,,,,110703,300.0,2146,,,,,,
,,,,,111000,,,61.39641189575195,32.39324951171875,32.178184509277344,922.63818359375,0.8123125,9.26040625e-05
,,,,,111304,340.0,2426,,,,,,
,,,,,111774,230.0,1906,,,,,,
,,,,,112000,,,2.471609115600586,30.850006103515625,30.515384674072266,263.8993835449219,0.81025,9.249989583333333e-05
,,,,,112245,290.0,1898,,,,,,
,,,,,112753,210.0,2042,,,,,,
,,,,,113000,,,3.760215997695923,30.111373901367188,29.98897933959961,203.3369140625,0.8081875000000001,9.239572916666666e-05
,,,,,113097,190.0,1402,,,,,,
,,,,,113654,330.0,2226,,,,,,
,,,,,114000,,,108.98389434814453,32.17772674560547,33.20195007324219,1894.01904296875,0.806125,9.22915625e-05
,,,,,114101,140.0,1810,,,,,,
,,,,,114616,240.0,2066,,,,,,
,,,,,115000,,,4.976791858673096,28.133520126342773,28.67888641357422,324.3139343261719,0.8040625,9.218739583333333e-05
,,,,,115057,220.0,1786,,,,,,
,,,,,115574,270.0,2082,,,,,,
,,,,,115971,200.0,1594,,,,,,
,,,,,116000,,,11.963403701782227,32.77796173095703,32.93927764892578,275.45086669921875,0.802,9.208322916666667e-05
,,,,,116450,250.0,1914,,,,,,
,,,,,116991,290.0,2194,,,,,,
,,,,,117000,,,7.510397911071777,32.55125045776367,32.084251403808594,267.1675109863281,0.7999375,9.19790625e-05
,,,,,117456,250.0,1882,,,,,,
,,,,,118000,,,10.858582496643066,40.09823989868164,40.02573013305664,292.4327392578125,0.797875,9.187489583333334e-05
,,,,,118208,420.0,3034,,,,,,
,,,,,118611,240.0,1626,,,,,,
,,,,,119000,,,47.430198669433594,38.99775695800781,40.459800720214844,907.0404052734375,0.7958125,9.177072916666667e-05
,,,,,119204,390.0,2386,,,,,,
,,,,,119715,390.0,2058,,,,,,
418.0,100.27961,510.0,230.0,2378.0,120000,,,8.619277000427246,30.518932342529297,31.839252471923828,411.4996643066406,0.79375,9.16665625e-05
,,,,,120218,330.0,2026,,,,,,
,,,,,120828,410.0,2442,,,,,,
,,,,,121000,,,9.795781135559082,34.77510070800781,35.32659912109375,332.62109375,0.7916875,9.156239583333333e-05
,,,,,121288,190.0,1850,,,,,,
,,,,,121874,590.0,2362,,,,,,
,,,,,122000,,,12.530848503112793,34.31901550292969,33.680152893066406,334.3485412597656,0.789625,9.145822916666667e-05
,,,,,122382,360.0,2058,,,,,,
,,,,,122762,200.0,1538,,,,,,
,,,,,123000,,,5.084871292114258,30.603425979614258,29.942638397216797,258.7257080078125,0.7875625,9.13540625e-05
,,,,,123296,340.0,2154,,,,,,
,,,,,124000,,,11.527820587158203,31.166271209716797,30.91168212890625,210.93505859375,0.7855,9.124989583333334e-05
,,,,,124016,470.0,2906,,,,,,
,,,,,124468,240.0,1818,,,,,,
,,,,,124972,220.0,2018,,,,,,
,,,,,125000,,,2.295666217803955,28.93169403076172,29.22686195373535,114.3199234008789,0.7834375,9.114572916666667e-05
,,,,,125858,570.0,3554,,,,,,
,,,,,126000,,,6.386906623840332,34.187740325927734,33.171661376953125,410.83587646484375,0.781375,9.10415625e-05
,,,,,126353,290.0,1986,,,,,,
,,,,,126824,290.0,1906,,,,,,
,,,,,127000,,,13.116127014160156,31.596088409423828,32.84013748168945,412.30096435546875,0.7793125,9.093739583333334e-05
,,,,,127272,210.0,1802,,,,,,
,,,,,127693,170.0,1714,,,,,,
,,,,,128000,,,6.5801191329956055,38.77217102050781,38.13133239746094,289.77532958984375,0.77725,9.083322916666667e-05
,,,,,128233,330.0,2162,,,,,,
,,,,,128764,350.0,2130,,,,,,
,,,,,129000,,,16.191133499145508,32.16427230834961,32.20874786376953,266.71142578125,0.7751875,9.072906250000001e-05
,,,,,129386,360.0,2498,,,,,,
,,,,,129854,350.0,1898,,,,,,
348.0,99.37807,580.0,240.0,2002.8,130000,,,33.70341873168945,38.09806442260742,38.98271560668945,675.776123046875,0.7731250000000001,9.062489583333333e-05
,,,,,130330,300.0,1922,,,,,,
,,,,,130730,140.0,1610,,,,,,
,,,,,131000,,,7.049591064453125,34.39039611816406,34.16869354248047,239.25880432128906,0.7710625,9.052072916666667e-05
,,,,,131223,290.0,1986,,,,,,
,,,,,131760,310.0,2170,,,,,,
,,,,,132000,,,9.35484504699707,32.92926788330078,31.64986228942871,463.96099853515625,0.769,9.04165625e-05
,,,,,132129,200.0,1474,,,,,,
,,,,,132637,270.0,2050,,,,,,
,,,,,133000,,,7.601121425628662,44.62158203125,43.804988861083984,350.8623352050781,0.7669375,9.031239583333334e-05
,,,,,133041,220.0,1618,,,,,,
,,,,,133515,270.0,1898,,,,,,
,,,,,134000,,,2.9421253204345703,33.426395416259766,33.410762786865234,142.31932067871094,0.764875,9.020822916666667e-05
,,,,,134033,260.0,2074,,,,,,
,,,,,134506,260.0,1898,,,,,,
,,,,,135000,,,22.515953063964844,32.787559509277344,32.25933837890625,329.1387939453125,0.7628125,9.010406250000001e-05
,,,,,135009,240.0,2018,,,,,,
,,,,,135500,260.0,1986,,,,,,
,,,,,135888,210.0,1570,,,,,,
,,,,,136000,,,6.523561954498291,36.382232666015625,36.88134002685547,250.0695343017578,0.76075,8.999989583333334e-05
,,,,,136339,280.0,1818,,,,,,
,,,,,136774,210.0,1762,,,,,,
,,,,,137000,,,6.735032081604004,39.47064971923828,38.49629592895508,353.5276184082031,0.7586875,8.989572916666668e-05
,,,,,137508,1080.0,2938,,,,,,
,,,,,138000,,,5.629507541656494,33.57569885253906,33.39638900756836,228.9035186767578,0.756625,8.979156250000001e-05
,,,,,138342,850.0,3362,,,,,,
,,,,,138865,350.0,2098,,,,,,
,,,,,139000,,,4.77223014831543,31.113819122314453,31.730243682861328,217.65451049804688,0.7545625,8.968739583333334e-05
,,,,,139386,280.0,2106,,,,,,
,,,,,139755,170.0,1490,,,,,,
180.0,25.298222,220.0,140.0,2160.4,140000,,,31.262807846069336,42.408790588378906,42.87059020996094,1229.453857421875,0.7525,8.958322916666667e-05
,,,,,140282,320.0,2122,,,,,,
,,,,,140782,260.0,2002,,,,,,
,,,,,141000,,,19.145145416259766,39.20685577392578,41.55107879638672,792.9212036132812,0.7504375,8.94790625e-05
,,,,,141268,330.0,1962,,,,,,
,,,,,141763,300.0,2002,,,,,,
,,,,,142000,,,6.00796365737915,36.39214324951172,35.251678466796875,356.78125,0.748375,8.937489583333334e-05
,,,,,142191,230.0,1738,,,,,,
,,,,,142617,260.0,1730,,,,,,
,,,,,143000,,,6.78761625289917,40.66822052001953,40.08951187133789,303.5076599121094,0.7463125,8.927072916666667e-05
,,,,,143283,390.0,2682,,,,,,
,,,,,143805,230.0,2090,,,,,,
,,,,,144000,,,18.87079620361328,49.52050018310547,51.285606384277344,685.8363647460938,0.74425,8.916656250000001e-05
,,,,,144216,150.0,1650,,,,,,
,,,,,144781,350.0,2266,,,,,,
,,,,,145000,,,4.8917765617370605,39.758846282958984,39.11451721191406,236.7802734375,0.7421875,8.906239583333334e-05
,,,,,145204,200.0,1698,,,,,,
,,,,,145778,220.0,2298,,,,,,
,,,,,146000,,,147.04632568359375,34.599769592285156,36.811092376708984,1193.1453857421875,0.7401249999999999,8.895822916666668e-05
,,,,,146164,200.0,1570,,,,,,
,,,,,146808,430.0,2594,,,,,,
,,,,,147000,,,9.561819076538086,36.86130905151367,38.53466033935547,535.27783203125,0.7380625000000001,8.885406250000001e-05
,,,,,147929,740.0,4498,,,,,,
,,,,,148000,,,186.08595275878906,35.82581329345703,38.82916259765625,1184.9486083984375,0.736,8.874989583333334e-05
,,,,,148335,180.0,1634,,,,,,
,,,,,148847,230.0,2050,,,,,,
,,,,,149000,,,3.905623435974121,38.30345153808594,37.638389587402344,297.1146545410156,0.7339375,8.864572916666666e-05
,,,,,149397,320.0,2202,,,,,,
673.0,399.52597,1280.0,370.0,2095.6,150000,,,3.05704402923584,47.830352783203125,47.50457000732422,177.82884216308594,0.731875,8.854156250000001e-05
,,,,,150150,640.0,3034,,,,,,
,,,,,150661,300.0,2066,,,,,,
,,,,,151000,,,8.543039321899414,47.788726806640625,46.25037384033203,638.1477661132812,0.7298125,8.843739583333334e-05
,,,,,151147,270.0,1970,,,,,,
,,,,,151550,190.0,1618,,,,,,
,,,,,152000,,,353.83062744140625,46.553802490234375,50.92375946044922,2162.40966796875,0.72775,8.833322916666668e-05
,,,,,152014,260.0,1882,,,,,,
,,,,,152509,240.0,2002,,,,,,
,,,,,152989,300.0,1938,,,,,,
,,,,,153000,,,42.77122116088867,43.18158721923828,42.9278678894043,601.1256713867188,0.7256875,8.82290625e-05
,,,,,153515,340.0,2106,,,,,,
,,,,,154000,,,46.798065185546875,36.95069885253906,37.90083312988281,649.1878662109375,0.723625,8.812489583333335e-05
,,,,,154008,260.0,1994,,,,,,
,,,,,154381,150.0,1514,,,,,,
,,,,,154817,250.0,1762,,,,,,
,,,,,155000,,,10.017831802368164,48.40290069580078,47.54378890991211,407.62713623046875,0.7215625,8.802072916666668e-05
,,,,,155392,300.0,2306,,,,,,
,,,,,156000,,,159.00132751464844,43.180747985839844,44.12201690673828,1140.278076171875,0.7195,8.79165625e-05
,,,,,156170,1000.0,3114,,,,,,
,,,,,156652,220.0,1946,,,,,,
,,,,,157000,,,7.648303985595703,46.97584533691406,46.436283111572266,320.1783752441406,0.7174375,8.781239583333333e-05
,,,,,157647,570.0,3994,,,,,,
,,,,,158000,,,9.1734619140625,45.54441833496094,44.44752502441406,488.9897155761719,0.7153750000000001,8.770822916666666e-05
,,,,,158084,270.0,1762,,,,,,
,,,,,158757,540.0,2714,,,,,,
,,,,,159000,,,4.791825294494629,49.586097717285156,49.42715072631836,204.67987060546875,0.7133125,8.76040625e-05
,,,,,159269,270.0,2058,,,,,,
,,,,,159800,260.0,2130,,,,,,
640.0,264.87732,950.0,330.0,2410.0,160000,,,9.009025573730469,49.27472686767578,49.57688522338867,436.5721740722656,0.7112499999999999,8.749989583333333e-05
,,,,,160252,180.0,1834,,,,,,
,,,,,160583,190.0,1322,,,,,,
,,,,,161000,,,25.225120544433594,49.93396759033203,49.101661682128906,390.3258361816406,0.7091875,8.739572916666668e-05
,,,,,161285,480.0,2810,,,,,,
,,,,,161994,280.0,2842,,,,,,
,,,,,162000,,,15.717251777648926,54.574493408203125,54.814453125,291.26055908203125,0.707125,8.72915625e-05
,,,,,162386,270.0,1578,,,,,,
,,,,,162859,290.0,1914,,,,,,
,,,,,163000,,,39.896392822265625,43.014556884765625,43.70734405517578,585.923095703125,0.7050624999999999,8.718739583333335e-05
,,,,,163332,240.0,1898,,,,,,
,,,,,163866,250.0,2138,,,,,,
,,,,,164000,,,2.407266616821289,44.53754425048828,43.97693634033203,202.66171264648438,0.7030000000000001,8.708322916666667e-05
,,,,,164391,310.0,2106,,,,,,
,,,,,165000,,,5.5065507888793945,44.075653076171875,43.765506744384766,276.6505432128906,0.7009375,8.69790625e-05
,,,,,165123,470.0,2946,,,,,,
,,,,,165765,270.0,2586,,,,,,
,,,,,166000,,,4.329929828643799,46.73238754272461,46.333255767822266,239.36669921875,0.698875,8.687489583333333e-05
,,,,,166267,270.0,2034,,,,,,
,,,,,166751,300.0,1954,,,,,,
,,,,,167000,,,5.272306442260742,41.475772857666016,40.79084014892578,270.763427734375,0.6968125000000001,8.677072916666666e-05
,,,,,167286,310.0,2170,,,,,,
,,,,,167959,1070.0,2722,,,,,,
,,,,,168000,,,18.276113510131836,47.19949722290039,47.89311599731445,409.5890197753906,0.69475,8.66665625e-05
,,,,,168458,210.0,2018,,,,,,
,,,,,168944,250.0,1946,,,,,,
,,,,,169000,,,3.505484104156494,40.85808563232422,40.78009033203125,172.19834899902344,0.6926875,8.656239583333334e-05
,,,,,169440,390.0,1986,,,,,,
,,,,,169862,210.0,1698,,,,,,
831.0,138.74077,1060.0,670.0,2588.4,170000,,,6.350358486175537,44.444923400878906,44.58855056762695,196.599853515625,0.690625,8.645822916666667e-05
,,,,,170610,500.0,3010,,,,,,
,,,,,171000,,,3.140958070755005,49.7337646484375,49.84234619140625,146.9371337890625,0.6885625,8.63540625e-05
,,,,,171075,170.0,1882,,,,,,
,,,,,171569,270.0,1986,,,,,,
,,,,,172000,,,7.33530330657959,45.603424072265625,45.137535095214844,263.4488525390625,0.6865,8.624989583333334e-05
,,,,,172181,470.0,2450,,,,,,
,,,,,172810,450.0,2530,,,,,,
,,,,,173000,,,7.230118751525879,46.36003875732422,47.09683609008789,333.9923095703125,0.6844375,8.614572916666667e-05
,,,,,173207,190.0,1610,,,,,,
,,,,,173737,360.0,2138,,,,,,
,,,,,174000,,,9.854315757751465,46.238006591796875,47.39740753173828,463.6559143066406,0.682375,8.60415625e-05
,,,,,174233,290.0,2002,,,,,,
,,,,,174722,320.0,1962,,,,,,
,,,,,175000,,,3.740426540374756,50.08592987060547,49.9869384765625,192.2264862060547,0.6803125,8.593739583333333e-05
,,,,,175184,230.0,1850,,,,,,
,,,,,175712,300.0,2130,,,,,,
,,,,,176000,,,3.5973215103149414,50.67393493652344,49.91255187988281,313.14825439453125,0.67825,8.583322916666667e-05
,,,,,176287,360.0,2314,,,,,,
,,,,,177000,,,3.2803916931152344,46.9523811340332,47.5391845703125,206.5790557861328,0.6761874999999999,8.57290625e-05
,,,,,177007,420.0,2890,,,,,,
,,,,,177374,190.0,1482,,,,,,
,,,,,177892,270.0,2098,,,,,,
,,,,,178000,,,17.309967041015625,44.38116455078125,43.426002502441406,365.35552978515625,0.6741250000000001,8.562489583333334e-05
,,,,,178508,650.0,2482,,,,,,
,,,,,179000,,,4.84381628036499,45.48052215576172,44.68133544921875,283.1121826171875,0.6720625,8.552072916666667e-05
,,,,,179029,250.0,2082,,,,,,
,,,,,179534,380.0,2026,,,,,,
688.0,236.2541,920.0,390.0,2559.6,180000,,,15.284224510192871,46.637901306152344,47.15148162841797,312.3162841796875,0.67,8.541656250000001e-05
,,,,,180021,310.0,1970,,,,,,
,,,,,180561,330.0,2162,,,,,,
,,,,,181000,,,43.021087646484375,54.39124298095703,55.21400451660156,698.55517578125,0.6679375000000001,8.531239583333334e-05
,,,,,181218,340.0,2650,,,,,,
,,,,,181579,210.0,1466,,,,,,
,,,,,181995,300.0,1682,,,,,,
,,,,,182000,,,5.869050025939941,47.43836975097656,47.441795349121094,195.72203063964844,0.665875,8.520822916666667e-05
,,,,,182497,330.0,2018,,,,,,
,,,,,183000,,,4.200518608093262,55.35447311401367,55.437618255615234,214.92755126953125,0.6638124999999999,8.51040625e-05
,,,,,183022,290.0,2114,,,,,,
,,,,,183478,220.0,1834,,,,,,
,,,,,183936,250.0,1850,,,,,,
,,,,,184000,,,2.824995994567871,52.051116943359375,51.68632888793945,175.8992156982422,0.6617500000000001,8.499989583333334e-05
,,,,,184563,460.0,2506,,,,,,
,,,,,185000,,,140.35012817382812,50.788936614990234,52.416419982910156,1003.7679443359375,0.6596875,8.489572916666667e-05
,,,,,185314,600.0,3018,,,,,,
,,,,,186000,,,6.070260047912598,47.249942779541016,47.23970031738281,223.68077087402344,0.657625,8.47915625e-05
,,,,,186006,640.0,2786,,,,,,
,,,,,186540,360.0,2138,,,,,,
,,,,,187000,,,5.312602519989014,50.13130187988281,50.041324615478516,265.8851623535156,0.6555625,8.468739583333334e-05
,,,,,187133,310.0,2378,,,,,,
,,,,,187510,240.0,1530,,,,,,
,,,,,187926,290.0,1666,,,,,,
,,,,,188000,,,4.801487445831299,49.05611038208008,48.28680419921875,272.7375793457031,0.6535,8.458322916666668e-05
,,,,,188680,740.0,3042,,,,,,
,,,,,189000,,,4.93831729888916,51.414154052734375,51.228240966796875,200.59515380859375,0.6514375,8.447906250000001e-05
,,,,,189374,1060.0,2794,,,,,,
,,,,,189899,410.0,2122,,,,,,
544.0,72.41547,650.0,470.0,2224.4,190000,,,11.036301612854004,48.96213912963867,48.732120513916016,224.51553344726562,0.649375,8.437489583333334e-05
,,,,,190373,220.0,1922,,,,,,
,,,,,190851,240.0,1922,,,,,,
,,,,,191000,,,9.652267456054688,55.81904602050781,55.486083984375,459.42144775390625,0.6473125,8.427072916666667e-05
,,,,,191421,390.0,2290,,,,,,
,,,,,191844,310.0,1690,,,,,,
,,,,,192000,,,38.815677642822266,50.36592102050781,49.875370025634766,548.6222534179688,0.64525,8.41665625e-05
,,,,,192404,370.0,2250,,,,,,
,,,,,192906,380.0,2026,,,,,,
,,,,,193000,,,23.776147842407227,48.284912109375,47.02486801147461,538.2667236328125,0.6431875,8.406239583333334e-05
,,,,,193415,330.0,2058,,,,,,
,,,,,194000,,,8.496832847595215,48.897132873535156,48.793495178222656,220.0841827392578,0.641125,8.395822916666667e-05
,,,,,194033,1030.0,2482,,,,,,
,,,,,194518,330.0,1954,,,,,,
,,,,,194977,350.0,1842,,,,,,
,,,,,195000,,,9.406907081604004,54.044273376464844,53.934165954589844,531.8361206054688,0.6390625000000001,8.385406250000001e-05
,,,,,195323,240.0,1386,,,,,,
,,,,,195751,320.0,1738,,,,,,
,,,,,196000,,,4.386503219604492,60.51537322998047,61.002525329589844,238.3045196533203,0.637,8.374989583333334e-05
,,,,,196284,390.0,2138,,,,,,
,,,,,196848,330.0,2274,,,,,,
,,,,,197000,,,2.3183228969573975,46.22280502319336,45.94184112548828,147.01075744628906,0.6349374999999999,8.364572916666667e-05
,,,,,197315,270.0,1890,,,,,,
,,,,,197855,340.0,2178,,,,,,
,,,,,198000,,,7.069896221160889,58.5794677734375,58.917171478271484,355.6819152832031,0.632875,8.354156250000001e-05
,,,,,198400,370.0,2194,,,,,,
,,,,,199000,,,52.55329132080078,52.53168869018555,53.117671966552734,490.410400390625,0.6308125,8.343739583333335e-05
,,,,,199226,790.0,3306,,,,,,
,,,,,199652,240.0,1722,,,,,,
478.0,60.794735,570.0,430.0,2363.6,200000,,,7.114526748657227,52.23210906982422,52.748409271240234,311.6416320800781,0.62875,8.333322916666666e-05
,,,,,200100,260.0,1818,,,,,,
,,,,,200828,980.0,2922,,,,,,
,,,,,201000,,,4.920812129974365,56.29669952392578,56.1251220703125,233.00820922851562,0.6266875000000001,8.322906249999999e-05
,,,,,201284,280.0,1834,,,,,,
,,,,,201787,320.0,2034,,,,,,
,,,,,202000,,,5.130527496337891,57.16011428833008,57.9914436340332,322.2936706542969,0.624625,8.312489583333334e-05
,,,,,202197,310.0,1658,,,,,,
,,,,,202654,330.0,1850,,,,,,
,,,,,203000,,,4.940783977508545,50.11803436279297,49.93141174316406,216.23265075683594,0.6225625,8.302072916666668e-05
,,,,,203120,340.0,1874,,,,,,
,,,,,203637,270.0,2074,,,,,,
,,,,,204000,,,9.510411262512207,56.98773956298828,56.96864318847656,242.3927459716797,0.6205,8.29165625e-05
,,,,,204278,640.0,2562,,,,,,
,,,,,204677,290.0,1618,,,,,,
,,,,,205000,,,16.681333541870117,58.54930877685547,58.29833221435547,367.385009765625,0.6184375,8.281239583333333e-05
,,,,,205342,620.0,2682,,,,,,
,,,,,205794,350.0,1826,,,,,,
,,,,,206000,,,6.447192192077637,59.970985412597656,58.50676727294922,516.14013671875,0.616375,8.270822916666668e-05
,,,,,206286,340.0,1986,,,,,,
,,,,,207000,,,8.741087913513184,49.85871124267578,50.65544891357422,351.77923583984375,0.6143125,8.26040625e-05
,,,,,207056,1210.0,3106,,,,,,
,,,,,207700,440.0,2602,,,,,,
,,,,,208000,,,155.08572387695312,58.861331939697266,61.41657638549805,1600.7847900390625,0.61225,8.249989583333335e-05
,,,,,208150,290.0,1810,,,,,,
,,,,,208631,350.0,1954,,,,,,
,,,,,209000,,,17.558311462402344,57.12025451660156,57.7388916015625,482.1000671386719,0.6101875,8.239572916666666e-05
,,,,,209117,350.0,1970,,,,,,
,,,,,209621,360.0,2026,,,,,,
503.0,77.5951,620.0,440.0,2091.6,210000,,,13.371044158935547,56.421302795410156,55.215087890625,529.486572265625,0.608125,8.22915625e-05
,,,,,210168,370.0,2194,,,,,,
,,,,,210811,420.0,2578,,,,,,
,,,,,211000,,,8.239343643188477,61.16377258300781,60.23011016845703,356.97412109375,0.6060625,8.218739583333333e-05
,,,,,211235,380.0,1706,,,,,,
,,,,,211704,250.0,1882,,,,,,
,,,,,212000,,,7.35159969329834,55.310997009277344,54.5189323425293,417.4801330566406,0.604,8.208322916666666e-05
,,,,,212302,400.0,2402,,,,,,
,,,,,212746,280.0,1794,,,,,,
,,,,,213000,,,6.90545654296875,57.198699951171875,57.324798583984375,228.48736572265625,0.6019375,8.19790625e-05
,,,,,213368,540.0,2514,,,,,,
,,,,,213948,390.0,2330,,,,,,
,,,,,214000,,,6.606759071350098,59.11075973510742,59.134521484375,225.9622802734375,0.5998749999999999,8.187489583333335e-05
,,,,,214945,850.0,4010,,,,,,
,,,,,215000,,,4.921538352966309,52.98569869995117,53.27667999267578,176.18667602539062,0.5978125000000001,8.177072916666667e-05
,,,,,215369,260.0,1714,,,,,,
,,,,,215870,390.0,2002,,,,,,
,,,,,216000,,,20.549829483032227,58.738426208496094,58.302555084228516,596.6322631835938,0.59575,8.16665625e-05
,,,,,216335,320.0,1858,,,,,,
,,,,,217000,,,4.8820390701293945,58.581565856933594,58.086021423339844,300.4758605957031,0.5936875,8.156239583333334e-05
,,,,,217027,500.0,2786,,,,,,
,,,,,217703,380.0,2706,,,,,,
,,,,,218000,,,172.34915161132812,54.64788818359375,57.175601959228516,1207.1593017578125,0.5916250000000001,8.145822916666667e-05
,,,,,218239,420.0,2146,,,,,,
,,,,,218750,250.0,2058,,,,,,
,,,,,219000,,,5.885315895080566,52.843360900878906,53.09675598144531,319.80535888671875,0.5895625,8.13540625e-05
,,,,,219465,490.0,2882,,,,,,
,,,,,219964,420.0,2010,,,,,,
892.0,417.1043,1520.0,550.0,2994.8,220000,,,11.89736557006836,59.05122375488281,60.08583068847656,542.028564453125,0.5874999999999999,8.124989583333333e-05
,,,,,220594,660.0,2530,,,,,,
,,,,,221000,,,195.68212890625,62.36997985839844,64.52487182617188,1769.9688720703125,0.5854375,8.114572916666667e-05
,,,,,221318,810.0,2898,,,,,,
,,,,,221872,340.0,2242,,,,,,
,,,,,222000,,,16.264068603515625,59.194217681884766,58.41328430175781,500.0440368652344,0.583375,8.10415625e-05
,,,,,222346,200.0,1898,,,,,,
,,,,,222813,320.0,1882,,,,,,
,,,,,223000,,,9.57813549041748,56.4356689453125,55.63179016113281,419.9224853515625,0.5813125,8.093739583333334e-05
,,,,,223277,330.0,1882,,,,,,
,,,,,223834,440.0,2242,,,,,,
,,,,,224000,,,1236.28076171875,59.32173156738281,65.64226531982422,2940.863037109375,0.57925,8.083322916666667e-05
,,,,,224307,320.0,1914,,,,,,
,,,,,224726,250.0,1674,,,,,,
,,,,,225000,,,8.908108711242676,53.53996276855469,54.313899993896484,404.3456726074219,0.5771875,8.072906250000001e-05
,,,,,225232,470.0,2034,,,,,,
,,,,,226000,,,6.569247722625732,61.546600341796875,61.08246612548828,251.93621826171875,0.5751250000000001,8.062489583333334e-05
,,,,,226060,950.0,3330,,,,,,
,,,,,226468,260.0,1634,,,,,,
,,,,,227000,,,11.118925094604492,62.14492416381836,61.43644332885742,387.14581298828125,0.5730625,8.052072916666667e-05
,,,,,227030,600.0,2258,,,,,,
,,,,,227457,300.0,1722,,,,,,
,,,,,227932,290.0,1930,,,,,,
,,,,,228000,,,33.255367279052734,56.165279388427734,57.78813171386719,654.7243041992188,0.571,8.04165625e-05
,,,,,228748,810.0,3274,,,,,,
,,,,,229000,,,4.80225944519043,58.487525939941406,57.470497131347656,353.77716064453125,0.5689375,8.031239583333334e-05
,,,,,229305,460.0,2242,,,,,,
596.0,43.863426,630.0,530.0,2617.2,230000,,,5.906396865844727,63.46882629394531,63.0957145690918,321.376220703125,0.566875,8.020822916666667e-05
,,,,,230061,380.0,3026,,,,,,
,,,,,230533,300.0,1914,,,,,,
,,,,,230997,430.0,1858,,,,,,
,,,,,231000,,,9.197803497314453,62.95307159423828,62.90618896484375,293.8300476074219,0.5648124999999999,8.01040625e-05
,,,,,231495,450.0,2018,,,,,,
,,,,,231965,310.0,1890,,,,,,
,,,,,232000,,,51.58683395385742,59.261924743652344,60.18470001220703,618.5410766601562,0.5627500000000001,7.999989583333334e-05
,,,,,232486,320.0,2098,,,,,,
,,,,,232930,280.0,1778,,,,,,
,,,,,233000,,,3.3526155948638916,56.473487854003906,56.729576110839844,185.92440795898438,0.5606875,7.989572916666668e-05
,,,,,233581,750.0,2610,,,,,,
,,,,,233984,290.0,1626,,,,,,
,,,,,234000,,,7.7190937995910645,61.79035186767578,60.172889709472656,539.4381103515625,0.5586249999999999,7.979156250000001e-05
,,,,,234377,350.0,1586,,,,,,
,,,,,234823,350.0,1786,,,,,,
,,,,,235000,,,42.159358978271484,59.52705764770508,59.69927978515625,743.33154296875,0.5565625,7.968739583333334e-05
,,,,,235360,440.0,2170,,,,,,
,,,,,235801,320.0,1786,,,,,,
,,,,,236000,,,12.117246627807617,55.947669982910156,54.411865234375,685.3165283203125,0.5545,7.958322916666667e-05
,,,,,236353,300.0,2210,,,,,,
,,,,,237000,,,8.262445449829102,56.76970672607422,56.49309539794922,231.94338989257812,0.5524375,7.94790625e-05
,,,,,237095,510.0,2970,,,,,,
,,,,,237776,520.0,2738,,,,,,
,,,,,238000,,,8.184671401977539,61.364768981933594,60.8815803527832,297.24853515625,0.5503750000000001,7.937489583333334e-05
,,,,,238330,350.0,2218,,,,,,
,,,,,238799,290.0,1890,,,,,,
,,,,,239000,,,9.502330780029297,67.33474731445312,68.98067474365234,659.1029663085938,0.5483125,7.927072916666667e-05
,,,,,239276,320.0,1922,,,,,,
,,,,,239775,420.0,2018,,,,,,
645.0,133.88428,840.0,470.0,2722.0,240000,,,9.8954439163208,62.59883117675781,61.39408874511719,470.2993469238281,0.54625,7.916656250000001e-05
,,,,,240212,340.0,1778,,,,,,
,,,,,240708,290.0,2010,,,,,,
,,,,,241000,,,17.034385681152344,63.816192626953125,62.03916549682617,701.583984375,0.5441875,7.906239583333334e-05
,,,,,241338,1230.0,2530,,,,,,
,,,,,241745,290.0,1626,,,,,,
,,,,,242000,,,7.691626071929932,64.03057098388672,63.14779281616211,395.01141357421875,0.542125,7.895822916666667e-05
,,,,,242187,340.0,1794,,,,,,
,,,,,242711,380.0,2098,,,,,,
,,,,,243000,,,31.8587703704834,63.49589538574219,62.61222457885742,644.5187377929688,0.5400625,7.885406250000001e-05
,,,,,243417,590.0,2842,,,,,,
,,,,,243744,250.0,1322,,,,,,
,,,,,244000,,,7.924202919006348,58.09461975097656,58.38365173339844,301.1160888671875,0.538,7.874989583333334e-05
,,,,,244238,370.0,1986,,,,,,
,,,,,244953,740.0,2882,,,,,,
,,,,,245000,,,5.309847831726074,61.253143310546875,60.04322052001953,455.5920715332031,0.5359375,7.864572916666667e-05
,,,,,245509,300.0,2242,,,,,,
,,,,,246000,,,15.974266052246094,68.56327056884766,66.80134582519531,701.3129272460938,0.533875,7.85415625e-05
,,,,,246062,460.0,2226,,,,,,
,,,,,246601,380.0,2178,,,,,,
,,,,,247000,,,18.515913009643555,70.7253646850586,71.39443969726562,765.6591796875,0.5318125,7.843739583333334e-05
,,,,,247161,390.0,2242,,,,,,
,,,,,247720,320.0,2242,,,,,,
,,,,,248000,,,6.894789695739746,68.40523529052734,68.70657348632812,266.092041015625,0.5297499999999999,7.833322916666668e-05
,,,,,248219,300.0,2026,,,,,,
,,,,,248776,320.0,2250,,,,,,
,,,,,249000,,,16.69467544555664,63.654144287109375,63.976585388183594,529.6447143554688,0.5276875,7.822906250000001e-05
,,,,,249303,390.0,2114,,,,,,
803.0,289.79477,1150.0,480.0,2892.4,250000,,,24.02375030517578,62.69391632080078,63.00633239746094,397.1100158691406,0.525625,7.812489583333334e-05
,,,,,250020,710.0,2890,,,,,,
,,,,,250659,700.0,2570,,,,,,
,,,,,251000,,,5.971587181091309,58.461185455322266,58.28882598876953,307.330810546875,0.5235624999999999,7.802072916666668e-05
,,,,,251677,710.0,4098,,,,,,
,,,,,252000,,,9.968084335327148,71.74772644042969,70.98114013671875,510.8883972167969,0.5215000000000001,7.79165625e-05
,,,,,252235,320.0,2250,,,,,,
,,,,,252748,270.0,2058,,,,,,
,,,,,253000,,,9.194114685058594,63.96844482421875,63.28645706176758,489.30523681640625,0.5194375,7.781239583333333e-05
,,,,,253440,1300.0,2770,,,,,,
,,,,,254000,,,10.508423805236816,65.64031982421875,66.22454071044922,350.69354248046875,0.517375,7.770822916666666e-05
,,,,,254056,380.0,2482,,,,,,
,,,,,254896,1150.0,3378,,,,,,
,,,,,255000,,,101.2562026977539,69.35169982910156,68.45370483398438,1099.65625,0.5153125000000001,7.76040625e-05
,,,,,255536,720.0,2586,,,,,,
,,,,,256000,,,26.270891189575195,61.34602355957031,61.35620880126953,447.88885498046875,0.51325,7.749989583333333e-05
,,,,,256081,460.0,2194,,,,,,
,,,,,256618,350.0,2154,,,,,,
,,,,,257000,,,12.736411094665527,66.13876342773438,67.28396606445312,493.9452819824219,0.5111874999999999,7.739572916666666e-05
,,,,,257279,1180.0,2642,,,,,,
,,,,,257784,360.0,2042,,,,,,
,,,,,258000,,,28.73655128479004,70.92635345458984,69.60063171386719,929.6632080078125,0.509125,7.72915625e-05
,,,,,258220,270.0,1746,,,,,,
,,,,,258804,750.0,2338,,,,,,
,,,,,259000,,,9.273238182067871,69.90916442871094,69.87220001220703,514.29345703125,0.5070625,7.718739583333335e-05
,,,,,259429,410.0,2506,,,,,,
660.0,340.70514,1270.0,390.0,2425.2,260000,,,8.848526000976562,72.86422729492188,71.31890106201172,619.388916015625,0.505,7.708322916666668e-05
,,,,,260157,670.0,2930,,,,,,
,,,,,260783,460.0,2514,,,,,,
,,,,,261000,,,9.707109451293945,68.62419128417969,67.9490737915039,369.8205261230469,0.5029375,7.69790625e-05
,,,,,261251,320.0,1890,,,,,,
,,,,,261967,410.0,2882,,,,,,
,,,,,262000,,,5.935358047485352,74.08723449707031,73.87581634521484,270.2309875488281,0.500875,7.687489583333333e-05
,,,,,262738,870.0,3090,,,,,,
,,,,,263000,,,17.668373107910156,76.94467163085938,77.5242691040039,499.2042236328125,0.4988125,7.677072916666667e-05
,,,,,263300,420.0,2266,,,,,,
,,,,,264000,,,27.122177124023438,70.8525390625,71.50788879394531,553.1575317382812,0.49675,7.66665625e-05
,,,,,264169,1350.0,3474,,,,,,
,,,,,264671,280.0,2026,,,,,,
,,,,,265000,,,15.928239822387695,75.20885467529297,72.46038818359375,1557.034912109375,0.49468750000000006,7.656239583333333e-05
,,,,,265445,570.0,3098,,,,,,
,,,,,266000,,,5.47065544128418,64.86909484863281,65.61027526855469,385.2008056640625,0.4926250000000001,7.645822916666667e-05
,,,,,266351,1060.0,3650,,,,,,
,,,,,266837,400.0,1962,,,,,,
,,,,,267000,,,5.2109198570251465,77.1644287109375,76.90379333496094,284.27734375,0.4905625,7.63540625e-05
,,,,,267389,390.0,2234,,,,,,
,,,,,267995,500.0,2426,,,,,,
,,,,,268000,,,26.910524368286133,76.15045928955078,76.45643615722656,525.5110473632812,0.48849999999999993,7.624989583333334e-05
,,,,,268700,1160.0,2834,,,,,,
,,,,,269000,,,5.152365684509277,72.38717651367188,71.68092346191406,371.5850830078125,0.48643749999999997,7.614572916666667e-05
,,,,,269281,310.0,2330,,,,,,
495.0,258.62134,890.0,320.0,2238.0,270000,,,336.5014953613281,76.21882629394531,80.78234100341797,1980.70654296875,0.484375,7.60415625e-05
,,,,,270076,460.0,3186,,,,,,
,,,,,270597,340.0,2098,,,,,,
,,,,,270932,220.0,1346,,,,,,
,,,,,271000,,,8.255043983459473,70.17727661132812,68.58948516845703,656.0463256835938,0.4823124999999999,7.593739583333333e-05
,,,,,271451,400.0,2082,,,,,,
,,,,,271922,260.0,1914,,,,,,
,,,,,272000,,,15.817936897277832,72.81356048583984,72.13287353515625,447.19598388671875,0.48024999999999995,7.583322916666666e-05
,,,,,272484,330.0,2250,,,,,,
,,,,,273000,,,12.650544166564941,69.9366226196289,70.79193878173828,411.3135070800781,0.4781875,7.57290625e-05
,,,,,273018,330.0,2162,,,,,,
,,,,,273520,440.0,2010,,,,,,
,,,,,274000,,,8.522758483886719,68.2500991821289,68.01754760742188,352.02203369140625,0.476125,7.562489583333334e-05
,,,,,274019,150.0,2026,,,,,,
,,,,,274511,310.0,1994,,,,,,
,,,,,275000,,,21.149620056152344,64.70723724365234,64.68576049804688,499.5734558105469,0.47406250000000005,7.552072916666667e-05
,,,,,275258,670.0,3002,,,,,,
,,,,,275719,220.0,1858,,,,,,
,,,,,276000,,,15.047489166259766,78.08270263671875,79.15339660644531,579.5125122070312,0.472,7.54165625e-05
,,,,,276446,860.0,2922,,,,,,
,,,,,276990,450.0,2202,,,,,,
,,,,,277000,,,8.509020805358887,62.999664306640625,62.865234375,291.1622619628906,0.4699375,7.531239583333334e-05
,,,,,277474,360.0,1946,,,,,,
,,,,,277955,200.0,1938,,,,,,
,,,,,278000,,,10.069452285766602,68.98908996582031,69.40164184570312,373.5805358886719,0.46787500000000004,7.520822916666668e-05
,,,,,278593,550.0,2562,,,,,,
,,,,,279000,,,9.333843231201172,77.64503479003906,77.61811828613281,365.78448486328125,0.4658125000000001,7.51040625e-05
,,,,,279257,520.0,2658,,,,,,
,,,,,279815,330.0,2250,,,,,,
678.0,183.89127,850.0,370.0,2630.0,280000,,,8.553594589233398,75.74418640136719,75.29633331298828,360.30426025390625,0.46375,7.499989583333333e-05
,,,,,280511,390.0,2802,,,,,,
,,,,,281000,,,5.225257396697998,69.89495086669922,70.02574920654297,292.6642150878906,0.46168750000000003,7.489572916666667e-05
,,,,,281250,600.0,2962,,,,,,
,,,,,281851,770.0,2410,,,,,,
,,,,,282000,,,5.197053909301758,69.08213806152344,68.20401000976562,494.20751953125,0.45962500000000006,7.47915625e-05
,,,,,282359,310.0,2050,,,,,,
,,,,,282817,390.0,1842,,,,,,
,,,,,283000,,,18.75873565673828,78.06466674804688,78.34028625488281,385.1410217285156,0.4575625,7.468739583333333e-05
,,,,,283533,520.0,2882,,,,,,
,,,,,284000,,,20.191007614135742,71.24059295654297,71.33729553222656,552.5849609375,0.4555,7.458322916666667e-05
,,,,,284046,250.0,2074,,,,,,
,,,,,284700,790.0,2642,,,,,,
,,,,,285000,,,8.976838111877441,68.59388732910156,68.77560424804688,377.5325927734375,0.45343749999999994,7.447906250000001e-05
,,,,,285329,660.0,2538,,,,,,
,,,,,286000,,,11.477388381958008,78.78315734863281,78.28482818603516,394.21429443359375,0.45137499999999997,7.437489583333334e-05
,,,,,286277,1130.0,3810,,,,,,
,,,,,286844,300.0,2266,,,,,,
,,,,,287000,,,7.2042236328125,72.50430297851562,73.1038818359375,345.47857666015625,0.4493125,7.427072916666667e-05
,,,,,287316,280.0,1898,,,,,,
,,,,,288000,,,15.669731140136719,76.86628723144531,76.21814727783203,462.3258056640625,0.44725000000000004,7.41665625e-05
,,,,,288105,800.0,3178,,,,,,
,,,,,288799,660.0,2786,,,,,,
,,,,,289000,,,9.779967308044434,73.54698181152344,72.25115966796875,538.1846313476562,0.44518749999999996,7.406239583333334e-05
,,,,,289407,600.0,2442,,,,,,
981.0,211.3031,1080.0,420.0,3331.6,290000,,,9.478593826293945,70.92129516601562,69.83418273925781,451.180419921875,0.443125,7.395822916666667e-05
,,,,,290186,560.0,3122,,,,,,
,,,,,290618,270.0,1754,,,,,,
,,,,,291000,,,28.40756607055664,61.491859436035156,61.15584945678711,428.0254211425781,0.4410625,7.38540625e-05
,,,,,291359,1090.0,2978,,,,,,
,,,,,292000,,,9.799448013305664,72.6653823852539,73.40089416503906,456.42852783203125,0.43900000000000006,7.374989583333334e-05
,,,,,292026,490.0,2674,,,,,,
,,,,,292911,810.0,3562,,,,,,
,,,,,293000,,,14.295788764953613,77.07569885253906,76.20852661132812,482.416259765625,0.4369375,7.364572916666668e-05
,,,,,293568,620.0,2634,,,,,,
,,,,,294000,,,9.08279037475586,78.181640625,78.35993957519531,381.8972473144531,0.434875,7.354156250000001e-05
,,,,,294441,1200.0,3506,,,,,,
,,,,,294969,340.0,2114,,,,,,
,,,,,295000,,,6.16292142868042,69.26897430419922,68.02645874023438,471.4378356933594,0.43281250000000004,7.343739583333334e-05
,,,,,295500,400.0,2130,,,,,,
,,,,,296000,,,10.564962387084961,80.46615600585938,80.14234924316406,326.31524658203125,0.4307500000000001,7.333322916666668e-05
,,,,,296016,330.0,2074,,,,,,
,,,,,296542,350.0,2130,,,,,,
,,,,,297000,,,26.54444694519043,73.17953491210938,72.06946563720703,671.2544555664062,0.4286875000000001,7.322906250000001e-05
,,,,,297147,510.0,2434,,,,,,
,,,,,297886,570.0,2986,,,,,,
,,,,,298000,,,14.229362487792969,71.55181121826172,70.1623306274414,612.0676879882812,0.4266249999999999,7.312489583333332e-05
,,,,,298377,260.0,1978,,,,,,
,,,,,298996,420.0,2482,,,,,,
,,,,,299000,,,7.652641296386719,84.29840087890625,83.40733337402344,470.03338623046875,0.42456249999999995,7.302072916666666e-05
,,,,,299664,530.0,2690,,,,,,
528.0,210.79848,850.0,390.0,2269.2,300000,,,9.140365600585938,67.80966186523438,68.30426025390625,410.4651794433594,0.4225,7.29165625e-05
,,,,,300534,1250.0,3498,,,,,,
,,,,,301000,,,16.03824234008789,77.25595092773438,76.51084899902344,513.82080078125,0.4204375,7.281239583333334e-05
,,,,,301207,850.0,2706,,,,,,
,,,,,302000,,,9.43796443939209,87.82859802246094,86.71820068359375,494.0254211425781,0.41837499999999994,7.270822916666666e-05
,,,,,302210,890.0,4042,,,,,,
,,,,,302831,660.0,2498,,,,,,
,,,,,303000,,,9.510068893432617,83.9122314453125,84.20265197753906,342.03668212890625,0.4163125,7.26040625e-05
,,,,,303321,370.0,1970,,,,,,
,,,,,304000,,,3.487311601638794,76.84138488769531,76.93193054199219,214.22695922851562,0.41425,7.249989583333335e-05
,,,,,304043,910.0,2890,,,,,,
,,,,,304673,900.0,2522,,,,,,
,,,,,305000,,,6.977910995483398,84.93489074707031,83.4936294555664,635.7225341796875,0.41218750000000004,7.239572916666668e-05
,,,,,305603,850.0,3722,,,,,,
,,,,,306000,,,7.642420768737793,79.6792221069336,80.25389862060547,345.439453125,0.41012499999999996,7.22915625e-05
,,,,,306248,350.0,2586,,,,,,
,,,,,306835,600.0,2370,,,,,,
,,,,,307000,,,26.84743309020996,70.54541778564453,70.30047607421875,758.9085693359375,0.4080625,7.218739583333333e-05
,,,,,307294,300.0,1842,,,,,,
,,,,,308000,,,17.01324462890625,69.81343078613281,69.31696319580078,582.189697265625,0.406,7.208322916666668e-05
,,,,,308189,940.0,3586,,,,,,
,,,,,308816,690.0,2522,,,,,,
,,,,,309000,,,6.980626106262207,80.11138916015625,80.29995727539062,249.45204162597656,0.40393750000000006,7.19790625e-05
,,,,,309636,830.0,3298,,,,,,
710.0,155.692,950.0,580.0,3069.2,310000,,,25.749813079833984,73.26573944091797,74.10997009277344,520.8335571289062,0.4018750000000001,7.187489583333333e-05
,,,,,310526,1570.0,3578,,,,,,
,,,,,310904,330.0,1538,,,,,,
,,,,,311000,,,8.762595176696777,73.34193420410156,73.45484161376953,366.45703125,0.3998125,7.177072916666667e-05
,,,,,311334,310.0,1746,,,,,,
,,,,,311957,520.0,2522,,,,,,
,,,,,312000,,,7.837462425231934,75.693359375,74.81747436523438,396.0205993652344,0.39775000000000005,7.16665625e-05
,,,,,312482,290.0,2122,,,,,,
,,,,,313000,,,3.8645782470703125,77.76013946533203,77.13835144042969,284.7276306152344,0.39568749999999997,7.156239583333333e-05
,,,,,313100,1040.0,2498,,,,,,
,,,,,313592,370.0,1994,,,,,,
,,,,,314000,,,5.776273727416992,75.49112701416016,76.37754821777344,388.7400817871094,0.393625,7.145822916666667e-05
,,,,,314596,880.0,4034,,,,,,
,,,,,315000,,,20.645183563232422,70.74299621582031,69.90276336669922,505.3971862792969,0.3915624999999999,7.13540625e-05
,,,,,315052,320.0,1850,,,,,,
,,,,,316000,,,15.992949485778809,81.27056884765625,81.17010498046875,406.4620666503906,0.38949999999999996,7.124989583333333e-05
,,,,,316091,800.0,4178,,,,,,
,,,,,316726,670.0,2546,,,,,,
,,,,,317000,,,7.846440315246582,77.02545928955078,76.18299865722656,405.22186279296875,0.3874375,7.114572916666666e-05
,,,,,317513,740.0,3146,,,,,,
,,,,,317996,350.0,1938,,,,,,
,,,,,318000,,,17.390073776245117,72.32305145263672,73.15023803710938,414.8612976074219,0.385375,7.10415625e-05
,,,,,318617,630.0,2482,,,,,,
,,,,,319000,,,8.863874435424805,72.67864227294922,71.83991241455078,414.27703857421875,0.38331249999999994,7.093739583333334e-05
,,,,,319045,400.0,1714,,,,,,
,,,,,319582,460.0,2170,,,,,,
802.0,182.90982,980.0,490.0,3200.4,320000,,,15.480567932128906,75.9707260131836,76.30844116210938,373.77825927734375,0.38125,7.083322916666667e-05
,,,,,320025,340.0,1794,,,,,,
,,,,,320576,400.0,2210,,,,,,
,,,,,321000,,,6.098718643188477,72.09872436523438,72.83868408203125,332.2664794921875,0.3791875,7.07290625e-05
,,,,,321018,340.0,1778,,,,,,
,,,,,321607,410.0,2378,,,,,,
,,,,,322000,,,49.79525375366211,76.7832260131836,77.8719482421875,681.4629516601562,0.37712500000000004,7.062489583333334e-05
,,,,,322145,490.0,2170,,,,,,
,,,,,322633,420.0,1970,,,,,,
,,,,,323000,,,9.778535842895508,65.75714111328125,64.90592956542969,417.2053527832031,0.3750625000000001,7.052072916666667e-05
,,,,,323112,380.0,1938,,,,,,
,,,,,323520,270.0,1642,,,,,,
,,,,,324000,,,8.319396018981934,79.14524841308594,78.75189208984375,362.3812561035156,0.373,7.04165625e-05
,,,,,324221,570.0,2802,,,,,,
,,,,,324755,370.0,2162,,,,,,
,,,,,325000,,,11.09129524230957,77.94630432128906,78.47248840332031,289.47967529296875,0.37093750000000003,7.031239583333333e-05
,,,,,325379,890.0,2506,,,,,,
,,,,,325940,700.0,2266,,,,,,
,,,,,326000,,,25.04311180114746,69.84375762939453,70.30068969726562,387.6874084472656,0.36887500000000006,7.020822916666667e-05
,,,,,326406,400.0,1890,,,,,,
,,,,,327000,,,12.098021507263184,81.88224792480469,82.25314331054688,425.14202880859375,0.3668125000000001,7.01040625e-05
,,,,,327433,2210.0,4114,,,,,,
,,,,,328000,,,2.691714286804199,74.70793151855469,74.73281860351562,169.41758728027344,0.3647499999999999,6.999989583333333e-05
,,,,,328007,690.0,2322,,,,,,
,,,,,328534,390.0,2122,,,,,,
,,,,,329000,,,10.128695487976074,72.50707244873047,72.89849090576172,357.35357666015625,0.36268749999999994,6.989572916666667e-05
,,,,,329552,1300.0,4090,,,,,,
934.0,143.05244,1080.0,750.0,3544.4,330000,,,9.055380821228027,69.88105773925781,70.33265686035156,333.2617492675781,0.360625,6.979156250000001e-05
,,,,,330179,540.0,2530,,,,,,
,,,,,331000,,,283.6952819824219,75.60018920898438,78.08211517333984,1153.0135498046875,0.3585625,6.968739583333334e-05
,,,,,331005,900.0,3322,,,,,,
,,,,,331861,1270.0,3450,,,,,,
,,,,,332000,,,13.769550323486328,69.29652404785156,68.95195007324219,409.20904541015625,0.35650000000000004,6.958322916666667e-05
,,,,,332665,1300.0,3234,,,,,,
,,,,,333000,,,11.313417434692383,88.01737976074219,86.97467041015625,494.8294372558594,0.35443749999999996,6.94790625e-05
,,,,,333127,360.0,1858,,,,,,
,,,,,333591,370.0,1882,,,,,,
,,,,,334000,,,33.635353088378906,81.83671569824219,80.68344116210938,846.651123046875,0.352375,6.937489583333334e-05
,,,,,334255,1320.0,2658,,,,,,
,,,,,334779,410.0,2106,,,,,,
,,,,,335000,,,8.12423324584961,73.7276840209961,73.5311279296875,299.6375427246094,0.3503125,6.927072916666667e-05
,,,,,335408,510.0,2530,,,,,,
,,,,,336000,,,5.05805778503418,79.5132827758789,79.25958251953125,245.0232391357422,0.34825000000000006,6.91665625e-05
,,,,,336230,1190.0,3306,,,,,,
,,,,,336922,610.0,2786,,,,,,
,,,,,337000,,,70.09588623046875,77.453125,75.26448059082031,1377.8253173828125,0.3461875,6.906239583333334e-05
,,,,,337467,480.0,2186,,,,,,
,,,,,338000,,,8.8238525390625,84.19046020507812,84.28985595703125,331.5491027832031,0.344125,6.895822916666668e-05
,,,,,338172,1120.0,2834,,,,,,
,,,,,338891,600.0,2906,,,,,,
,,,,,339000,,,13.242766380310059,75.82894134521484,74.84770965576172,522.2655639648438,0.34206250000000005,6.885406250000001e-05
,,,,,339767,1190.0,3522,,,,,,
852.0,164.0,1040.0,640.0,3081.2,340000,,,6.07340145111084,77.336181640625,77.07185363769531,254.3934326171875,0.3400000000000001,6.874989583333334e-05
,,,,,340479,840.0,2850,,,,,,
,,,,,341000,,,9.075322151184082,75.22824096679688,75.24514770507812,357.0233459472656,0.3379375,6.864572916666667e-05
,,,,,341137,630.0,2634,,,,,,
,,,,,341531,350.0,1602,,,,,,
,,,,,342000,,,47.610572814941406,72.48002624511719,73.17219543457031,682.3822631835938,0.33587500000000003,6.85415625e-05
,,,,,342276,590.0,3010,,,,,,
,,,,,342868,550.0,2378,,,,,,
,,,,,343000,,,15.654036521911621,75.36026763916016,74.74896240234375,700.9278564453125,0.33381249999999996,6.843739583333332e-05
,,,,,343527,670.0,2642,,,,,,
,,,,,344000,,,14.797711372375488,75.19524383544922,75.76387786865234,664.9757690429688,0.33175,6.833322916666667e-05
,,,,,344116,870.0,2378,,,,,,
,,,,,344528,360.0,1650,,,,,,
,,,,,345000,,,6.09614896774292,76.71826171875,76.42231750488281,280.6630859375,0.3296875,6.822906250000001e-05
,,,,,345175,570.0,2594,,,,,,
,,,,,346000,,,8.689752578735352,78.43161010742188,76.80091857910156,695.4099731445312,0.32762499999999994,6.812489583333334e-05
,,,,,346071,1470.0,3586,,,,,,
,,,,,346586,490.0,2066,,,,,,
,,,,,347000,,,10.179539680480957,82.82182312011719,82.97677612304688,542.5625,0.3255625,6.802072916666666e-05
,,,,,347345,1020.0,3050,,,,,,
,,,,,347696,230.0,1402,,,,,,
,,,,,348000,,,14.21303939819336,74.86241912841797,73.33694458007812,725.1357421875,0.3235,6.791656250000001e-05
,,,,,348104,310.0,1650,,,,,,
,,,,,348576,410.0,1914,,,,,,
,,,,,349000,,,8.643056869506836,82.05581665039062,82.12669372558594,402.84417724609375,0.32143750000000004,6.781239583333334e-05
,,,,,349366,1690.0,3162,,,,,,
572.0,25.21904,620.0,550.0,2990.0,350000,,,11.736553192138672,78.05146789550781,75.7723388671875,917.0506591796875,0.31937499999999996,6.770822916666666e-05
,,,,,350067,900.0,2810,,,,,,
,,,,,350448,430.0,1530,,,,,,
,,,,,350998,580.0,2210,,,,,,
,,,,,351000,,,1303.8795166015625,79.19400787353516,86.24964141845703,3820.008056640625,0.3173125,6.760406249999999e-05
,,,,,351544,360.0,2210,,,,,,
,,,,,352000,,,21.43314552307129,67.90235900878906,66.73843383789062,724.0504760742188,0.31525000000000003,6.749989583333333e-05
,,,,,352198,850.0,2626,,,,,,
,,,,,352835,650.0,2562,,,,,,
,,,,,353000,,,16.159576416015625,79.52661895751953,80.08360290527344,464.4432678222656,0.31318750000000006,6.739572916666668e-05
,,,,,353729,1450.0,3578,,,,,,
,,,,,354000,,,11.834026336669922,82.45578002929688,83.65869140625,650.8541870117188,0.311125,6.72915625e-05
,,,,,354142,400.0,1674,,,,,,
,,,,,354743,530.0,2410,,,,,,
,,,,,355000,,,5.745896816253662,86.63491821289062,87.00157928466797,318.6368713378906,0.3090625,6.718739583333333e-05
,,,,,355506,1300.0,3050,,,,,,
,,,,,356000,,,6.2305145263671875,81.73216247558594,81.51753997802734,288.3876037597656,0.30700000000000005,6.708322916666668e-05
,,,,,356198,1320.0,2778,,,,,,
,,,,,357000,,,8.07570743560791,78.80816650390625,79.2637939453125,321.44635009765625,0.3049375000000001,6.69790625e-05
,,,,,357087,720.0,3586,,,,,,
,,,,,357560,750.0,1906,,,,,,
,,,,,358000,,,12.39464282989502,85.99606323242188,84.64350128173828,581.6966552734375,0.302875,6.687489583333333e-05
,,,,,358427,930.0,3474,,,,,,
,,,,,359000,,,297.23388671875,84.806396484375,88.30083465576172,1669.7880859375,0.3008124999999999,6.677072916666666e-05
,,,,,359248,1090.0,3290,,,,,,
732.0,133.40164,870.0,490.0,2801.2,360000,,,6.980022430419922,73.8581314086914,74.41117858886719,424.6373596191406,0.29874999999999996,6.66665625e-05
,,,,,360037,2140.0,3170,,,,,,
,,,,,360713,690.0,2714,,,,,,
,,,,,361000,,,13.618081092834473,84.93500518798828,83.34861755371094,791.9530639648438,0.2966875,6.656239583333333e-05
,,,,,361084,390.0,1490,,,,,,
,,,,,361929,820.0,3402,,,,,,
,,,,,362000,,,13.063016891479492,87.75262451171875,88.26761627197266,343.3763427734375,0.294625,6.645822916666666e-05
,,,,,362441,460.0,2066,,,,,,
,,,,,363000,,,273.5627746582031,85.49888610839844,87.65359497070312,1213.5555419921875,0.29256249999999995,6.63540625e-05
,,,,,363266,1050.0,3314,,,,,,
,,,,,363695,440.0,1730,,,,,,
,,,,,364000,,,34.35479736328125,79.4964828491211,80.61485290527344,499.284912109375,0.2905,6.624989583333335e-05
,,,,,364345,610.0,2610,,,,,,
,,,,,365000,,,3.7450356483459473,86.10247802734375,85.39138793945312,386.4129638671875,0.2884375,6.614572916666667e-05
,,,,,365353,900.0,4050,,,,,,
,,,,,366000,,,8.698989868164062,77.22933959960938,77.13321685791016,291.9403381347656,0.28637500000000005,6.60415625e-05
,,,,,366124,1280.0,3106,,,,,,
,,,,,366895,1040.0,3106,,,,,,
,,,,,367000,,,15.009121894836426,80.241943359375,78.95813751220703,687.1432495117188,0.28431249999999997,6.593739583333333e-05
,,,,,367923,1020.0,4130,,,,,,
,,,,,368000,,,6.8581109046936035,84.31395721435547,85.23648071289062,468.1271057128906,0.28225,6.583322916666667e-05
,,,,,368580,780.0,2650,,,,,,
,,,,,368978,400.0,1610,,,,,,
,,,,,369000,,,9.467116355895996,82.59761047363281,81.95587158203125,413.058837890625,0.28018750000000003,6.57290625e-05
,,,,,369803,1170.0,3314,,,,,,
980.0,398.49716,1550.0,630.0,3035.6,370000,,,14.635860443115234,75.03359985351562,74.10972595214844,903.7072143554688,0.27812500000000007,6.562489583333333e-05
,,,,,370720,1730.0,3682,,,,,,
,,,,,371000,,,6.788796901702881,78.51966857910156,79.0909423828125,334.5460510253906,0.2760625000000001,6.552072916666667e-05
,,,,,371474,1390.0,3034,,,,,,
,,,,,372000,,,7.890765190124512,87.72100830078125,88.46128845214844,400.5037536621094,0.274,6.54165625e-05
,,,,,372100,1960.0,2522,,,,,,
,,,,,372739,530.0,2578,,,,,,
,,,,,373000,,,25.71831512451172,84.96884155273438,84.12971496582031,1095.7254638671875,0.27193749999999994,6.531239583333333e-05
,,,,,373234,490.0,2002,,,,,,
,,,,,373918,970.0,2746,,,,,,
,,,,,374000,,,16.65888023376465,82.83042907714844,82.7335205078125,375.6239929199219,0.269875,6.520822916666667e-05
,,,,,374855,1310.0,3770,,,,,,
,,,,,375000,,,10.111091613769531,82.78205871582031,84.01105499267578,529.9196166992188,0.2678125,6.510406250000001e-05
,,,,,375548,1090.0,2778,,,,,,
,,,,,376000,,,12.108144760131836,95.92601013183594,94.26873779296875,773.028564453125,0.26574999999999993,6.499989583333334e-05
,,,,,376025,420.0,1914,,,,,,
,,,,,376441,350.0,1690,,,,,,
,,,,,376996,480.0,2226,,,,,,
,,,,,377000,,,3.5986886024475098,83.66970825195312,83.45661926269531,210.35401916503906,0.26368749999999996,6.489572916666666e-05
,,,,,377478,600.0,1946,,,,,,
,,,,,378000,,,14.952199935913086,86.74778747558594,87.00100708007812,539.5125122070312,0.261625,6.47915625e-05
,,,,,378170,480.0,2786,,,,,,
,,,,,379000,,,7.731367588043213,81.72789764404297,82.32453155517578,395.38531494140625,0.25956250000000003,6.468739583333334e-05
,,,,,379053,1320.0,3546,,,,,,
,,,,,379789,1460.0,2946,,,,,,
1208.0,211.93394,1360.0,840.0,3062.8,380000,,,340.2857360839844,82.8247299194336,86.65194702148438,1960.992919921875,0.25750000000000006,6.458322916666667e-05
,,,,,380482,960.0,2794,,,,,,
,,,,,381000,,,316.980224609375,81.19378662109375,83.74847412109375,1761.034912109375,0.2554375,6.44790625e-05
,,,,,381179,520.0,2810,,,,,,
,,,,,381697,430.0,2098,,,,,,
,,,,,382000,,,3.695706844329834,73.68228149414062,74.10055541992188,230.31231689453125,0.253375,6.437489583333334e-05
,,,,,382523,1380.0,3306,,,,,,
,,,,,383000,,,38.58481979370117,87.42908477783203,87.87748718261719,653.236083984375,0.25131250000000005,6.427072916666668e-05
,,,,,383264,1300.0,2986,,,,,,
,,,,,383662,400.0,1618,,,,,,
,,,,,384000,,,14.196910858154297,82.65513610839844,84.2840576171875,716.2155151367188,0.24925000000000008,6.416656250000001e-05
,,,,,384490,1350.0,3322,,,,,,
,,,,,385000,,,49.73769760131836,78.3504867553711,78.35591125488281,894.9002075195312,0.2471875,6.406239583333334e-05
,,,,,385432,850.0,3794,,,,,,
,,,,,386000,,,84.0748291015625,91.67518615722656,93.22102355957031,1012.2037353515625,0.24512500000000004,6.395822916666667e-05
,,,,,386165,1850.0,2946,,,,,,
,,,,,386937,800.0,3106,,,,,,
,,,,,387000,,,9.481738090515137,88.64265441894531,89.38736724853516,499.49700927734375,0.24306250000000007,6.38540625e-05
,,,,,387646,790.0,2850,,,,,,
,,,,,388000,,,51.39966583251953,83.78044128417969,85.01882934570312,1013.1738891601562,0.241,6.374989583333332e-05
,,,,,388063,390.0,1698,,,,,,
,,,,,388798,770.0,2946,,,,,,
,,,,,389000,,,15.545234680175781,88.27532196044922,87.63529205322266,747.3151245117188,0.2389374999999999,6.364572916666667e-05
,,,,,389592,1810.0,3202,,,,,,
,,,,,389967,270.0,1514,,,,,,
775.0,95.62949,920.0,630.0,2836.4,390000,,,22.69402503967285,89.53834533691406,88.28594970703125,660.1197509765625,0.23687499999999995,6.354156250000001e-05
,,,,,390499,530.0,2154,,,,,,
,,,,,391000,,,11.225727081298828,86.42231750488281,86.70504760742188,492.3597717285156,0.23481249999999998,6.343739583333334e-05
,,,,,391302,2430.0,3210,,,,,,
,,,,,391902,770.0,2410,,,,,,
,,,,,392000,,,9.370658874511719,84.25843048095703,83.84988403320312,515.8378295898438,0.23275,6.333322916666667e-05
,,,,,392664,930.0,3058,,,,,,
,,,,,393000,,,12.598302841186523,82.89437866210938,81.90071105957031,550.67626953125,0.23068750000000005,6.322906250000001e-05
,,,,,393222,570.0,2250,,,,,,
,,,,,393833,600.0,2450,,,,,,
,,,,,394000,,,6.199538707733154,83.05203247070312,82.46730041503906,347.6956787109375,0.22862499999999997,6.312489583333334e-05
,,,,,394312,380.0,1922,,,,,,
,,,,,395000,,,23.37261199951172,97.54322052001953,95.46766662597656,1231.5782470703125,0.2265625,6.302072916666667e-05
,,,,,395227,1250.0,3666,,,,,,
,,,,,395896,680.0,2682,,,,,,
,,,,,396000,,,11.28951644897461,86.21492004394531,86.11016845703125,346.8855895996094,0.22450000000000003,6.29165625e-05
,,,,,396582,860.0,2746,,,,,,
,,,,,397000,,,9.133623123168945,84.21688842773438,82.85096740722656,563.208984375,0.22243750000000007,6.281239583333334e-05
,,,,,397300,1560.0,2882,,,,,,
,,,,,398000,,,7.497762680053711,95.27799987792969,95.65914154052734,306.6990966796875,0.220375,6.270822916666668e-05
,,,,,398139,880.0,3378,,,,,,
,,,,,398740,820.0,2402,,,,,,
,,,,,399000,,,391.5976867675781,88.61814880371094,93.427734375,2222.937744140625,0.21831250000000002,6.26040625e-05
,,,,,399415,680.0,2706,,,,,,
1254.0,340.4174,1740.0,790.0,3438.8,400000,,,379.45172119140625,86.37201690673828,88.59629821777344,1889.5975341796875,0.21625000000000005,6.249989583333334e-05
,,,,,400247,1270.0,3346,,,,,,
,,,,,400782,460.0,2146,,,,,,
,,,,,401000,,,147.4569549560547,86.94499206542969,89.3062744140625,1547.2650146484375,0.2141875000000001,6.239572916666668e-05
,,,,,401496,1040.0,2874,,,,,,
,,,,,402000,,,12.9517822265625,83.03382110595703,83.57402801513672,455.28729248046875,0.212125,6.22915625e-05
,,,,,402248,2390.0,3010,,,,,,
,,,,,403000,,,16.0773983001709,89.88430786132812,90.88041687011719,767.9661254882812,0.21006249999999993,6.218739583333333e-05
,,,,,403132,870.0,3562,,,,,,
,,,,,403712,660.0,2330,,,,,,
,,,,,404000,,,14.83329963684082,88.81663513183594,89.31764221191406,529.4493408203125,0.20799999999999996,6.208322916666666e-05
,,,,,404461,560.0,3010,,,,,,
,,,,,405000,,,15.42038345336914,91.22212219238281,89.7283935546875,672.7192993164062,0.2059375,6.19790625e-05
,,,,,405299,2050.0,3354,,,,,,
,,,,,406000,,,142.11318969726562,81.98435974121094,84.90702056884766,1336.1419677734375,0.20387500000000003,6.187489583333333e-05
,,,,,406101,1430.0,3234,,,,,,
,,,,,406746,960.0,2594,,,,,,
,,,,,407000,,,69.70899200439453,79.64158630371094,80.05030059814453,989.121826171875,0.20181249999999995,6.177072916666666e-05
,,,,,407470,1140.0,2906,,,,,,
,,,,,408000,,,8.57130241394043,81.89607238769531,81.44483947753906,367.6363830566406,0.19974999999999998,6.16665625e-05
,,,,,408105,810.0,2546,,,,,,
,,,,,408569,430.0,1874,,,,,,
,,,,,409000,,,15.334789276123047,92.26190948486328,92.5239486694336,518.852783203125,0.19768750000000002,6.156239583333335e-05
,,,,,409287,730.0,2874,,,,,,
,,,,,409847,750.0,2266,,,,,,
713.0,456.6191,1410.0,400.0,2168.4,410000,,,6.3205389976501465,90.36143493652344,90.06346130371094,316.6546630859375,0.19562500000000005,6.145822916666667e-05
,,,,,410373,500.0,2130,,,,,,
,,,,,411000,,,16.056201934814453,86.49205780029297,86.11103820800781,581.8180541992188,0.19356249999999997,6.13540625e-05
,,,,,411039,660.0,2682,,,,,,
,,,,,411749,1040.0,2842,,,,,,
,,,,,412000,,,12.350866317749023,88.32878112792969,89.48798370361328,657.3709716796875,0.1915,6.124989583333333e-05
,,,,,412282,470.0,2154,,,,,,
,,,,,412937,700.0,2626,,,,,,
,,,,,413000,,,17.23355484008789,88.2012710571289,88.9448471069336,672.2658081054688,0.18943750000000004,6.114572916666667e-05
,,,,,413496,840.0,2266,,,,,,
,,,,,414000,,,9.604403495788574,95.87184143066406,93.42131042480469,1155.1834716796875,0.18737500000000007,6.10415625e-05
,,,,,414404,1120.0,3642,,,,,,
,,,,,415000,,,368.7523193359375,84.91793060302734,87.66188049316406,1807.1673583984375,0.1853125,6.093739583333333e-05
,,,,,415334,1640.0,3738,,,,,,
,,,,,415794,440.0,1858,,,,,,
,,,,,416000,,,13.272819519042969,99.6106948852539,99.79314422607422,430.072021484375,0.18325000000000002,6.083322916666667e-05
,,,,,416643,1070.0,3426,,,,,,
,,,,,417000,,,16.147825241088867,80.41860961914062,79.30864715576172,601.25,0.18118750000000006,6.07290625e-05
,,,,,417234,1090.0,2386,,,,,,
,,,,,417703,450.0,1874,,,,,,
,,,,,418000,,,438.21209716796875,93.79092407226562,97.62183380126953,2864.896484375,0.17912499999999998,6.062489583333333e-05
,,,,,418577,1200.0,3522,,,,,,
,,,,,419000,,,21.957246780395508,91.44845581054688,92.9645004272461,933.4937744140625,0.1770625,6.0520729166666666e-05
,,,,,419340,1400.0,3066,,,,,,
,,,,,419806,460.0,1882,,,,,,
841.0,130.34186,1000.0,720.0,3189.2,420000,,,11.9246826171875,87.42681884765625,85.98907470703125,633.6968383789062,0.17499999999999993,6.041656250000001e-05
,,,,,420522,1420.0,2882,,,,,,
,,,,,421000,,,14.571056365966797,89.46855163574219,90.9803466796875,821.7884521484375,0.17293749999999997,6.0312395833333336e-05
,,,,,421029,720.0,2058,,,,,,
,,,,,421471,470.0,1794,,,,,,
,,,,,422000,,,8.732087135314941,95.64108276367188,96.21537780761719,475.6402282714844,0.170875,6.0208229166666665e-05
,,,,,422014,480.0,2194,,,,,,
,,,,,422443,370.0,1722,,,,,,
,,,,,423000,,,473.6520690917969,87.15611267089844,91.67231750488281,2299.347412109375,0.16881250000000003,6.01040625e-05
,,,,,423220,940.0,3130,,,,,,
,,,,,424000,,,25.123262405395508,79.49089050292969,79.89974975585938,706.3363037109375,0.16674999999999995,5.999989583333334e-05
,,,,,424137,1470.0,3674,,,,,,
,,,,,424759,660.0,2514,,,,,,
,,,,,425000,,,16.76579475402832,87.47846984863281,87.07283782958984,663.0167236328125,0.1646875,5.989572916666667e-05
,,,,,425328,670.0,2298,,,,,,
,,,,,425963,770.0,2562,,,,,,
,,,,,426000,,,28.2189884185791,86.31358337402344,86.72836303710938,644.423583984375,0.16262500000000002,5.97915625e-05
,,,,,426497,1140.0,2138,,,,,,
,,,,,427000,,,4912.962890625,97.50321960449219,108.66323852539062,14522.7099609375,0.16056250000000005,5.9687395833333335e-05
,,,,,427316,930.0,3290,,,,,,
,,,,,427831,570.0,2082,,,,,,
,,,,,428000,,,23.566225051879883,78.64141082763672,79.40708923339844,693.7114868164062,0.15849999999999997,5.958322916666668e-05
,,,,,428451,460.0,2482,,,,,,
,,,,,429000,,,16.747488021850586,90.85240173339844,88.53677368164062,955.4086303710938,0.1564375,5.9479062500000005e-05
,,,,,429326,850.0,3514,,,,,,
,,,,,429778,450.0,1826,,,,,,
901.0,103.58089,1070.0,660.0,3384.4,430000,,,475.353515625,81.56846618652344,84.89981079101562,1748.9835205078125,0.15437500000000004,5.9374895833333334e-05
,,,,,430214,470.0,1746,,,,,,
,,,,,431000,,,5.893280982971191,82.80831909179688,83.05846405029297,397.8929443359375,0.15231250000000007,5.927072916666667e-05
,,,,,431168,950.0,3826,,,,,,
,,,,,431992,1430.0,3314,,,,,,
,,,,,432000,,,32.46417999267578,103.08770751953125,101.04396057128906,1809.801513671875,0.1502500000000001,5.91665625e-05
,,,,,432464,470.0,1914,,,,,,
,,,,,433000,,,20.657222747802734,92.47132873535156,94.6114730834961,1299.0799560546875,0.14818749999999992,5.9062395833333326e-05
,,,,,433237,1500.0,3098,,,,,,
,,,,,433751,450.0,2074,,,,,,
,,,,,434000,,,12.65679931640625,100.20674133300781,98.86172485351562,594.7896118164062,0.14612499999999995,5.895822916666667e-05
,,,,,434155,330.0,1642,,,,,,
,,,,,435000,,,30.023082733154297,96.93032836914062,98.3148422241211,813.975341796875,0.14406249999999998,5.8854062500000004e-05
,,,,,435002,1260.0,3394,,,,,,
,,,,,435800,1310.0,3202,,,,,,
,,,,,436000,,,14.280939102172852,103.07246398925781,102.26226806640625,562.8726806640625,0.14200000000000002,5.874989583333333e-05
,,,,,436194,350.0,1586,,,,,,
,,,,,436644,520.0,1810,,,,,,
,,,,,437000,,,15.49500560760498,100.64618682861328,101.49595642089844,882.501708984375,0.13993749999999994,5.864572916666666e-05
,,,,,437280,650.0,2570,,,,,,
,,,,,437957,570.0,2714,,,,,,
,,,,,438000,,,7.562991142272949,102.51179504394531,101.91798400878906,326.11712646484375,0.13787499999999997,5.85415625e-05
,,,,,438643,800.0,2746,,,,,,
,,,,,439000,,,15.221324920654297,79.49407196044922,79.07939147949219,690.9710693359375,0.1358125,5.8437395833333345e-05
,,,,,439607,1660.0,3874,,,,,,
485.0,297.901,1330.0,290.0,2320.4,440000,,,33.90385437011719,77.94851684570312,75.23979187011719,1395.555908203125,0.13375000000000004,5.833322916666667e-05
,,,,,440177,580.0,2306,,,,,,
,,,,,440676,570.0,2018,,,,,,
,,,,,441000,,,19.882583618164062,100.50816345214844,97.53012084960938,1545.7730712890625,0.13168750000000007,5.8229062499999995e-05
,,,,,441098,420.0,1698,,,,,,
,,,,,441543,480.0,1794,,,,,,
,,,,,442000,,,17.71341323852539,89.57270812988281,89.67707061767578,611.0676879882812,0.129625,5.812489583333334e-05
,,,,,442110,810.0,2298,,,,,,
,,,,,442848,1200.0,2954,,,,,,
,,,,,443000,,,16.973289489746094,94.99095153808594,93.65865325927734,1063.0927734375,0.12756250000000002,5.802072916666668e-05
,,,,,443699,840.0,3410,,,,,,
,,,,,444000,,,21.40715789794922,86.63626098632812,87.48126220703125,846.242919921875,0.12550000000000006,5.79165625e-05
,,,,,444184,430.0,1962,,,,,,
,,,,,444804,450.0,2498,,,,,,
,,,,,445000,,,12.846176147460938,96.13360595703125,97.40486907958984,639.8131713867188,0.12343750000000009,5.781239583333333e-05
,,,,,445562,940.0,3034,,,,,,
,,,,,446000,,,5.2920918464660645,105.46244812011719,104.65904235839844,395.9358215332031,0.12137500000000001,5.770822916666667e-05
,,,,,446707,1490.0,4602,,,,,,
,,,,,447000,,,9.97906494140625,82.10089111328125,81.90031433105469,407.0063781738281,0.11931250000000004,5.76040625e-05
,,,,,447417,840.0,2866,,,,,,
,,,,,448000,,,19.774394989013672,101.14588928222656,99.00325012207031,1107.7813720703125,0.11724999999999997,5.749989583333333e-05
,,,,,448007,460.0,2378,,,,,,
,,,,,448644,750.0,2554,,,,,,
,,,,,449000,,,569.5260009765625,89.38507080078125,91.25157165527344,2418.77197265625,0.1151875,5.7395729166666664e-05
,,,,,449463,880.0,3298,,,,,,
,,,,,449948,510.0,1946,,,,,,
907.0,613.51526,1590.0,270.0,2319.6,450000,,,10.018397331237793,101.83592224121094,103.56586456298828,821.974609375,0.11312499999999992,5.7291562500000006e-05
,,,,,450812,830.0,3474,,,,,,
,,,,,451000,,,12.20276165008545,102.27970886230469,101.1259765625,841.1690063476562,0.11106249999999995,5.7187395833333335e-05
,,,,,451288,580.0,1922,,,,,,
,,,,,452000,,,15.880069732666016,99.80146789550781,98.9203109741211,618.0880737304688,0.10899999999999999,5.7083229166666663e-05
,,,,,452089,1480.0,3234,,,,,,
,,,,,452728,600.0,2570,,,,,,
,,,,,453000,,,9.90820026397705,88.9493408203125,88.21199035644531,592.2560424804688,0.10693750000000002,5.6979062500000006e-05
,,,,,453508,840.0,3146,,,,,,
,,,,,454000,,,13.630824089050293,102.7103271484375,103.94892120361328,727.22021484375,0.10487500000000005,5.687489583333334e-05
,,,,,454412,1400.0,3618,,,,,,
,,,,,455000,,,17.651046752929688,92.74040222167969,91.44535064697266,1197.1087646484375,0.10281249999999997,5.677072916666667e-05
,,,,,455290,1320.0,3538,,,,,,
,,,,,455683,390.0,1586,,,,,,
,,,,,456000,,,570.7084350585938,100.3927001953125,104.08663940429688,2783.937744140625,0.10075,5.66665625e-05
,,,,,456581,870.0,3594,,,,,,
,,,,,457000,,,9.83685302734375,106.24407958984375,105.68362426757812,575.4200439453125,0.09868750000000004,5.656239583333334e-05
,,,,,457317,1050.0,2954,,,,,,
,,,,,457943,590.0,2506,,,,,,
,,,,,458000,,,610.5582275390625,102.15191650390625,104.71143341064453,2264.65478515625,0.09662500000000007,5.6458229166666675e-05
,,,,,458647,800.0,2826,,,,,,
,,,,,459000,,,14.442493438720703,95.46908569335938,94.97114562988281,658.9022827148438,0.0945625,5.6354062500000004e-05
,,,,,459408,850.0,3058,,,,,,
,,,,,459835,410.0,1730,,,,,,
586.0,41.761227,620.0,510.0,2315.6,460000,,,14.920917510986328,87.75444030761719,88.5808334350586,710.633544921875,0.09250000000000003,5.624989583333333e-05
,,,,,460797,1220.0,3858,,,,,,
,,,,,461000,,,13.2669677734375,96.23121643066406,94.33370208740234,797.1294555664062,0.09043750000000006,5.6145729166666675e-05
,,,,,461551,1080.0,3034,,,,,,
,,,,,462000,,,54.68888854980469,95.41807556152344,96.36935424804688,967.3671264648438,0.08837500000000009,5.60415625e-05
,,,,,462044,500.0,1986,,,,,,
,,,,,462700,810.0,2634,,,,,,
,,,,,463000,,,33.87141799926758,102.32614135742188,101.73960876464844,1343.727294921875,0.0863124999999999,5.5937395833333325e-05
,,,,,463504,860.0,3226,,,,,,
,,,,,464000,,,16.419649124145508,98.60734558105469,98.67681121826172,504.9103698730469,0.08424999999999994,5.583322916666667e-05
,,,,,464360,1030.0,3434,,,,,,
,,,,,464932,530.0,2290,,,,,,
,,,,,465000,,,69.51930236816406,91.45719909667969,92.29283142089844,1018.3438720703125,0.08218749999999997,5.572906250000001e-05
,,,,,465618,900.0,2746,,,,,,
,,,,,466000,,,8.34199047088623,107.79763793945312,106.94180297851562,637.9976806640625,0.080125,5.562489583333334e-05
,,,,,466394,590.0,3114,,,,,,
,,,,,466887,490.0,2002,,,,,,
,,,,,467000,,,13.602060317993164,91.65940856933594,90.14340209960938,696.671630859375,0.07806250000000003,5.5520729166666666e-05
,,,,,467647,900.0,3058,,,,,,
,,,,,468000,,,9.114431381225586,93.53988647460938,92.06491088867188,726.0667724609375,0.07599999999999996,5.54165625e-05
,,,,,468069,370.0,1698,,,,,,
,,,,,468577,1050.0,2050,,,,,,
,,,,,469000,,,17.1068058013916,94.39970397949219,93.53021240234375,1385.0880126953125,0.07393749999999999,5.5312395833333344e-05
,,,,,469034,420.0,1850,,,,,,
,,,,,469665,670.0,2538,,,,,,
560.0,163.76813,810.0,410.0,1858.0,470000,,,13.872928619384766,99.99443054199219,99.23384094238281,584.6390991210938,0.07187500000000002,5.520822916666667e-05
,,,,,470238,1080.0,2322,,,,,,
,,,,,470697,430.0,1842,,,,,,
,,,,,471000,,,84.05802917480469,95.46391296386719,92.31250762939453,2960.761962890625,0.06981250000000006,5.51040625e-05
,,,,,471224,370.0,2130,,,,,,
,,,,,472000,,,6.407774925231934,99.32511901855469,98.50102996826172,550.220703125,0.06774999999999998,5.4999895833333336e-05
,,,,,472010,1010.0,3170,,,,,,
,,,,,472453,440.0,1794,,,,,,
,,,,,472941,480.0,1954,,,,,,
,,,,,473000,,,11.25512981414795,119.46500396728516,119.69721984863281,477.7427673339844,0.06568750000000001,5.489572916666668e-05
,,,,,473500,1190.0,2258,,,,,,
,,,,,474000,,,13.773425102233887,96.55635070800781,97.46844482421875,539.9423217773438,0.06362500000000004,5.4791562500000007e-05
,,,,,474322,1010.0,3290,,,,,,
,,,,,475000,,,30.19873809814453,103.20252990722656,100.62710571289062,1702.81982421875,0.061562500000000075,5.4687395833333335e-05
,,,,,475269,1210.0,3794,,,,,,
,,,,,476000,,,7.987384796142578,98.81636047363281,98.52465057373047,380.1794738769531,0.0595,5.458322916666667e-05
,,,,,476001,1140.0,2930,,,,,,
,,,,,476659,670.0,2650,,,,,,
,,,,,477000,,,40.36996078491211,100.08939361572266,102.10572052001953,961.0308227539062,0.05743750000000003,5.44790625e-05
,,,,,477530,1600.0,3506,,,,,,
,,,,,478000,,,19.467205047607422,93.75654602050781,92.63343811035156,672.3613891601562,0.05537499999999995,5.437489583333333e-05
,,,,,478360,1560.0,3338,,,,,,
,,,,,478945,920.0,2346,,,,,,
,,,,,479000,,,7.7131123542785645,99.97460174560547,99.48088073730469,441.9445495605469,0.053312499999999985,5.427072916666667e-05
,,,,,479850,1600.0,3626,,,,,,
465.0,45.6618,570.0,410.0,2044.4,480000,,,16.033329010009766,103.29596710205078,100.82075500488281,965.3850708007812,0.05125000000000002,5.4166562500000005e-05
,,,,,480485,970.0,2562,,,,,,
,,,,,481000,,,13.689388275146484,107.72848510742188,108.65248107910156,672.8292236328125,0.04918749999999994,5.4062395833333333e-05
,,,,,481025,470.0,2162,,,,,,
,,,,,481816,840.0,3170,,,,,,
,,,,,482000,,,16.347301483154297,106.58683776855469,106.45034790039062,594.9781494140625,0.04712499999999997,5.395822916666666e-05
,,,,,482654,1130.0,3354,,,,,,
,,,,,483000,,,48.86897277832031,109.5154800415039,111.56874084472656,1122.51904296875,0.045062500000000005,5.3854062500000004e-05
,,,,,483071,430.0,1674,,,,,,
,,,,,483488,430.0,1690,,,,,,
,,,,,484000,,,114.79508972167969,96.0494384765625,98.2251205444336,1192.609619140625,0.04300000000000004,5.374989583333334e-05
,,,,,484010,610.0,2114,,,,,,
,,,,,484409,270.0,1602,,,,,,
,,,,,485000,,,15.876849174499512,113.39706420898438,113.75410461425781,579.39990234375,0.04093749999999996,5.364572916666667e-05
,,,,,485311,1570.0,3610,,,,,,
,,,,,485965,590.0,2634,,,,,,
,,,,,486000,,,61.87956619262695,110.59088897705078,112.28604125976562,1019.8851318359375,0.03887499999999999,5.3541562499999996e-05
,,,,,486626,1400.0,2658,,,,,,
,,,,,487000,,,18.663076400756836,102.4158935546875,101.94076538085938,632.473876953125,0.036812500000000026,5.343739583333334e-05
,,,,,487394,790.0,3074,,,,,,
,,,,,487927,520.0,2138,,,,,,
,,,,,488000,,,9.817551612854004,107.62614440917969,108.14832305908203,504.9993896484375,0.03475000000000006,5.3333229166666674e-05
,,,,,488776,1480.0,3418,,,,,,
,,,,,489000,,,30.570423126220703,97.72820281982422,97.06834411621094,1116.6895751953125,0.03268750000000009,5.32290625e-05
,,,,,489388,860.0,2458,,,,,,
,,,,,489896,590.0,2042,,,,,,
625.0,160.01562,940.0,410.0,2510.0,490000,,,13.612356185913086,107.07991027832031,106.44903564453125,837.0010986328125,0.030625000000000013,5.312489583333333e-05
,,,,,490412,750.0,2066,,,,,,
,,,,,491000,,,21.509593963623047,106.58451843261719,108.80232238769531,1386.25390625,0.028562500000000046,5.302072916666667e-05
,,,,,491111,1050.0,2818,,,,,,
,,,,,491671,490.0,2266,,,,,,
,,,,,492000,,,20.260337829589844,105.32417297363281,105.49253845214844,677.5865478515625,0.02650000000000008,5.29165625e-05
,,,,,492362,560.0,2786,,,,,,
,,,,,493000,,,17.278345108032227,108.35707092285156,108.37644958496094,508.6751708984375,0.0244375,5.281239583333333e-05
,,,,,493033,650.0,2714,,,,,,
,,,,,494000,,,15.23131275177002,98.89032745361328,98.73942565917969,567.6981811523438,0.022374999999999923,5.2708229166666665e-05
,,,,,494027,1460.0,4002,,,,,,
,,,,,494660,410.0,2546,,,,,,
,,,,,495000,,,13.261974334716797,99.13529968261719,98.29976654052734,662.6101684570312,0.020312499999999956,5.260406250000001e-05
,,,,,495653,1310.0,3994,,,,,,
,,,,,496000,,,21.07455825805664,85.48703002929688,85.2039794921875,959.2593383789062,0.01824999999999999,5.2499895833333336e-05
,,,,,496496,1590.0,3378,,,,,,
,,,,,497000,,,15.361369132995605,106.41452026367188,105.89312744140625,578.0518188476562,0.01618750000000002,5.2395729166666665e-05
,,,,,497243,1130.0,3002,,,,,,
,,,,,497733,500.0,1962,,,,,,
,,,,,498000,,,9.236934661865234,115.92377471923828,114.71771240234375,611.008544921875,0.014124999999999943,5.22915625e-05
,,,,,498223,470.0,1986,,,,,,
,,,,,498623,420.0,1602,,,,,,
,,,,,499000,,,4.30025053024292,120.0802230834961,120.68963623046875,369.81036376953125,0.012062499999999976,5.218739583333334e-05
,,,,,499075,520.0,1826,,,,,,
,,,,,499728,700.0,2618,,,,,,
918.0,115.30828,1030.0,780.0,2694.0,500000,,,9.460521697998047,104.45513153076172,104.08900451660156,394.5625,0.01,5.208322916666667e-05
,,,,,500344,1350.0,2490,,,,,,
,,,,,501000,,,1273.4952392578125,106.26042175292969,112.13902282714844,4526.62548828125,0.01,5.19790625e-05
,,,,,501051,650.0,2850,,,,,,
,,,,,501809,630.0,3058,,,,,,
,,,,,502000,,,9.85435676574707,107.85404968261719,107.33709716796875,498.89630126953125,0.01,5.1874895833333334e-05
,,,,,502301,610.0,1986,,,,,,
,,,,,502824,1280.0,2114,,,,,,
,,,,,503000,,,14.654193878173828,117.01795196533203,118.10794830322266,707.8818969726562,0.01,5.1770729166666677e-05
,,,,,503589,1460.0,3074,,,,,,
,,,,,504000,,,15.882009506225586,94.45228576660156,92.66943359375,847.022705078125,0.01,5.1666562500000005e-05
,,,,,504472,1260.0,3546,,,,,,
,,,,,505000,,,580.53955078125,94.43394470214844,100.45297241210938,3550.417236328125,0.01,5.1562395833333334e-05
,,,,,505188,810.0,2882,,,,,,
,,,,,506000,,,9.98056411743164,109.20011901855469,109.78884887695312,508.00970458984375,0.01,5.145822916666667e-05
,,,,,506137,1310.0,3802,,,,,,
,,,,,506704,650.0,2274,,,,,,
,,,,,507000,,,15.19602108001709,109.17276763916016,108.07844543457031,630.3458251953125,0.01,5.13540625e-05
,,,,,507218,530.0,2066,,,,,,
,,,,,508000,,,29.185691833496094,94.43167877197266,92.04037475585938,1786.692138671875,0.01,5.1249895833333326e-05
,,,,,508285,1350.0,4274,,,,,,
,,,,,508752,490.0,1882,,,,,,
,,,,,509000,,,108.36910247802734,116.64954376220703,119.308349609375,1419.0745849609375,0.01,5.114572916666667e-05
,,,,,509594,1480.0,3394,,,,,,
684.0,111.82129,820.0,490.0,2457.2,510000,,,22.0595760345459,98.82876586914062,98.32904815673828,659.2681274414062,0.01,5.1041562500000003e-05
,,,,,510064,570.0,1882,,,,,,
,,,,,510660,720.0,2386,,,,,,
,,,,,511000,,,23.971158981323242,111.97213745117188,111.64891052246094,1179.1832275390625,0.01,5.093739583333333e-05
,,,,,511441,1030.0,3146,,,,,,
,,,,,511882,710.0,1794,,,,,,
,,,,,512000,,,16.927215576171875,107.47659301757812,108.94490051269531,763.080078125,0.01,5.083322916666666e-05
,,,,,512679,1180.0,3210,,,,,,
,,,,,513000,,,13.299134254455566,115.12625885009766,113.1734848022461,1017.4959106445312,0.01,5.07290625e-05
,,,,,513602,1200.0,3698,,,,,,
,,,,,514000,,,8.246110916137695,108.79546356201172,107.75432586669922,535.4003295898438,0.01,5.062489583333334e-05
,,,,,514198,660.0,2410,,,,,,
,,,,,514672,680.0,1922,,,,,,
,,,,,515000,,,115.88904571533203,99.99967193603516,102.47491455078125,1668.52001953125,0.01,5.0520729166666667e-05
,,,,,515318,960.0,2594,,,,,,
,,,,,516000,,,13.31674575805664,104.02368927001953,104.20980834960938,651.7461547851562,0.01,5.0416562499999995e-05
,,,,,516052,1000.0,2962,,,,,,
,,,,,516407,360.0,1442,,,,,,
,,,,,516897,490.0,1970,,,,,,
,,,,,517000,,,15.31050968170166,107.9186019897461,107.73866271972656,688.05078125,0.01,5.031239583333334e-05
,,,,,517770,690.0,3522,,,,,,
,,,,,518000,,,9.55622673034668,109.17263793945312,109.03147888183594,448.3198547363281,0.01,5.020822916666668e-05
,,,,,518246,490.0,1914,,,,,,
,,,,,518921,870.0,2706,,,,,,
,,,,,519000,,,9.374534606933594,102.00702667236328,103.16788482666016,590.4817504882812,0.01,5.01040625e-05
,,,,,519517,650.0,2394,,,,,,
,,,,,520000,460.0,1946,,,,,,
1256.0,759.0415,2180.0,500.0,2525.2,520000,,,10.422605514526367,112.15122985839844,111.6183090209961,484.3753662109375,0.01,5e-05
,,,,,520702,820.0,2826,,,,,,
,,,,,521000,,,11.530601501464844,108.30184936523438,106.93193054199219,801.3214721679688,0.01,5e-05
,,,,,521234,830.0,2154,,,,,,
,,,,,521894,920.0,2658,,,,,,
,,,,,522000,,,26.032434463500977,109.61579895019531,111.67735290527344,1364.1285400390625,0.01,5e-05
,,,,,522486,670.0,2370,,,,,,
,,,,,522963,470.0,1938,,,,,,
,,,,,523000,,,21.704343795776367,108.45093536376953,107.27401733398438,918.3876953125,0.01,5e-05
,,,,,523721,1150.0,3034,,,,,,
,,,,,524000,,,94.49336242675781,101.21536254882812,103.43753051757812,1322.05029296875,0.01,5e-05
,,,,,524639,1390.0,3690,,,,,,
,,,,,525000,,,19.61104965209961,101.38352966308594,98.9788818359375,1180.809814453125,0.01,5e-05
,,,,,525678,1270.0,4154,,,,,,
,,,,,526000,,,7.78430700302124,106.17932891845703,106.37678527832031,482.96514892578125,0.01,5e-05
,,,,,526460,1830.0,3146,,,,,,
,,,,,527000,,,21.727352142333984,108.81024169921875,109.87588500976562,767.4841918945312,0.01,5e-05
,,,,,527408,1120.0,3802,,,,,,
,,,,,528000,,,43.95647430419922,94.48070526123047,94.42684173583984,2079.4150390625,0.01,5e-05
,,,,,528317,1570.0,3642,,,,,,
,,,,,528766,570.0,1810,,,,,,
,,,,,529000,,,17.020524978637695,110.16055297851562,109.75027465820312,488.68292236328125,0.01,5e-05
,,,,,529523,840.0,3034,,,,,,
1129.0,535.15326,1940.0,690.0,2982.8,530000,,,29.474544525146484,102.96234130859375,103.34263610839844,792.2474975585938,0.01,5e-05
,,,,,530470,1530.0,3810,,,,,,
,,,,,531000,,,28.03579330444336,105.75738525390625,105.36114501953125,690.2291259765625,0.01,5e-05
,,,,,531225,1130.0,3042,,,,,,
,,,,,532000,,,478.7900390625,104.24978637695312,106.6666259765625,3101.998046875,0.01,5e-05
,,,,,532255,1300.0,4122,,,,,,
,,,,,532716,480.0,1858,,,,,,
,,,,,533000,,,10.31624984741211,111.43809509277344,111.41205596923828,429.86700439453125,0.01,5e-05
,,,,,533645,1060.0,3714,,,,,,
,,,,,534000,,,12.14970874786377,103.6544189453125,102.5789794921875,647.5731201171875,0.01,5e-05
,,,,,534358,1180.0,2866,,,,,,
,,,,,535000,,,19.999109268188477,109.96649932861328,110.64155578613281,647.0186767578125,0.01,5e-05
,,,,,535207,1200.0,3410,,,,,,
,,,,,535852,1420.0,2594,,,,,,
,,,,,536000,,,66.65623474121094,112.11074829101562,109.20411682128906,2369.73046875,0.01,5e-05
,,,,,536321,590.0,1890,,,,,,
,,,,,536782,500.0,1866,,,,,,
,,,,,537000,,,12.57211685180664,107.48746490478516,106.4643783569336,606.0133056640625,0.01,5e-05
,,,,,537679,1240.0,3610,,,,,,
,,,,,538000,,,9.574748039245605,108.29244995117188,107.80864715576172,602.8312377929688,0.01,5e-05
,,,,,538300,830.0,2498,,,,,,
,,,,,539000,,,63.763118743896484,108.51399993896484,105.99872589111328,2199.044921875,0.01,5e-05
,,,,,539121,1010.0,3298,,,,,,
,,,,,539698,730.0,2314,,,,,,
747.0,133.86934,990.0,520.0,2767.6,540000,,,15.208105087280273,114.58221435546875,115.49406433105469,590.360107421875,0.01,5e-05
,,,,,540427,1360.0,2914,,,,,,
,,,,,541000,,,55.409629821777344,99.76361083984375,98.92686462402344,3142.337158203125,0.01,5e-05
,,,,,541016,750.0,2370,,,,,,
,,,,,541769,1180.0,3018,,,,,,
,,,,,542000,,,13.74177360534668,104.06957244873047,103.70288848876953,472.77923583984375,0.01,5e-05
,,,,,542517,1080.0,2994,,,,,,
,,,,,543000,,,16.39698028564453,102.4779052734375,101.30584716796875,887.5410766601562,0.01,5e-05
,,,,,543199,830.0,2754,,,,,,
,,,,,543776,790.0,2314,,,,,,
,,,,,544000,,,15.408388137817383,109.04534912109375,109.0007553100586,1046.896240234375,0.01,5e-05
,,,,,544274,480.0,1994,,,,,,
,,,,,545000,,,25.78986167907715,108.23681640625,109.05317687988281,901.260009765625,0.01,5e-05
,,,,,545162,1190.0,3578,,,,,,
,,,,,545858,850.0,2794,,,,,,
,,,,,546000,,,40.59846878051758,103.2052993774414,101.55476379394531,1356.2540283203125,0.01,5e-05
,,,,,546667,830.0,3250,,,,,,
,,,,,547000,,,32.74613952636719,101.46649932861328,103.07752990722656,802.7303466796875,0.01,5e-05
,,,,,547203,670.0,2162,,,,,,
,,,,,547840,870.0,2554,,,,,,
,,,,,548000,,,30.409934997558594,107.67584991455078,106.98570251464844,1158.59228515625,0.01,5e-05
,,,,,548355,600.0,2082,,,,,,
,,,,,548993,830.0,2578,,,,,,
,,,,,549000,,,13.017597198486328,112.03903198242188,112.83592224121094,568.3399047851562,0.01,5e-05
,,,,,549840,1110.0,3402,,,,,,
1766.0,381.65955,2230.0,1430.0,3675.6,550000,,,26.44497299194336,110.79788208007812,111.84733581542969,826.3527221679688,0.01,5e-05
,,,,,550572,1310.0,2954,,,,,,
,,,,,551000,,,6.119921684265137,114.21426391601562,113.2693862915039,477.83251953125,0.01,5e-05
,,,,,551182,600.0,2466,,,,,,
,,,,,552000,,,15.576498031616211,115.94860076904297,115.38262176513672,658.72412109375,0.01,5e-05
,,,,,552276,1330.0,4378,,,,,,
,,,,,553000,,,23.816150665283203,106.73638153076172,105.49165344238281,930.2464599609375,0.01,5e-05
,,,,,553081,1110.0,3226,,,,,,
,,,,,554000,,,518.5133666992188,100.11964416503906,105.71260070800781,3190.456787109375,0.01,5e-05
,,,,,554121,1270.0,4186,,,,,,
,,,,,554895,1340.0,3114,,,,,,
,,,,,555000,,,11.530500411987305,105.70140838623047,105.68759155273438,795.1546020507812,0.01,5e-05
,,,,,555648,1330.0,3026,,,,,,
,,,,,556000,,,10.697938919067383,107.94931030273438,109.34130859375,666.2836303710938,0.01,5e-05
,,,,,556249,740.0,2402,,,,,,
,,,,,557000,,,14.69788932800293,116.21076965332031,115.3116455078125,623.9844970703125,0.01,5e-05
,,,,,557161,1180.0,3674,,,,,,
,,,,,558000,,,9.22258186340332,109.20274353027344,108.77301025390625,460.78509521484375,0.01,5e-05
,,,,,558221,1330.0,4242,,,,,,
,,,,,558610,460.0,1578,,,,,,
,,,,,559000,,,61.45914840698242,112.55278015136719,111.90418243408203,1013.2904663085938,0.01,5e-05
,,,,,559302,1000.0,2786,,,,,,
869.0,378.5089,1590.0,640.0,2657.2,560000,,,14.461759567260742,104.2587890625,104.35765075683594,665.0125732421875,0.01,5e-05
,,,,,560138,1160.0,3354,,,,,,
,,,,,561000,,,13.5186128616333,113.13584899902344,111.38645935058594,930.099853515625,0.01,5e-05
,,,,,561051,1300.0,3658,,,,,,
,,,,,561580,640.0,2130,,,,,,
,,,,,562000,,,10.608129501342773,110.92533111572266,110.23271942138672,562.70361328125,0.01,5e-05
,,,,,562616,1120.0,4154,,,,,,
,,,,,563000,,,105.65741729736328,116.94904327392578,114.76045227050781,3134.25537109375,0.01,5e-05
,,,,,563120,1220.0,2026,,,,,,
,,,,,563923,1070.0,3242,,,,,,
,,,,,564000,,,24.343130111694336,103.02050018310547,101.58712768554688,843.7416381835938,0.01,5e-05
,,,,,564421,580.0,2010,,,,,,
,,,,,565000,,,32.568267822265625,108.72900390625,107.5475845336914,866.1270751953125,0.01,5e-05
,,,,,565158,1320.0,2962,,,,,,
,,,,,565878,900.0,2882,,,,,,
,,,,,566000,,,12.570779800415039,109.81929779052734,109.75444793701172,538.2172241210938,0.01,5e-05
,,,,,566750,2220.0,3490,,,,,,
,,,,,567000,,,34.739078521728516,109.42378234863281,108.47503662109375,1471.9556884765625,0.01,5e-05
,,,,,567272,1270.0,2114,,,,,,
,,,,,567966,950.0,2802,,,,,,
,,,,,568000,,,523.5264282226562,116.31877899169922,120.08580780029297,3418.337890625,0.01,5e-05
,,,,,569000,,,7.7507429122924805,107.48477935791016,107.70067596435547,420.8007507324219,0.01,5e-05
,,,,,569014,1780.0,4218,,,,,,
,,,,,569683,1070.0,2698,,,,,,
936.0,227.07707,1510.0,610.0,2802.8,570000,,,38.29754638671875,115.7044677734375,116.30089569091797,689.3934326171875,0.01,5e-05
,,,,,570514,1150.0,3354,,,,,,
,,,,,571000,,,26.06359100341797,116.02375793457031,118.13839721679688,1266.01318359375,0.01,5e-05
,,,,,571263,1280.0,3018,,,,,,
,,,,,572000,,,14.37090015411377,109.09332275390625,109.0500717163086,417.81695556640625,0.01,5e-05
,,,,,572045,2430.0,3146,,,,,,
,,,,,572824,1350.0,3130,,,,,,
,,,,,573000,,,24.92137908935547,111.31759643554688,112.55651092529297,964.9151611328125,0.01,5e-05
,,,,,573318,590.0,2002,,,,,,
,,,,,574000,,,11.67115592956543,123.5595474243164,122.92500305175781,499.7523193359375,0.01,5e-05
,,,,,574085,1050.0,3082,,,,,,
,,,,,574881,1070.0,3202,,,,,,
,,,,,575000,,,23.607280731201172,110.30628204345703,110.38380432128906,847.5775146484375,0.01,5e-05
,,,,,575658,1140.0,3122,,,,,,
,,,,,576000,,,91.37960052490234,106.18461608886719,109.05421447753906,1286.3966064453125,0.01,5e-05
,,,,,576388,1030.0,2922,,,,,,
,,,,,577000,,,19.134140014648438,96.10099029541016,94.97976684570312,1237.8702392578125,0.01,5e-05
,,,,,577280,1200.0,3586,,,,,,
,,,,,578000,,,8.359941482543945,125.85284423828125,125.48319244384766,404.4211120605469,0.01,5e-05
,,,,,578109,1160.0,3322,,,,,,
,,,,,578571,480.0,1866,,,,,,
,,,,,579000,,,18.348604202270508,107.7822036743164,107.90457916259766,807.2900390625,0.01,5e-05
,,,,,579154,770.0,2338,,,,,,
,,,,,579857,1120.0,2818,,,,,,
814.0,319.47458,1270.0,460.0,2994.0,580000,,,10.704191207885742,116.82331848144531,116.1182861328125,564.139404296875,0.01,5e-05
,,,,,580634,850.0,3122,,,,,,
,,,,,581000,,,11.055259704589844,99.6663818359375,97.73229217529297,1316.3902587890625,0.01,5e-05
,,,,,581282,810.0,2610,,,,,,
,,,,,581972,1220.0,2786,,,,,,
,,,,,582000,,,19.295394897460938,103.84263610839844,103.03594207763672,781.6043701171875,0.01,5e-05
,,,,,582444,620.0,1890,,,,,,
,,,,,582901,480.0,1858,,,,,,
,,,,,583000,,,21.531455993652344,95.4577865600586,96.30559539794922,818.7542724609375,0.01,5e-05
,,,,,583625,1170.0,2922,,,,,,
,,,,,584000,,,12.398677825927734,115.89623260498047,114.33222198486328,750.0586547851562,0.01,5e-05
,,,,,584084,540.0,1842,,,,,,
,,,,,584589,470.0,2034,,,,,,
,,,,,585000,,,31.405864715576172,115.86544799804688,117.12857055664062,937.8174438476562,0.01,5e-05
,,,,,585239,930.0,2602,,,,,,
,,,,,585865,970.0,2522,,,,,,
,,,,,586000,,,15.913644790649414,120.13088989257812,117.88095092773438,1043.100341796875,0.01,5e-05
,,,,,586850,1230.0,3946,,,,,,
,,,,,587000,,,30.6064453125,122.2962875366211,119.49052429199219,2265.7021484375,0.01,5e-05
,,,,,587550,1140.0,2802,,,,,,
,,,,,588000,,,15.14913558959961,118.74482727050781,118.44773864746094,574.3673706054688,0.01,5e-05
,,,,,588530,1140.0,3922,,,,,,
,,,,,589000,,,21.324874877929688,115.75135803222656,115.95027160644531,686.133544921875,0.01,5e-05
,,,,,589412,1690.0,3530,,,,,,
,,,,,589915,630.0,2034,,,,,,
1012.0,443.32382,1590.0,580.0,2496.4,590000,,,5.877713680267334,123.53971862792969,122.34139251708984,536.3080444335938,0.01,5e-05
,,,,,590555,760.0,2586,,,,,,
,,,,,591000,,,17.804174423217773,112.96452331542969,112.89311218261719,576.1697387695312,0.01,5e-05
,,,,,591185,810.0,2538,,,,,,
,,,,,591737,1170.0,2234,,,,,,
,,,,,592000,,,21.918415069580078,116.76396179199219,117.34921264648438,938.2339477539062,0.01,5e-05
,,,,,592403,670.0,2666,,,,,,
,,,,,592843,480.0,1762,,,,,,
,,,,,593000,,,163.53749084472656,108.86798858642578,109.09453582763672,3102.54345703125,0.01,5e-05
,,,,,593374,1350.0,2146,,,,,,
,,,,,594000,,,600.5489501953125,113.64553833007812,117.78870391845703,2665.629638671875,0.01,5e-05
,,,,,594035,960.0,2658,,,,,,
,,,,,594742,1020.0,2842,,,,,,
,,,,,595000,,,580.95361328125,113.3633041381836,115.84654235839844,2616.170654296875,0.01,5e-05
,,,,,595245,540.0,2034,,,,,,
,,,,,595806,590.0,2242,,,,,,
,,,,,596000,,,21.241336822509766,115.16182708740234,114.57623291015625,781.5330810546875,0.01,5e-05
,,,,,596335,610.0,2146,,,,,,
,,,,,596812,500.0,1930,,,,,,
,,,,,597000,,,11.546672821044922,136.03424072265625,136.9924774169922,599.2528686523438,0.01,5e-05
,,,,,597267,550.0,1842,,,,,,
,,,,,597766,650.0,2010,,,,,,
,,,,,598000,,,13.290359497070312,116.58155059814453,117.53760528564453,884.3599853515625,0.01,5e-05
,,,,,598263,430.0,1994,,,,,,
,,,,,598786,700.0,2106,,,,,,
,,,,,599000,,,13.523889541625977,134.06961059570312,133.02871704101562,659.51025390625,0.01,5e-05
,,,,,599488,1160.0,2834,,,,,,
816.0,333.44266,1400.0,490.0,2240.4,600000,,,15.766161918640137,117.88862609863281,118.98316192626953,800.4415893554688,0.01,5e-05
,,,,,600440,940.0,3834,,,,,,
,,,,,601000,,,14.454324722290039,125.47911834716797,125.17488861083984,907.6375122070312,0.01,5e-05
,,,,,601198,760.0,3050,,,,,,
,,,,,602000,,,9.481241226196289,115.74214935302734,115.32785034179688,494.085693359375,0.01,5e-05
,,,,,602043,1030.0,3402,,,,,,
,,,,,602822,970.0,3138,,,,,,
,,,,,603000,,,32.114280700683594,112.17088317871094,112.31375122070312,934.6715698242188,0.01,5e-05
,,,,,603446,800.0,2522,,,,,,
,,,,,604000,,,12.007452964782715,116.94390869140625,116.07012939453125,837.41748046875,0.01,5e-05
,,,,,604262,1070.0,3266,,,,,,
,,,,,604936,1230.0,2722,,,,,,
,,,,,605000,,,104.37367248535156,123.30329895019531,124.36770629882812,1100.196533203125,0.01,5e-05
,,,,,605665,710.0,2922,,,,,,
,,,,,606000,,,21.962947845458984,108.53856658935547,106.58961486816406,1180.9805908203125,0.01,5e-05
,,,,,606584,1730.0,3682,,,,,,
,,,,,607000,,,41.29454803466797,115.85739135742188,115.86876678466797,738.3311157226562,0.01,5e-05
,,,,,607344,1450.0,3066,,,,,,
,,,,,608000,,,13.614972114562988,122.95185852050781,122.27610778808594,664.1503295898438,0.01,5e-05
,,,,,608291,1160.0,3786,,,,,,
,,,,,609000,,,21.082815170288086,138.3529052734375,137.15457153320312,856.5462646484375,0.01,5e-05
,,,,,609007,890.0,2866,,,,,,
,,,,,609842,1260.0,3354,,,,,,
714.0,304.96558,1450.0,490.0,2185.2,610000,,,28.672611236572266,129.851806640625,131.95594787597656,1115.9959716796875,0.01,5e-05
,,,,,610742,1290.0,3618,,,,,,
,,,,,611000,,,10.884347915649414,102.41056823730469,101.47584533691406,1360.485107421875,0.01,5e-05
,,,,,611318,700.0,2306,,,,,,
,,,,,611946,540.0,2522,,,,,,
,,,,,612000,,,70.92230987548828,124.75590515136719,125.9757080078125,1309.076171875,0.01,5e-05
,,,,,612789,1180.0,3394,,,,,,
,,,,,613000,,,13.033742904663086,132.41085815429688,132.50054931640625,873.7652587890625,0.01,5e-05
,,,,,613657,990.0,3482,,,,,,
,,,,,614000,,,21.03083610534668,118.24859619140625,118.63845825195312,966.7350463867188,0.01,5e-05
,,,,,614548,1750.0,3586,,,,,,
,,,,,615000,,,16.791610717773438,126.0390853881836,126.10235595703125,773.3672485351562,0.01,5e-05
,,,,,615363,1380.0,3266,,,,,,
,,,,,616000,,,12.543011665344238,126.65151977539062,126.0010757446289,1044.9595947265625,0.01,5e-05
,,,,,616226,1490.0,3458,,,,,,
,,,,,617000,,,6.791329383850098,114.39399719238281,113.60890197753906,480.2437438964844,0.01,5e-05
,,,,,617135,1600.0,3666,,,,,,
,,,,,617765,600.0,2546,,,,,,
,,,,,618000,,,16.61356544494629,115.83677673339844,117.49415588378906,1123.611328125,0.01,5e-05
,,,,,618520,1040.0,3042,,,,,,
,,,,,619000,,,13.049727439880371,117.78797912597656,118.6894302368164,690.3678588867188,0.01,5e-05
,,,,,619132,690.0,2458,,,,,,
,,,,,619569,520.0,1754,,,,,,
839.0,353.33978,1870.0,480.0,2495.6,620000,,,16.311481475830078,113.06893920898438,114.28005981445312,893.4877319335938,0.01,5e-05
,,,,,620116,900.0,2202,,,,,,
,,,,,620738,700.0,2490,,,,,,
,,,,,621000,,,9.248971939086914,108.67866516113281,108.30872344970703,453.69696044921875,0.01,5e-05
,,,,,621260,470.0,2090,,,,,,
,,,,,622000,,,11.660234451293945,122.86968231201172,122.72393798828125,499.2879333496094,0.01,5e-05
,,,,,622132,960.0,3514,,,,,,
,,,,,622950,1750.0,3282,,,,,,
,,,,,623000,,,56.3286018371582,112.6461181640625,113.46524047851562,700.3740234375,0.01,5e-05
,,,,,623414,590.0,1882,,,,,,
,,,,,624000,,,25.78223419189453,125.45471954345703,125.76812744140625,1124.869873046875,0.01,5e-05
,,,,,624241,1010.0,3322,,,,,,
,,,,,625000,,,10.825857162475586,122.78189086914062,121.9750747680664,884.59912109375,0.01,5e-05
,,,,,625100,1400.0,3450,,,,,,
,,,,,625697,650.0,2402,,,,,,
,,,,,626000,,,12.219243049621582,131.37185668945312,130.7166748046875,535.7636108398438,0.01,5e-05
,,,,,626090,460.0,1594,,,,,,
,,,,,626682,770.0,2394,,,,,,
,,,,,627000,,,13.333209991455078,134.30926513671875,134.8823699951172,517.6464233398438,0.01,5e-05
,,,,,627654,1550.0,3906,,,,,,
,,,,,628000,,,12.275800704956055,95.91938018798828,94.02305603027344,1268.182373046875,0.01,5e-05
,,,,,628535,1280.0,3554,,,,,,
,,,,,629000,,,12.489521026611328,116.19481658935547,115.79478454589844,544.510498046875,0.01,5e-05
,,,,,629434,1670.0,3594,,,,,,
711.0,22.113344,730.0,670.0,2476.4,630000,,,11.753863334655762,123.2384262084961,122.82040405273438,539.2107543945312,0.01,5e-05
,,,,,630295,1380.0,3458,,,,,,
,,,,,631000,,,18.079530715942383,116.42511749267578,115.123291015625,1431.212158203125,0.01,5e-05
,,,,,631014,1150.0,2898,,,,,,
,,,,,632000,,,11.586552619934082,119.59693908691406,118.46367645263672,613.6065063476562,0.01,5e-05
,,,,,632087,1220.0,4314,,,,,,
,,,,,632978,1300.0,3586,,,,,,
,,,,,633000,,,21.92778205871582,129.15191650390625,129.58514404296875,1301.1488037109375,0.01,5e-05
,,,,,633713,940.0,2954,,,,,,
,,,,,634000,,,23.819992065429688,113.1678466796875,113.23453521728516,745.1838989257812,0.01,5e-05
,,,,,634647,1260.0,3738,,,,,,
,,,,,635000,,,17.457454681396484,121.56546783447266,120.28861236572266,1319.777587890625,0.01,5e-05
,,,,,635405,1000.0,3058,,,,,,
,,,,,636000,,,59.088478088378906,125.89277648925781,127.32925415039062,1385.8568115234375,0.01,5e-05
,,,,,636354,1180.0,3794,,,,,,
,,,,,637000,,,41.42890167236328,117.4871826171875,116.5628433227539,960.6875610351562,0.01,5e-05
,,,,,637349,1060.0,3986,,,,,,
,,,,,637855,650.0,2026,,,,,,
,,,,,638000,,,23.262218475341797,133.76914978027344,133.08059692382812,1102.2161865234375,0.01,5e-05
,,,,,638643,950.0,3162,,,,,,
,,,,,639000,,,18.306888580322266,126.0063247680664,126.4610824584961,614.2765502929688,0.01,5e-05
,,,,,639444,1080.0,3226,,,,,,
921.0,235.34868,1280.0,750.0,2956.4,640000,,,18.079580307006836,124.01042938232422,122.67134857177734,1000.630859375,0.01,5e-05
,,,,,640030,960.0,2346,,,,,,
,,,,,640633,980.0,2434,,,,,,
,,,,,641000,,,22.506427764892578,118.35005187988281,118.0985107421875,781.876220703125,0.01,5e-05
,,,,,641341,1740.0,2842,,,,,,
,,,,,641905,660.0,2274,,,,,,
,,,,,642000,,,17.931209564208984,124.29962158203125,124.3641128540039,849.2859497070312,0.01,5e-05
,,,,,642369,680.0,1866,,,,,,
,,,,,642817,510.0,1794,,,,,,
,,,,,643000,,,50.46261215209961,127.92579650878906,125.93833923339844,2790.434326171875,0.01,5e-05
,,,,,643595,2220.0,3122,,,,,,
,,,,,644000,,,29.97365951538086,129.07623291015625,128.2928466796875,971.147705078125,0.01,5e-05
,,,,,644480,2700.0,3562,,,,,,
,,,,,645000,,,21.72907257080078,113.22001647949219,112.17646789550781,1724.228759765625,0.01,5e-05
,,,,,645172,2300.0,2770,,,,,,
,,,,,646000,,,12.558856010437012,111.23890686035156,111.441162109375,518.9784545898438,0.01,5e-05
,,,,,646142,1340.0,3906,,,,,,
,,,,,646786,860.0,2594,,,,,,
,,,,,647000,,,16.496540069580078,110.52293395996094,110.81952667236328,591.9715576171875,0.01,5e-05
,,,,,647340,900.0,2218,,,,,,
,,,,,648000,,,15.855437278747559,119.18206024169922,118.75224304199219,740.1495971679688,0.01,5e-05
,,,,,648068,1430.0,2922,,,,,,
,,,,,648626,930.0,2250,,,,,,
,,,,,649000,,,34.52930450439453,121.81036376953125,119.08161926269531,2583.38818359375,0.01,5e-05
869.0,185.60442,1010.0,320.0,2361.2,650000,,,627.3257446289062,119.62413024902344,123.89837646484375,3438.718994140625,0.01,5e-05
,,,,,650306,2280.0,6730,,,,,,
,,,,,650989,960.0,2746,,,,,,
,,,,,651000,,,13.384679794311523,116.97573852539062,116.5443115234375,622.9244384765625,0.01,5e-05
,,,,,651587,840.0,2402,,,,,,
,,,,,652000,,,16.204187393188477,127.07417297363281,125.13795471191406,985.1690673828125,0.01,5e-05
,,,,,652445,1270.0,3458,,,,,,
,,,,,653000,,,20.62517547607422,137.962890625,139.56663513183594,1036.81494140625,0.01,5e-05
,,,,,653064,660.0,2498,,,,,,
,,,,,653594,720.0,2130,,,,,,
,,,,,654000,,,70.03182220458984,109.94241333007812,112.02811431884766,1801.199951171875,0.01,5e-05
,,,,,654245,840.0,2618,,,,,,
,,,,,654876,1200.0,2546,,,,,,
,,,,,655000,,,14.250064849853516,111.55774688720703,112.977783203125,930.1600341796875,0.01,5e-05
,,,,,655826,1570.0,3818,,,,,,
,,,,,656000,,,55.55876159667969,130.30792236328125,131.08460998535156,919.1953125,0.01,5e-05
,,,,,656309,680.0,1954,,,,,,
,,,,,657000,,,15.578060150146484,125.68987274169922,124.99391174316406,728.555419921875,0.01,5e-05
,,,,,657359,1140.0,4202,,,,,,
,,,,,658000,,,16.473485946655273,130.48251342773438,129.6256866455078,858.1969604492188,0.01,5e-05
,,,,,658203,1470.0,3386,,,,,,
,,,,,658946,960.0,2986,,,,,,
,,,,,659000,,,17.302976608276367,132.23960876464844,131.1959991455078,815.8506469726562,0.01,5e-05
,,,,,659698,1340.0,3034,,,,,,
1297.0,549.9827,2170.0,760.0,3043.6,660000,,,11.540410995483398,108.02971649169922,109.09089660644531,656.7974853515625,0.01,5e-05
,,,,,660363,920.0,2674,,,,,,
,,,,,661000,,,17.262840270996094,111.10256958007812,110.24279022216797,764.551513671875,0.01,5e-05
,,,,,661163,1180.0,3226,,,,,,
,,,,,662000,,,17.238597869873047,125.47279357910156,125.81185150146484,627.5966796875,0.01,5e-05
,,,,,662036,2100.0,3498,,,,,,
,,,,,662863,1190.0,3330,,,,,,
,,,,,663000,,,20.506006240844727,112.3411636352539,111.52481842041016,1452.996826171875,0.01,5e-05
,,,,,663410,800.0,2194,,,,,,
,,,,,664000,,,16.731605529785156,130.44210815429688,129.75747680664062,673.8731079101562,0.01,5e-05
,,,,,664351,1230.0,3786,,,,,,
,,,,,665000,,,10.041372299194336,123.5398178100586,122.55524444580078,614.8373413085938,0.01,5e-05
,,,,,665031,1200.0,2722,,,,,,
,,,,,665742,800.0,2858,,,,,,
,,,,,666000,,,8.299922943115234,108.92354583740234,109.90929412841797,577.61572265625,0.01,5e-05
,,,,,666566,1690.0,3306,,,,,,
,,,,,667000,,,17.627519607543945,109.54483032226562,110.59220886230469,901.096435546875,0.01,5e-05
,,,,,667305,1230.0,2978,,,,,,
,,,,,667985,1120.0,2730,,,,,,
,,,,,668000,,,19.438045501708984,122.13871765136719,120.031494140625,1301.2796630859375,0.01,5e-05
,,,,,668695,1000.0,2842,,,,,,
,,,,,669000,,,687.6113891601562,135.16787719726562,139.99496459960938,5794.8828125,0.01,5e-05
,,,,,669473,1040.0,3130,,,,,,
1092.0,62.0967,1240.0,1040.0,2980.4,670000,,,32.630104064941406,129.78762817382812,131.1090850830078,1107.8135986328125,0.01,5e-05
,,,,,670396,1240.0,3706,,,,,,
,,,,,671000,,,17.573535919189453,124.43289184570312,125.430908203125,713.2485961914062,0.01,5e-05
,,,,,671239,1400.0,3394,,,,,,
,,,,,671743,550.0,2034,,,,,,
,,,,,672000,,,799.0863037109375,112.47224426269531,120.69590759277344,5282.40380859375,0.01,5e-05
,,,,,672258,580.0,2074,,,,,,
,,,,,673000,,,22.901355743408203,129.55458068847656,130.6497802734375,1548.29296875,0.01,5e-05
,,,,,673068,1240.0,3258,,,,,,
,,,,,673928,970.0,3450,,,,,,
,,,,,674000,,,14.700697898864746,121.5809326171875,122.46153259277344,874.0358276367188,0.01,5e-05
,,,,,674782,1090.0,3418,,,,,,
,,,,,675000,,,18.316341400146484,109.57011413574219,109.87199401855469,992.2032470703125,0.01,5e-05
,,,,,675595,1390.0,3266,,,,,,
,,,,,676000,,,17.043758392333984,112.93522644042969,110.36516571044922,1228.7518310546875,0.01,5e-05
,,,,,676357,1570.0,3066,,,,,,
,,,,,676902,590.0,2202,,,,,,
,,,,,677000,,,9.76156234741211,117.30937194824219,117.222900390625,422.84979248046875,0.01,5e-05
,,,,,677893,1450.0,3978,,,,,,
,,,,,678000,,,17.599639892578125,125.57608795166016,123.68953704833984,1257.7342529296875,0.01,5e-05
,,,,,678710,1220.0,3282,,,,,,
,,,,,679000,,,24.929046630859375,120.96343994140625,121.07432556152344,1151.1038818359375,0.01,5e-05
,,,,,679558,2120.0,3394,,,,,,
671.0,54.304695,730.0,590.0,2314.8,680000,,,19.17050552368164,128.14663696289062,129.09825134277344,993.9407348632812,0.01,5e-05
,,,,,680589,1250.0,4138,,,,,,
,,,,,681000,,,16.213722229003906,110.68560791015625,110.48538208007812,602.6761474609375,0.01,5e-05
,,,,,681422,1210.0,3338,,,,,,
,,,,,682000,,,11.176568031311035,139.40533447265625,137.34312438964844,1038.785888671875,0.01,5e-05
,,,,,682195,920.0,3098,,,,,,
,,,,,682953,1620.0,3058,,,,,,
,,,,,683000,,,21.289634704589844,133.03892517089844,131.69955444335938,1167.010009765625,0.01,5e-05
,,,,,683544,590.0,2378,,,,,,
,,,,,684000,,,24.922351837158203,134.82321166992188,133.1808624267578,1154.0989990234375,0.01,5e-05
,,,,,684637,1890.0,4394,,,,,,
,,,,,685000,,,287.6802673339844,108.01713562011719,109.35322570800781,2502.680908203125,0.01,5e-05
,,,,,685185,850.0,2202,,,,,,
,,,,,685975,1470.0,3162,,,,,,
,,,,,686000,,,17.027362823486328,127.56539916992188,128.04376220703125,655.1728515625,0.01,5e-05
,,,,,686599,750.0,2506,,,,,,
,,,,,687000,,,18.610361099243164,122.65533447265625,122.93061065673828,931.6505126953125,0.01,5e-05
,,,,,687380,1530.0,3138,,,,,,
,,,,,688000,,,25.662479400634766,132.52584838867188,131.84800720214844,709.1735229492188,0.01,5e-05
,,,,,688037,970.0,2650,,,,,,
,,,,,688913,1260.0,3522,,,,,,
,,,,,689000,,,14.072696685791016,113.50714111328125,112.57429504394531,781.0114135742188,0.01,5e-05
,,,,,689789,1260.0,3522,,,,,,
1161.0,335.2745,1830.0,970.0,3322.0,690000,,,12.281264305114746,114.48712158203125,114.48359680175781,555.1336669921875,0.01,5e-05
,,,,,690474,1110.0,2754,,,,,,
,,,,,691000,,,611.2449951171875,132.70306396484375,135.58506774902344,6643.689453125,0.01,5e-05
,,,,,691484,1400.0,4058,,,,,,
,,,,,692000,,,11.692546844482422,126.53622436523438,126.66246032714844,507.7301940917969,0.01,5e-05
,,,,,692059,740.0,2330,,,,,,
,,,,,692721,940.0,2650,,,,,,
,,,,,693000,,,18.028728485107422,119.50782775878906,119.77850341796875,658.153564453125,0.01,5e-05
,,,,,693564,1170.0,3386,,,,,,
,,,,,694000,,,33.369850158691406,114.46853637695312,112.16291809082031,1527.1341552734375,0.01,5e-05
,,,,,694162,1540.0,2394,,,,,,
,,,,,694720,660.0,2250,,,,,,
,,,,,695000,,,14.631338119506836,114.84176635742188,114.30949401855469,806.1068725585938,0.01,5e-05
,,,,,695398,1120.0,2730,,,,,,
,,,,,696000,,,28.411495208740234,125.21426391601562,123.21532440185547,1268.6839599609375,0.01,5e-05
,,,,,696340,1250.0,3770,,,,,,
,,,,,697000,,,15.446680068969727,126.7833023071289,126.01852416992188,752.8701171875,0.01,5e-05
,,,,,697056,2270.0,2874,,,,,,
,,,,,697641,710.0,2362,,,,,,
,,,,,698000,,,17.15591049194336,136.57876586914062,135.72946166992188,713.1348266601562,0.01,5e-05
,,,,,698203,580.0,2274,,,,,,
,,,,,699000,,,45.20124435424805,115.1241455078125,113.94409942626953,1607.4176025390625,0.01,5e-05
,,,,,699217,1080.0,4082,,,,,,
868.0,266.26303,1300.0,640.0,2752.4,700000,,,34.393898010253906,142.78482055664062,140.02493286132812,1661.845458984375,0.01,5e-05
,,,,,700050,1120.0,3338,,,,,,
,,,,,700923,1200.0,3514,,,,,,
,,,,,701000,,,13.139533996582031,115.813720703125,115.47515106201172,826.5938110351562,0.01,5e-05
,,,,,701589,2280.0,2682,,,,,,
,,,,,702000,,,23.58632469177246,120.23368072509766,118.65068054199219,1245.9127197265625,0.01,5e-05
,,,,,702336,880.0,3010,,,,,,
,,,,,703000,,,23.311010360717773,133.9285125732422,133.64352416992188,807.252685546875,0.01,5e-05
,,,,,703401,1530.0,4266,,,,,,
,,,,,704000,,,36.252811431884766,119.64778900146484,121.60279846191406,1287.58349609375,0.01,5e-05
,,,,,704249,960.0,3394,,,,,,
,,,,,704872,780.0,2490,,,,,,
,,,,,705000,,,23.734127044677734,124.11094665527344,125.67919921875,1408.8973388671875,0.01,5e-05
,,,,,705613,1510.0,2970,,,,,,
,,,,,706000,,,48.073001861572266,116.50213623046875,117.84674835205078,1791.499755859375,0.01,5e-05
,,,,,706249,1100.0,2570,,,,,,
,,,,,706803,710.0,2234,,,,,,
,,,,,707000,,,4174.28955078125,121.21340942382812,131.5886993408203,9362.541015625,0.01,5e-05
,,,,,707676,1220.0,3506,,,,,,
,,,,,708000,,,27.634540557861328,117.34001922607422,117.12450408935547,1028.356201171875,0.01,5e-05
,,,,,708238,730.0,2266,,,,,,
,,,,,708958,900.0,2898,,,,,,
,,,,,709000,,,10.194448471069336,139.0024871826172,138.56600952148438,814.7918090820312,0.01,5e-05
,,,,,709509,820.0,2210,,,,,,
838.0,101.07423,1020.0,720.0,2705.2,710000,,,11.534257888793945,114.18090057373047,113.92826843261719,507.49798583984375,0.01,5e-05
,,,,,710430,1130.0,3682,,,,,,
,,,,,711000,,,26.690019607543945,118.72085571289062,119.70958709716797,956.43017578125,0.01,5e-05
,,,,,711062,1070.0,2530,,,,,,
,,,,,711779,860.0,2882,,,,,,
,,,,,712000,,,45.76140594482422,113.68155670166016,113.27349853515625,1127.8287353515625,0.01,5e-05
,,,,,712743,1690.0,3866,,,,,,
,,,,,713000,,,21.984111785888672,136.1647186279297,137.10391235351562,732.7833862304688,0.01,5e-05
,,,,,713472,1130.0,2930,,,,,,
,,,,,714000,,,15.786077499389648,115.70918273925781,116.2565689086914,805.7894287109375,0.01,5e-05
,,,,,714208,780.0,2962,,,,,,
,,,,,714806,840.0,2410,,,,,,
,,,,,715000,,,715.5489501953125,132.46102905273438,137.01995849609375,3061.81494140625,0.01,5e-05
,,,,,715633,970.0,3338,,,,,,
,,,,,716000,,,38.71528244018555,118.21269989013672,120.19129943847656,1218.4908447265625,0.01,5e-05
,,,,,716503,1120.0,3498,,,,,,
,,,,,717000,,,14.215170860290527,128.99652099609375,129.1982879638672,630.1176147460938,0.01,5e-05
,,,,,717042,640.0,2170,,,,,,
,,,,,717909,1180.0,3490,,,,,,
,,,,,718000,,,48.45198059082031,115.20857238769531,111.89064025878906,2470.351318359375,0.01,5e-05
,,,,,718554,980.0,2594,,,,,,
,,,,,719000,,,53.21955871582031,120.06193542480469,117.20449829101562,1994.8497314453125,0.01,5e-05
,,,,,719306,1300.0,3026,,,,,,
,,,,,719972,840.0,2674,,,,,,
782.0,37.094475,800.0,690.0,2633.2,720000,,,25.336589813232422,115.28492736816406,114.76129150390625,747.0491333007812,0.01,5e-05
,,,,,720576,610.0,2434,,,,,,
,,,,,721000,,,24.74810791015625,141.03933715820312,143.04693603515625,1362.0123291015625,0.01,5e-05
,,,,,721182,760.0,2426,,,,,,
,,,,,721695,700.0,2058,,,,,,
,,,,,722000,,,20.71949005126953,110.2807846069336,112.6042251586914,1495.9075927734375,0.01,5e-05
,,,,,722443,1080.0,2994,,,,,,
,,,,,723000,,,20.348167419433594,122.2468490600586,122.77734375,1086.135009765625,0.01,5e-05
,,,,,723071,850.0,2530,,,,,,
,,,,,723744,960.0,2722,,,,,,
,,,,,724000,,,17.308536529541016,122.32621765136719,121.86475372314453,725.25830078125,0.01,5e-05
,,,,,724539,1420.0,3202,,,,,,
,,,,,725000,,,685.0030517578125,127.84100341796875,133.36676025390625,4535.33447265625,0.01,5e-05
,,,,,725681,2430.0,4570,,,,,,
,,,,,726000,,,12.627878189086914,119.89955139160156,119.60986328125,540.6630859375,0.01,5e-05
,,,,,726359,940.0,2738,,,,,,
,,,,,726952,780.0,2386,,,,,,
,,,,,727000,,,13.720477104187012,128.21340942382812,127.77226257324219,573.7025756835938,0.01,5e-05
,,,,,727749,1480.0,3194,,,,,,
,,,,,728000,,,19.37917709350586,104.40371704101562,104.8985595703125,681.3635864257812,0.01,5e-05
,,,,,728491,1030.0,2994,,,,,,
,,,,,729000,,,20.440969467163086,128.8404541015625,130.2909393310547,1214.3045654296875,0.01,5e-05
,,,,,729387,1250.0,3602,,,,,,
,,,,,729961,960.0,2314,,,,,,
973.0,252.43019,1280.0,720.0,3002.8,730000,,,64.37908935546875,135.3813934326172,133.5336456298828,2511.9267578125,0.01,5e-05
,,,,,730455,560.0,1986,,,,,,
,,,,,731000,,,22.550209045410156,123.23445129394531,124.17044830322266,1038.273193359375,0.01,5e-05
,,,,,731420,1290.0,3866,,,,,,
,,,,,732000,,,9.877230644226074,126.10040283203125,127.35824584960938,1109.28173828125,0.01,5e-05
,,,,,732173,1270.0,3018,,,,,,
,,,,,732760,640.0,2362,,,,,,
,,,,,733000,,,32.32600021362305,138.0377655029297,138.25634765625,1234.1717529296875,0.01,5e-05
,,,,,733518,1580.0,3050,,,,,,
,,,,,734000,,,21.7883358001709,120.5960922241211,120.7313232421875,740.701416015625,0.01,5e-05
,,,,,734160,1030.0,2586,,,,,,
,,,,,734703,780.0,2178,,,,,,
,,,,,735000,,,15.718475341796875,117.71621704101562,116.82484436035156,759.1173706054688,0.01,5e-05
,,,,,735298,730.0,2394,,,,,,
,,,,,735913,930.0,2482,,,,,,
,,,,,736000,,,80.77410888671875,104.8117904663086,106.67098999023438,3906.628173828125,0.01,5e-05
,,,,,736789,800.0,3530,,,,,,
,,,,,737000,,,21.384891510009766,120.73877716064453,120.26211547851562,1662.4710693359375,0.01,5e-05
,,,,,737346,850.0,2234,,,,,,
,,,,,738000,,,11.241697311401367,111.8115005493164,111.56198120117188,700.8624877929688,0.01,5e-05
,,,,,738134,1300.0,3170,,,,,,
,,,,,739000,,,20.251312255859375,127.25629425048828,127.978271484375,859.2205200195312,0.01,5e-05
,,,,,739016,1200.0,3554,,,,,,
,,,,,739845,1120.0,3338,,,,,,
1026.0,164.14627,1150.0,710.0,3194.0,740000,,,25.729116439819336,118.70503234863281,120.13832092285156,1494.5428466796875,0.01,5e-05
,,,,,740734,1340.0,3578,,,,,,
,,,,,741000,,,257.6860046386719,142.45765686035156,144.46969604492188,2164.34765625,0.01,5e-05
,,,,,741523,1210.0,3170,,,,,,
,,,,,742000,,,12.942150115966797,124.94837188720703,124.35646057128906,590.5567016601562,0.01,5e-05
,,,,,742212,1010.0,2770,,,,,,
,,,,,743000,,,18.739242553710938,128.6548309326172,127.74588012695312,1095.2486572265625,0.01,5e-05
,,,,,743138,1590.0,3714,,,,,,
,,,,,743817,1000.0,2738,,,,,,
,,,,,744000,,,12.331624984741211,133.38555908203125,133.18060302734375,634.0470581054688,0.01,5e-05
,,,,,744395,840.0,2330,,,,,,
,,,,,745000,,,22.98341941833496,117.48291015625,117.20482635498047,765.555419921875,0.01,5e-05
,,,,,745209,1800.0,3282,,,,,,
,,,,,745874,880.0,2666,,,,,,
,,,,,746000,,,20.224929809570312,119.00045776367188,120.14935302734375,877.1567993164062,0.01,5e-05
,,,,,746341,560.0,1882,,,,,,
,,,,,746974,760.0,2538,,,,,,
,,,,,747000,,,15.008376121520996,123.98971557617188,124.60227966308594,781.074951171875,0.01,5e-05
,,,,,747743,1510.0,3090,,,,,,
,,,,,748000,,,15.461124420166016,124.25810241699219,123.84982299804688,818.15869140625,0.01,5e-05
,,,,,748534,1370.0,3170,,,,,,
,,,,,749000,,,96.58892822265625,111.46232604980469,114.23946380615234,1834.9080810546875,0.01,5e-05
,,,,,749116,650.0,2354,,,,,,
,,,,,749945,1730.0,3330,,,,,,
1340.0,343.01602,1850.0,1040.0,3317.2,750000,,,25.5584716796875,136.69772338867188,136.41749572753906,681.2285766601562,0.01,5e-05
,,,,,750576,830.0,2530,,,,,,
,,,,,751000,,,35.279014587402344,139.1014862060547,139.00094604492188,1038.771484375,0.01,5e-05
,,,,,751160,1120.0,2346,,,,,,
,,,,,751843,850.0,2754,,,,,,
,,,,,752000,,,18.722768783569336,130.9204864501953,129.21519470214844,1016.162353515625,0.01,5e-05
,,,,,752495,1190.0,2618,,,,,,
,,,,,753000,,,27.88379669189453,135.43685913085938,133.51800537109375,2139.8935546875,0.01,5e-05
,,,,,753387,1680.0,3570,,,,,,
,,,,,753981,760.0,2394,,,,,,
,,,,,754000,,,22.34124755859375,131.05120849609375,130.11961364746094,1139.7294921875,0.01,5e-05
,,,,,754816,2400.0,3354,,,,,,
,,,,,755000,,,22.822641372680664,126.9422607421875,124.67294311523438,1431.98583984375,0.01,5e-05
,,,,,755684,1470.0,3482,,,,,,
,,,,,756000,,,54.4815673828125,139.634521484375,137.33999633789062,2855.564697265625,0.01,5e-05
,,,,,756317,890.0,2538,,,,,,
,,,,,757000,,,45.07456970214844,123.07296752929688,121.81019592285156,2080.231201171875,0.01,5e-05
,,,,,757087,1280.0,3082,,,,,,
,,,,,757652,670.0,2290,,,,,,
,,,,,758000,,,24.407917022705078,133.91644287109375,135.67140197753906,1317.322021484375,0.01,5e-05
,,,,,758561,1180.0,3658,,,,,,
,,,,,759000,,,12.125911712646484,130.51644897460938,131.4044189453125,738.1124267578125,0.01,5e-05
,,,,,759130,650.0,2298,,,,,,
,,,,,759975,1150.0,3386,,,,,,
1252.0,350.10855,1530.0,590.0,2874.0,760000,,,50.96185302734375,108.38838195800781,110.57206726074219,1560.8526611328125,0.01,5e-05
,,,,,760702,930.0,2930,,,,,,
,,,,,761000,,,23.28261947631836,123.23075103759766,122.21338653564453,1023.588134765625,0.01,5e-05
,,,,,761589,860.0,3570,,,,,,
,,,,,762000,,,13.457765579223633,133.4097900390625,134.73977661132812,1089.8546142578125,0.01,5e-05
,,,,,762477,1110.0,3562,,,,,,
,,,,,763000,,,16.727462768554688,121.44950866699219,122.72607421875,833.7398681640625,0.01,5e-05
,,,,,763449,1790.0,3906,,,,,,
,,,,,764000,,,42.98078155517578,122.42378234863281,122.509765625,1229.55126953125,0.01,5e-05
,,,,,764414,1360.0,3890,,,,,,
,,,,,765000,,,52.52593994140625,124.06764221191406,123.3455810546875,2909.835205078125,0.01,5e-05
,,,,,765109,1430.0,2802,,,,,,
,,,,,765740,1090.0,2546,,,,,,
,,,,,766000,,,124.8528823852539,116.84217834472656,115.7813949584961,1740.0184326171875,0.01,5e-05
,,,,,766422,1220.0,2746,,,,,,
,,,,,767000,,,110.98844146728516,101.66346740722656,103.1136245727539,1295.3544921875,0.01,5e-05
,,,,,767364,1940.0,3794,,,,,,
,,,,,768000,,,14.309566497802734,124.30450439453125,124.15507507324219,528.2333984375,0.01,5e-05
,,,,,768113,1300.0,3002,,,,,,
,,,,,768833,1310.0,2882,,,,,,
,,,,,769000,,,63.687469482421875,117.41716766357422,119.49876403808594,2244.00537109375,0.01,5e-05
,,,,,769647,990.0,3274,,,,,,
1172.0,429.55325,1690.0,610.0,3142.0,770000,,,29.293922424316406,125.97441101074219,126.7578353881836,1018.2471313476562,0.01,5e-05
,,,,,770379,1110.0,2954,,,,,,
,,,,,770921,620.0,2170,,,,,,
,,,,,771000,,,10.517434120178223,108.75397491455078,108.42579650878906,431.8160095214844,0.01,5e-05
,,,,,771539,710.0,2482,,,,,,
,,,,,772000,,,23.444316864013672,100.4480972290039,101.85265350341797,1108.923095703125,0.01,5e-05
,,,,,772222,930.0,2746,,,,,,
,,,,,772768,860.0,2202,,,,,,
,,,,,773000,,,224.75502014160156,142.29254150390625,144.2357177734375,2167.561767578125,0.01,5e-05
,,,,,773317,740.0,2226,,,,,,
,,,,,773960,1150.0,2594,,,,,,
,,,,,774000,,,94.33767700195312,122.23736572265625,122.75389099121094,1572.5882568359375,0.01,5e-05
,,,,,775000,,,56.102996826171875,115.62677001953125,112.9940185546875,2878.821533203125,0.01,5e-05
,,,,,775014,1410.0,4218,,,,,,
,,,,,775670,720.0,2642,,,,,,
,,,,,776000,,,23.989303588867188,111.03294372558594,110.20291137695312,704.4511108398438,0.01,5e-05
,,,,,776441,1010.0,3090,,,,,,
,,,,,777000,,,29.596988677978516,130.57968139648438,131.6617431640625,1641.87255859375,0.01,5e-05
,,,,,777391,2570.0,3818,,,,,,
,,,,,778000,,,9.819877624511719,114.78936767578125,113.6096420288086,665.817626953125,0.01,5e-05
,,,,,778058,970.0,2674,,,,,,
,,,,,778640,1020.0,2346,,,,,,
,,,,,779000,,,14.236437797546387,100.28628540039062,100.27571868896484,779.6339111328125,0.01,5e-05
,,,,,779381,1120.0,2962,,,,,,
1161.0,139.81773,1340.0,1010.0,3199.6,780000,,,16.98801040649414,120.7437744140625,119.56373596191406,1085.83837890625,0.01,5e-05
,,,,,780165,1050.0,3146,,,,,,
,,,,,780834,1730.0,2690,,,,,,
,,,,,781000,,,75.72021484375,128.6629180908203,130.159423828125,1237.1005859375,0.01,5e-05
,,,,,781678,1040.0,3394,,,,,,
,,,,,782000,,,52.90235137939453,126.89531707763672,127.68033599853516,825.7164916992188,0.01,5e-05
,,,,,782342,1770.0,2682,,,,,,
,,,,,782975,860.0,2546,,,,,,
,,,,,783000,,,14.977123260498047,141.5582275390625,138.66917419433594,1427.5767822265625,0.01,5e-05
,,,,,783605,710.0,2546,,,,,,
,,,,,784000,,,85.41702270507812,126.73600769042969,128.21160888671875,1964.0478515625,0.01,5e-05
,,,,,784297,910.0,2786,,,,,,
,,,,,785000,,,77.11922454833984,137.24822998046875,141.15902709960938,2192.002685546875,0.01,5e-05
,,,,,785414,2090.0,4490,,,,,,
,,,,,785981,760.0,2298,,,,,,
,,,,,786000,,,8.073108673095703,116.22883605957031,115.5892333984375,514.674560546875,0.01,5e-05
,,,,,787000,,,22.581192016601562,127.16101837158203,126.0303726196289,1070.6651611328125,0.01,5e-05
,,,,,787318,1590.0,5362,,,,,,
,,,,,788000,,,15.88925838470459,112.3485107421875,112.5604019165039,621.1399536132812,0.01,5e-05
,,,,,788075,1430.0,3034,,,,,,
,,,,,788879,950.0,3218,,,,,,
,,,,,789000,,,24.226030349731445,147.58798217773438,144.83216857910156,1701.7000732421875,0.01,5e-05
,,,,,789975,2160.0,4402,,,,,,
1078.0,239.61636,1320.0,670.0,3136.4,790000,,,31.615631103515625,128.94187927246094,128.30307006835938,1301.8997802734375,0.01,5e-05
,,,,,790771,1170.0,3186,,,,,,
,,,,,791000,,,16.251089096069336,118.62543487548828,120.7548828125,1616.5941162109375,0.01,5e-05
,,,,,791669,1500.0,3610,,,,,,
,,,,,792000,,,37.736793518066406,99.44110107421875,98.24439239501953,1861.127197265625,0.01,5e-05
,,,,,792281,1050.0,2450,,,,,,
,,,,,793000,,,23.925304412841797,121.54971313476562,123.68756103515625,1297.43994140625,0.01,5e-05
,,,,,793146,1130.0,3466,,,,,,
,,,,,793982,1790.0,3354,,,,,,
,,,,,794000,,,15.65108871459961,136.40023803710938,135.08682250976562,936.4443969726562,0.01,5e-05
,,,,,794559,500.0,2322,,,,,,
,,,,,795000,,,19.872520446777344,130.2962646484375,130.10308837890625,759.498779296875,0.01,5e-05
,,,,,795153,930.0,2394,,,,,,
,,,,,795842,1020.0,2770,,,,,,
,,,,,796000,,,25.13096046447754,131.3046417236328,132.09906005859375,1415.00830078125,0.01,5e-05
,,,,,796549,1190.0,2834,,,,,,
,,,,,797000,,,18.034099578857422,126.53315734863281,125.75292205810547,702.6021728515625,0.01,5e-05
,,,,,797226,1120.0,2714,,,,,,
,,,,,798000,,,1304.9456787109375,117.91980743408203,125.53453063964844,7588.73486328125,0.01,5e-05
,,,,,798247,1240.0,4090,,,,,,
,,,,,798817,870.0,2306,,,,,,
,,,,,799000,,,23.86773681640625,132.03591918945312,132.26998901367188,842.5353393554688,0.01,5e-05
,,,,,799439,620.0,2498,,,,,,
1139.0,248.7348,1400.0,800.0,3010.8,800000,,,19.04082489013672,109.24874877929688,108.9236831665039,723.873046875,0.01,5e-05
,,,,,800147,1350.0,2850,,,,,,
,,,,,800811,1060.0,2666,,,,,,
,,,,,801000,,,18.83025360107422,117.12434387207031,116.40476989746094,785.8726806640625,0.01,5e-05
,,,,,801674,1240.0,3466,,,,,,
,,,,,802000,,,38.43423080444336,136.4772491455078,135.90261840820312,835.290771484375,0.01,5e-05
,,,,,802291,900.0,2474,,,,,,
,,,,,803000,,,79.72418975830078,122.18058776855469,122.77491760253906,1798.64501953125,0.01,5e-05
,,,,,803062,1600.0,3106,,,,,,
,,,,,803682,800.0,2498,,,,,,
,,,,,804000,,,25.345458984375,112.2302017211914,112.32821655273438,965.4473876953125,0.01,5e-05
,,,,,804377,1500.0,2794,,,,,,
,,,,,805000,,,26.358200073242188,120.61298370361328,120.95669555664062,751.8452758789062,0.01,5e-05
,,,,,805147,1080.0,3098,,,,,,
,,,,,805928,1510.0,3138,,,,,,
,,,,,806000,,,16.325363159179688,108.75709533691406,108.6492919921875,624.8950805664062,0.01,5e-05
,,,,,806390,610.0,1858,,,,,,
,,,,,807000,,,27.978740692138672,136.79232788085938,136.33177185058594,1091.16943359375,0.01,5e-05
,,,,,807215,1140.0,3306,,,,,,
,,,,,807751,640.0,2146,,,,,,
,,,,,808000,,,14.80259895324707,123.5619888305664,123.87294006347656,795.9210815429688,0.01,5e-05
,,,,,808435,1120.0,2738,,,,,,
,,,,,809000,,,41.69563674926758,112.97640991210938,114.8004150390625,1498.7576904296875,0.01,5e-05
,,,,,809220,1670.0,3170,,,,,,
1460.0,492.9503,2420.0,1010.0,3530.0,810000,,,15.778436660766602,128.3209991455078,127.36128234863281,849.7042236328125,0.01,5e-05
,,,,,810248,1930.0,4122,,,,,,
,,,,,811000,,,14.380399703979492,141.93521118164062,141.9945068359375,645.1253051757812,0.01,5e-05
,,,,,811308,1870.0,4242,,,,,,
,,,,,812000,,,23.875694274902344,112.50491333007812,111.647216796875,1067.2454833984375,0.01,5e-05
,,,,,812183,1610.0,3514,,,,,,
,,,,,812975,1110.0,3178,,,,,,
,,,,,813000,,,59.44540786743164,130.85870361328125,130.63916015625,1508.7191162109375,0.01,5e-05
,,,,,813729,1540.0,3042,,,,,,
,,,,,814000,,,17.103153228759766,127.27410888671875,125.78683471679688,1100.433349609375,0.01,5e-05
,,,,,814372,1430.0,2602,,,,,,
,,,,,815000,,,26.240657806396484,111.9317398071289,113.83625793457031,2110.1552734375,0.01,5e-05
,,,,,815200,1450.0,3330,,,,,,
,,,,,815901,850.0,2826,,,,,,
,,,,,816000,,,21.44833755493164,115.24491882324219,116.77411651611328,2051.64794921875,0.01,5e-05
,,,,,816810,1760.0,3642,,,,,,
,,,,,817000,,,33.46211242675781,106.4862060546875,105.15574645996094,1124.4228515625,0.01,5e-05
,,,,,817733,1990.0,3698,,,,,,
,,,,,818000,,,22.52999496459961,122.84674072265625,124.37322998046875,1192.3682861328125,0.01,5e-05
,,,,,818353,840.0,2490,,,,,,
,,,,,819000,,,18.48758316040039,123.3918685913086,122.60537719726562,623.4011840820312,0.01,5e-05
,,,,,819335,1660.0,3946,,,,,,
,,,,,819937,900.0,2426,,,,,,
1320.0,262.86877,1750.0,1000.0,3287.6,820000,,,28.870716094970703,139.7292938232422,138.8556365966797,1443.90576171875,0.01,5e-05
,,,,,820813,1400.0,3530,,,,,,
,,,,,821000,,,1138.570556640625,122.61139678955078,129.06076049804688,5525.9423828125,0.01,5e-05
,,,,,821434,1530.0,2498,,,,,,
,,,,,822000,,,25.479095458984375,129.7294464111328,127.84680938720703,1273.546630859375,0.01,5e-05
,,,,,822197,1350.0,3066,,,,,,
,,,,,823000,,,15.92463493347168,143.59828186035156,144.63250732421875,798.6027221679688,0.01,5e-05
,,,,,823223,1140.0,4106,,,,,,
,,,,,824000,,,17.165203094482422,113.57547760009766,113.09663391113281,671.593505859375,0.01,5e-05
,,,,,824070,1170.0,3418,,,,,,
,,,,,824705,1050.0,2562,,,,,,
,,,,,825000,,,13.46839714050293,115.33443450927734,115.39743041992188,622.3425903320312,0.01,5e-05
,,,,,825420,790.0,2882,,,,,,
,,,,,826000,,,44.98040771484375,132.28265380859375,134.08876037597656,1591.9569091796875,0.01,5e-05
,,,,,826019,760.0,2410,,,,,,
,,,,,826721,700.0,2818,,,,,,
,,,,,827000,,,18.38726043701172,135.3571319580078,135.8513946533203,1499.365234375,0.01,5e-05
,,,,,827428,900.0,2850,,,,,,
,,,,,828000,,,1183.697265625,110.57377624511719,117.81535339355469,3948.228515625,0.01,5e-05
,,,,,828214,1220.0,3146,,,,,,
,,,,,829000,,,13.754436492919922,131.85809326171875,131.7452392578125,733.6608276367188,0.01,5e-05
,,,,,829006,1460.0,3186,,,,,,
,,,,,829843,1140.0,3370,,,,,,
1382.0,590.4879,2280.0,900.0,2763.6,830000,,,16.15618324279785,119.72672271728516,121.02925109863281,839.201904296875,0.01,5e-05
,,,,,830388,820.0,2194,,,,,,
,,,,,830988,1090.0,2402,,,,,,
,,,,,831000,,,18.44392204284668,117.26911926269531,119.0483169555664,929.296875,0.01,5e-05
,,,,,831864,1190.0,3514,,,,,,
,,,,,832000,,,19.831491470336914,129.95535278320312,127.59524536132812,1399.127197265625,0.01,5e-05
,,,,,832570,2140.0,2826,,,,,,
,,,,,833000,,,19.223159790039062,166.17227172851562,166.4923553466797,864.2965087890625,0.01,5e-05
,,,,,833306,1160.0,2970,,,,,,
,,,,,834000,,,18.771400451660156,135.43988037109375,133.19886779785156,1199.2166748046875,0.01,5e-05
,,,,,834372,2800.0,4282,,,,,,
,,,,,835000,,,25.695026397705078,129.77166748046875,129.84083557128906,865.3944091796875,0.01,5e-05
,,,,,835208,1600.0,3354,,,,,,
,,,,,835724,580.0,2066,,,,,,
,,,,,836000,,,23.778257369995117,122.18961334228516,123.11272430419922,817.6680908203125,0.01,5e-05
,,,,,836663,2740.0,3770,,,,,,
,,,,,837000,,,6.980283260345459,131.67623901367188,132.0486297607422,460.5724792480469,0.01,5e-05
,,,,,837457,1550.0,3186,,,,,,
,,,,,838000,,,27.106430053710938,132.56312561035156,131.38946533203125,1359.4246826171875,0.01,5e-05
,,,,,838379,1140.0,3706,,,,,,
,,,,,838956,700.0,2314,,,,,,
,,,,,839000,,,32.136383056640625,135.0377655029297,132.88241577148438,1646.6131591796875,0.01,5e-05
,,,,,839735,1170.0,3122,,,,,,
938.0,87.84077,1150.0,850.0,3086.0,840000,,,25.83514404296875,116.02983856201172,117.03120422363281,881.5457153320312,0.01,5e-05
,,,,,840496,1690.0,3066,,,,,,
,,,,,841000,,,15.428083419799805,137.68572998046875,136.88621520996094,749.42138671875,0.01,5e-05
,,,,,841054,880.0,2250,,,,,,
,,,,,841704,1050.0,2610,,,,,,
,,,,,842000,,,20.466930389404297,162.97314453125,164.46995544433594,875.7223510742188,0.01,5e-05
,,,,,842360,1000.0,2626,,,,,,
,,,,,842943,750.0,2346,,,,,,
,,,,,843000,,,38.088069915771484,130.43238830566406,128.39825439453125,2657.99658203125,0.01,5e-05
,,,,,843700,1380.0,3058,,,,,,
,,,,,844000,,,274.894287109375,141.39622497558594,136.9108123779297,6337.77783203125,0.01,5e-05
,,,,,844300,1070.0,2418,,,,,,
,,,,,844987,910.0,2746,,,,,,
,,,,,845000,,,1394.2628173828125,139.66168212890625,146.07589721679688,5545.2587890625,0.01,5e-05
,,,,,845915,920.0,3730,,,,,,
,,,,,846000,,,97.21687316894531,120.28691101074219,119.15227508544922,1680.86376953125,0.01,5e-05
,,,,,846719,1460.0,3226,,,,,,
,,,,,847000,,,17.16661834716797,132.61390686035156,132.8052978515625,692.4429321289062,0.01,5e-05
,,,,,847441,1010.0,2914,,,,,,
,,,,,848000,,,15.72619915008545,117.5113296508789,116.347412109375,764.62109375,0.01,5e-05
,,,,,848242,1670.0,3234,,,,,,
,,,,,849000,,,31.753765106201172,148.91632080078125,148.5371551513672,930.06640625,0.01,5e-05
,,,,,849114,1580.0,3514,,,,,,
1289.0,213.18771,1590.0,1100.0,3220.4,850000,,,26.760608673095703,125.36165618896484,128.1310577392578,2065.05908203125,0.01,5e-05
,,,,,850137,2650.0,4098,,,,,,
,,,,,850944,1940.0,3250,,,,,,
,,,,,851000,,,28.567890167236328,142.20480346679688,142.72317504882812,936.3707885742188,0.01,5e-05
,,,,,851776,2000.0,3338,,,,,,
,,,,,852000,,,20.319576263427734,145.71548461914062,145.1968231201172,811.7525634765625,0.01,5e-05
,,,,,852603,990.0,3330,,,,,,
,,,,,853000,,,14.65899658203125,116.28689575195312,116.77583312988281,642.6826171875,0.01,5e-05
,,,,,853610,2140.0,4034,,,,,,
,,,,,854000,,,32.30474853515625,115.6995620727539,114.99293518066406,1601.392333984375,0.01,5e-05
,,,,,854578,1630.0,3890,,,,,,
,,,,,855000,,,60.41221237182617,120.18418884277344,119.90278625488281,2453.078369140625,0.01,5e-05
,,,,,855536,2160.0,3842,,,,,,
,,,,,856000,,,14.406171798706055,130.30992126464844,128.6792449951172,966.2818603515625,0.01,5e-05
,,,,,856390,1130.0,3442,,,,,,
,,,,,857000,,,12.603649139404297,149.67495727539062,148.47804260253906,815.069091796875,0.01,5e-05
,,,,,857293,1390.0,3610,,,,,,
,,,,,858000,,,37.05630874633789,127.9522705078125,126.79102325439453,1317.3870849609375,0.01,5e-05
,,,,,858201,1540.0,3658,,,,,,
,,,,,858860,2350.0,2650,,,,,,
,,,,,859000,,,33.300540924072266,139.58096313476562,140.39743041992188,1400.8209228515625,0.01,5e-05
,,,,,859840,900.0,3922,,,,,,
1163.0,205.81789,1500.0,850.0,2909.2,860000,,,22.841148376464844,149.00941467285156,150.29505920410156,989.9894409179688,0.01,5e-05
,,,,,860827,2480.0,3954,,,,,,
,,,,,861000,,,19.43199348449707,148.82586669921875,150.96786499023438,1278.7293701171875,0.01,5e-05
,,,,,861542,2380.0,2866,,,,,,
,,,,,862000,,,36.14806365966797,148.17507934570312,145.7913818359375,2076.942626953125,0.01,5e-05
,,,,,862154,900.0,2450,,,,,,
,,,,,862799,900.0,2602,,,,,,
,,,,,863000,,,18.373912811279297,113.5687484741211,113.16412353515625,739.31787109375,0.01,5e-05
,,,,,863481,1230.0,2730,,,,,,
,,,,,864000,,,9.584044456481934,125.73008728027344,125.86945343017578,505.7826843261719,0.01,5e-05
,,,,,864411,1220.0,3738,,,,,,
,,,,,865000,,,13.68004035949707,111.1489486694336,111.08694458007812,728.7749633789062,0.01,5e-05
,,,,,865176,2490.0,3074,,,,,,
,,,,,865963,970.0,3170,,,,,,
,,,,,866000,,,20.649229049682617,123.95343780517578,126.25325775146484,1348.9354248046875,0.01,5e-05
,,,,,866681,1060.0,2882,,,,,,
,,,,,867000,,,17.861412048339844,148.90731811523438,150.5903778076172,1153.07177734375,0.01,5e-05
,,,,,867243,1570.0,2250,,,,,,
,,,,,868000,,,17.903587341308594,110.89772033691406,113.06207275390625,2181.992431640625,0.01,5e-05
,,,,,868139,1870.0,3594,,,,,,
,,,,,869000,,,29.63625144958496,140.22598266601562,139.04811096191406,1014.7510986328125,0.01,5e-05
,,,,,869076,2030.0,3754,,,,,,
,,,,,869791,1490.0,2858,,,,,,
1577.0,289.38037,1810.0,900.0,3030.0,870000,,,36.46330261230469,129.89463806152344,131.0537567138672,2067.430419921875,0.01,5e-05
,,,,,870414,800.0,2514,,,,,,
,,,,,871000,,,41.288414001464844,138.79666137695312,137.57275390625,1282.2264404296875,0.01,5e-05
,,,,,871087,960.0,2698,,,,,,
,,,,,871895,1260.0,3234,,,,,,
,,,,,872000,,,20.930919647216797,135.8773193359375,134.7322235107422,996.1862182617188,0.01,5e-05
,,,,,872798,1730.0,3626,,,,,,
,,,,,873000,,,15.533099174499512,137.5331573486328,136.8063507080078,877.12060546875,0.01,5e-05
,,,,,873610,1600.0,3274,,,,,,
,,,,,874000,,,17.96749496459961,102.7982177734375,101.54006958007812,1075.9000244140625,0.01,5e-05
,,,,,874494,1300.0,3538,,,,,,
,,,,,875000,,,18.128787994384766,115.30776977539062,114.8551025390625,748.0061645507812,0.01,5e-05
,,,,,875405,1940.0,3658,,,,,,
,,,,,876000,,,19.14295768737793,140.96368408203125,140.59182739257812,655.7655639648438,0.01,5e-05
,,,,,876214,1290.0,3258,,,,,,
,,,,,877000,,,19.4278564453125,153.7042999267578,153.78469848632812,786.3388671875,0.01,5e-05
,,,,,877329,1760.0,4458,,,,,,
,,,,,878000,,,12.44435977935791,143.41065979003906,143.37362670898438,616.7332153320312,0.01,5e-05
,,,,,878251,2330.0,3698,,,,,,
,,,,,879000,,,14.182832717895508,123.23789978027344,123.29214477539062,644.6359252929688,0.01,5e-05
,,,,,879172,1710.0,3706,,,,,,
,,,,,879792,660.0,2490,,,,,,
1493.0,489.36795,2090.0,1040.0,3118.8,880000,,,62.08182907104492,109.29808044433594,107.1539306640625,5028.21044921875,0.01,5e-05
,,,,,880476,940.0,2762,,,,,,
,,,,,881000,,,19.369815826416016,147.04800415039062,147.33218383789062,865.9071044921875,0.01,5e-05
,,,,,881192,2390.0,2874,,,,,,
,,,,,881817,1100.0,2522,,,,,,
,,,,,882000,,,13.202662467956543,134.52490234375,134.03903198242188,943.6040649414062,0.01,5e-05
,,,,,882604,1110.0,3178,,,,,,
,,,,,883000,,,11.189143180847168,142.25669860839844,142.07464599609375,602.3368530273438,0.01,5e-05
,,,,,883142,650.0,2162,,,,,,
,,,,,883652,710.0,2050,,,,,,
,,,,,884000,,,8.517827033996582,119.74557495117188,120.79791259765625,647.2549438476562,0.01,5e-05
,,,,,884369,1280.0,2890,,,,,,
,,,,,885000,,,23.71855926513672,109.163330078125,110.91499328613281,1629.598876953125,0.01,5e-05
,,,,,885131,1280.0,3074,,,,,,
,,,,,885970,1620.0,3362,,,,,,
,,,,,886000,,,23.06257438659668,139.8925018310547,141.0251007080078,980.591552734375,0.01,5e-05
,,,,,886543,690.0,2322,,,,,,
,,,,,887000,,,76.44190216064453,131.74298095703125,129.49554443359375,1701.39453125,0.01,5e-05
,,,,,887555,1690.0,4066,,,,,,
,,,,,888000,,,22.993968963623047,135.06942749023438,133.8157958984375,1101.6253662109375,0.01,5e-05
,,,,,888227,930.0,2714,,,,,,
,,,,,889000,,,8.890542984008789,127.565673828125,126.38336944580078,677.10302734375,0.01,5e-05
,,,,,889153,1040.0,3714,,,,,,
973.0,124.50301,1210.0,860.0,2602.8,890000,,,22.649944305419922,155.5618896484375,153.95700073242188,989.1895751953125,0.01,5e-05
,,,,,890070,2770.0,3674,,,,,,
,,,,,890836,1740.0,3074,,,,,,
,,,,,891000,,,22.35820770263672,125.6302719116211,123.62257385253906,1232.81494140625,0.01,5e-05
,,,,,891553,1330.0,2874,,,,,,
,,,,,892000,,,1285.093994140625,139.58212280273438,144.24623107910156,7679.166015625,0.01,5e-05
,,,,,892319,1210.0,3066,,,,,,
,,,,,893000,,,1260.8218994140625,103.43165588378906,109.71792602539062,4175.18603515625,0.01,5e-05
,,,,,893288,1740.0,3874,,,,,,
,,,,,893952,850.0,2658,,,,,,
,,,,,894000,,,134.87998962402344,137.955810546875,139.50668334960938,1712.3050537109375,0.01,5e-05
,,,,,894624,1160.0,2714,,,,,,
,,,,,895000,,,9.95579719543457,139.743408203125,138.70420837402344,1129.8671875,0.01,5e-05
,,,,,895334,1830.0,2850,,,,,,
,,,,,896000,,,39.244651794433594,132.9980926513672,132.75302124023438,1386.7740478515625,0.01,5e-05
,,,,,896060,1040.0,2906,,,,,,
,,,,,896678,920.0,2482,,,,,,
,,,,,897000,,,26.088151931762695,135.93426513671875,134.6849365234375,1002.5967407226562,0.01,5e-05
,,,,,897831,2670.0,4626,,,,,,
,,,,,898000,,,12.538451194763184,122.01502990722656,121.269287109375,725.564453125,0.01,5e-05
,,,,,898701,1230.0,3498,,,,,,
,,,,,899000,,,64.1820068359375,130.85748291015625,130.75424194335938,1376.816162109375,0.01,5e-05
,,,,,899396,1310.0,2794,,,,,,
1594.0,343.42975,2280.0,1390.0,3586.0,900000,,,23.843385696411133,135.0794219970703,136.00209045410156,1859.1163330078125,0.01,5e-05
,,,,,900313,2730.0,3690,,,,,,
,,,,,901000,,,23.706377029418945,136.75685119628906,136.63876342773438,793.543212890625,0.01,5e-05
,,,,,901690,1600.0,5530,,,,,,
,,,,,902000,,,27.44225311279297,117.0025634765625,116.80058288574219,613.50341796875,0.01,5e-05
,,,,,902594,1750.0,3618,,,,,,
,,,,,903000,,,14.269221305847168,133.9261016845703,133.1267852783203,909.230712890625,0.01,5e-05
,,,,,903727,1840.0,4554,,,,,,
,,,,,904000,,,22.89364242553711,119.97479248046875,121.42278289794922,1553.675048828125,0.01,5e-05
,,,,,904465,1180.0,2962,,,,,,
,,,,,905000,,,177.18321228027344,160.86279296875,165.61917114257812,3223.471923828125,0.01,5e-05
,,,,,905225,1400.0,3042,,,,,,
,,,,,906000,,,24.39960479736328,125.72723388671875,125.00384521484375,950.034912109375,0.01,5e-05
,,,,,906079,1270.0,3442,,,,,,
,,,,,906785,1830.0,2826,,,,,,
,,,,,907000,,,24.34671974182129,141.14028930664062,139.41566467285156,1253.89306640625,0.01,5e-05
,,,,,907332,800.0,2210,,,,,,
,,,,,908000,,,21.905759811401367,129.092529296875,127.63398742675781,918.8546142578125,0.01,5e-05
,,,,,908113,1210.0,3138,,,,,,
,,,,,908737,990.0,2522,,,,,,
,,,,,909000,,,37.01774597167969,123.19005584716797,123.55560302734375,1412.0474853515625,0.01,5e-05
,,,,,909375,1110.0,2562,,,,,,
1830.0,695.58606,2640.0,930.0,3254.0,910000,,,7.544985771179199,164.32769775390625,163.78759765625,583.2785034179688,0.01,5e-05
,,,,,910072,1050.0,2802,,,,,,
,,,,,911000,,,19.72290802001953,125.62147521972656,126.13664245605469,806.9017333984375,0.01,5e-05
,,,,,911047,1610.0,3914,,,,,,
,,,,,911930,1290.0,3530,,,,,,
,,,,,912000,,,43.624271392822266,132.37307739257812,130.8349151611328,4084.24072265625,0.01,5e-05
,,,,,912853,1920.0,3706,,,,,,
,,,,,913000,,,10.851701736450195,139.35348510742188,140.33421325683594,708.9296875,0.01,5e-05
,,,,,913599,770.0,2994,,,,,,
,,,,,914000,,,41.10321807861328,117.23477172851562,115.50867462158203,1842.9044189453125,0.01,5e-05
,,,,,914511,2400.0,3658,,,,,,
,,,,,915000,,,11.056315422058105,141.32269287109375,141.2883758544922,1199.1800537109375,0.01,5e-05
,,,,,915251,1570.0,2962,,,,,,
,,,,,916000,,,70.64434814453125,119.7298812866211,122.32953643798828,1536.333251953125,0.01,5e-05
,,,,,916013,1630.0,3058,,,,,,
,,,,,916706,1300.0,2794,,,,,,
,,,,,917000,,,40.87303161621094,146.42955017089844,146.54330444335938,1351.7646484375,0.01,5e-05
,,,,,917472,990.0,3090,,,,,,
,,,,,918000,,,7.629029273986816,136.72445678710938,136.54493713378906,533.8265991210938,0.01,5e-05
,,,,,918314,1800.0,3378,,,,,,
,,,,,919000,,,64.74064636230469,139.06849670410156,140.3248748779297,1206.307373046875,0.01,5e-05
,,,,,919060,1130.0,3010,,,,,,
,,,,,919784,1240.0,2906,,,,,,
1512.0,250.07199,1930.0,1230.0,3152.4,920000,,,55.46320343017578,140.7022705078125,141.804443359375,1512.3304443359375,0.01,5e-05
,,,,,920342,1340.0,2242,,,,,,
,,,,,921000,,,11.737358093261719,123.87368774414062,123.46623229980469,536.2805786132812,0.01,5e-05
,,,,,921220,1240.0,3522,,,,,,
,,,,,921849,1100.0,2530,,,,,,
,,,,,922000,,,14.925811767578125,160.6708984375,160.3653564453125,751.1900634765625,0.01,5e-05
,,,,,922388,1080.0,2170,,,,,,
,,,,,923000,,,85.15599060058594,125.20976257324219,124.51856994628906,1597.3270263671875,0.01,5e-05
,,,,,923255,1390.0,3490,,,,,,
,,,,,924000,,,16.681922912597656,121.8095703125,120.6514892578125,950.2388305664062,0.01,5e-05
,,,,,924211,1920.0,3850,,,,,,
,,,,,924779,1570.0,2290,,,,,,
,,,,,925000,,,37.709938049316406,128.46932983398438,128.26968383789062,1463.54052734375,0.01,5e-05
,,,,,925365,880.0,2362,,,,,,
,,,,,926000,,,20.60736846923828,124.21542358398438,124.75788116455078,1135.1444091796875,0.01,5e-05
,,,,,926339,1600.0,3914,,,,,,
,,,,,927000,,,24.30947494506836,114.55853271484375,113.81221008300781,794.0899047851562,0.01,5e-05
,,,,,927029,1490.0,2786,,,,,,
,,,,,928000,,,167.98757934570312,139.71038818359375,142.17251586914062,2115.30419921875,0.01,5e-05
,,,,,928054,1200.0,4122,,,,,,
,,,,,928814,1370.0,3050,,,,,,
,,,,,929000,,,11.841373443603516,137.13758850097656,137.4907684326172,732.2833251953125,0.01,5e-05
,,,,,929647,1500.0,3354,,,,,,
1757.0,710.50757,3170.0,1210.0,3033.2,930000,,,25.969175338745117,124.6029281616211,123.37361145019531,1132.1527099609375,0.01,5e-05
,,,,,930297,1610.0,2618,,,,,,
,,,,,931000,,,9.824531555175781,130.1857147216797,128.64537048339844,779.2227172851562,0.01,5e-05
,,,,,931149,1210.0,3434,,,,,,
,,,,,932000,,,22.618587493896484,129.71678161621094,129.56906127929688,638.9924926757812,0.01,5e-05
,,,,,932186,1320.0,4162,,,,,,
,,,,,933000,,,36.00709533691406,122.59051513671875,123.86183166503906,1398.1805419921875,0.01,5e-05
,,,,,933024,1340.0,3362,,,,,,
,,,,,933810,1760.0,3170,,,,,,
,,,,,934000,,,1397.433837890625,122.82026672363281,129.17584228515625,6021.1572265625,0.01,5e-05
,,,,,934543,1540.0,2946,,,,,,
,,,,,935000,,,18.00473403930664,146.89132690429688,146.65858459472656,1190.25634765625,0.01,5e-05
,,,,,935177,1190.0,2538,,,,,,
,,,,,935873,1460.0,2794,,,,,,
,,,,,936000,,,16.573135375976562,128.56698608398438,126.68988800048828,1177.87353515625,0.01,5e-05
,,,,,936518,1120.0,2594,,,,,,
,,,,,937000,,,10.626816749572754,156.31503295898438,156.86392211914062,719.3342895507812,0.01,5e-05
,,,,,937150,790.0,2538,,,,,,
,,,,,937802,870.0,2634,,,,,,
,,,,,938000,,,19.257606506347656,127.81877136230469,128.2137908935547,1376.7613525390625,0.01,5e-05
,,,,,938416,1570.0,2482,,,,,,
,,,,,939000,,,48.67290115356445,150.66668701171875,149.22149658203125,2185.77587890625,0.01,5e-05
,,,,,939251,1780.0,3346,,,,,,
,,,,,939977,1830.0,2930,,,,,,
1396.0,360.08887,1690.0,950.0,3192.4,940000,,,6.532895088195801,123.01084899902344,122.88995361328125,419.8288269042969,0.01,5e-05
,,,,,940914,1760.0,3762,,,,,,
,,,,,941000,,,103.26128387451172,149.34779357910156,146.865234375,2830.3671875,0.01,5e-05
,,,,,941609,2330.0,2802,,,,,,
,,,,,942000,,,83.45510864257812,137.2423095703125,136.2938232421875,1588.2052001953125,0.01,5e-05
,,,,,942321,1280.0,2866,,,,,,
,,,,,943000,,,237.8408660888672,138.1204833984375,140.55865478515625,2639.88330078125,0.01,5e-05
,,,,,943391,2710.0,4290,,,,,,
,,,,,944000,,,8.015829086303711,122.07258605957031,121.41729736328125,549.8471069335938,0.01,5e-05
,,,,,944099,1210.0,2858,,,,,,
,,,,,944650,950.0,2202,,,,,,
,,,,,945000,,,22.03895378112793,121.63207244873047,120.52037048339844,789.546875,0.01,5e-05
,,,,,945346,1290.0,2810,,,,,,
,,,,,946000,,,62.874778747558594,144.8431396484375,146.03012084960938,1296.6240234375,0.01,5e-05
,,,,,946227,1740.0,3546,,,,,,
,,,,,947000,,,1339.365234375,128.12863159179688,136.64590454101562,4971.72607421875,0.01,5e-05
,,,,,947169,1560.0,3794,,,,,,
,,,,,947954,1500.0,3146,,,,,,
,,,,,948000,,,11.766668319702148,124.06680297851562,123.74314880371094,491.654296875,0.01,5e-05
,,,,,948677,1170.0,2914,,,,,,
,,,,,949000,,,4834.05615234375,139.54638671875,151.4300994873047,15092.73828125,0.01,5e-05
,,,,,949548,1310.0,3490,,,,,,
826.0,118.25397,990.0,620.0,3099.6,950000,,,8.697229385375977,124.41651153564453,124.74681091308594,476.6253662109375,0.01,5e-05
,,,,,950453,1480.0,3626,,,,,,
,,,,,951000,,,51.78108215332031,130.71551513671875,128.89859008789062,2091.012451171875,0.01,5e-05
,,,,,951180,1460.0,2906,,,,,,
,,,,,952000,,,22.253917694091797,130.7564239501953,131.80191040039062,915.779541015625,0.01,5e-05
,,,,,952262,2050.0,4346,,,,,,
,,,,,953000,,,21.28392219543457,130.09669494628906,131.67245483398438,1294.1689453125,0.01,5e-05
,,,,,953238,1860.0,3906,,,,,,
,,,,,954000,,,18.70205307006836,121.31793212890625,120.14213562011719,745.835205078125,0.01,5e-05
,,,,,954286,1740.0,4194,,,,,,
,,,,,954939,1610.0,2618,,,,,,
,,,,,955000,,,22.563297271728516,148.71713256835938,148.4521484375,909.1557006835938,0.01,5e-05
,,,,,955769,1260.0,3322,,,,,,
,,,,,956000,,,18.025192260742188,150.75030517578125,151.24253845214844,1003.466064453125,0.01,5e-05
,,,,,956572,1180.0,3234,,,,,,
,,,,,957000,,,9.808429718017578,117.23650360107422,117.25682830810547,894.0588989257812,0.01,5e-05
,,,,,957261,900.0,2778,,,,,,
,,,,,957829,1010.0,2274,,,,,,
,,,,,958000,,,18.68584442138672,141.10113525390625,141.44223022460938,731.3173828125,0.01,5e-05
,,,,,958488,1010.0,2642,,,,,,
,,,,,959000,,,20.18703269958496,120.23872375488281,120.68597412109375,710.3805541992188,0.01,5e-05
,,,,,959262,1040.0,3106,,,,,,
1073.0,70.71775,1140.0,940.0,2783.6,960000,,,31.0546932220459,127.22105407714844,127.94857788085938,906.3262329101562,0.01,5e-05
,,,,,960032,1580.0,3082,,,,,,
,,,,,960716,1540.0,2754,,,,,,
,,,,,961000,,,14.705410957336426,119.98526000976562,120.56427764892578,1030.15869140625,0.01,5e-05
,,,,,961705,1930.0,3986,,,,,,
,,,,,962000,,,11.28016471862793,124.75519561767578,125.64859771728516,957.6116943359375,0.01,5e-05
,,,,,962489,2420.0,3146,,,,,,
,,,,,963000,,,81.70558166503906,126.51051330566406,125.93818664550781,3388.89453125,0.01,5e-05
,,,,,963145,1150.0,2642,,,,,,
,,,,,964000,,,58.28382110595703,120.75286865234375,118.96278381347656,2047.309814453125,0.01,5e-05
,,,,,964028,1300.0,3554,,,,,,
,,,,,964891,1340.0,3458,,,,,,
,,,,,965000,,,46.312198638916016,144.28768920898438,144.06900024414062,1719.5599365234375,0.01,5e-05
,,,,,965615,990.0,2906,,,,,,
,,,,,966000,,,28.602455139160156,122.8519515991211,120.66161346435547,1483.703369140625,0.01,5e-05
,,,,,966519,1740.0,3618,,,,,,
,,,,,967000,,,14.102388381958008,115.73635864257812,116.31326293945312,819.7124633789062,0.01,5e-05
,,,,,967076,780.0,2242,,,,,,
,,,,,967753,1380.0,2730,,,,,,
,,,,,968000,,,28.44420051574707,144.6258544921875,141.83795166015625,1594.8731689453125,0.01,5e-05
,,,,,968706,1650.0,3818,,,,,,
,,,,,969000,,,16.53369140625,123.01734924316406,122.43333435058594,778.82373046875,0.01,5e-05
,,,,,969632,1490.0,3722,,,,,,
1375.0,259.08493,1750.0,1100.0,3807.6,970000,,,41.149436950683594,118.77998352050781,117.83946228027344,1434.843994140625,0.01,5e-05
,,,,,970350,2270.0,2890,,,,,,
,,,,,971000,,,93.06026458740234,133.5934295654297,133.66261291503906,1868.726318359375,0.01,5e-05
,,,,,971115,1020.0,3074,,,,,,
,,,,,971677,1120.0,2258,,,,,,
,,,,,972000,,,19.234813690185547,135.0507354736328,134.39007568359375,761.6508178710938,0.01,5e-05
,,,,,972673,1400.0,3986,,,,,,
,,,,,973000,,,1223.6690673828125,132.34933471679688,139.35311889648438,6134.64990234375,0.01,5e-05
,,,,,973356,970.0,2746,,,,,,
,,,,,974000,,,12.195427894592285,128.39779663085938,127.69312286376953,847.500244140625,0.01,5e-05
,,,,,974169,830.0,3258,,,,,,
,,,,,975000,,,22.644962310791016,115.90778350830078,116.22062683105469,805.7208862304688,0.01,5e-05
,,,,,975028,1150.0,3434,,,,,,
,,,,,975759,1080.0,2930,,,,,,
,,,,,976000,,,20.845932006835938,112.72523498535156,113.6248550415039,835.59228515625,0.01,5e-05
,,,,,976359,780.0,2426,,,,,,
,,,,,976999,930.0,2570,,,,,,
,,,,,977000,,,30.184326171875,133.0338592529297,134.94862365722656,1637.820556640625,0.01,5e-05
,,,,,977907,1820.0,3658,,,,,,
,,,,,978000,,,17.69114112854004,130.22781372070312,130.33663940429688,724.9796752929688,0.01,5e-05
,,,,,978969,2160.0,4258,,,,,,
,,,,,979000,,,23.5816650390625,137.10812377929688,134.59036254882812,1436.1697998046875,0.01,5e-05
,,,,,979611,1250.0,2578,,,,,,
1470.0,505.33157,2040.0,760.0,3367.6,980000,,,40.19391632080078,143.71795654296875,143.25714111328125,1291.872314453125,0.01,5e-05
,,,,,980271,1240.0,2666,,,,,,
,,,,,981000,,,33.20729446411133,124.52369689941406,124.87020874023438,1008.6475830078125,0.01,5e-05
,,,,,981125,1870.0,3426,,,,,,
,,,,,981918,1140.0,3178,,,,,,
,,,,,982000,,,17.54265785217285,133.83599853515625,132.91519165039062,811.7262573242188,0.01,5e-05
,,,,,982451,770.0,2154,,,,,,
,,,,,983000,,,18.490711212158203,137.94302368164062,137.5791778564453,738.9203491210938,0.01,5e-05
,,,,,983253,1380.0,3226,,,,,,
,,,,,984000,,,57.23851776123047,143.94815063476562,145.1368408203125,1757.7767333984375,0.01,5e-05
,,,,,984002,1430.0,3026,,,,,,
,,,,,984916,1830.0,3682,,,,,,
,,,,,985000,,,30.08188819885254,123.91583251953125,124.74757385253906,841.449951171875,0.01,5e-05
,,,,,985711,1250.0,3202,,,,,,
,,,,,986000,,,24.63626480102539,140.88946533203125,141.86740112304688,1412.6419677734375,0.01,5e-05
,,,,,986469,840.0,3042,,,,,,
,,,,,987000,,,22.819377899169922,149.31320190429688,150.73008728027344,1420.9942626953125,0.01,5e-05
,,,,,987190,1170.0,2898,,,,,,
,,,,,988000,,,11.755064010620117,121.67039489746094,121.77111053466797,640.63330078125,0.01,5e-05
,,,,,988032,1070.0,3378,,,,,,
,,,,,988669,970.0,2554,,,,,,
,,,,,989000,,,73.08204650878906,117.64232635498047,117.57913208007812,1922.2276611328125,0.01,5e-05
,,,,,989387,1140.0,2882,,,,,,
1910.0,563.20514,2770.0,1170.0,3506.0,990000,,,14.327230453491211,139.87106323242188,137.9657745361328,1221.0355224609375,0.01,5e-05
,,,,,990122,1100.0,2962,,,,,,
,,,,,990924,1650.0,3234,,,,,,
,,,,,991000,,,29.085834503173828,112.36277770996094,113.8246078491211,1086.82421875,0.01,5e-05
,,,,,991654,1330.0,2946,,,,,,
,,,,,992000,,,13.513672828674316,141.25741577148438,141.60040283203125,681.667724609375,0.01,5e-05
,,,,,992752,2880.0,4418,,,,,,
,,,,,993000,,,19.377580642700195,137.48745727539062,137.2856903076172,718.3587646484375,0.01,5e-05
,,,,,993626,1110.0,3514,,,,,,
,,,,,994000,,,133.6271209716797,137.11538696289062,139.29562377929688,1745.5487060546875,0.01,5e-05
,,,,,994375,1780.0,3010,,,,,,
,,,,,995000,,,1325.8494873046875,143.6748046875,148.67807006835938,6879.29248046875,0.01,5e-05
,,,,,995139,1190.0,3066,,,,,,
,,,,,995742,1330.0,2434,,,,,,
,,,,,996000,,,15.895570755004883,122.45923614501953,124.07110595703125,922.2070922851562,0.01,5e-05
,,,,,996414,1160.0,2690,,,,,,
,,,,,997000,,,9.151010513305664,109.90864562988281,110.9378662109375,650.3375244140625,0.01,5e-05
,,,,,997140,1380.0,2922,,,,,,
,,,,,998000,,,1197.8409423828125,134.87603759765625,139.8124542236328,5086.61669921875,0.01,5e-05
,,,,,998074,1270.0,3738,,,,,,
,,,,,998899,1160.0,3330,,,,,,
,,,,,999000,,,25.76873207092285,156.92236328125,157.59957885742188,890.374267578125,0.01,5e-05
,,,,,999842,1170.0,3778,,,,,,
