Eval_AverageReturn,Eval_StdReturn,Eval_MaxReturn,Eval_MinReturn,Eval_AverageEpLen,step,Train_EpisodeReturn,Train_EpisodeLen,critic_loss,q_values,target_values,grad_norm,epsilon,lr
-610.52515,157.47423,-416.84512,-913.4097,91.6,0,,,,,,,,
,,,,,76,-93.36861,77,,,,,,
,,,,,134,-74.89131,58,,,,,,
,,,,,191,-150.82913,57,,,,,,
,,,,,299,-145.44774,108,,,,,,
,,,,,387,-127.82355,88,,,,,,
,,,,,478,-231.48776,91,,,,,,
,,,,,575,-94.01829,97,,,,,,
,,,,,636,-173.00467,61,,,,,,
,,,,,724,-85.192566,88,,,,,,
,,,,,801,-113.01207,77,,,,,,
,,,,,856,-164.03287,55,,,,,,
,,,,,930,-100.02351,74,,,,,,
,,,,,998,-92.71086,68,,,,,,
,,,,,1096,-323.93536,98,,,,,,
,,,,,1173,-226.25822,77,,,,,,
,,,,,1229,-70.41207,56,,,,,,
,,,,,1297,-154.15973,68,,,,,,
,,,,,1393,-118.41147,96,,,,,,
,,,,,1443,-77.51053,50,,,,,,
,,,,,1507,-180.7244,64,,,,,,
,,,,,1565,-92.21883,58,,,,,,
,,,,,1644,-108.6295,79,,,,,,
,,,,,1718,-159.68982,74,,,,,,
,,,,,1801,-211.58734,83,,,,,,
,,,,,1894,-95.23819,93,,,,,,
,,,,,1991,-144.73033,97,,,,,,
,,,,,2049,-128.18617,58,,,,,,
,,,,,2132,-121.72562,83,,,,,,
,,,,,2244,-124.34796,112,,,,,,
,,,,,2320,-131.84315,76,,,,,,
,,,,,2375,-50.990707,55,,,,,,
,,,,,2470,-149.17213,95,,,,,,
,,,,,2533,-107.51847,63,,,,,,
,,,,,2596,-44.927254,63,,,,,,
,,,,,2651,-89.16211,55,,,,,,
,,,,,2731,-140.78539,80,,,,,,
,,,,,2792,-86.59426,61,,,,,,
,,,,,2887,-221.06313,95,,,,,,
,,,,,2948,-109.2056,61,,,,,,
,,,,,3026,-89.27855,78,,,,,,
,,,,,3104,-335.14532,78,,,,,,
,,,,,3196,-110.78264,92,,,,,,
,,,,,3251,-93.137024,55,,,,,,
,,,,,3339,-198.92197,88,,,,,,
,,,,,3433,-175.40646,94,,,,,,
,,,,,3505,-121.234985,72,,,,,,
,,,,,3598,-254.10489,93,,,,,,
,,,,,3658,-112.453476,60,,,,,,
,,,,,3751,-96.11094,93,,,,,,
,,,,,3805,-110.75601,54,,,,,,
,,,,,3891,-93.24414,86,,,,,,
,,,,,3965,-114.772385,74,,,,,,
,,,,,4061,-325.43182,96,,,,,,
,,,,,4153,-199.0467,92,,,,,,
,,,,,4226,-92.8469,73,,,,,,
,,,,,4322,-243.39369,96,,,,,,
,,,,,4375,-113.203445,53,,,,,,
,,,,,4433,-273.96387,58,,,,,,
,,,,,4493,-87.60701,60,,,,,,
,,,,,4562,-117.32603,69,,,,,,
,,,,,4616,-87.02507,54,,,,,,
,,,,,4689,-193.78377,73,,,,,,
,,,,,4804,-178.83047,115,,,,,,
,,,,,4891,-104.28873,87,,,,,,
,,,,,4986,-220.8126,95,,,,,,
,,,,,5071,-99.62103,85,,,,,,
,,,,,5165,-227.23593,94,,,,,,
,,,,,5230,-141.39874,65,,,,,,
,,,,,5315,-79.263,85,,,,,,
,,,,,5391,-88.74032,76,,,,,,
,,,,,5472,-214.74628,81,,,,,,
,,,,,5532,-88.51854,60,,,,,,
,,,,,5589,-116.250565,57,,,,,,
,,,,,5654,-92.466034,65,,,,,,
,,,,,5734,-125.60735,80,,,,,,
,,,,,5792,-84.23543,58,,,,,,
,,,,,5881,-84.938324,89,,,,,,
,,,,,5976,-262.8929,95,,,,,,
,,,,,6033,-85.961464,57,,,,,,
,,,,,6125,-151.5868,92,,,,,,
,,,,,6205,-155.97464,80,,,,,,
,,,,,6264,-103.3684,59,,,,,,
,,,,,6357,-327.8549,93,,,,,,
,,,,,6433,-166.00835,76,,,,,,
,,,,,6507,-122.082756,74,,,,,,
,,,,,6589,-104.93742,82,,,,,,
,,,,,6683,-131.26103,94,,,,,,
,,,,,6774,-200.16089,91,,,,,,
,,,,,6854,-198.57988,80,,,,,,
,,,,,6927,-125.332634,73,,,,,,
,,,,,7026,-20.323875,99,,,,,,
,,,,,7093,-105.00348,67,,,,,,
,,,,,7170,-458.28793,77,,,,,,
,,,,,7267,-180.40732,97,,,,,,
,,,,,7344,-111.81553,77,,,,,,
,,,,,7400,-81.37146,56,,,,,,
,,,,,7470,-89.628,70,,,,,,
,,,,,7539,-271.5746,69,,,,,,
,,,,,7622,-290.77927,83,,,,,,
,,,,,7737,-149.24298,115,,,,,,
,,,,,7795,-118.22133,58,,,,,,
,,,,,7853,-109.90596,58,,,,,,
,,,,,7962,-260.4759,109,,,,,,
,,,,,8024,-70.89871,62,,,,,,
,,,,,8090,-88.097855,66,,,,,,
,,,,,8156,-240.08101,66,,,,,,
,,,,,8212,-90.17489,56,,,,,,
,,,,,8267,-91.18221,55,,,,,,
,,,,,8325,-153.12009,58,,,,,,
,,,,,8380,-66.65256,55,,,,,,
,,,,,8437,-72.29596,57,,,,,,
,,,,,8497,-41.153236,60,,,,,,
,,,,,8592,-149.14151,95,,,,,,
,,,,,8660,-80.98857,68,,,,,,
,,,,,8735,-240.08434,75,,,,,,
,,,,,8817,-212.18549,82,,,,,,
,,,,,8910,-129.72192,93,,,,,,
,,,,,9001,-179.67157,91,,,,,,
,,,,,9065,-109.1831,64,,,,,,
,,,,,9126,-95.90093,61,,,,,,
,,,,,9198,-270.19858,72,,,,,,
,,,,,9290,-395.00037,92,,,,,,
,,,,,9360,-132.59718,70,,,,,,
,,,,,9430,-129.49364,70,,,,,,
,,,,,9502,-219.06816,72,,,,,,
,,,,,9568,-141.02338,66,,,,,,
,,,,,9643,-218.25595,75,,,,,,
,,,,,9705,-106.56496,62,,,,,,
,,,,,9805,-239.86446,100,,,,,,
,,,,,9865,-145.49292,60,,,,,,
,,,,,9947,-146.99876,82,,,,,,
-611.3951,141.37341,-453.9909,-991.0151,89.5,10000,,,,,,,,
,,,,,10023,-137.03912,76,,,,,,
,,,,,10094,-152.27005,71,,,,,,
,,,,,10154,-196.24335,60,,,,,,
,,,,,10210,-69.80725,56,,,,,,
,,,,,10288,-97.20976,78,,,,,,
,,,,,10340,-100.06753,52,,,,,,
,,,,,10394,-93.95388,54,,,,,,
,,,,,10449,-117.86903,55,,,,,,
,,,,,10507,-76.91525,58,,,,,,
,,,,,10620,-157.40155,113,,,,,,
,,,,,10703,-109.35595,83,,,,,,
,,,,,10776,-351.59235,73,,,,,,
,,,,,10841,-308.28568,65,,,,,,
,,,,,10907,-145.09161,66,,,,,,
,,,,,10976,-97.99051,69,,,,,,
,,,,,11068,-172.89854,92,,,,,,
,,,,,11153,-126.33102,85,,,,,,
,,,,,11221,-233.44238,68,,,,,,
,,,,,11287,-156.91197,66,,,,,,
,,,,,11383,-305.29517,96,,,,,,
,,,,,11477,-109.36507,94,,,,,,
,,,,,11547,-152.95029,70,,,,,,
,,,,,11638,-275.4521,91,,,,,,
,,,,,11732,-81.211426,94,,,,,,
,,,,,11792,-107.94175,60,,,,,,
,,,,,11858,-402.91037,66,,,,,,
,,,,,11942,-137.27736,84,,,,,,
,,,,,12034,-278.707,92,,,,,,
,,,,,12103,-47.364155,69,,,,,,
,,,,,12187,-119.5553,84,,,,,,
,,,,,12286,-119.57126,99,,,,,,
,,,,,12342,-102.37436,56,,,,,,
,,,,,12405,-102.84197,63,,,,,,
,,,,,12511,-60.736397,106,,,,,,
,,,,,12573,-96.83009,62,,,,,,
,,,,,12642,-81.98808,69,,,,,,
,,,,,12710,-118.73088,68,,,,,,
,,,,,12803,-162.4275,93,,,,,,
,,,,,12908,-127.83434,105,,,,,,
,,,,,12983,-223.90866,75,,,,,,
,,,,,13051,-96.444695,68,,,,,,
,,,,,13106,-157.863,55,,,,,,
,,,,,13192,-87.45262,86,,,,,,
,,,,,13274,-447.65775,82,,,,,,
,,,,,13344,-111.48387,70,,,,,,
,,,,,13400,-51.682228,56,,,,,,
,,,,,13457,-73.26615,57,,,,,,
,,,,,13555,-98.00562,98,,,,,,
,,,,,13621,-94.84383,66,,,,,,
,,,,,13687,-175.86035,66,,,,,,
,,,,,13783,-204.82677,96,,,,,,
,,,,,13873,-303.9363,90,,,,,,
,,,,,13934,-82.05098,61,,,,,,
,,,,,14016,-68.73009,82,,,,,,
,,,,,14087,-122.93562,71,,,,,,
,,,,,14179,-126.40335,92,,,,,,
,,,,,14259,-214.17842,80,,,,,,
,,,,,14327,-96.19936,68,,,,,,
,,,,,14389,-133.75714,62,,,,,,
,,,,,14452,-113.3826,63,,,,,,
,,,,,14515,-128.42061,63,,,,,,
,,,,,14584,-99.30296,69,,,,,,
,,,,,14661,-226.34648,77,,,,,,
,,,,,14754,-167.31914,93,,,,,,
,,,,,14852,-133.65298,98,,,,,,
,,,,,14935,-101.76348,83,,,,,,
,,,,,15007,-104.35176,72,,,,,,
,,,,,15064,-74.5108,57,,,,,,
,,,,,15162,-374.886,98,,,,,,
,,,,,15249,-64.086075,87,,,,,,
,,,,,15367,-308.7552,118,,,,,,
,,,,,15438,-83.674194,71,,,,,,
,,,,,15512,-181.5708,74,,,,,,
,,,,,15608,-93.63088,96,,,,,,
,,,,,15708,-123.48916,100,,,,,,
,,,,,15785,-124.891335,77,,,,,,
,,,,,15853,-109.64215,68,,,,,,
,,,,,15936,-405.5972,83,,,,,,
,,,,,16020,-132.96465,84,,,,,,
,,,,,16128,-148.08884,108,,,,,,
,,,,,16204,-114.65693,76,,,,,,
,,,,,16295,-286.96924,91,,,,,,
,,,,,16364,-155.68158,69,,,,,,
,,,,,16420,-102.98404,56,,,,,,
,,,,,16504,-117.54031,84,,,,,,
,,,,,16572,-79.939606,68,,,,,,
,,,,,16642,-80.06562,70,,,,,,
,,,,,16705,-84.167854,63,,,,,,
,,,,,16789,-159.45682,84,,,,,,
,,,,,16856,-91.05754,67,,,,,,
,,,,,16951,-166.97574,95,,,,,,
,,,,,17045,-93.33878,94,,,,,,
,,,,,17110,-131.10529,65,,,,,,
,,,,,17212,-43.832508,102,,,,,,
,,,,,17303,-238.7549,91,,,,,,
,,,,,17383,-133.34644,80,,,,,,
,,,,,17449,-153.70624,66,,,,,,
,,,,,17516,-114.0168,67,,,,,,
,,,,,17631,-52.852524,115,,,,,,
,,,,,17700,-91.29637,69,,,,,,
,,,,,17793,-117.394745,93,,,,,,
,,,,,17883,-99.04947,90,,,,,,
,,,,,17978,-145.33604,95,,,,,,
,,,,,18978,33.534565,1000,,,,,,
,,,,,19042,-105.33382,64,,,,,,
,,,,,19143,-306.55713,101,,,,,,
,,,,,19208,-109.94454,65,,,,,,
,,,,,19277,-116.94621,69,,,,,,
,,,,,19354,-108.40846,77,,,,,,
,,,,,19433,-127.15749,79,,,,,,
,,,,,19532,-342.2298,99,,,,,,
,,,,,19616,-193.31436,84,,,,,,
,,,,,19686,-103.43557,70,,,,,,
,,,,,19780,-206.06616,94,,,,,,
,,,,,19838,-80.51062,58,,,,,,
,,,,,19911,-9.988892,73,,,,,,
,,,,,19989,-294.06717,78,,,,,,
-1008.80066,353.54044,-453.39835,-1843.324,118.3,20000,,,481.2120666503906,-0.0537867546081543,-5.873090744018555,39.278717041015625,0.88,0.001
,,,,,20058,-137.67226,69,,,,,,
,,,,,20118,-94.44032,60,,,,,,
,,,,,20214,-303.3906,96,,,,,,
,,,,,20305,-234.83597,91,,,,,,
,,,,,20363,-116.2302,58,,,,,,
,,,,,20443,-390.79974,80,,,,,,
,,,,,20504,-152.51254,61,,,,,,
,,,,,20593,-136.17291,89,,,,,,
,,,,,20682,-235.15002,89,,,,,,
,,,,,20774,-554.5829,92,,,,,,
,,,,,20864,-145.03798,90,,,,,,
,,,,,20953,-454.3584,89,,,,,,
,,,,,21000,,,16.668882369995117,-1.7926629781723022,-1.297389268875122,25.66466522216797,0.874,0.001
,,,,,21016,-114.400795,63,,,,,,
,,,,,21124,-373.2947,108,,,,,,
,,,,,21198,-161.46326,74,,,,,,
,,,,,21276,-198.09146,78,,,,,,
,,,,,21337,-97.00016,61,,,,,,
,,,,,21424,-453.53055,87,,,,,,
,,,,,21513,-213.6529,89,,,,,,
,,,,,21597,-123.03069,84,,,,,,
,,,,,21700,-242.1451,103,,,,,,
,,,,,21758,-78.85494,58,,,,,,
,,,,,21865,-680.944,107,,,,,,
,,,,,21928,-243.58302,63,,,,,,
,,,,,22000,,,50.35643005371094,-0.9712557792663574,-2.0621485710144043,33.58073043823242,0.868,0.001
,,,,,22020,-193.24915,92,,,,,,
,,,,,22093,-138.38342,73,,,,,,
,,,,,22150,-107.65387,57,,,,,,
,,,,,22221,-108.719666,71,,,,,,
,,,,,22289,-314.31558,68,,,,,,
,,,,,22351,-107.41331,62,,,,,,
,,,,,22470,-381.82523,119,,,,,,
,,,,,22542,-292.1339,72,,,,,,
,,,,,22611,-94.76211,69,,,,,,
,,,,,22706,-481.31448,95,,,,,,
,,,,,22762,-80.55582,56,,,,,,
,,,,,22818,-286.70837,56,,,,,,
,,,,,22893,-316.05286,75,,,,,,
,,,,,22998,-245.2706,105,,,,,,
,,,,,23000,,,177.71463012695312,-1.659965991973877,-2.807485818862915,75.27531433105469,0.862,0.001
,,,,,23108,-478.6553,110,,,,,,
,,,,,23169,-138.92892,61,,,,,,
,,,,,23223,-94.19955,54,,,,,,
,,,,,23296,-155.23602,73,,,,,,
,,,,,23395,-153.77971,99,,,,,,
,,,,,23454,-80.182655,59,,,,,,
,,,,,23532,-308.70633,78,,,,,,
,,,,,23628,-433.18747,96,,,,,,
,,,,,23701,-174.86023,73,,,,,,
,,,,,23772,-333.3259,71,,,,,,
,,,,,23882,-200.56177,110,,,,,,
,,,,,23963,-213.84506,81,,,,,,
,,,,,24000,,,494.29437255859375,-3.563171863555908,-3.80997371673584,79.54153442382812,0.856,0.001
,,,,,24075,-189.49501,112,,,,,,
,,,,,24158,-321.4779,83,,,,,,
,,,,,24273,-512.81006,115,,,,,,
,,,,,24381,-553.27466,108,,,,,,
,,,,,24449,-131.97588,68,,,,,,
,,,,,24539,-447.23962,90,,,,,,
,,,,,24647,-396.0067,108,,,,,,
,,,,,24711,-141.32556,64,,,,,,
,,,,,24781,-424.9793,70,,,,,,
,,,,,24836,-119.09915,55,,,,,,
,,,,,24943,-454.30157,107,,,,,,
,,,,,24998,-220.34952,55,,,,,,
,,,,,25000,,,2.68013334274292,-1.3117525577545166,-1.2418185472488403,8.909468650817871,0.85,0.001
,,,,,25105,-531.7659,107,,,,,,
,,,,,25197,-214.41888,92,,,,,,
,,,,,25267,-119.01909,70,,,,,,
,,,,,25349,-376.94846,82,,,,,,
,,,,,25407,-81.104706,58,,,,,,
,,,,,25503,-505.10376,96,,,,,,
,,,,,25564,-127.80169,61,,,,,,
,,,,,25635,-101.95389,71,,,,,,
,,,,,25703,-115.0788,68,,,,,,
,,,,,25792,-148.85667,89,,,,,,
,,,,,25851,-81.31528,59,,,,,,
,,,,,25910,-97.542465,59,,,,,,
,,,,,26000,,,2.5100255012512207,-1.0089945793151855,-1.245547890663147,6.702700614929199,0.844,0.001
,,,,,26012,-407.5184,102,,,,,,
,,,,,26110,-454.03857,98,,,,,,
,,,,,26182,-415.58466,72,,,,,,
,,,,,26307,-465.45206,125,,,,,,
,,,,,26366,-91.14728,59,,,,,,
,,,,,26438,-311.2041,72,,,,,,
,,,,,26514,-134.84076,76,,,,,,
,,,,,26587,-343.21893,73,,,,,,
,,,,,26696,-453.15424,109,,,,,,
,,,,,26793,-141.65305,97,,,,,,
,,,,,26861,-248.76727,68,,,,,,
,,,,,26928,-149.15439,67,,,,,,
,,,,,27000,,,429.1831359863281,-2.760154962539673,0.06133335828781128,142.0990753173828,0.838,0.001
,,,,,27049,-112.554344,121,,,,,,
,,,,,27121,-266.6328,72,,,,,,
,,,,,27219,-123.11734,98,,,,,,
,,,,,27295,-405.10995,76,,,,,,
,,,,,27365,-139.41794,70,,,,,,
,,,,,27433,-97.641426,68,,,,,,
,,,,,27498,-88.778725,65,,,,,,
,,,,,27573,-153.37483,75,,,,,,
,,,,,27659,-124.1299,86,,,,,,
,,,,,27763,-466.66876,104,,,,,,
,,,,,27837,-85.26275,74,,,,,,
,,,,,27895,-87.85172,58,,,,,,
,,,,,27993,-258.66647,98,,,,,,
,,,,,28000,,,219.3512420654297,-3.2698850631713867,-2.8251428604125977,115.19111633300781,0.832,0.001
,,,,,28054,-124.96952,61,,,,,,
,,,,,28121,-268.00922,67,,,,,,
,,,,,28191,-150.77808,70,,,,,,
,,,,,28322,-490.62073,131,,,,,,
,,,,,28418,-477.72565,96,,,,,,
,,,,,28526,-298.76932,108,,,,,,
,,,,,28651,-373.52698,125,,,,,,
,,,,,28743,-197.00146,92,,,,,,
,,,,,28825,-360.0932,82,,,,,,
,,,,,28938,-409.11728,113,,,,,,
,,,,,29000,,,6.759180545806885,-1.5478966236114502,-1.4207725524902344,18.85817527770996,0.8260000000000001,0.001
,,,,,29003,-94.61526,65,,,,,,
,,,,,29089,-459.5877,86,,,,,,
,,,,,29150,-137.45654,61,,,,,,
,,,,,29228,-410.131,78,,,,,,
,,,,,29299,-195.44977,71,,,,,,
,,,,,29413,-463.07498,114,,,,,,
,,,,,29501,-426.64413,88,,,,,,
,,,,,29594,-142.03505,93,,,,,,
,,,,,29653,-152.44693,59,,,,,,
,,,,,29723,-106.13957,70,,,,,,
,,,,,29852,-230.77719,129,,,,,,
,,,,,29937,-465.98172,85,,,,,,
-122.74097,39.356304,-60.446945,-186.77234,194.7,30000,,,56.66865539550781,-3.140472412109375,-3.235430955886841,61.44798278808594,0.82,0.001
,,,,,30001,-97.19214,64,,,,,,
,,,,,30069,-118.09401,68,,,,,,
,,,,,30169,-435.45312,100,,,,,,
,,,,,30258,-364.63477,89,,,,,,
,,,,,30366,-510.35413,108,,,,,,
,,,,,30465,-199.72148,99,,,,,,
,,,,,30548,-381.07977,83,,,,,,
,,,,,30651,-397.2802,103,,,,,,
,,,,,30743,-28.746063,92,,,,,,
,,,,,30847,-536.2461,104,,,,,,
,,,,,30967,-168.02605,120,,,,,,
,,,,,31000,,,264.33758544921875,-4.7652482986450195,-7.27894926071167,182.73329162597656,0.8140000000000001,0.001
,,,,,31071,-343.0184,104,,,,,,
,,,,,31165,-420.99023,94,,,,,,
,,,,,31282,-119.20899,117,,,,,,
,,,,,31411,-191.15604,129,,,,,,
,,,,,31532,-131.56375,121,,,,,,
,,,,,31628,-111.03434,96,,,,,,
,,,,,31716,-141.49245,88,,,,,,
,,,,,31862,-169.08456,146,,,,,,
,,,,,31987,-431.97845,125,,,,,,
,,,,,32000,,,255.36346435546875,-4.083967208862305,-1.9890300035476685,263.2267150878906,0.808,0.001
,,,,,32078,-149.5613,91,,,,,,
,,,,,32224,-214.37802,146,,,,,,
,,,,,32324,-163.89648,100,,,,,,
,,,,,32414,-330.92902,90,,,,,,
,,,,,32490,-142.23157,76,,,,,,
,,,,,32566,-110.513306,76,,,,,,
,,,,,32629,-82.37456,63,,,,,,
,,,,,32722,-180.39365,93,,,,,,
,,,,,32823,-182.79724,101,,,,,,
,,,,,32945,-192.02777,122,,,,,,
,,,,,33000,,,13.057889938354492,-2.049386978149414,-1.4102585315704346,67.92277526855469,0.802,0.001
,,,,,33050,-364.63525,105,,,,,,
,,,,,33113,-86.82305,63,,,,,,
,,,,,33181,-221.03958,68,,,,,,
,,,,,33280,-330.90912,99,,,,,,
,,,,,33382,-416.11313,102,,,,,,
,,,,,33475,-122.78155,93,,,,,,
,,,,,33585,-35.27672,110,,,,,,
,,,,,33645,-75.31672,60,,,,,,
,,,,,33701,-97.7769,56,,,,,,
,,,,,33802,-172.38605,101,,,,,,
,,,,,33913,-367.61902,111,,,,,,
,,,,,33977,-130.24304,64,,,,,,
,,,,,34000,,,43.338287353515625,-1.459207534790039,-0.6803617477416992,38.27191925048828,0.796,0.001
,,,,,34056,-149.33676,79,,,,,,
,,,,,34156,-424.93173,100,,,,,,
,,,,,34245,-183.92938,89,,,,,,
,,,,,34339,-198.15604,94,,,,,,
,,,,,34438,-302.5375,99,,,,,,
,,,,,34525,-383.9681,87,,,,,,
,,,,,34594,-109.49309,69,,,,,,
,,,,,34672,-353.9251,78,,,,,,
,,,,,34766,-424.4966,94,,,,,,
,,,,,34834,-88.62009,68,,,,,,
,,,,,34910,-122.17005,76,,,,,,
,,,,,35000,,,78.48319244384766,-2.0458638668060303,-2.769835948944092,145.8544921875,0.79,0.001
,,,,,35013,-366.28577,103,,,,,,
,,,,,35135,-78.95032,122,,,,,,
,,,,,35213,-85.29435,78,,,,,,
,,,,,35346,-484.89996,133,,,,,,
,,,,,35471,-155.8004,125,,,,,,
,,,,,35572,-174.9833,101,,,,,,
,,,,,35699,-407.75806,127,,,,,,
,,,,,35829,-151.44771,130,,,,,,
,,,,,35947,-398.5701,118,,,,,,
,,,,,36000,,,35.818603515625,-1.92474365234375,-0.9210484027862549,119.12876892089844,0.784,0.001
,,,,,36036,-437.5942,89,,,,,,
,,,,,36149,-211.67047,113,,,,,,
,,,,,36211,-65.95392,62,,,,,,
,,,,,36294,-140.8205,83,,,,,,
,,,,,36382,-401.73975,88,,,,,,
,,,,,36446,-101.37876,64,,,,,,
,,,,,36537,-175.88382,91,,,,,,
,,,,,36619,-106.21184,82,,,,,,
,,,,,36719,-393.66577,100,,,,,,
,,,,,36843,-317.10968,124,,,,,,
,,,,,36924,-326.11313,81,,,,,,
,,,,,36993,-184.04443,69,,,,,,
,,,,,37000,,,2.9448444843292236,-3.4541826248168945,-3.3407249450683594,15.038717269897461,0.778,0.001
,,,,,37060,-63.237755,67,,,,,,
,,,,,37140,-98.48878,80,,,,,,
,,,,,37246,-159.11513,106,,,,,,
,,,,,37361,-498.68927,115,,,,,,
,,,,,37457,-225.86964,96,,,,,,
,,,,,37563,-261.61664,106,,,,,,
,,,,,37657,-11.938927,94,,,,,,
,,,,,37765,-160.32204,108,,,,,,
,,,,,37867,-364.06357,102,,,,,,
,,,,,37932,-90.88547,65,,,,,,
,,,,,38000,,,8.643475532531738,-1.7625142335891724,-1.3767812252044678,24.883909225463867,0.772,0.001
,,,,,38043,-111.52545,111,,,,,,
,,,,,38128,-241.39091,85,,,,,,
,,,,,38225,-364.87985,97,,,,,,
,,,,,38285,-122.33945,60,,,,,,
,,,,,38399,-91.85947,114,,,,,,
,,,,,38462,-69.14972,63,,,,,,
,,,,,38552,-283.88782,90,,,,,,
,,,,,38641,-220.45251,89,,,,,,
,,,,,38744,-118.8819,103,,,,,,
,,,,,38815,-131.10374,71,,,,,,
,,,,,38896,-121.59822,81,,,,,,
,,,,,38980,-155.08652,84,,,,,,
,,,,,39000,,,165.82696533203125,-3.2983312606811523,-4.784280776977539,79.14866638183594,0.766,0.001
,,,,,39064,-143.52203,84,,,,,,
,,,,,39178,-180.65518,114,,,,,,
,,,,,39247,-114.1541,69,,,,,,
,,,,,39360,-110.70187,113,,,,,,
,,,,,39462,-197.64023,102,,,,,,
,,,,,39571,-346.76904,109,,,,,,
,,,,,39676,-274.7896,105,,,,,,
,,,,,39795,-162.285,119,,,,,,
,,,,,39898,-152.17549,103,,,,,,
,,,,,39999,-117.802124,101,,,,,,
-192.8782,160.54504,-47.352108,-601.59607,171.0,40000,,,16.534406661987305,-3.1796343326568604,-2.8702282905578613,84.15013122558594,0.76,0.001
,,,,,40081,-138.94446,82,,,,,,
,,,,,40207,-314.24878,126,,,,,,
,,,,,40357,-89.50014,150,,,,,,
,,,,,40474,-249.12685,117,,,,,,
,,,,,40544,-73.70848,70,,,,,,
,,,,,40680,-165.96713,136,,,,,,
,,,,,40788,-214.30157,108,,,,,,
,,,,,40919,-102.747536,131,,,,,,
,,,,,41000,-359.84085,81,,,,,,
,,,,,41000,,,13.721936225891113,-2.6689345836639404,-2.0952303409576416,37.230342864990234,0.754,0.001
,,,,,41092,-203.15965,92,,,,,,
,,,,,41197,-196.7494,105,,,,,,
,,,,,41264,-80.38173,67,,,,,,
,,,,,41330,-125.44032,66,,,,,,
,,,,,41423,-102.145294,93,,,,,,
,,,,,41520,-372.94315,97,,,,,,
,,,,,41627,10.447136,107,,,,,,
,,,,,41687,-121.10406,60,,,,,,
,,,,,41787,-164.1897,100,,,,,,
,,,,,41856,-99.759995,69,,,,,,
,,,,,41976,-68.965675,120,,,,,,
,,,,,42000,,,20.839284896850586,-1.8886778354644775,-2.1529083251953125,33.22076416015625,0.748,0.001
,,,,,42066,-427.01047,90,,,,,,
,,,,,42176,-286.85907,110,,,,,,
,,,,,42266,-80.31906,90,,,,,,
,,,,,42327,-91.87054,61,,,,,,
,,,,,42398,-206.93579,71,,,,,,
,,,,,42462,-109.74482,64,,,,,,
,,,,,42589,-458.88263,127,,,,,,
,,,,,42705,-558.13403,116,,,,,,
,,,,,42772,-74.5234,67,,,,,,
,,,,,42842,-107.036354,70,,,,,,
,,,,,42923,-100.22049,81,,,,,,
,,,,,43000,,,14.43173599243164,-3.6220083236694336,-3.7682907581329346,31.218196868896484,0.742,0.001
,,,,,43005,-109.8459,82,,,,,,
,,,,,43078,-113.269485,73,,,,,,
,,,,,43210,-23.48703,132,,,,,,
,,,,,43317,-118.81157,107,,,,,,
,,,,,43414,-361.27396,97,,,,,,
,,,,,43503,-114.794,89,,,,,,
,,,,,43576,-144.85751,73,,,,,,
,,,,,43681,-344.94394,105,,,,,,
,,,,,43767,-170.79146,86,,,,,,
,,,,,43826,-151.9351,59,,,,,,
,,,,,43926,-333.058,100,,,,,,
,,,,,43989,-116.34228,63,,,,,,
,,,,,44000,,,13.676161766052246,-4.766589164733887,-5.213772773742676,73.48594665527344,0.736,0.001
,,,,,44076,48.53604,87,,,,,,
,,,,,44207,-153.4188,131,,,,,,
,,,,,44314,-172.56898,107,,,,,,
,,,,,44394,-94.75037,80,,,,,,
,,,,,44504,-513.2745,110,,,,,,
,,,,,44593,-116.336685,89,,,,,,
,,,,,44658,-221.64015,65,,,,,,
,,,,,44763,-111.50141,105,,,,,,
,,,,,44844,-77.52298,81,,,,,,
,,,,,44923,-14.148254,79,,,,,,
,,,,,44992,-119.13616,69,,,,,,
,,,,,45000,,,129.11407470703125,-2.3723373413085938,-3.9339635372161865,74.39368438720703,0.73,0.001
,,,,,45054,-48.48672,62,,,,,,
,,,,,45155,-118.380516,101,,,,,,
,,,,,45233,-126.452835,78,,,,,,
,,,,,45334,-183.71555,101,,,,,,
,,,,,45417,-271.12802,83,,,,,,
,,,,,45492,-117.9314,75,,,,,,
,,,,,45587,-90.8891,95,,,,,,
,,,,,45664,-83.47014,77,,,,,,
,,,,,45748,-125.05223,84,,,,,,
,,,,,45844,-98.53804,96,,,,,,
,,,,,45898,-92.18295,54,,,,,,
,,,,,45987,-344.0718,89,,,,,,
,,,,,46000,,,47.0402946472168,-3.6706528663635254,-3.0487914085388184,110.0934829711914,0.724,0.001
,,,,,46114,-191.13298,127,,,,,,
,,,,,46233,-166.80013,119,,,,,,
,,,,,46308,-140.20905,75,,,,,,
,,,,,46385,-100.62954,77,,,,,,
,,,,,46476,-101.92212,91,,,,,,
,,,,,46594,-253.55989,118,,,,,,
,,,,,46723,-284.88147,129,,,,,,
,,,,,46814,-16.829819,91,,,,,,
,,,,,46906,-107.90474,92,,,,,,
,,,,,47000,,,98.57870483398438,-2.532560110092163,-3.531195878982544,102.20449829101562,0.718,0.001
,,,,,47030,-257.09943,124,,,,,,
,,,,,47167,-106.87785,137,,,,,,
,,,,,47289,-161.43474,122,,,,,,
,,,,,47384,-289.95734,95,,,,,,
,,,,,47485,-154.45605,101,,,,,,
,,,,,47603,-293.29596,118,,,,,,
,,,,,47711,-263.76447,108,,,,,,
,,,,,47782,-131.67694,71,,,,,,
,,,,,47848,-98.867714,66,,,,,,
,,,,,47968,-161.2977,120,,,,,,
,,,,,48000,,,196.3073272705078,-6.989115238189697,-3.319653034210205,188.71546936035156,0.712,0.001
,,,,,48043,-182.90765,75,,,,,,
,,,,,48141,-129.53094,98,,,,,,
,,,,,48210,-188.47163,69,,,,,,
,,,,,48325,-101.96551,115,,,,,,
,,,,,48445,-31.00505,120,,,,,,
,,,,,48564,-132.7987,119,,,,,,
,,,,,48655,-177.13493,91,,,,,,
,,,,,48750,-99.23009,95,,,,,,
,,,,,48860,-160.48404,110,,,,,,
,,,,,49000,,,4.49298095703125,-1.603516697883606,-1.2486755847930908,21.700592041015625,0.706,0.001
,,,,,49003,-3.0094528,143,,,,,,
,,,,,49110,-159.97223,107,,,,,,
,,,,,49197,-130.79182,87,,,,,,
,,,,,49316,-182.49048,119,,,,,,
,,,,,49417,-321.93652,101,,,,,,
,,,,,49481,-35.80432,64,,,,,,
,,,,,49575,-141.55527,94,,,,,,
,,,,,49718,-126.63248,143,,,,,,
,,,,,49786,-137.4057,68,,,,,,
,,,,,49875,-113.82475,89,,,,,,
,,,,,49951,-87.16084,76,,,,,,
-61.325573,28.906696,-19.566132,-115.891785,191.8,50000,,,2.352165699005127,-1.0614027976989746,-0.6740490198135376,17.00560760498047,0.7,0.001
,,,,,50032,-82.903854,81,,,,,,
,,,,,50105,-128.69948,73,,,,,,
,,,,,50199,-142.16539,94,,,,,,
,,,,,50302,-305.66702,103,,,,,,
,,,,,50412,-158.33218,110,,,,,,
,,,,,50521,-266.9461,109,,,,,,
,,,,,50616,-270.69427,95,,,,,,
,,,,,50722,-244.18481,106,,,,,,
,,,,,50817,-182.16772,95,,,,,,
,,,,,50945,-90.07276,128,,,,,,
,,,,,51000,,,12.76300048828125,-1.7754340171813965,-1.0434132814407349,46.858699798583984,0.694,0.001
,,,,,51069,-285.2259,124,,,,,,
,,,,,51176,-124.230545,107,,,,,,
,,,,,51258,-125.61972,82,,,,,,
,,,,,51373,-156.29382,115,,,,,,
,,,,,51475,-77.82344,102,,,,,,
,,,,,51549,-134.21599,74,,,,,,
,,,,,51641,-329.52576,92,,,,,,
,,,,,51751,-190.88237,110,,,,,,
,,,,,51817,-61.939026,66,,,,,,
,,,,,51952,-202.96777,135,,,,,,
,,,,,52000,,,8.819355010986328,-0.23667946457862854,-0.05695173144340515,35.48039245605469,0.688,0.001
,,,,,52034,-41.180023,82,,,,,,
,,,,,52149,-120.49797,115,,,,,,
,,,,,52218,-101.65072,69,,,,,,
,,,,,52294,-51.222656,76,,,,,,
,,,,,52405,-163.40707,111,,,,,,
,,,,,52488,-106.86342,83,,,,,,
,,,,,52578,-123.826614,90,,,,,,
,,,,,52671,-135.1928,93,,,,,,
,,,,,52757,-85.44583,86,,,,,,
,,,,,52834,-127.78418,77,,,,,,
,,,,,52905,-52.800888,71,,,,,,
,,,,,52970,-83.65543,65,,,,,,
,,,,,53000,,,27.30819320678711,-4.798162460327148,-3.4247336387634277,75.91162872314453,0.6819999999999999,0.001
,,,,,53064,-138.93295,94,,,,,,
,,,,,53147,-67.883,83,,,,,,
,,,,,53241,-124.16317,94,,,,,,
,,,,,53328,-119.650894,87,,,,,,
,,,,,53468,-122.45433,140,,,,,,
,,,,,53565,-195.70808,97,,,,,,
,,,,,53641,-147.68768,76,,,,,,
,,,,,53716,-134.58295,75,,,,,,
,,,,,53824,-154.9014,108,,,,,,
,,,,,53910,-85.416176,86,,,,,,
,,,,,54000,,,62.053375244140625,-6.918663024902344,-7.652223587036133,126.32050323486328,0.6759999999999999,0.001
,,,,,54010,-256.63562,100,,,,,,
,,,,,54080,-248.10841,70,,,,,,
,,,,,54208,-59.046436,128,,,,,,
,,,,,54278,-155.79723,70,,,,,,
,,,,,54390,-226.17123,112,,,,,,
,,,,,54520,-394.7448,130,,,,,,
,,,,,54614,-107.132065,94,,,,,,
,,,,,54738,-80.88167,124,,,,,,
,,,,,54833,-274.49777,95,,,,,,
,,,,,54936,-165.6285,103,,,,,,
,,,,,55000,,,16.324174880981445,-2.7816295623779297,-2.9288032054901123,57.40367126464844,0.67,0.001
,,,,,55035,-221.31866,99,,,,,,
,,,,,55139,-33.9143,104,,,,,,
,,,,,55230,-91.27663,91,,,,,,
,,,,,55342,-109.77647,112,,,,,,
,,,,,55470,-270.5625,128,,,,,,
,,,,,55566,-106.55833,96,,,,,,
,,,,,55690,-119.23816,124,,,,,,
,,,,,55811,-122.534134,121,,,,,,
,,,,,55902,-95.15505,91,,,,,,
,,,,,56000,,,5.2032012939453125,-1.8818072080612183,-1.9219810962677002,18.514394760131836,0.6639999999999999,0.001
,,,,,56002,-90.12033,100,,,,,,
,,,,,56098,-155.83765,96,,,,,,
,,,,,56185,-227.31023,87,,,,,,
,,,,,56272,-138.12424,87,,,,,,
,,,,,56346,-145.71149,74,,,,,,
,,,,,56491,-45.1102,145,,,,,,
,,,,,56606,-127.59794,115,,,,,,
,,,,,56703,-328.07715,97,,,,,,
,,,,,56790,-86.6656,87,,,,,,
,,,,,56928,-357.1867,138,,,,,,
,,,,,57000,,,9.540143966674805,-3.4021525382995605,-2.9720118045806885,35.42989730834961,0.6579999999999999,0.001
,,,,,57020,-78.329414,92,,,,,,
,,,,,57140,-221.7167,120,,,,,,
,,,,,57254,-122.082825,114,,,,,,
,,,,,57346,-97.098145,92,,,,,,
,,,,,57411,-88.87594,65,,,,,,
,,,,,57521,-115.34415,110,,,,,,
,,,,,57616,-113.45472,95,,,,,,
,,,,,57717,-18.474068,101,,,,,,
,,,,,57854,-64.933105,137,,,,,,
,,,,,57971,-127.761604,117,,,,,,
,,,,,58000,,,46.13214111328125,-4.404070854187012,-4.3596038818359375,99.03619384765625,0.652,0.001
,,,,,58075,-280.11823,104,,,,,,
,,,,,58196,-243.58192,121,,,,,,
,,,,,58341,-92.441055,145,,,,,,
,,,,,58475,-200.12735,134,,,,,,
,,,,,58585,-140.39609,110,,,,,,
,,,,,58682,-63.952736,97,,,,,,
,,,,,58763,-181.28517,81,,,,,,
,,,,,58834,-52.823883,71,,,,,,
,,,,,58991,-76.082535,157,,,,,,
,,,,,59000,,,99.16448211669922,-3.53979229927063,-4.9134840965271,295.4632568359375,0.646,0.001
,,,,,59083,-196.60352,92,,,,,,
,,,,,59231,-60.203957,148,,,,,,
,,,,,59343,-125.92921,112,,,,,,
,,,,,59491,-339.20102,148,,,,,,
,,,,,59620,-99.22904,129,,,,,,
,,,,,59729,-121.08964,109,,,,,,
,,,,,59864,-182.1484,135,,,,,,
,,,,,59998,-237.25558,134,,,,,,
-73.33537,56.98376,32.991608,-191.80847,180.8,60000,,,4.246732234954834,-0.8946899175643921,-0.5908228158950806,21.931873321533203,0.6399999999999999,0.001
,,,,,60079,-303.90497,81,,,,,,
,,,,,60160,-85.28201,81,,,,,,
,,,,,60278,-132.63968,118,,,,,,
,,,,,60382,-128.56491,104,,,,,,
,,,,,60463,-68.71619,81,,,,,,
,,,,,60555,-112.008934,92,,,,,,
,,,,,60638,-120.32579,83,,,,,,
,,,,,60710,-136.6125,72,,,,,,
,,,,,60813,-65.153595,103,,,,,,
,,,,,60892,-218.79355,79,,,,,,
,,,,,60974,-333.1422,82,,,,,,
,,,,,61000,,,41.467628479003906,-0.3700965642929077,-0.9586821794509888,56.075111389160156,0.634,0.001
,,,,,61117,-80.49327,143,,,,,,
,,,,,61229,-453.88464,112,,,,,,
,,,,,61366,-366.49734,137,,,,,,
,,,,,61493,-49.83455,127,,,,,,
,,,,,61564,-112.059555,71,,,,,,
,,,,,61648,-157.10237,84,,,,,,
,,,,,61740,-181.74394,92,,,,,,
,,,,,61817,-149.4465,77,,,,,,
,,,,,61933,-296.02216,116,,,,,,
,,,,,62000,,,10.653470039367676,-0.14286744594573975,-0.8869263529777527,37.25967788696289,0.628,0.001
,,,,,62036,-119.7796,103,,,,,,
,,,,,62130,-135.49109,94,,,,,,
,,,,,62269,-124.70148,139,,,,,,
,,,,,62356,-177.70235,87,,,,,,
,,,,,62445,-138.56332,89,,,,,,
,,,,,62524,-77.410965,79,,,,,,
,,,,,62610,-93.7198,86,,,,,,
,,,,,62695,-160.96303,85,,,,,,
,,,,,62807,-62.361122,112,,,,,,
,,,,,62892,-135.05331,85,,,,,,
,,,,,62972,-103.566055,80,,,,,,
,,,,,63000,,,88.85472869873047,-1.51143479347229,-2.3904006481170654,90.17913818359375,0.622,0.001
,,,,,63066,-50.6581,94,,,,,,
,,,,,63216,17.509094,150,,,,,,
,,,,,63329,-82.19351,113,,,,,,
,,,,,63433,-105.379585,104,,,,,,
,,,,,63570,-284.22693,137,,,,,,
,,,,,63638,-125.81772,68,,,,,,
,,,,,63748,-104.046,110,,,,,,
,,,,,63877,-109.50255,129,,,,,,
,,,,,63971,-140.99799,94,,,,,,
,,,,,64000,,,10.401063919067383,-2.244919538497925,-1.5284168720245361,35.37418746948242,0.616,0.001
,,,,,64068,-105.8319,97,,,,,,
,,,,,64185,-98.149284,117,,,,,,
,,,,,64254,-61.1009,69,,,,,,
,,,,,64322,-86.95147,68,,,,,,
,,,,,64422,-130.31898,100,,,,,,
,,,,,64508,-200.07881,86,,,,,,
,,,,,64602,-51.724335,94,,,,,,
,,,,,64738,-274.6596,136,,,,,,
,,,,,64816,-167.54736,78,,,,,,
,,,,,64905,-283.65924,89,,,,,,
,,,,,65000,,,641.6237182617188,-3.0808184146881104,-0.03172183036804199,227.47071838378906,0.61,0.001
,,,,,65007,-125.74744,102,,,,,,
,,,,,65073,-88.36472,66,,,,,,
,,,,,65147,-66.92333,74,,,,,,
,,,,,65210,-96.13004,63,,,,,,
,,,,,65331,-144.03033,121,,,,,,
,,,,,65455,-89.754906,124,,,,,,
,,,,,65555,16.523766,100,,,,,,
,,,,,65644,-62.134758,89,,,,,,
,,,,,65757,-248.32765,113,,,,,,
,,,,,65838,0.29987335,81,,,,,,
,,,,,65963,-86.58612,125,,,,,,
,,,,,66000,,,40.40404510498047,-1.4960273504257202,-1.8663867712020874,100.33386993408203,0.604,0.001
,,,,,66058,-12.0772705,95,,,,,,
,,,,,66170,-216.63797,112,,,,,,
,,,,,66287,-206.2186,117,,,,,,
,,,,,66423,-89.90011,136,,,,,,
,,,,,66539,-146.09192,116,,,,,,
,,,,,66618,-115.59827,79,,,,,,
,,,,,66758,-241.15108,140,,,,,,
,,,,,66901,-80.574005,143,,,,,,
,,,,,67000,,,6.286415100097656,-2.1551132202148438,-2.3908164501190186,36.67876052856445,0.598,0.001
,,,,,67037,-104.94187,136,,,,,,
,,,,,67170,-78.67933,133,,,,,,
,,,,,67247,-162.36508,77,,,,,,
,,,,,67379,-137.24849,132,,,,,,
,,,,,67546,-97.16186,167,,,,,,
,,,,,67659,-222.24448,113,,,,,,
,,,,,67756,-117.38851,97,,,,,,
,,,,,67887,-171.82759,131,,,,,,
,,,,,68000,,,40.90480041503906,-2.3693771362304688,-3.655240774154663,76.38114166259766,0.5920000000000001,0.001
,,,,,68055,-374.60043,168,,,,,,
,,,,,68168,-217.62961,113,,,,,,
,,,,,68261,-15.448158,93,,,,,,
,,,,,68347,-216.8285,86,,,,,,
,,,,,68491,-114.97533,144,,,,,,
,,,,,68572,-60.934258,81,,,,,,
,,,,,68717,-73.92888,145,,,,,,
,,,,,68826,-72.02511,109,,,,,,
,,,,,68920,-18.953201,94,,,,,,
,,,,,69000,,,6.02121114730835,-0.3085770606994629,-0.11064569652080536,32.47673416137695,0.586,0.001
,,,,,69079,-335.49182,159,,,,,,
,,,,,69191,-117.01423,112,,,,,,
,,,,,69294,-70.90968,103,,,,,,
,,,,,69376,-75.97479,82,,,,,,
,,,,,69484,-39.877075,108,,,,,,
,,,,,69587,-87.15149,103,,,,,,
,,,,,69669,-120.46594,82,,,,,,
,,,,,69809,-50.948006,140,,,,,,
,,,,,69952,-338.26196,143,,,,,,
-361.50098,241.83308,-58.696957,-885.06946,417.8,70000,,,33.68886947631836,-1.8762696981430054,-2.8721933364868164,52.2885627746582,0.58,0.001
,,,,,70107,-95.44107,155,,,,,,
,,,,,70201,-78.07119,94,,,,,,
,,,,,70299,-195.26044,98,,,,,,
,,,,,70414,-67.11502,115,,,,,,
,,,,,70514,-129.39047,100,,,,,,
,,,,,70605,-88.88963,91,,,,,,
,,,,,70686,-81.24413,81,,,,,,
,,,,,70803,-62.84161,117,,,,,,
,,,,,70898,-97.43195,95,,,,,,
,,,,,71000,,,6.58171272277832,-2.094278573989868,-1.9630131721496582,32.950443267822266,0.5740000000000001,0.001
,,,,,71025,-134.379,127,,,,,,
,,,,,71095,-73.76775,70,,,,,,
,,,,,72000,,,28.19874382019043,-2.6996567249298096,-3.0811285972595215,59.097164154052734,0.5680000000000001,0.001
,,,,,72095,102.49449,1000,,,,,,
,,,,,72212,-113.421196,117,,,,,,
,,,,,72321,-172.82858,109,,,,,,
,,,,,72448,-48.931572,127,,,,,,
,,,,,72589,-102.19607,141,,,,,,
,,,,,72678,-93.883064,89,,,,,,
,,,,,72759,-70.09532,81,,,,,,
,,,,,72871,-66.07689,112,,,,,,
,,,,,72997,-158.29063,126,,,,,,
,,,,,73000,,,2.1848440170288086,-2.9110240936279297,-2.448211193084717,15.185428619384766,0.5619999999999999,0.001
,,,,,73173,-105.10051,176,,,,,,
,,,,,73316,-103.229996,143,,,,,,
,,,,,73426,-111.44888,110,,,,,,
,,,,,73539,-76.9973,113,,,,,,
,,,,,73619,-77.75315,80,,,,,,
,,,,,73756,-42.760834,137,,,,,,
,,,,,73875,-190.65868,119,,,,,,
,,,,,73945,-45.24066,70,,,,,,
,,,,,74000,,,2.5206241607666016,0.44604262709617615,0.5514690279960632,19.341663360595703,0.556,0.001
,,,,,74030,-168.89786,85,,,,,,
,,,,,74132,-153.69406,102,,,,,,
,,,,,74274,-171.38742,142,,,,,,
,,,,,74380,-119.25657,106,,,,,,
,,,,,74522,-23.668732,142,,,,,,
,,,,,74606,-7.765358,84,,,,,,
,,,,,74748,-263.8391,142,,,,,,
,,,,,74901,-94.322525,153,,,,,,
,,,,,74997,-100.41166,96,,,,,,
,,,,,75000,,,12.433351516723633,-0.17156362533569336,-0.7574244737625122,41.73334884643555,0.55,0.001
,,,,,75106,-56.21393,109,,,,,,
,,,,,75241,-162.54807,135,,,,,,
,,,,,75390,-155.56474,149,,,,,,
,,,,,75579,-73.92877,189,,,,,,
,,,,,75652,-50.049988,73,,,,,,
,,,,,75765,-66.79427,113,,,,,,
,,,,,75887,-363.02908,122,,,,,,
,,,,,75992,-31.816452,105,,,,,,
,,,,,76000,,,3.3018686771392822,0.44188547134399414,0.6535566449165344,27.80005645751953,0.5439999999999999,0.001
,,,,,76130,-172.57364,138,,,,,,
,,,,,76210,-95.228645,80,,,,,,
,,,,,76345,-81.670334,135,,,,,,
,,,,,76457,-63.306526,112,,,,,,
,,,,,76545,-96.17027,88,,,,,,
,,,,,76626,-114.46083,81,,,,,,
,,,,,76767,-64.98518,141,,,,,,
,,,,,76910,-182.66335,143,,,,,,
,,,,,77000,,,21.396438598632812,-0.717837929725647,-1.3352835178375244,48.020263671875,0.538,0.001
,,,,,77049,-105.868774,139,,,,,,
,,,,,77159,-191.07968,110,,,,,,
,,,,,77302,-90.14232,143,,,,,,
,,,,,77440,-75.66892,138,,,,,,
,,,,,77555,-243.13599,115,,,,,,
,,,,,77674,3.2135696,119,,,,,,
,,,,,77772,-86.10274,98,,,,,,
,,,,,77886,-67.40664,114,,,,,,
,,,,,77998,-110.750694,112,,,,,,
,,,,,78000,,,17.99146270751953,-0.5845992565155029,-1.077754259109497,80.3677978515625,0.532,0.001
,,,,,78093,-125.40629,95,,,,,,
,,,,,78246,-46.202003,153,,,,,,
,,,,,78365,-15.106972,119,,,,,,
,,,,,78461,-100.82451,96,,,,,,
,,,,,78564,-84.51002,103,,,,,,
,,,,,78652,-89.32255,88,,,,,,
,,,,,78814,-83.74636,162,,,,,,
,,,,,78945,-134.53694,131,,,,,,
,,,,,79000,,,30.791217803955078,-2.0913782119750977,-2.60441517829895,69.87034606933594,0.526,0.001
,,,,,79043,-123.60117,98,,,,,,
,,,,,79167,-38.601418,124,,,,,,
,,,,,79325,-60.54656,158,,,,,,
,,,,,79449,-80.87809,124,,,,,,
,,,,,79529,-105.10611,80,,,,,,
,,,,,79642,-94.91833,113,,,,,,
,,,,,79715,-84.14736,73,,,,,,
,,,,,79808,-69.433784,93,,,,,,
,,,,,79948,-111.860344,140,,,,,,
-342.1751,64.469986,-211.41574,-441.81906,437.2,80000,,,25.468727111816406,-2.1329474449157715,-1.4515461921691895,71.92328643798828,0.52,0.001
,,,,,80043,-115.82295,95,,,,,,
,,,,,80223,-87.335815,180,,,,,,
,,,,,80304,-119.00716,81,,,,,,
,,,,,80427,-292.57043,123,,,,,,
,,,,,80584,-17.473282,157,,,,,,
,,,,,80736,-322.20563,152,,,,,,
,,,,,80815,-87.0668,79,,,,,,
,,,,,80952,-83.68254,137,,,,,,
,,,,,81000,,,7.025019645690918,-1.224942922592163,-1.4227298498153687,29.374435424804688,0.514,0.001
,,,,,81109,-29.315895,157,,,,,,
,,,,,81198,-95.4689,89,,,,,,
,,,,,81326,-107.35351,128,,,,,,
,,,,,81411,-75.14887,85,,,,,,
,,,,,81517,-78.74817,106,,,,,,
,,,,,81639,-93.31608,122,,,,,,
,,,,,81753,-234.54709,114,,,,,,
,,,,,81826,-138.7012,73,,,,,,
,,,,,81924,-59.586708,98,,,,,,
,,,,,82000,,,14.318618774414062,-8.783628463745117,-9.188636779785156,44.81369400024414,0.508,0.001
,,,,,82011,-143.7937,87,,,,,,
,,,,,82098,-92.40346,87,,,,,,
,,,,,82284,-115.21077,186,,,,,,
,,,,,82418,-127.10666,134,,,,,,
,,,,,82525,-87.85818,107,,,,,,
,,,,,82625,-134.71466,100,,,,,,
,,,,,82746,-148.94263,121,,,,,,
,,,,,82859,-131.93686,113,,,,,,
,,,,,83000,,,3.8482394218444824,-3.8564271926879883,-3.8770415782928467,34.49920654296875,0.502,0.001
,,,,,83060,-87.51701,201,,,,,,
,,,,,83167,-94.37681,107,,,,,,
,,,,,83398,-258.77502,231,,,,,,
,,,,,83586,-94.91849,188,,,,,,
,,,,,83748,-224.05678,162,,,,,,
,,,,,83846,-5.4201813,98,,,,,,
,,,,,83972,-36.82744,126,,,,,,
,,,,,84000,,,6.275448799133301,-4.966311931610107,-4.829644203186035,47.28288269042969,0.4959999999999999,0.001
,,,,,84103,-77.27428,131,,,,,,
,,,,,84229,-75.37631,126,,,,,,
,,,,,84335,-59.209007,106,,,,,,
,,,,,84428,-20.68557,93,,,,,,
,,,,,84563,-69.71927,135,,,,,,
,,,,,84744,-99.288734,181,,,,,,
,,,,,84837,-77.540375,93,,,,,,
,,,,,84983,-59.527695,146,,,,,,
,,,,,85000,,,11.09749698638916,0.30372002720832825,-0.22477252781391144,55.181121826171875,0.49,0.001
,,,,,85159,-45.059906,176,,,,,,
,,,,,85240,-192.09042,81,,,,,,
,,,,,85387,-97.33439,147,,,,,,
,,,,,85488,-91.748245,101,,,,,,
,,,,,85605,-108.92555,117,,,,,,
,,,,,85713,-103.04728,108,,,,,,
,,,,,85803,-97.93119,90,,,,,,
,,,,,85947,-179.11124,144,,,,,,
,,,,,86000,,,6.958261013031006,-2.268420457839966,-1.9602892398834229,41.166221618652344,0.484,0.001
,,,,,86040,-20.160805,93,,,,,,
,,,,,86148,-167.01093,108,,,,,,
,,,,,86261,-65.38953,113,,,,,,
,,,,,86331,-150.95218,70,,,,,,
,,,,,86519,-80.91315,188,,,,,,
,,,,,86616,-2.0367737,97,,,,,,
,,,,,86692,-81.753426,76,,,,,,
,,,,,86756,-84.678665,64,,,,,,
,,,,,86963,-99.90369,207,,,,,,
,,,,,87000,,,10.675716400146484,-2.1387932300567627,-1.3401579856872559,71.49866485595703,0.478,0.001
,,,,,87090,-83.01991,127,,,,,,
,,,,,87237,-46.901413,147,,,,,,
,,,,,87334,-153.15071,97,,,,,,
,,,,,87440,-77.718575,106,,,,,,
,,,,,87553,-47.770462,113,,,,,,
,,,,,87638,-107.906555,85,,,,,,
,,,,,87735,-29.44883,97,,,,,,
,,,,,88000,,,24.535043716430664,-5.576005935668945,-6.228144645690918,95.29088592529297,0.472,0.001
,,,,,88234,-276.16632,499,,,,,,
,,,,,88349,-44.531155,115,,,,,,
,,,,,88489,2.8552017,140,,,,,,
,,,,,88695,-138.98657,206,,,,,,
,,,,,88863,-78.29164,168,,,,,,
,,,,,89000,,,4.763696670532227,-1.7869895696640015,-1.2811167240142822,25.691631317138672,0.46599999999999997,0.001
,,,,,89046,-102.955284,183,,,,,,
,,,,,89235,-72.57995,189,,,,,,
,,,,,89429,-56.480427,194,,,,,,
,,,,,89554,-48.216553,125,,,,,,
,,,,,89702,-127.40538,148,,,,,,
,,,,,89795,-136.83777,93,,,,,,
,,,,,89885,-88.63849,90,,,,,,
-261.57635,136.02551,23.542084,-446.97263,658.0,90000,,,5.972748756408691,-3.0939671993255615,-2.5605595111846924,38.21318817138672,0.45999999999999996,0.001
,,,,,90029,-83.193436,144,,,,,,
,,,,,90419,-195.07748,390,,,,,,
,,,,,90534,11.567673,115,,,,,,
,,,,,90699,-94.45718,165,,,,,,
,,,,,90769,-124.65151,70,,,,,,
,,,,,90991,-85.6496,222,,,,,,
,,,,,91000,,,27.1614933013916,-4.49921989440918,-4.722959518432617,51.55666732788086,0.45399999999999996,0.001
,,,,,91096,-37.981068,105,,,,,,
,,,,,91200,-217.78374,104,,,,,,
,,,,,91338,-19.663063,138,,,,,,
,,,,,91541,-130.75304,203,,,,,,
,,,,,91688,-270.20312,147,,,,,,
,,,,,91804,-38.575066,116,,,,,,
,,,,,91933,-58.769794,129,,,,,,
,,,,,92000,,,7.110169410705566,-3.157545328140259,-3.179337501525879,33.558624267578125,0.44800000000000006,0.001
,,,,,92064,-81.56089,131,,,,,,
,,,,,92262,-19.840462,198,,,,,,
,,,,,92450,-49.834297,188,,,,,,
,,,,,92562,-67.785774,112,,,,,,
,,,,,92830,-135.18752,268,,,,,,
,,,,,92919,-87.98689,89,,,,,,
,,,,,93000,,,12.63648509979248,-6.319994926452637,-6.271276473999023,42.680931091308594,0.44199999999999995,0.001
,,,,,93051,-257.77338,132,,,,,,
,,,,,93144,-62.49003,93,,,,,,
,,,,,93324,-245.80432,180,,,,,,
,,,,,93511,-181.35031,187,,,,,,
,,,,,93656,-90.46093,145,,,,,,
,,,,,93797,-137.0668,141,,,,,,
,,,,,93938,-32.858994,141,,,,,,
,,,,,94000,,,3.544584035873413,-0.5791512727737427,-0.7420787215232849,18.007993698120117,0.43599999999999994,0.001
,,,,,94148,-232.42,210,,,,,,
,,,,,94274,-135.58923,126,,,,,,
,,,,,94388,-74.30482,114,,,,,,
,,,,,94457,-60.981915,69,,,,,,
,,,,,94567,-161.90207,110,,,,,,
,,,,,94764,-79.4445,197,,,,,,
,,,,,94907,-99.539215,143,,,,,,
,,,,,95000,,,3.4249370098114014,-1.3622548580169678,-1.1131901741027832,22.13567543029785,0.43000000000000005,0.001
,,,,,95080,-100.08725,173,,,,,,
,,,,,95159,-87.144615,79,,,,,,
,,,,,95247,-114.58015,88,,,,,,
,,,,,95416,-97.048515,169,,,,,,
,,,,,95627,-115.87491,211,,,,,,
,,,,,95847,-131.16953,220,,,,,,
,,,,,96000,,,10.373433113098145,-4.8887834548950195,-4.39028263092041,34.4657096862793,0.42399999999999993,0.001
,,,,,96112,-299.8518,265,,,,,,
,,,,,96322,6.9572678,210,,,,,,
,,,,,96420,-35.81881,98,,,,,,
,,,,,96538,-161.68985,118,,,,,,
,,,,,96640,-71.87715,102,,,,,,
,,,,,96894,-90.09465,254,,,,,,
,,,,,97000,,,14.252866744995117,-5.1575493812561035,-5.249938488006592,73.60186004638672,0.41800000000000004,0.001
,,,,,97042,-93.29793,148,,,,,,
,,,,,97291,-93.86643,249,,,,,,
,,,,,97518,-105.58931,227,,,,,,
,,,,,97669,-75.26322,151,,,,,,
,,,,,97753,-53.6772,84,,,,,,
,,,,,97902,-59.87276,149,,,,,,
,,,,,98000,,,24.229820251464844,-0.8567919731140137,-1.4095802307128906,89.1012954711914,0.41200000000000003,0.001
,,,,,98071,-9.8268585,169,,,,,,
,,,,,98202,-73.07232,131,,,,,,
,,,,,98427,-51.816696,225,,,,,,
,,,,,98567,-65.16371,140,,,,,,
,,,,,98658,-71.12104,91,,,,,,
,,,,,98765,-116.18918,107,,,,,,
,,,,,99000,,,2.1428444385528564,1.0250707864761353,1.084067940711975,14.99457836151123,0.4059999999999999,0.001
,,,,,99167,-233.13295,402,,,,,,
,,,,,99326,-64.51897,159,,,,,,
,,,,,99442,-92.11608,116,,,,,,
,,,,,99785,-349.97632,343,,,,,,
,,,,,99996,-46.863884,211,,,,,,
-245.7884,70.28132,-146.54132,-407.51514,512.8,100000,,,4.470510005950928,-4.26597785949707,-4.175041675567627,20.321638107299805,0.4,0.001
,,,,,100092,-155.9596,96,,,,,,
,,,,,100256,-101.32837,164,,,,,,
,,,,,100386,-76.9211,130,,,,,,
,,,,,100511,-43.034004,125,,,,,,
,,,,,100615,-70.89722,104,,,,,,
,,,,,100845,-74.852585,230,,,,,,
,,,,,101000,,,21.25668716430664,-4.67360782623291,-4.938200950622559,65.68391418457031,0.394,0.001
,,,,,101023,-333.78973,178,,,,,,
,,,,,101188,-33.56637,165,,,,,,
,,,,,101322,-77.26023,134,,,,,,
,,,,,101467,-16.539566,145,,,,,,
,,,,,101613,-77.37692,146,,,,,,
,,,,,101910,-139.82831,297,,,,,,
,,,,,102000,,,18.610843658447266,-3.998566150665283,-3.3539295196533203,54.07814025878906,0.3879999999999999,0.001
,,,,,102149,-38.150463,239,,,,,,
,,,,,102251,-96.86836,102,,,,,,
,,,,,102370,-96.72379,119,,,,,,
,,,,,102636,-0.26509857,266,,,,,,
,,,,,102879,-21.691353,243,,,,,,
,,,,,103000,,,6.022197723388672,-0.12636315822601318,-0.47501397132873535,35.00555419921875,0.382,0.001
,,,,,103122,-221.94263,243,,,,,,
,,,,,103305,-97.00159,183,,,,,,
,,,,,103569,-72.15521,264,,,,,,
,,,,,103943,-153.35226,374,,,,,,
,,,,,104000,,,14.858560562133789,-5.325136184692383,-5.378269195556641,49.77552032470703,0.376,0.001
,,,,,104210,-242.22182,267,,,,,,
,,,,,104344,-86.98303,134,,,,,,
,,,,,104721,-317.0459,377,,,,,,
,,,,,104895,-250.45454,174,,,,,,
,,,,,105000,,,5.114577770233154,-0.7262061834335327,-0.24407517910003662,32.84870147705078,0.37,0.001
,,,,,105081,-102.65482,186,,,,,,
,,,,,105398,-101.15013,317,,,,,,
,,,,,105733,-116.87473,335,,,,,,
,,,,,105895,-220.92867,162,,,,,,
,,,,,106000,,,0.9231328964233398,1.078479528427124,1.0373404026031494,11.865812301635742,0.364,0.001
,,,,,106026,-73.80214,131,,,,,,
,,,,,106210,-224.61505,184,,,,,,
,,,,,106549,-217.75037,339,,,,,,
,,,,,106838,-235.02173,289,,,,,,
,,,,,107000,,,42.22969436645508,-1.1027792692184448,-1.0710160732269287,88.10315704345703,0.358,0.001
,,,,,107017,-43.956482,179,,,,,,
,,,,,107326,-12.393486,309,,,,,,
,,,,,107642,-106.25959,316,,,,,,
,,,,,107935,-159.08078,293,,,,,,
,,,,,108000,,,32.797752380371094,-6.6949005126953125,-6.989309310913086,62.14424133300781,0.352,0.001
,,,,,108305,-176.8722,370,,,,,,
,,,,,108572,-97.08558,267,,,,,,
,,,,,108710,-52.87888,138,,,,,,
,,,,,108916,-145.63577,206,,,,,,
,,,,,109000,,,6.264279365539551,-5.520687103271484,-4.998560428619385,54.58965301513672,0.346,0.001
,,,,,109236,-75.00061,320,,,,,,
,,,,,109785,-148.06447,549,,,,,,
-175.99118,60.89468,-85.26434,-269.6231,1000.0,110000,,,5.958723068237305,1.6977726221084595,1.7272502183914185,51.79383850097656,0.3400000000000001,0.001
,,,,,110084,-62.645573,299,,,,,,
,,,,,110381,-48.343475,297,,,,,,
,,,,,110524,-85.91309,143,,,,,,
,,,,,110647,-63.60955,123,,,,,,
,,,,,110832,-100.516754,185,,,,,,
,,,,,111000,,,6.274719715118408,-6.541200637817383,-6.24388313293457,38.47425842285156,0.33399999999999996,0.001
,,,,,111036,-75.476906,204,,,,,,
,,,,,111181,5.490143,145,,,,,,
,,,,,111309,-79.39086,128,,,,,,
,,,,,112000,,,5.706459045410156,-2.4314541816711426,-2.930483818054199,33.284088134765625,0.32799999999999996,0.001
,,,,,112129,-272.3114,820,,,,,,
,,,,,112361,-39.569153,232,,,,,,
,,,,,112600,-176.41913,239,,,,,,
,,,,,112928,-141.47731,328,,,,,,
,,,,,113000,,,20.484731674194336,0.7988505363464355,1.7856192588806152,134.85586547851562,0.32200000000000006,0.001
,,,,,113284,-301.92178,356,,,,,,
,,,,,113904,-143.21808,620,,,,,,
,,,,,114000,,,7.714732646942139,-1.933319091796875,-2.2911040782928467,53.6297492980957,0.31599999999999995,0.001
,,,,,114091,-50.672096,187,,,,,,
,,,,,114361,-222.46753,270,,,,,,
,,,,,114659,-272.17093,298,,,,,,
,,,,,115000,,,4.587495803833008,1.313027262687683,1.9033770561218262,58.87734603881836,0.30999999999999994,0.001
,,,,,115031,-97.98166,372,,,,,,
,,,,,115329,-274.59778,298,,,,,,
,,,,,115496,12.479988,167,,,,,,
,,,,,115694,-196.02194,198,,,,,,
,,,,,116000,,,8.788812637329102,-3.6355905532836914,-3.2380294799804688,40.785858154296875,0.30400000000000005,0.001
,,,,,116124,-12.232903,430,,,,,,
,,,,,116337,-0.4357834,213,,,,,,
,,,,,117000,,,3.4221272468566895,-0.9616348743438721,-0.41896939277648926,32.30540084838867,0.29799999999999993,0.001
,,,,,117175,-256.09692,838,,,,,,
,,,,,117793,-388.09558,618,,,,,,
,,,,,117993,-57.79846,200,,,,,,
,,,,,118000,,,8.010814666748047,-1.6642708778381348,-2.3096508979797363,34.63734436035156,0.29200000000000004,0.001
,,,,,118167,35.528732,174,,,,,,
,,,,,118356,-129.63893,189,,,,,,
,,,,,118577,-62.534836,221,,,,,,
,,,,,118744,-262.51593,167,,,,,,
,,,,,119000,,,10.51271915435791,-1.791158676147461,-1.9855372905731201,82.86451721191406,0.28600000000000003,0.001
,,,,,119034,-198.87558,290,,,,,,
,,,,,119582,-130.33258,548,,,,,,
,,,,,119740,-40.912933,158,,,,,,
-214.89111,61.720314,-127.1848,-327.65903,997.7,120000,,,32.414363861083984,-1.9285690784454346,-1.2613253593444824,101.06586456298828,0.2799999999999999,0.001
,,,,,120740,-178.99677,1000,,,,,,
,,,,,121000,,,6.965357303619385,-0.9634013175964355,-1.1381462812423706,40.15769577026367,0.274,0.001
,,,,,121209,-126.65318,469,,,,,,
,,,,,122000,,,8.005208969116211,-0.8022561073303223,-0.5524839162826538,35.556278228759766,0.268,0.001
,,,,,122108,-222.806,899,,,,,,
,,,,,122691,-182.57181,583,,,,,,
,,,,,123000,,,8.479244232177734,2.1397151947021484,1.5640888214111328,41.178733825683594,0.262,0.001
,,,,,123691,-145.02785,1000,,,,,,
,,,,,124000,,,9.66213607788086,-0.39033079147338867,-0.16684585809707642,44.94930648803711,0.256,0.001
,,,,,124055,-257.40143,364,,,,,,
,,,,,124581,-154.80531,526,,,,,,
,,,,,125000,,,6.379813194274902,0.9820042848587036,1.3932342529296875,49.10575866699219,0.25,0.001
,,,,,125581,-94.97004,1000,,,,,,
,,,,,125700,-41.787113,119,,,,,,
,,,,,125913,-133.4145,213,,,,,,
,,,,,126000,,,3.4210045337677,-2.2271456718444824,-2.347233533859253,28.46943473815918,0.244,0.001
,,,,,126042,-47.433037,129,,,,,,
,,,,,127000,,,12.225210189819336,0.37511301040649414,-0.13884037733078003,54.006446838378906,0.238,0.001
,,,,,127042,-106.73403,1000,,,,,,
,,,,,128000,,,3.0431246757507324,0.6085124015808105,0.32076960802078247,19.7669734954834,0.23199999999999998,0.001
,,,,,128042,-133.6131,1000,,,,,,
,,,,,129000,,,9.680269241333008,-1.740899682044983,-1.6253360509872437,33.750980377197266,0.22599999999999998,0.001
,,,,,129042,58.483624,1000,,,,,,
-168.46753,31.011183,-96.02255,-210.43225,937.1,130000,,,8.022662162780762,-3.9423999786376953,-4.011186599731445,41.085601806640625,0.21999999999999997,0.001
,,,,,130042,-128.99513,1000,,,,,,
,,,,,131000,,,13.750152587890625,-0.1956169605255127,-0.16595423221588135,64.18339538574219,0.21399999999999997,0.001
,,,,,131042,-192.83777,1000,,,,,,
,,,,,131882,-172.92778,840,,,,,,
,,,,,132000,,,2.568155288696289,0.32851824164390564,0.6352497935295105,21.13666343688965,0.20799999999999996,0.001
,,,,,132882,-116.63211,1000,,,,,,
,,,,,133000,,,45.84788513183594,-3.7211761474609375,-4.788136959075928,125.22944641113281,0.20199999999999996,0.001
,,,,,133882,-180.08438,1000,,,,,,
,,,,,134000,,,5.016374588012695,2.209713935852051,2.7383265495300293,33.21599197387695,0.19599999999999995,0.001
,,,,,134662,245.35538,780,,,,,,
,,,,,135000,,,2.0549349784851074,1.1985052824020386,1.1836967468261719,21.10025405883789,0.18999999999999995,0.001
,,,,,135662,-199.21805,1000,,,,,,
,,,,,136000,,,12.6138916015625,-2.2536513805389404,-1.459594964981079,56.643123626708984,0.18400000000000005,0.001
,,,,,136156,-155.35658,494,,,,,,
,,,,,137000,,,7.045590400695801,-1.2570531368255615,-1.416219711303711,36.17527770996094,0.17799999999999994,0.001
,,,,,137156,-177.6884,1000,,,,,,
,,,,,137570,-272.7047,414,,,,,,
,,,,,138000,,,2.6035141944885254,-1.8687751293182373,-2.1410841941833496,21.784820556640625,0.17199999999999993,0.001
,,,,,138494,-180.72888,924,,,,,,
,,,,,138764,-19.688469,270,,,,,,
,,,,,139000,,,98.27120971679688,2.596306800842285,4.390056610107422,237.959228515625,0.16600000000000004,0.001
,,,,,139764,-144.35333,1000,,,,,,
-129.2721,29.045042,-72.87755,-166.27422,1000.0,140000,,,2.4382519721984863,2.385251045227051,2.049509048461914,18.985218048095703,0.15999999999999992,0.001
,,,,,140764,-176.95525,1000,,,,,,
,,,,,141000,,,8.49767780303955,1.632375717163086,1.5635840892791748,44.94108963012695,0.15400000000000003,0.001
,,,,,141764,-117.998375,1000,,,,,,
,,,,,142000,,,4.416853427886963,3.4287853240966797,3.6127867698669434,28.55847930908203,0.14800000000000002,0.001
,,,,,142764,-166.88889,1000,,,,,,
,,,,,143000,,,2.485536575317383,-1.3603966236114502,-1.5437028408050537,22.30553436279297,0.1419999999999999,0.001
,,,,,143764,-131.7856,1000,,,,,,
,,,,,144000,,,23.249713897705078,-1.681588888168335,-0.9718294143676758,101.70548248291016,0.136,0.001
,,,,,144584,-116.87447,820,,,,,,
,,,,,145000,,,4.0996174812316895,0.8959858417510986,0.6884478330612183,27.731786727905273,0.13,0.001
,,,,,145349,-195.49246,765,,,,,,
,,,,,146000,,,16.82514762878418,1.827917456626892,2.274108648300171,50.71170425415039,0.12399999999999989,0.001
,,,,,146349,-135.5965,1000,,,,,,
,,,,,147000,,,7.120903968811035,-0.39247989654541016,-0.37976276874542236,28.526700973510742,0.118,0.001
,,,,,147349,-129.21347,1000,,,,,,
,,,,,148000,,,46.086647033691406,-2.465611696243286,-3.0774850845336914,93.39830780029297,0.11199999999999999,0.001
,,,,,148349,-132.21764,1000,,,,,,
,,,,,149000,,,6.659292697906494,2.274122476577759,1.936044692993164,45.23070526123047,0.10599999999999998,0.001
,,,,,149349,-89.19091,1000,,,,,,
,,,,,149686,-108.56351,337,,,,,,
-148.83347,50.687157,-88.30421,-212.49141,1000.0,150000,,,17.944232940673828,-0.8496206998825073,-0.745198667049408,47.208343505859375,0.1,0.001
,,,,,150686,-77.77277,1000,,,,,,
,,,,,151000,,,4.035620212554932,-0.7237989902496338,-0.35628795623779297,24.99933624267578,0.09946666666666668,0.001
,,,,,151686,-86.16439,1000,,,,,,
,,,,,152000,,,4.987906455993652,4.336287021636963,4.22810173034668,47.7524528503418,0.09893333333333335,0.001
,,,,,152686,-142.76665,1000,,,,,,
,,,,,153000,,,5.298512935638428,0.058457016944885254,0.10759842395782471,35.95127868652344,0.0984,0.001
,,,,,153686,-128.31801,1000,,,,,,
,,,,,154000,,,3.3309144973754883,1.501861810684204,1.238502025604248,28.505146026611328,0.09786666666666667,0.001
,,,,,154686,-142.68019,1000,,,,,,
,,,,,155000,,,8.10066032409668,-2.3724172115325928,-2.3936824798583984,58.73012161254883,0.09733333333333334,0.001
,,,,,155686,-119.518265,1000,,,,,,
,,,,,156000,,,4.233315944671631,-2.6056692600250244,-2.141230344772339,30.616764068603516,0.09680000000000001,0.001
,,,,,156686,-118.97761,1000,,,,,,
,,,,,157000,,,12.872442245483398,3.3697097301483154,3.925220251083374,80.12486267089844,0.09626666666666667,0.001
,,,,,157686,-175.3597,1000,,,,,,
,,,,,158000,,,2.8995580673217773,2.916712760925293,2.9198155403137207,20.20499038696289,0.09573333333333334,0.001
,,,,,158686,-163.80911,1000,,,,,,
,,,,,159000,,,15.843306541442871,-0.04238128662109375,0.3306107521057129,88.4319076538086,0.0952,0.001
,,,,,159686,-123.90857,1000,,,,,,
-112.17002,12.887994,-93.82527,-131.97139,1000.0,160000,,,2.144680976867676,0.8770145177841187,1.2216768264770508,18.89927864074707,0.09466666666666668,0.001
,,,,,160686,-122.21472,1000,,,,,,
,,,,,161000,,,9.274319648742676,0.06317555904388428,0.9250671863555908,65.98751068115234,0.09413333333333333,0.001
,,,,,161686,-89.85061,1000,,,,,,
,,,,,162000,,,2.8244712352752686,2.33076810836792,2.05299973487854,30.531551361083984,0.0936,0.001
,,,,,162686,-170.52615,1000,,,,,,
,,,,,163000,,,8.922786712646484,0.23238658905029297,0.74019455909729,45.33367919921875,0.09306666666666667,0.001
,,,,,163686,-117.5151,1000,,,,,,
,,,,,164000,,,17.914901733398438,1.3680362701416016,2.2499423027038574,66.75802612304688,0.09253333333333334,0.001
,,,,,164686,-113.02389,1000,,,,,,
,,,,,165000,,,6.3200178146362305,-0.6097358465194702,-1.2952641248703003,47.26110076904297,0.092,0.001
,,,,,165686,-130.13112,1000,,,,,,
,,,,,166000,,,11.222784042358398,-2.1410322189331055,-2.208090305328369,71.7990493774414,0.09146666666666667,0.001
,,,,,166686,-146.13596,1000,,,,,,
,,,,,167000,,,3.2064337730407715,4.176390647888184,4.167651176452637,22.161720275878906,0.09093333333333334,0.001
,,,,,167686,-110.27383,1000,,,,,,
,,,,,168000,,,5.3218231201171875,-3.396954298019409,-3.284301996231079,44.36622619628906,0.09040000000000001,0.001
,,,,,168686,-115.924644,1000,,,,,,
,,,,,169000,,,7.253233909606934,-1.678100824356079,-1.2813384532928467,45.244667053222656,0.08986666666666668,0.001
,,,,,169686,-154.70314,1000,,,,,,
-125.22319,20.45469,-95.93393,-151.87453,1000.0,170000,,,2.341186761856079,4.239308834075928,4.075741291046143,23.44741439819336,0.08933333333333333,0.001
,,,,,170686,-132.32481,1000,,,,,,
,,,,,171000,,,3.071199417114258,5.713925361633301,5.578587532043457,22.726314544677734,0.0888,0.001
,,,,,171686,-118.313354,1000,,,,,,
,,,,,172000,,,12.162391662597656,0.7150431871414185,1.013282060623169,48.68771743774414,0.08826666666666667,0.001
,,,,,172686,-119.7965,1000,,,,,,
,,,,,173000,,,20.184518814086914,1.5317926406860352,1.7289986610412598,59.55215835571289,0.08773333333333334,0.001
,,,,,173686,-141.51381,1000,,,,,,
,,,,,174000,,,2.415867328643799,2.1944220066070557,2.1357131004333496,14.40090560913086,0.0872,0.001
,,,,,174686,-97.858345,1000,,,,,,
,,,,,175000,,,17.62450408935547,0.3702046871185303,0.17674767971038818,59.902034759521484,0.08666666666666667,0.001
,,,,,175686,-119.45511,1000,,,,,,
,,,,,176000,,,1.3894538879394531,1.6197186708450317,1.9412312507629395,20.057350158691406,0.08613333333333334,0.001
,,,,,176686,-136.12054,1000,,,,,,
,,,,,177000,,,2.732522964477539,-0.6028845310211182,-0.7642455101013184,27.699691772460938,0.08560000000000001,0.001
,,,,,177686,-159.59981,1000,,,,,,
,,,,,178000,,,2.842879295349121,2.3517634868621826,2.705036163330078,29.636268615722656,0.08506666666666667,0.001
,,,,,178686,-146.57181,1000,,,,,,
,,,,,178876,-31.39663,190,,,,,,
,,,,,179000,,,3.52201247215271,0.7362916469573975,1.3814435005187988,30.2755069732666,0.08453333333333334,0.001
,,,,,179876,-159.55515,1000,,,,,,
-148.95703,23.198748,-109.87015,-175.88445,1000.0,180000,,,6.481639385223389,0.5960493087768555,0.4976893663406372,34.590415954589844,0.084,0.001
,,,,,180876,-94.872475,1000,,,,,,
,,,,,181000,,,1.1923213005065918,5.311713218688965,5.294304370880127,12.642487525939941,0.08346666666666668,0.001
,,,,,181876,-125.89155,1000,,,,,,
,,,,,182000,,,2.5974040031433105,0.22055810689926147,0.4587633013725281,25.23166275024414,0.08293333333333333,0.001
,,,,,182876,-109.55909,1000,,,,,,
,,,,,183000,,,8.470378875732422,2.719287872314453,2.951225757598877,49.63106155395508,0.0824,0.001
,,,,,183876,-125.920074,1000,,,,,,
,,,,,184000,,,6.299904823303223,1.672290563583374,1.2503317594528198,36.869232177734375,0.08186666666666667,0.001
,,,,,184876,-143.81029,1000,,,,,,
,,,,,185000,,,16.143760681152344,0.7148582935333252,0.5372785329818726,84.30517578125,0.08133333333333334,0.001
,,,,,185876,-136.04129,1000,,,,,,
,,,,,186000,,,5.507206916809082,-0.9545854330062866,-1.1437170505523682,37.963623046875,0.08080000000000001,0.001
,,,,,186876,-127.10455,1000,,,,,,
,,,,,187000,,,2.2603795528411865,3.1011195182800293,3.4176065921783447,20.255264282226562,0.08026666666666667,0.001
,,,,,187876,-110.019325,1000,,,,,,
,,,,,188000,,,10.439839363098145,-6.393563747406006,-6.157792568206787,48.62139129638672,0.07973333333333334,0.001
,,,,,188876,-91.130264,1000,,,,,,
,,,,,189000,,,28.99949836730957,-4.238860130310059,-4.300581932067871,99.45806884765625,0.0792,0.001
,,,,,189876,-96.9492,1000,,,,,,
-117.5318,19.622675,-84.17503,-144.86531,1000.0,190000,,,1.2902281284332275,1.1882691383361816,1.3388667106628418,14.45853328704834,0.07866666666666668,0.001
,,,,,190876,-86.98265,1000,,,,,,
,,,,,191000,,,14.124286651611328,3.1449713706970215,2.7296931743621826,71.32867431640625,0.07813333333333333,0.001
,,,,,191427,-442.75235,551,,,,,,
,,,,,192000,,,5.901276588439941,3.010165214538574,3.090197801589966,28.25864028930664,0.0776,0.001
,,,,,192427,-142.60997,1000,,,,,,
,,,,,193000,,,4.743906021118164,-5.1998419761657715,-5.084834098815918,34.53134536743164,0.07706666666666667,0.001
,,,,,193427,-110.89822,1000,,,,,,
,,,,,194000,,,100.51964569091797,0.6105890274047852,1.5338610410690308,94.34845733642578,0.07653333333333334,0.001
,,,,,194427,-118.60866,1000,,,,,,
,,,,,195000,,,265.110107421875,1.4098552465438843,3.545762538909912,388.5873107910156,0.07600000000000001,0.001
,,,,,195427,-122.60017,1000,,,,,,
,,,,,196000,,,12.640783309936523,-0.5333009958267212,-0.2444819211959839,82.54704284667969,0.07546666666666668,0.001
,,,,,196427,-135.77684,1000,,,,,,
,,,,,197000,,,3.405228853225708,2.671722888946533,2.4303555488586426,40.796485900878906,0.07493333333333334,0.001
,,,,,197427,-150.3358,1000,,,,,,
,,,,,198000,,,5.163303852081299,2.40525221824646,2.6788976192474365,37.1214714050293,0.07440000000000001,0.001
,,,,,198427,-141.04488,1000,,,,,,
,,,,,199000,,,5.251081943511963,0.4899860620498657,0.4106113910675049,32.909671783447266,0.07386666666666666,0.001
,,,,,199427,-109.082306,1000,,,,,,
-110.04978,19.096142,-85.30411,-150.36395,1000.0,200000,,,5.480772972106934,0.2093486785888672,0.30392277240753174,35.71103286743164,0.07333333333333333,0.001
,,,,,200427,-130.29875,1000,,,,,,
,,,,,201000,,,27.816877365112305,-2.645996570587158,-2.422046661376953,89.36046600341797,0.0728,0.001
,,,,,201427,-138.42224,1000,,,,,,
,,,,,202000,,,12.700817108154297,2.776367425918579,3.219086170196533,71.5379867553711,0.07226666666666667,0.001
,,,,,202427,-171.27945,1000,,,,,,
,,,,,203000,,,11.438139915466309,-1.0302586555480957,-1.094695806503296,64.20359802246094,0.07173333333333334,0.001
,,,,,203427,-134.79553,1000,,,,,,
,,,,,204000,,,26.399229049682617,3.681424856185913,4.023380279541016,114.51490783691406,0.07120000000000001,0.001
,,,,,204427,-189.11105,1000,,,,,,
,,,,,205000,,,7.695415496826172,-1.8798516988754272,-1.372732400894165,45.442325592041016,0.07066666666666667,0.001
,,,,,205427,-139.92226,1000,,,,,,
,,,,,205763,-425.2559,336,,,,,,
,,,,,206000,,,8.43194580078125,-2.5714027881622314,-2.387152671813965,44.876346588134766,0.07013333333333334,0.001
,,,,,206763,-129.68404,1000,,,,,,
,,,,,207000,,,9.569196701049805,-1.9160435199737549,-1.0753122568130493,50.35747146606445,0.06960000000000001,0.001
,,,,,207763,-115.17897,1000,,,,,,
,,,,,208000,,,9.207937240600586,1.266994595527649,2.1031010150909424,36.580501556396484,0.06906666666666667,0.001
,,,,,208763,-137.49045,1000,,,,,,
,,,,,209000,,,5.381134033203125,2.0496835708618164,1.8458468914031982,37.4278678894043,0.06853333333333333,0.001
,,,,,209763,-116.219536,1000,,,,,,
-149.51353,26.431334,-102.166725,-183.72041,1000.0,210000,,,1.994317889213562,3.8290908336639404,3.5708444118499756,26.754894256591797,0.068,0.001
,,,,,210763,-145.02528,1000,,,,,,
,,,,,211000,,,13.682456970214844,-7.180833339691162,-6.939107894897461,56.38423156738281,0.06746666666666667,0.001
,,,,,211763,-122.127,1000,,,,,,
,,,,,212000,,,2.0939128398895264,4.637528896331787,4.403968811035156,25.621728897094727,0.06693333333333334,0.001
,,,,,212763,-164.66129,1000,,,,,,
,,,,,213000,,,14.299809455871582,1.4478776454925537,1.4786949157714844,56.00526809692383,0.06640000000000001,0.001
,,,,,213763,-149.93082,1000,,,,,,
,,,,,214000,,,11.435012817382812,-1.880760669708252,-1.4200284481048584,51.08469772338867,0.06586666666666667,0.001
,,,,,214763,-195.5279,1000,,,,,,
,,,,,215000,,,2.75339937210083,0.5292384624481201,0.3003504276275635,18.006032943725586,0.06533333333333333,0.001
,,,,,215763,-116.09133,1000,,,,,,
,,,,,216000,,,2.0844650268554688,-1.1984623670578003,-0.9219564199447632,26.974864959716797,0.0648,0.001
,,,,,216763,-141.97758,1000,,,,,,
,,,,,217000,,,5.716516494750977,3.246316909790039,3.139401912689209,43.99297332763672,0.06426666666666667,0.001
,,,,,217763,-150.39069,1000,,,,,,
,,,,,218000,,,8.903849601745605,-0.5245316624641418,-0.7419651746749878,37.21684265136719,0.06373333333333334,0.001
,,,,,218763,-111.06261,1000,,,,,,
,,,,,219000,,,7.512668609619141,-1.0596837997436523,-0.6154013872146606,37.605560302734375,0.0632,0.001
,,,,,219763,-134.8695,1000,,,,,,
-215.15732,46.204914,-111.32462,-288.49457,931.3,220000,,,141.36622619628906,2.6188526153564453,0.6058088541030884,160.35549926757812,0.06266666666666668,0.001
,,,,,220763,-121.15377,1000,,,,,,
,,,,,221000,,,4.2980194091796875,3.931912899017334,4.237997531890869,38.70852279663086,0.06213333333333334,0.001
,,,,,221763,-94.35226,1000,,,,,,
,,,,,222000,,,4.649372577667236,2.8929924964904785,3.1324472427368164,37.90803909301758,0.06160000000000001,0.001
,,,,,222763,-140.99542,1000,,,,,,
,,,,,223000,,,2.156343936920166,1.289261817932129,1.3661680221557617,19.429819107055664,0.06106666666666667,0.001
,,,,,223763,-125.47425,1000,,,,,,
,,,,,224000,,,2.4752347469329834,0.7065508365631104,0.3677757978439331,34.97711944580078,0.060533333333333335,0.001
,,,,,224763,-128.37823,1000,,,,,,
,,,,,225000,,,8.256974220275879,1.1325643062591553,0.5242249965667725,48.57974624633789,0.060000000000000005,0.001
,,,,,225763,-153.07643,1000,,,,,,
,,,,,226000,,,6.7652812004089355,-3.1214711666107178,-3.426358938217163,47.076202392578125,0.05946666666666667,0.001
,,,,,226763,-62.96465,1000,,,,,,
,,,,,227000,,,2.340880870819092,-0.9091565608978271,-1.3234633207321167,37.36662673950195,0.05893333333333334,0.001
,,,,,227763,-103.38526,1000,,,,,,
,,,,,228000,,,2.9451892375946045,4.982458591461182,4.934493064880371,22.645721435546875,0.0584,0.001
,,,,,228763,-116.069084,1000,,,,,,
,,,,,229000,,,65.90985870361328,0.2156848907470703,-0.7961485385894775,161.6907196044922,0.05786666666666668,0.001
,,,,,229763,-139.33572,1000,,,,,,
-147.00433,37.438053,-104.443146,-237.69913,955.9,230000,,,8.699349403381348,-1.8092966079711914,-1.6445643901824951,54.04066467285156,0.05733333333333334,0.001
,,,,,230763,-107.43566,1000,,,,,,
,,,,,231000,,,5.316938877105713,-1.8096165657043457,-2.280351161956787,55.5191535949707,0.0568,0.001
,,,,,231763,-85.8903,1000,,,,,,
,,,,,232000,,,15.191703796386719,-0.0799703598022461,0.39460253715515137,85.9054946899414,0.05626666666666667,0.001
,,,,,232763,-157.69446,1000,,,,,,
,,,,,233000,,,2.8644051551818848,4.505898475646973,4.988741397857666,38.977447509765625,0.055733333333333336,0.001
,,,,,233763,-105.42733,1000,,,,,,
,,,,,234000,,,46.31904220581055,-3.152939796447754,-2.186192750930786,84.63995361328125,0.0552,0.001
,,,,,234763,-120.863144,1000,,,,,,
,,,,,235000,,,9.472497940063477,3.3076412677764893,3.5987634658813477,46.79591369628906,0.054666666666666676,0.001
,,,,,235763,-79.48462,1000,,,,,,
,,,,,236000,,,6.135575771331787,1.1380980014801025,0.7452783584594727,48.63133239746094,0.05413333333333334,0.001
,,,,,236763,-123.908394,1000,,,,,,
,,,,,237000,,,58.71247100830078,3.3158645629882812,2.5062787532806396,128.9493408203125,0.05360000000000001,0.001
,,,,,237763,-94.96073,1000,,,,,,
,,,,,238000,,,2.7982165813446045,2.2546067237854004,1.9503405094146729,24.196474075317383,0.05306666666666667,0.001
,,,,,238763,-148.42015,1000,,,,,,
,,,,,239000,,,2.305929183959961,4.001461982727051,3.8702728748321533,19.612926483154297,0.052533333333333335,0.001
,,,,,239763,-162.84921,1000,,,,,,
-126.1592,24.35859,-80.89346,-170.68385,1000.0,240000,,,3.6204323768615723,-3.5514731407165527,-3.2537550926208496,36.07064437866211,0.052000000000000005,0.001
,,,,,240357,-125.781975,594,,,,,,
,,,,,241000,,,2.316450595855713,1.1243599653244019,1.9059803485870361,39.6181640625,0.05146666666666667,0.001
,,,,,241357,-142.7708,1000,,,,,,
,,,,,242000,,,28.426931381225586,1.807599663734436,3.000722646713257,62.56102752685547,0.050933333333333344,0.001
,,,,,242357,-134.5187,1000,,,,,,
,,,,,243000,,,5.834190368652344,1.63478684425354,1.0113623142242432,41.94083023071289,0.05040000000000001,0.001
,,,,,243357,-121.786865,1000,,,,,,
,,,,,244000,,,4.6800055503845215,-1.612364649772644,-1.887629508972168,38.078433990478516,0.04986666666666667,0.001
,,,,,244357,-87.15882,1000,,,,,,
,,,,,245000,,,3.389188289642334,1.895131230354309,1.7366054058074951,27.5446720123291,0.04933333333333334,0.001
,,,,,245357,-152.9774,1000,,,,,,
,,,,,246000,,,3.773549795150757,2.77681565284729,2.5592896938323975,40.30885696411133,0.0488,0.001
,,,,,246357,-158.04088,1000,,,,,,
,,,,,247000,,,52.590980529785156,3.354253053665161,2.9629318714141846,165.6851348876953,0.04826666666666667,0.001
,,,,,247357,-114.78947,1000,,,,,,
,,,,,248000,,,4.799673557281494,4.719736099243164,3.9896998405456543,48.74556350708008,0.047733333333333336,0.001
,,,,,248357,-168.42767,1000,,,,,,
,,,,,249000,,,3.543732166290283,-1.743377923965454,-1.4618406295776367,37.25545883178711,0.0472,0.001
,,,,,249357,-115.14146,1000,,,,,,
-119.69163,24.59691,-64.55267,-168.79274,1000.0,250000,,,81.97991180419922,-5.293612480163574,-6.346645355224609,210.97467041015625,0.046666666666666676,0.001
,,,,,250357,-107.897736,1000,,,,,,
,,,,,251000,,,1.4115331172943115,3.1999964714050293,2.754946708679199,28.298118591308594,0.04613333333333334,0.001
,,,,,251357,-152.75249,1000,,,,,,
,,,,,252000,,,38.0670280456543,0.4507349729537964,1.245968222618103,73.30388641357422,0.0456,0.001
,,,,,252357,-78.24067,1000,,,,,,
,,,,,253000,,,2.398667335510254,6.403598308563232,6.062802314758301,28.23140525817871,0.04506666666666667,0.001
,,,,,253357,-148.69585,1000,,,,,,
,,,,,254000,,,3.5055770874023438,1.6921111345291138,1.2812861204147339,41.09640884399414,0.044533333333333334,0.001
,,,,,254357,-120.1588,1000,,,,,,
,,,,,255000,,,2.4596738815307617,-3.0870718955993652,-2.702698230743408,28.037351608276367,0.04400000000000001,0.001
,,,,,255357,-172.9887,1000,,,,,,
,,,,,256000,,,2.856224536895752,2.8744568824768066,3.014982223510742,33.263633728027344,0.043466666666666674,0.001
,,,,,256357,-86.82875,1000,,,,,,
,,,,,257000,,,7.683864116668701,-1.657883644104004,-1.4004693031311035,43.081634521484375,0.04293333333333334,0.001
,,,,,257357,-109.349724,1000,,,,,,
,,,,,258000,,,1.882986307144165,4.904206275939941,4.389975547790527,39.155006408691406,0.04240000000000001,0.001
,,,,,258357,-74.03473,1000,,,,,,
,,,,,259000,,,56.189212799072266,-1.794359564781189,-2.4583592414855957,75.10084533691406,0.04186666666666667,0.001
,,,,,259357,-147.53706,1000,,,,,,
-110.409744,21.376135,-80.62584,-138.89949,1000.0,260000,,,2.750657081604004,2.591540813446045,2.129006862640381,32.198246002197266,0.04133333333333334,0.001
,,,,,260357,-113.51469,1000,,,,,,
,,,,,261000,,,5.492029190063477,3.526358127593994,3.537252902984619,28.921737670898438,0.0408,0.001
,,,,,261357,-151.78728,1000,,,,,,
,,,,,262000,,,7.9249677658081055,0.4294527769088745,0.6783313751220703,55.95652770996094,0.040266666666666666,0.001
,,,,,262357,-135.9505,1000,,,,,,
,,,,,263000,,,16.852588653564453,2.4271373748779297,2.7203738689422607,132.0236053466797,0.03973333333333334,0.001
,,,,,263357,-158.04459,1000,,,,,,
,,,,,264000,,,6.7218122482299805,1.8758573532104492,2.1910862922668457,50.90656661987305,0.039200000000000006,0.001
,,,,,264357,-195.65071,1000,,,,,,
,,,,,265000,,,2.903909206390381,4.11870813369751,4.663538455963135,40.330806732177734,0.03866666666666667,0.001
,,,,,265357,-168.13991,1000,,,,,,
,,,,,266000,,,5.652729034423828,-1.3552136421203613,-2.0926690101623535,45.37812042236328,0.03813333333333334,0.001
,,,,,266357,-131.5549,1000,,,,,,
,,,,,267000,,,3.2363078594207764,4.383357524871826,3.6193864345550537,52.02122116088867,0.0376,0.001
,,,,,267357,-170.9129,1000,,,,,,
,,,,,268000,,,3.280745506286621,0.8701903223991394,0.6855218410491943,26.956092834472656,0.03706666666666668,0.001
,,,,,268357,-135.4988,1000,,,,,,
,,,,,269000,,,8.854236602783203,-1.259108543395996,-0.8456425070762634,80.85138702392578,0.036533333333333334,0.001
,,,,,269357,-151.51585,1000,,,,,,
-142.82474,29.494877,-105.63208,-213.96202,1000.0,270000,,,7.114983558654785,1.8237015008926392,1.5558545589447021,47.126686096191406,0.036000000000000004,0.001
,,,,,270357,-159.17761,1000,,,,,,
,,,,,271000,,,6.302695274353027,0.12508201599121094,-0.5537731647491455,47.039039611816406,0.035466666666666674,0.001
,,,,,271357,-152.8385,1000,,,,,,
,,,,,272000,,,2.3091940879821777,5.037217140197754,5.0189528465271,21.727201461791992,0.03493333333333333,0.001
,,,,,272357,-180.11638,1000,,,,,,
,,,,,273000,,,2.5924839973449707,2.808082103729248,2.540008544921875,26.306461334228516,0.034400000000000014,0.001
,,,,,273357,-113.31018,1000,,,,,,
,,,,,274000,,,5.400540828704834,1.5061017274856567,1.740393877029419,36.48085021972656,0.03386666666666667,0.001
,,,,,274357,-129.79953,1000,,,,,,
,,,,,275000,,,4.0264692306518555,0.0056143999099731445,-0.3249732255935669,31.05754852294922,0.03333333333333334,0.001
,,,,,275357,-166.57574,1000,,,,,,
,,,,,276000,,,6.8137102127075195,0.39226222038269043,0.1872212290763855,36.59511947631836,0.03280000000000001,0.001
,,,,,276357,-208.4346,1000,,,,,,
,,,,,277000,,,4.181928634643555,1.795905351638794,1.654187560081482,41.39037322998047,0.032266666666666666,0.001
,,,,,277357,-103.798294,1000,,,,,,
,,,,,278000,,,3.756084680557251,1.1912801265716553,0.6632355451583862,34.35637664794922,0.031733333333333336,0.001
,,,,,278357,-183.29869,1000,,,,,,
,,,,,279000,,,5.347133636474609,-1.368377923965454,-1.5104175806045532,45.17418670654297,0.031200000000000006,0.001
,,,,,279357,-148.82442,1000,,,,,,
-140.11768,23.392595,-93.30815,-170.5284,1000.0,280000,,,5.007500648498535,-1.8275675773620605,-1.8144932985305786,35.662418365478516,0.03066666666666666,0.001
,,,,,280357,-146.14511,1000,,,,,,
,,,,,281000,,,7.01658296585083,1.0445598363876343,1.9691541194915771,36.884944915771484,0.030133333333333345,0.001
,,,,,281357,-164.51767,1000,,,,,,
,,,,,282000,,,6.340795516967773,-1.931272268295288,-1.5080289840698242,50.37498474121094,0.0296,0.001
,,,,,282357,-111.24757,1000,,,,,,
,,,,,283000,,,5.422695636749268,2.8723533153533936,2.7220096588134766,46.89503860473633,0.02906666666666667,0.001
,,,,,283357,-183.02821,1000,,,,,,
,,,,,284000,,,3.027315855026245,3.2635295391082764,2.987300157546997,33.18171310424805,0.02853333333333334,0.001
,,,,,284357,-111.72005,1000,,,,,,
,,,,,285000,,,3.689523696899414,2.2761483192443848,2.48756742477417,22.940269470214844,0.027999999999999997,0.001
,,,,,285357,-144.12018,1000,,,,,,
,,,,,286000,,,10.641785621643066,-2.4813904762268066,-2.118664264678955,61.23607635498047,0.02746666666666668,0.001
,,,,,286357,-149.85147,1000,,,,,,
,,,,,287000,,,4.209488868713379,-1.8287549018859863,-2.3481321334838867,36.37030029296875,0.026933333333333337,0.001
,,,,,287357,-147.5075,1000,,,,,,
,,,,,288000,,,7.880721569061279,2.9023597240448,2.9380383491516113,77.42903137207031,0.026400000000000007,0.001
,,,,,288357,-120.76179,1000,,,,,,
,,,,,289000,,,2.1918654441833496,5.811851978302002,5.5995259284973145,28.21303367614746,0.025866666666666677,0.001
,,,,,289357,-200.94432,1000,,,,,,
-172.23856,31.695917,-120.3287,-230.55876,973.3,290000,,,31.446781158447266,2.5730409622192383,2.896120309829712,132.26443481445312,0.025333333333333333,0.001
,,,,,290357,-148.76949,1000,,,,,,
,,,,,291000,,,1.51975417137146,4.769181728363037,4.810680389404297,16.76665687561035,0.024800000000000003,0.001
,,,,,291357,-123.05074,1000,,,,,,
,,,,,292000,,,7.602519512176514,-0.3887941837310791,-0.687161922454834,68.01484680175781,0.024266666666666672,0.001
,,,,,292357,-154.44368,1000,,,,,,
,,,,,293000,,,1.8186149597167969,0.520527720451355,0.474328875541687,22.874229431152344,0.02373333333333333,0.001
,,,,,293357,-158.57512,1000,,,,,,
,,,,,294000,,,5.853151321411133,-2.0300674438476562,-2.186716318130493,34.512298583984375,0.023200000000000012,0.001
,,,,,294357,-154.50769,1000,,,,,,
,,,,,295000,,,7.776201248168945,-1.4055724143981934,-1.6581237316131592,74.4896469116211,0.02266666666666667,0.001
,,,,,295357,-143.648,1000,,,,,,
,,,,,296000,,,83.58657836914062,0.6561229228973389,1.6226027011871338,400.30474853515625,0.022133333333333338,0.001
,,,,,296357,-190.10672,1000,,,,,,
,,,,,297000,,,4.491240501403809,2.5114200115203857,2.539417028427124,37.19807052612305,0.021600000000000008,0.001
,,,,,297159,-247.22482,802,,,,,,
,,,,,298000,,,1.6121184825897217,-2.129765510559082,-2.2255377769470215,18.022106170654297,0.021066666666666664,0.001
,,,,,298159,-143.86203,1000,,,,,,
,,,,,299000,,,2.4049558639526367,4.688600540161133,4.392218589782715,33.823402404785156,0.020533333333333334,0.001
,,,,,299159,-127.02431,1000,,,,,,
-154.94182,17.429611,-128.09956,-184.76549,1000.0,300000,,,8.531488418579102,-2.1772708892822266,-1.5922800302505493,68.01115417480469,0.02,0.001
,,,,,300159,-169.53087,1000,,,,,,
,,,,,301000,,,2.6448001861572266,2.5197176933288574,2.2163705825805664,32.1412353515625,0.02,0.001
,,,,,301159,-158.90985,1000,,,,,,
,,,,,302000,-219.77786,841,,,,,,
,,,,,302000,,,5.372058868408203,-2.150485038757324,-1.8147649765014648,50.941192626953125,0.02,0.001
,,,,,302751,-204.78113,751,,,,,,
,,,,,303000,,,2.708096504211426,3.5770363807678223,3.3371143341064453,32.271888732910156,0.02,0.001
,,,,,303751,-160.61198,1000,,,,,,
,,,,,304000,,,5.736184597015381,-0.8143317103385925,-1.0872650146484375,48.32573699951172,0.02,0.001
,,,,,304751,-149.76984,1000,,,,,,
,,,,,305000,,,1.0588927268981934,2.0342800617218018,2.0453667640686035,12.00270938873291,0.02,0.001
,,,,,305751,-165.42793,1000,,,,,,
,,,,,306000,,,6.635407447814941,-0.9114413261413574,-1.026221513748169,37.668983459472656,0.02,0.001
,,,,,306751,-171.13007,1000,,,,,,
,,,,,307000,,,10.114049911499023,-1.1478025913238525,-0.731151819229126,77.71485137939453,0.02,0.001
,,,,,307751,-179.12831,1000,,,,,,
,,,,,308000,,,10.894536972045898,3.409027576446533,3.131486177444458,44.976219177246094,0.02,0.001
,,,,,308741,-282.10962,990,,,,,,
,,,,,309000,,,4.176102638244629,2.310828685760498,1.9165805578231812,43.57938766479492,0.02,0.001
,,,,,309741,-126.35858,1000,,,,,,
-224.1586,61.320633,-126.23385,-341.1054,905.7,310000,,,3.577101707458496,0.4212343692779541,0.845187783241272,34.8875617980957,0.02,0.001
,,,,,310741,-154.81068,1000,,,,,,
,,,,,311000,,,2.562152862548828,0.7435400485992432,1.3408799171447754,36.737579345703125,0.02,0.001
,,,,,311414,-227.53632,673,,,,,,
,,,,,312000,,,12.444318771362305,2.902139663696289,2.5946953296661377,114.56932830810547,0.02,0.001
,,,,,312414,-245.47037,1000,,,,,,
,,,,,313000,,,2.5805060863494873,2.812891960144043,3.054219961166382,26.786508560180664,0.02,0.001
,,,,,313414,-131.66122,1000,,,,,,
,,,,,314000,,,2.236462354660034,5.042912006378174,4.969653129577637,20.251850128173828,0.02,0.001
,,,,,314414,-195.64168,1000,,,,,,
,,,,,315000,,,5.815669059753418,0.7158005237579346,0.4440150856971741,39.00737380981445,0.02,0.001
,,,,,315071,-265.73846,657,,,,,,
,,,,,316000,,,7.128836154937744,1.3148459196090698,1.8440004587173462,48.711814880371094,0.02,0.001
,,,,,316071,-142.73749,1000,,,,,,
,,,,,317000,,,5.310943603515625,-2.782151222229004,-2.6740643978118896,39.822566986083984,0.02,0.001
,,,,,317071,-145.58025,1000,,,,,,
,,,,,317602,-166.91226,531,,,,,,
,,,,,318000,,,2.1321640014648438,5.148658275604248,5.913865089416504,44.78915786743164,0.02,0.001
,,,,,318584,-234.13982,982,,,,,,
,,,,,319000,,,18.339008331298828,-0.4205140471458435,-0.8680601716041565,120.49620056152344,0.02,0.001
,,,,,319584,-171.3435,1000,,,,,,
-202.13623,41.234367,-143.3826,-269.63153,938.4,320000,,,5.927373886108398,3.889007329940796,3.558615207672119,45.784664154052734,0.02,0.001
,,,,,320584,-166.28783,1000,,,,,,
,,,,,321000,,,13.152726173400879,2.5823683738708496,2.8192286491394043,72.23778533935547,0.02,0.001
,,,,,321584,-110.25707,1000,,,,,,
,,,,,322000,,,3.7222707271575928,3.084904909133911,3.1324610710144043,37.721073150634766,0.02,0.001
,,,,,322584,-162.2175,1000,,,,,,
,,,,,323000,,,19.8728084564209,2.9547173976898193,3.1616828441619873,74.66827392578125,0.02,0.001
,,,,,323584,-204.69678,1000,,,,,,
,,,,,324000,,,13.748424530029297,0.7801135778427124,0.052904486656188965,92.7119369506836,0.02,0.001
,,,,,324584,-142.07588,1000,,,,,,
,,,,,325000,,,9.336527824401855,-0.40258675813674927,-0.5295572280883789,86.39580535888672,0.02,0.001
,,,,,325584,-119.52186,1000,,,,,,
,,,,,326000,,,1.9889034032821655,-0.9677815437316895,-1.3303707838058472,35.96671676635742,0.02,0.001
,,,,,326584,-189.71638,1000,,,,,,
,,,,,327000,,,2.6097378730773926,4.761626720428467,5.036943435668945,30.073753356933594,0.02,0.001
,,,,,327584,-169.72113,1000,,,,,,
,,,,,328000,,,2.366318941116333,1.379532814025879,1.4488394260406494,20.30170249938965,0.02,0.001
,,,,,328584,-168.83359,1000,,,,,,
,,,,,329000,,,2.077214241027832,3.7047088146209717,4.2466583251953125,46.786712646484375,0.02,0.001
,,,,,329584,-137.9123,1000,,,,,,
,,,,,329819,-95.18208,235,,,,,,
-37.475395,101.07404,164.32053,-184.83391,854.5,330000,,,3.29591965675354,-1.3033651113510132,-1.4458831548690796,28.423681259155273,0.02,0.001
,,,,,330819,-120.071266,1000,,,,,,
,,,,,331000,,,10.808144569396973,-3.423269510269165,-3.805536985397339,68.51248168945312,0.02,0.001
,,,,,331819,-112.42585,1000,,,,,,
,,,,,332000,,,11.253059387207031,3.796839952468872,3.799330711364746,62.87344741821289,0.02,0.001
,,,,,332819,-105.78602,1000,,,,,,
,,,,,333000,,,7.38330078125,-1.066712737083435,-1.5892952680587769,54.95161056518555,0.02,0.001
,,,,,333819,-149.17116,1000,,,,,,
,,,,,334000,,,2.1174230575561523,1.66922926902771,1.845368504524231,26.40323829650879,0.02,0.001
,,,,,334819,-155.8005,1000,,,,,,
,,,,,335000,,,3.9399917125701904,-0.25700151920318604,-0.6694140434265137,56.37097930908203,0.02,0.001
,,,,,335819,-166.063,1000,,,,,,
,,,,,336000,,,2.6147475242614746,1.4262272119522095,1.6091986894607544,35.814308166503906,0.02,0.001
,,,,,336455,-211.41518,636,,,,,,
,,,,,337000,,,1.1913580894470215,2.775733232498169,2.907688617706299,13.530678749084473,0.02,0.001
,,,,,337455,-172.41739,1000,,,,,,
,,,,,338000,,,1.2659369707107544,5.4173455238342285,5.180151462554932,15.337326049804688,0.02,0.001
,,,,,338455,-152.00185,1000,,,,,,
,,,,,339000,,,10.585312843322754,0.08035725355148315,-0.657625675201416,60.26150894165039,0.02,0.001
,,,,,339455,-127.516205,1000,,,,,,
-172.42432,37.258015,-116.9525,-252.98248,977.8,340000,,,18.161256790161133,-3.2410035133361816,-4.434872150421143,136.5835418701172,0.02,0.001
,,,,,340455,-115.918594,1000,,,,,,
,,,,,341000,,,7.916408061981201,1.087532639503479,1.2286567687988281,29.419479370117188,0.02,0.001
,,,,,341455,-150.39027,1000,,,,,,
,,,,,342000,,,12.02570629119873,4.912078857421875,4.4851789474487305,63.681617736816406,0.02,0.001
,,,,,342455,-138.81905,1000,,,,,,
,,,,,343000,,,13.527395248413086,-2.109189033508301,-1.9471352100372314,88.52606964111328,0.02,0.001
,,,,,343455,-84.05739,1000,,,,,,
,,,,,344000,,,13.349757194519043,5.807069301605225,6.366605281829834,69.03646850585938,0.02,0.001
,,,,,344455,-148.41106,1000,,,,,,
,,,,,345000,,,1.3072972297668457,2.591559648513794,2.6625123023986816,14.516068458557129,0.02,0.001
,,,,,345455,-162.89244,1000,,,,,,
,,,,,346000,,,12.460127830505371,2.807460069656372,2.510078191757202,47.88909912109375,0.02,0.001
,,,,,346455,-144.80656,1000,,,,,,
,,,,,347000,,,3.3290579319000244,5.162604808807373,4.9272918701171875,28.072622299194336,0.02,0.001
,,,,,347455,-138.51991,1000,,,,,,
,,,,,348000,,,3.3200559616088867,-0.010431051254272461,-0.16516387462615967,29.35540771484375,0.02,0.001
,,,,,348455,-189.18112,1000,,,,,,
,,,,,349000,,,4.568626403808594,1.1775203943252563,1.1971595287322998,36.725074768066406,0.02,0.001
,,,,,349455,-141.51944,1000,,,,,,
-180.22134,31.95376,-115.853165,-233.50305,1000.0,350000,,,46.42813491821289,-2.301166534423828,-1.1069929599761963,286.1706237792969,0.02,0.001
,,,,,350455,-133.0645,1000,,,,,,
,,,,,351000,,,2.755396604537964,3.8243966102600098,3.350677490234375,32.41914749145508,0.02,0.001
,,,,,351455,-184.72171,1000,,,,,,
,,,,,352000,,,2.101027011871338,2.0238077640533447,2.0771312713623047,21.941686630249023,0.02,0.001
,,,,,352455,-90.13023,1000,,,,,,
,,,,,353000,,,6.203556060791016,0.5803680419921875,0.04200255870819092,50.11160659790039,0.02,0.001
,,,,,353455,-141.85313,1000,,,,,,
,,,,,354000,,,8.713356018066406,-4.699518203735352,-4.372113227844238,54.208805084228516,0.02,0.001
,,,,,354455,-157.33194,1000,,,,,,
,,,,,355000,,,2.613633155822754,1.1985465288162231,1.517437219619751,27.06026840209961,0.02,0.001
,,,,,355455,-161.99576,1000,,,,,,
,,,,,356000,,,2.0469143390655518,2.564382791519165,2.3268985748291016,37.96629333496094,0.02,0.001
,,,,,356455,-131.11653,1000,,,,,,
,,,,,357000,,,1.811391830444336,-1.779020071029663,-1.998780608177185,23.202537536621094,0.02,0.001
,,,,,357455,-138.43767,1000,,,,,,
,,,,,358000,,,11.068828582763672,-2.2746639251708984,-2.3953518867492676,68.91939544677734,0.02,0.001
,,,,,358455,-173.48495,1000,,,,,,
,,,,,359000,,,2.487258195877075,-0.13556647300720215,-0.14526450634002686,24.958637237548828,0.02,0.001
,,,,,359455,-183.98016,1000,,,,,,
-144.19315,33.566578,-88.16569,-222.61847,1000.0,360000,,,4.053038597106934,3.0815556049346924,3.176056385040283,33.78132247924805,0.02,0.001
,,,,,360455,-186.07426,1000,,,,,,
,,,,,361000,,,4.242144584655762,6.087052345275879,5.821630477905273,35.876991271972656,0.02,0.001
,,,,,361455,-106.38275,1000,,,,,,
,,,,,362000,,,2.0143208503723145,4.396324634552002,4.341647148132324,19.818817138671875,0.02,0.001
,,,,,362455,-81.860466,1000,,,,,,
,,,,,363000,,,3.9164023399353027,1.2017648220062256,0.8768075704574585,36.5832633972168,0.02,0.001
,,,,,363455,-181.88991,1000,,,,,,
,,,,,364000,,,3.0746874809265137,5.57574462890625,5.247493743896484,33.75922393798828,0.02,0.001
,,,,,364455,-152.72662,1000,,,,,,
,,,,,365000,,,2.676176071166992,1.8403446674346924,1.8292675018310547,31.866453170776367,0.02,0.001
,,,,,365455,-106.603645,1000,,,,,,
,,,,,366000,,,58.024166107177734,1.8355634212493896,0.5309576988220215,172.60751342773438,0.02,0.001
,,,,,366455,-159.16107,1000,,,,,,
,,,,,367000,,,3.6077818870544434,4.970765113830566,5.199714183807373,36.7840576171875,0.02,0.001
,,,,,367455,-126.45449,1000,,,,,,
,,,,,368000,,,100.09159851074219,5.8512468338012695,4.7543745040893555,138.809814453125,0.02,0.001
,,,,,368106,206.75122,651,,,,,,
,,,,,369000,,,177.10032653808594,3.9138407707214355,5.5709381103515625,337.5166320800781,0.02,0.001
,,,,,369106,-85.88058,1000,,,,,,
-154.8971,25.7902,-118.729004,-205.37668,947.4,370000,,,2.3596761226654053,2.895333766937256,3.1479098796844482,24.386268615722656,0.02,0.001
,,,,,370106,-114.722534,1000,,,,,,
,,,,,371000,,,6.850956916809082,3.9666786193847656,4.2169389724731445,53.47528839111328,0.02,0.001
,,,,,371106,-152.5849,1000,,,,,,
,,,,,372000,,,2.0544533729553223,1.7909893989562988,2.3170392513275146,45.14777374267578,0.02,0.001
,,,,,372106,-149.52167,1000,,,,,,
,,,,,373000,,,4.572946071624756,5.281400680541992,5.068152904510498,42.28668975830078,0.02,0.001
,,,,,373106,-100.22825,1000,,,,,,
,,,,,374000,,,5.579279899597168,3.0329086780548096,3.2730607986450195,44.67759323120117,0.02,0.001
,,,,,374100,-175.9147,994,,,,,,
,,,,,375000,,,3.5044095516204834,2.9561257362365723,3.2668650150299072,25.141477584838867,0.02,0.001
,,,,,375100,-122.8321,1000,,,,,,
,,,,,376000,,,7.671557903289795,0.18768799304962158,0.08536595106124878,44.48968505859375,0.02,0.001
,,,,,376100,-117.95069,1000,,,,,,
,,,,,377000,,,4.026675701141357,0.6818013191223145,1.112006425857544,43.50062942504883,0.02,0.001
,,,,,377100,-99.516495,1000,,,,,,
,,,,,378000,,,1.823866605758667,-1.2169783115386963,-0.9676035642623901,25.763391494750977,0.02,0.001
,,,,,378100,-134.02184,1000,,,,,,
,,,,,379000,,,2.761737108230591,2.569348096847534,2.976367473602295,20.88725471496582,0.02,0.001
,,,,,379100,-141.0978,1000,,,,,,
,,,,,379703,-287.46613,603,,,,,,
-116.07515,43.122337,-1.9993461,-166.06512,912.1,380000,,,1.9675759077072144,4.837991714477539,5.098177909851074,28.59657096862793,0.02,0.001
,,,,,380703,-111.7884,1000,,,,,,
,,,,,381000,,,4.5225090980529785,6.759599685668945,6.448194980621338,40.874488830566406,0.02,0.001
,,,,,381703,-108.08034,1000,,,,,,
,,,,,382000,,,2.893681049346924,4.378651142120361,3.85910701751709,35.102622985839844,0.02,0.001
,,,,,382703,-153.62297,1000,,,,,,
,,,,,383000,,,6.651096343994141,3.688990592956543,2.9815330505371094,51.17275619506836,0.02,0.001
,,,,,383703,-134.0052,1000,,,,,,
,,,,,384000,,,3.595597505569458,0.9750140309333801,1.4490432739257812,32.854801177978516,0.02,0.001
,,,,,384703,-103.56142,1000,,,,,,
,,,,,385000,,,1.333918809890747,3.42134952545166,2.964303493499756,30.509235382080078,0.02,0.001
,,,,,385703,-78.888695,1000,,,,,,
,,,,,386000,,,5.278635025024414,-0.03864026069641113,-0.17293119430541992,42.27046585083008,0.02,0.001
,,,,,386703,-137.58322,1000,,,,,,
,,,,,387000,,,2.5925045013427734,3.9656600952148438,3.468890428543091,29.768465042114258,0.02,0.001
,,,,,387703,13.68901,1000,,,,,,
,,,,,388000,,,9.219783782958984,1.971609115600586,1.7240350246429443,91.77375030517578,0.02,0.001
,,,,,388703,-93.967285,1000,,,,,,
,,,,,389000,,,3.7913875579833984,2.695080280303955,2.5062294006347656,29.897010803222656,0.02,0.001
,,,,,389703,-159.68121,1000,,,,,,
-107.36809,25.617104,-68.66068,-147.0671,934.8,390000,,,4.987552642822266,2.066351890563965,1.9959529638290405,43.806724548339844,0.02,0.001
,,,,,390703,-86.03236,1000,,,,,,
,,,,,391000,,,5.119840621948242,2.1353912353515625,2.433835506439209,51.54517364501953,0.02,0.001
,,,,,391703,-112.91349,1000,,,,,,
,,,,,392000,,,8.871298789978027,1.6726735830307007,2.1020398139953613,49.36289978027344,0.02,0.001
,,,,,392624,129.66145,921,,,,,,
,,,,,393000,,,4.71803617477417,0.8123743534088135,1.1835741996765137,53.73582077026367,0.02,0.001
,,,,,393624,-134.71077,1000,,,,,,
,,,,,394000,,,2.805666923522949,6.901671886444092,7.026547908782959,33.333343505859375,0.02,0.001
,,,,,394624,-53.520283,1000,,,,,,
,,,,,395000,,,4.936166763305664,-0.26344436407089233,-0.2260187268257141,47.545013427734375,0.02,0.001
,,,,,395624,-151.81432,1000,,,,,,
,,,,,396000,,,6.428500175476074,-0.40894150733947754,0.3089909553527832,47.63301086425781,0.02,0.001
,,,,,396234,-173.52426,610,,,,,,
,,,,,397000,,,4.899415016174316,4.190184593200684,3.395421266555786,55.97892761230469,0.02,0.001
,,,,,397234,-117.73752,1000,,,,,,
,,,,,397588,-76.66479,354,,,,,,
,,,,,397809,8.050941,221,,,,,,
,,,,,398000,,,5.774538040161133,3.554473876953125,3.2005696296691895,60.533817291259766,0.02,0.001
,,,,,398809,-127.08427,1000,,,,,,
,,,,,399000,,,20.300891876220703,-2.1283655166625977,-2.9940481185913086,130.79592895507812,0.02,0.001
,,,,,399411,222.23085,602,,,,,,
,,,,,399948,-41.019356,537,,,,,,
-108.91105,88.514046,37.74582,-261.49713,696.5,400000,,,12.933881759643555,1.392836332321167,1.0601348876953125,74.12190246582031,0.02,0.001
,,,,,400258,-60.718685,310,,,,,,
,,,,,400547,-53.013145,289,,,,,,
,,,,,400809,-15.248291,262,,,,,,
,,,,,401000,,,3.8321542739868164,3.8918261528015137,3.932081937789917,43.86962127685547,0.02,0.001
,,,,,401034,33.17961,225,,,,,,
,,,,,402000,,,10.752823829650879,0.2396078109741211,0.546491265296936,52.10062789916992,0.02,0.001
,,,,,402034,-105.2398,1000,,,,,,
,,,,,403000,,,6.615438461303711,1.4427028894424438,1.7921549081802368,47.34423828125,0.02,0.001
,,,,,403034,-122.18237,1000,,,,,,
,,,,,403585,-224.22693,551,,,,,,
,,,,,404000,,,8.900699615478516,1.9941821098327637,2.2751305103302,53.67395782470703,0.02,0.001
,,,,,404585,-110.9712,1000,,,,,,
,,,,,405000,,,6.941734313964844,2.37839412689209,2.6425774097442627,62.59648895263672,0.02,0.001
,,,,,405585,-59.550045,1000,,,,,,
,,,,,406000,,,4.444239616394043,3.5692508220672607,3.487755060195923,40.290828704833984,0.02,0.001
,,,,,406002,-36.399357,417,,,,,,
,,,,,407000,,,2.3055036067962646,7.186651706695557,6.925754547119141,28.51315689086914,0.02,0.001
,,,,,407002,-65.16818,1000,,,,,,
,,,,,407575,-90.596214,573,,,,,,
,,,,,408000,,,2.7247090339660645,2.8719983100891113,2.6393303871154785,20.827457427978516,0.02,0.001
,,,,,408575,-112.792496,1000,,,,,,
,,,,,409000,,,3.5578503608703613,3.494004726409912,4.13442325592041,33.71376419067383,0.02,0.001
,,,,,409024,-186.69817,449,,,,,,
-82.14933,30.777843,-44.65117,-151.10582,961.6,410000,,,1.7612804174423218,4.814775466918945,4.773164749145508,22.625307083129883,0.02,0.001
,,,,,410024,-102.547585,1000,,,,,,
,,,,,411000,,,2.8284554481506348,0.3813478946685791,-0.15043210983276367,38.03873062133789,0.02,0.001
,,,,,411024,-133.78552,1000,,,,,,
,,,,,411902,-110.579285,878,,,,,,
,,,,,412000,,,14.31052017211914,3.144354820251465,3.6867549419403076,113.18208312988281,0.02,0.001
,,,,,412902,-103.74632,1000,,,,,,
,,,,,413000,,,11.79615306854248,4.700830936431885,4.013808250427246,69.04539489746094,0.02,0.001
,,,,,413902,-124.94209,1000,,,,,,
,,,,,414000,,,14.63080883026123,6.931633949279785,6.843198299407959,105.53843688964844,0.02,0.001
,,,,,414902,-92.564285,1000,,,,,,
,,,,,415000,,,5.453584671020508,4.5443572998046875,4.204901218414307,52.47910690307617,0.02,0.001
,,,,,415902,-133.04575,1000,,,,,,
,,,,,416000,,,1.7264928817749023,8.422663688659668,7.8725080490112305,43.179500579833984,0.02,0.001
,,,,,416829,-168.27954,927,,,,,,
,,,,,417000,,,3.458357334136963,6.208345413208008,6.869714736938477,37.58468246459961,0.02,0.001
,,,,,417829,-181.28874,1000,,,,,,
,,,,,418000,,,4.577292442321777,2.581467390060425,2.6299734115600586,36.20136260986328,0.02,0.001
,,,,,418829,-116.549385,1000,,,,,,
,,,,,419000,,,14.783251762390137,3.9651522636413574,3.9652099609375,37.82847595214844,0.02,0.001
,,,,,419316,-222.30573,487,,,,,,
-156.4533,84.146805,-34.780003,-308.17145,882.0,420000,,,29.323928833007812,2.716433048248291,2.0662364959716797,141.43048095703125,0.02,0.001
,,,,,420268,-193.49405,952,,,,,,
,,,,,421000,,,6.136094570159912,3.585514545440674,3.686666965484619,80.78583526611328,0.02,0.001
,,,,,421268,-115.552086,1000,,,,,,
,,,,,421839,-266.3919,571,,,,,,
,,,,,422000,,,9.027819633483887,9.64382266998291,9.338221549987793,80.94219207763672,0.02,0.001
,,,,,422839,-102.380974,1000,,,,,,
,,,,,423000,,,5.506746768951416,-0.3586042523384094,-0.11393970251083374,38.34409713745117,0.02,0.001
,,,,,423806,-270.1973,967,,,,,,
,,,,,424000,,,2.8572516441345215,6.92327356338501,6.776334762573242,25.54934310913086,0.02,0.001
,,,,,424707,-256.5462,901,,,,,,
,,,,,425000,,,2.137624502182007,2.624037981033325,2.794221878051758,21.020063400268555,0.02,0.001
,,,,,425707,-42.223293,1000,,,,,,
,,,,,426000,,,1.6049537658691406,7.769315719604492,7.403438568115234,32.96822738647461,0.02,0.001
,,,,,426007,-157.19287,300,,,,,,
,,,,,426997,-320.35065,990,,,,,,
,,,,,427000,,,14.81969928741455,7.189719200134277,6.21212911605835,105.19102478027344,0.02,0.001
,,,,,427994,123.908714,997,,,,,,
,,,,,428000,,,1.8565471172332764,3.237034797668457,3.48665714263916,27.892719268798828,0.02,0.001
,,,,,428298,-17.240509,304,,,,,,
,,,,,428670,-137.31422,372,,,,,,
,,,,,429000,,,3.8594727516174316,3.5567567348480225,3.5429255962371826,28.503128051757812,0.02,0.001
,,,,,429670,-86.17262,1000,,,,,,
-161.8475,88.37194,-44.54468,-322.12735,735.3,430000,,,7.801137447357178,0.6160244941711426,-0.14350509643554688,57.29344940185547,0.02,0.001
,,,,,430670,-46.631878,1000,,,,,,
,,,,,431000,,,4.324190139770508,5.310864448547363,5.2217302322387695,29.946208953857422,0.02,0.001
,,,,,431608,-239.37645,938,,,,,,
,,,,,432000,,,5.905493259429932,6.598381519317627,6.793781757354736,38.5980339050293,0.02,0.001
,,,,,432608,-83.99318,1000,,,,,,
,,,,,433000,,,4.8618316650390625,9.134134292602539,9.264791488647461,72.71659851074219,0.02,0.001
,,,,,433529,-227.66415,921,,,,,,
,,,,,434000,,,2.115020513534546,3.8311846256256104,3.960756540298462,26.634906768798828,0.02,0.001
,,,,,434529,-47.941772,1000,,,,,,
,,,,,435000,,,5.139682769775391,6.266234397888184,6.226304054260254,39.10860061645508,0.02,0.001
,,,,,435529,-79.364655,1000,,,,,,
,,,,,436000,,,2.7258410453796387,4.9118475914001465,5.232423305511475,32.63603210449219,0.02,0.001
,,,,,436529,-120.56119,1000,,,,,,
,,,,,436993,-109.19682,464,,,,,,
,,,,,437000,,,4.00998592376709,7.779972076416016,7.814712047576904,33.10244369506836,0.02,0.001
,,,,,437993,-106.23469,1000,,,,,,
,,,,,438000,,,68.95083618164062,9.398628234863281,8.659403800964355,137.88658142089844,0.02,0.001
,,,,,438993,-114.184525,1000,,,,,,
,,,,,439000,,,1.8673498630523682,8.268668174743652,8.440868377685547,18.321056365966797,0.02,0.001
,,,,,439993,-44.060505,1000,,,,,,
-160.42819,40.332424,-97.45242,-225.8229,726.9,440000,,,21.612464904785156,5.531580924987793,6.1710662841796875,97.34591674804688,0.02,0.001
,,,,,440605,-140.46893,612,,,,,,
,,,,,441000,,,7.475015640258789,8.09729290008545,8.147675514221191,54.42550277709961,0.02,0.001
,,,,,441605,-113.3828,1000,,,,,,
,,,,,442000,,,2.951045513153076,4.739777565002441,5.070891380310059,37.517616271972656,0.02,0.001
,,,,,442605,-112.22672,1000,,,,,,
,,,,,443000,,,2.6182732582092285,8.136606216430664,7.628781318664551,31.596704483032227,0.02,0.001
,,,,,443605,-244.13715,1000,,,,,,
,,,,,443890,-51.763348,285,,,,,,
,,,,,444000,,,3.3960304260253906,7.366672039031982,7.795370101928711,35.21889114379883,0.02,0.001
,,,,,444683,-187.47014,793,,,,,,
,,,,,445000,,,11.111071586608887,6.197745323181152,5.548642635345459,83.08143615722656,0.02,0.001
,,,,,445683,-136.9053,1000,,,,,,
,,,,,446000,,,3.222158432006836,1.7801663875579834,2.11997652053833,33.03032684326172,0.02,0.001
,,,,,446640,-156.12766,957,,,,,,
,,,,,447000,,,21.761106491088867,5.4119977951049805,4.885239124298096,135.04959106445312,0.02,0.001
,,,,,447640,-106.484146,1000,,,,,,
,,,,,448000,,,2.2380197048187256,5.00822639465332,5.176570415496826,31.483341217041016,0.02,0.001
,,,,,448242,-139.62854,602,,,,,,
,,,,,449000,,,9.147348403930664,2.9984006881713867,3.159552812576294,97.24874114990234,0.02,0.001
,,,,,449242,-111.184555,1000,,,,,,
,,,,,449918,-159.12509,676,,,,,,
-119.50299,90.75953,-6.16943,-286.83783,899.0,450000,,,5.885110855102539,5.749991416931152,6.190548896789551,49.30607604980469,0.02,0.001
,,,,,450413,-24.072105,495,,,,,,
,,,,,451000,,,11.596888542175293,4.883489608764648,5.077064514160156,123.36885833740234,0.02,0.001
,,,,,451250,201.4814,837,,,,,,
,,,,,451664,-183.75845,414,,,,,,
,,,,,452000,,,1.1741691827774048,9.968169212341309,10.185209274291992,18.617183685302734,0.02,0.001
,,,,,452664,-30.46093,1000,,,,,,
,,,,,453000,,,2.5781335830688477,7.854081153869629,7.887733459472656,22.348804473876953,0.02,0.001
,,,,,453664,-115.08496,1000,,,,,,
,,,,,454000,,,10.321876525878906,-1.3643317222595215,-1.3707447052001953,55.889495849609375,0.02,0.001
,,,,,454664,-169.8917,1000,,,,,,
,,,,,454924,-159.80411,260,,,,,,
,,,,,455000,,,2.732489824295044,4.21989107131958,4.217803955078125,32.285396575927734,0.02,0.001
,,,,,455924,-121.020004,1000,,,,,,
,,,,,456000,,,13.164876937866211,-0.9688539505004883,-0.7731313705444336,68.91239929199219,0.02,0.001
,,,,,456924,-150.39287,1000,,,,,,
,,,,,457000,,,3.379096031188965,5.203251361846924,5.320679664611816,29.605173110961914,0.02,0.001
,,,,,457924,45.22525,1000,,,,,,
,,,,,458000,,,3.0363481044769287,6.581110954284668,5.899770736694336,59.14404296875,0.02,0.001
,,,,,458924,-43.700436,1000,,,,,,
,,,,,459000,,,2.2954812049865723,4.106492042541504,4.138725280761719,25.532039642333984,0.02,0.001
,,,,,459924,-157.96884,1000,,,,,,
-120.72571,111.10384,154.11589,-243.36674,744.0,460000,,,8.4039945602417,6.93661642074585,6.5998945236206055,71.72333526611328,0.02,0.001
,,,,,460304,-174.86172,380,,,,,,
,,,,,461000,,,3.130047559738159,3.145803928375244,2.9050886631011963,27.191072463989258,0.02,0.001
,,,,,461304,-154.51248,1000,,,,,,
,,,,,462000,,,9.739641189575195,5.804152488708496,5.93684196472168,56.732669830322266,0.02,0.001
,,,,,462050,-187.12862,746,,,,,,
,,,,,462691,-153.98569,641,,,,,,
,,,,,463000,,,5.322915554046631,8.51058578491211,8.978227615356445,63.48711395263672,0.02,0.001
,,,,,463691,-149.42633,1000,,,,,,
,,,,,464000,,,4.2796220779418945,6.410423755645752,6.262871265411377,46.5748176574707,0.02,0.001
,,,,,464691,-87.37771,1000,,,,,,
,,,,,465000,,,17.348649978637695,7.495603561401367,7.849127292633057,83.4130859375,0.02,0.001
,,,,,465691,-64.08936,1000,,,,,,
,,,,,466000,,,11.505586624145508,9.41533374786377,9.921571731567383,62.29476547241211,0.02,0.001
,,,,,466691,-124.7208,1000,,,,,,
,,,,,467000,,,12.309562683105469,0.39754176139831543,0.09432482719421387,84.4578857421875,0.02,0.001
,,,,,467691,-73.33923,1000,,,,,,
,,,,,468000,,,6.704100131988525,10.281415939331055,9.874368667602539,60.87638854980469,0.02,0.001
,,,,,468270,-163.89166,579,,,,,,
,,,,,469000,,,4.372416019439697,3.3066818714141846,3.3462586402893066,36.93999481201172,0.02,0.001
,,,,,469270,-94.30044,1000,,,,,,
,,,,,469898,-140.70877,628,,,,,,
-133.76575,105.0354,90.87557,-284.53986,738.2,470000,,,3.8783390522003174,5.9327073097229,5.996441841125488,34.31022644042969,0.02,0.001
,,,,,470580,-182.62616,682,,,,,,
,,,,,471000,,,4.311496734619141,9.470559120178223,9.922598838806152,45.22003936767578,0.02,0.001
,,,,,471580,1.2748213,1000,,,,,,
,,,,,472000,,,3.578324556350708,4.438804626464844,4.783409118652344,44.8796501159668,0.02,0.001
,,,,,472167,-191.39308,587,,,,,,
,,,,,473000,,,6.251538276672363,9.724080085754395,9.63847541809082,54.74628829956055,0.02,0.001
,,,,,473167,-121.460304,1000,,,,,,
,,,,,474000,,,1.5899707078933716,9.988321304321289,10.328139305114746,29.160411834716797,0.02,0.001
,,,,,474167,-54.624958,1000,,,,,,
,,,,,475000,,,4.872956275939941,6.37172794342041,6.268570899963379,41.4598503112793,0.02,0.001
,,,,,475167,40.754795,1000,,,,,,
,,,,,475695,-74.35028,528,,,,,,
,,,,,476000,,,3.6600990295410156,4.551525115966797,4.567663669586182,29.183269500732422,0.02,0.001
,,,,,476695,-36.84046,1000,,,,,,
,,,,,477000,,,3.29496431350708,0.23340773582458496,0.5052198767662048,43.08279800415039,0.02,0.001
,,,,,477695,-41.96081,1000,,,,,,
,,,,,478000,,,2.067133903503418,7.524880409240723,7.617904186248779,20.92751693725586,0.02,0.001
,,,,,478695,-107.07607,1000,,,,,,
,,,,,479000,,,15.159658432006836,5.129609107971191,4.871067523956299,85.71299743652344,0.02,0.001
,,,,,479155,-136.90402,460,,,,,,
,,,,,479666,-226.93805,511,,,,,,
-108.066605,82.51757,111.84373,-209.43188,493.7,480000,,,3.0320048332214355,10.06230354309082,9.916333198547363,37.10424041748047,0.02,0.001
,,,,,480666,-78.60528,1000,,,,,,
,,,,,481000,,,1.417140245437622,7.5665764808654785,7.604068756103516,22.31121826171875,0.02,0.001
,,,,,481666,-50.34563,1000,,,,,,
,,,,,482000,,,2.5852210521698,5.000960350036621,4.853346824645996,42.48190689086914,0.02,0.001
,,,,,482666,-99.54789,1000,,,,,,
,,,,,483000,,,19.673179626464844,7.457526206970215,7.158708095550537,97.39049530029297,0.02,0.001
,,,,,483666,-127.47067,1000,,,,,,
,,,,,483850,-63.94976,184,,,,,,
,,,,,484000,,,3.29400634765625,5.729570388793945,5.337723731994629,48.497257232666016,0.02,0.001
,,,,,484850,-71.41483,1000,,,,,,
,,,,,485000,,,11.063533782958984,3.7696306705474854,3.7626211643218994,58.51261520385742,0.02,0.001
,,,,,485119,-117.57585,269,,,,,,
,,,,,486000,,,59.67990493774414,8.81712818145752,9.34813117980957,236.11776733398438,0.02,0.001
,,,,,486119,-128.50894,1000,,,,,,
,,,,,486934,-272.5263,815,,,,,,
,,,,,487000,,,2.597416877746582,8.705703735351562,9.018102645874023,24.72350311279297,0.02,0.001
,,,,,487220,-89.74951,286,,,,,,
,,,,,487691,-271.1261,471,,,,,,
,,,,,488000,,,3.890371084213257,5.269571304321289,5.384164810180664,45.45054244995117,0.02,0.001
,,,,,488323,-170.2688,632,,,,,,
,,,,,488705,-108.336395,382,,,,,,
,,,,,489000,,,5.391106128692627,3.7696547508239746,3.994173049926758,48.902217864990234,0.02,0.001
,,,,,489705,-89.99454,1000,,,,,,
-133.64249,48.125782,-80.675446,-241.5826,539.9,490000,,,3.5389769077301025,3.469796657562256,3.6982178688049316,35.148948669433594,0.02,0.001
,,,,,490705,-116.73132,1000,,,,,,
,,,,,491000,,,3.1095917224884033,7.07034969329834,7.226824760437012,35.45895767211914,0.02,0.001
,,,,,491705,-72.53489,1000,,,,,,
,,,,,492000,,,6.182685852050781,5.986629486083984,5.5251336097717285,57.48490524291992,0.02,0.001
,,,,,492705,-79.81804,1000,,,,,,
,,,,,493000,,,3.905144453048706,4.250211715698242,4.394623756408691,41.526344299316406,0.02,0.001
,,,,,493088,-158.10387,383,,,,,,
,,,,,493563,-133.40683,475,,,,,,
,,,,,494000,,,3.4471874237060547,9.856693267822266,9.759315490722656,31.458036422729492,0.02,0.001
,,,,,494542,-247.8478,979,,,,,,
,,,,,494871,-77.353676,329,,,,,,
,,,,,495000,,,10.036614418029785,4.923894882202148,5.043300628662109,58.476318359375,0.02,0.001
,,,,,495871,-119.80066,1000,,,,,,
,,,,,496000,,,2.139669418334961,3.770690441131592,3.7241432666778564,23.087980270385742,0.02,0.001
,,,,,496871,-89.46058,1000,,,,,,
,,,,,497000,,,1.6865626573562622,5.821146488189697,6.130025863647461,29.774656295776367,0.02,0.001
,,,,,497871,-98.654274,1000,,,,,,
,,,,,498000,,,4.521356582641602,12.49055290222168,12.844520568847656,31.347652435302734,0.02,0.001
,,,,,498110,-123.00624,239,,,,,,
,,,,,498894,-251.2081,784,,,,,,
,,,,,499000,,,130.3987579345703,6.192479133605957,4.787248134613037,131.2487030029297,0.02,0.001
,,,,,499894,-80.67786,1000,,,,,,
