Eval_AverageReturn,Eval_StdReturn,Eval_MaxReturn,Eval_MinReturn,Eval_AverageEpLen,step,Train_EpisodeReturn,Train_EpisodeLen,critic_loss,q_values,target_values,grad_norm,epsilon,lr
-1153.6152,557.2602,-556.86597,-2149.905,146.8,0,,,,,,,,
,,,,,70,-291.47266,71,,,,,,
,,,,,125,-114.46771,55,,,,,,
,,,,,182,-133.81061,57,,,,,,
,,,,,248,-162.682,66,,,,,,
,,,,,334,-415.26962,86,,,,,,
,,,,,413,-145.07263,79,,,,,,
,,,,,507,-87.04832,94,,,,,,
,,,,,581,-131.58484,74,,,,,,
,,,,,689,27.44429,108,,,,,,
,,,,,744,-95.622536,55,,,,,,
,,,,,819,-216.03418,75,,,,,,
,,,,,894,-283.0179,75,,,,,,
,,,,,995,-239.57938,101,,,,,,
,,,,,1051,-101.20321,56,,,,,,
,,,,,1122,-100.45844,71,,,,,,
,,,,,1195,-113.01248,73,,,,,,
,,,,,1251,-104.30773,56,,,,,,
,,,,,1315,-98.113014,64,,,,,,
,,,,,1402,-61.806046,87,,,,,,
,,,,,1476,-103.90508,74,,,,,,
,,,,,1564,-146.80228,88,,,,,,
,,,,,1657,-117.935715,93,,,,,,
,,,,,1719,-82.943504,62,,,,,,
,,,,,1806,-213.85036,87,,,,,,
,,,,,1906,0.6899643,100,,,,,,
,,,,,1988,-106.306404,82,,,,,,
,,,,,2078,-139.6697,90,,,,,,
,,,,,2172,-107.78,94,,,,,,
,,,,,2254,-47.71788,82,,,,,,
,,,,,2308,-155.7983,54,,,,,,
,,,,,2382,-197.04893,74,,,,,,
,,,,,2451,-105.10978,69,,,,,,
,,,,,2517,-119.31772,66,,,,,,
,,,,,2573,-73.243835,56,,,,,,
,,,,,2662,-115.36784,89,,,,,,
,,,,,2771,-143.58318,109,,,,,,
,,,,,2854,-32.573418,83,,,,,,
,,,,,2941,-68.06803,87,,,,,,
,,,,,3028,-111.94616,87,,,,,,
,,,,,3091,-129.64731,63,,,,,,
,,,,,3147,-96.951416,56,,,,,,
,,,,,3240,-10.151978,93,,,,,,
,,,,,3320,-120.44818,80,,,,,,
,,,,,3376,-155.4565,56,,,,,,
,,,,,3433,-85.64415,57,,,,,,
,,,,,3541,-381.8197,108,,,,,,
,,,,,3640,-194.09375,99,,,,,,
,,,,,3734,1.2196121,94,,,,,,
,,,,,3819,-181.00533,85,,,,,,
,,,,,3887,-293.27307,68,,,,,,
,,,,,3962,-120.151924,75,,,,,,
,,,,,4055,-354.7649,93,,,,,,
,,,,,4137,-81.871704,82,,,,,,
,,,,,4190,-102.56097,53,,,,,,
,,,,,4251,-50.14084,61,,,,,,
,,,,,4340,-115.74577,89,,,,,,
,,,,,4418,-254.36786,78,,,,,,
,,,,,4522,-351.43723,104,,,,,,
,,,,,4615,9.679871,93,,,,,,
,,,,,4719,-188.13696,104,,,,,,
,,,,,4778,-97.72078,59,,,,,,
,,,,,4839,-125.36902,61,,,,,,
,,,,,4929,-244.8435,90,,,,,,
,,,,,5001,-127.76004,72,,,,,,
,,,,,5063,-273.84122,62,,,,,,
,,,,,5113,-116.24693,50,,,,,,
,,,,,5216,-251.26726,103,,,,,,
,,,,,5276,-129.19528,60,,,,,,
,,,,,5340,-304.31415,64,,,,,,
,,,,,5414,-148.60873,74,,,,,,
,,,,,5490,-11.464111,76,,,,,,
,,,,,5552,-202.87466,62,,,,,,
,,,,,5648,-150.21138,96,,,,,,
,,,,,5724,-8.8474045,76,,,,,,
,,,,,5816,-157.32126,92,,,,,,
,,,,,5898,-276.0092,82,,,,,,
,,,,,6017,-128.41417,119,,,,,,
,,,,,6114,-114.66162,97,,,,,,
,,,,,6170,-92.29899,56,,,,,,
,,,,,6259,-134.82306,89,,,,,,
,,,,,6323,-111.730804,64,,,,,,
,,,,,6384,-123.11887,61,,,,,,
,,,,,6470,-176.84927,86,,,,,,
,,,,,6529,-125.2525,59,,,,,,
,,,,,6604,-115.34971,75,,,,,,
,,,,,6676,-136.9357,72,,,,,,
,,,,,6770,-159.21027,94,,,,,,
,,,,,6858,-243.93146,88,,,,,,
,,,,,6939,-99.28825,81,,,,,,
,,,,,7034,-116.8815,95,,,,,,
,,,,,7109,-76.09105,75,,,,,,
,,,,,7179,-123.95999,70,,,,,,
,,,,,7260,-132.17303,81,,,,,,
,,,,,7340,-99.964584,80,,,,,,
,,,,,7427,-89.54434,87,,,,,,
,,,,,7486,-82.769325,59,,,,,,
,,,,,7556,-119.793106,70,,,,,,
,,,,,7655,-205.52289,99,,,,,,
,,,,,7737,-322.83356,82,,,,,,
,,,,,7813,-122.0362,76,,,,,,
,,,,,7876,-115.41306,63,,,,,,
,,,,,7949,-224.04639,73,,,,,,
,,,,,8045,-109.75455,96,,,,,,
,,,,,8114,-91.045166,69,,,,,,
,,,,,8173,-69.83551,59,,,,,,
,,,,,8232,-77.20889,59,,,,,,
,,,,,8328,-391.0232,96,,,,,,
,,,,,8425,-262.27142,97,,,,,,
,,,,,8531,-143.39633,106,,,,,,
,,,,,8628,-226.81766,97,,,,,,
,,,,,8712,-150.93376,84,,,,,,
,,,,,8796,-157.98631,84,,,,,,
,,,,,8870,-99.245804,74,,,,,,
,,,,,8973,-104.07768,103,,,,,,
,,,,,9067,-109.15556,94,,,,,,
,,,,,9132,-86.32886,65,,,,,,
,,,,,9188,-52.651337,56,,,,,,
,,,,,9250,-98.014595,62,,,,,,
,,,,,9318,-77.66904,68,,,,,,
,,,,,9378,-118.53443,60,,,,,,
,,,,,9442,-71.73682,64,,,,,,
,,,,,9526,-556.721,84,,,,,,
,,,,,9636,1.8703232,110,,,,,,
,,,,,9703,-133.59723,67,,,,,,
,,,,,9793,-194.1598,90,,,,,,
,,,,,9860,-105.05718,67,,,,,,
,,,,,9952,-167.53088,92,,,,,,
-767.77814,206.03867,-493.5879,-1099.7369,107.5,10000,,,,,,,,
,,,,,10024,-119.32499,72,,,,,,
,,,,,10113,-374.3394,89,,,,,,
,,,,,10186,-131.94524,73,,,,,,
,,,,,10251,-194.59708,65,,,,,,
,,,,,10313,-63.45643,62,,,,,,
,,,,,10408,-280.54013,95,,,,,,
,,,,,10498,-208.48375,90,,,,,,
,,,,,10551,-100.32423,53,,,,,,
,,,,,10633,-122.39528,82,,,,,,
,,,,,10720,-126.16514,87,,,,,,
,,,,,10782,-86.64321,62,,,,,,
,,,,,10853,-133.95079,71,,,,,,
,,,,,10917,-113.13878,64,,,,,,
,,,,,10983,-131.42809,66,,,,,,
,,,,,11065,-31.473686,82,,,,,,
,,,,,11133,-308.79053,68,,,,,,
,,,,,11211,-104.63912,78,,,,,,
,,,,,11284,-78.008575,73,,,,,,
,,,,,11372,-228.83661,88,,,,,,
,,,,,11450,-116.37322,78,,,,,,
,,,,,11515,-115.257645,65,,,,,,
,,,,,11591,21.922966,76,,,,,,
,,,,,11652,-75.66148,61,,,,,,
,,,,,11722,-297.6476,70,,,,,,
,,,,,11780,-91.52022,58,,,,,,
,,,,,11843,-139.39865,63,,,,,,
,,,,,11915,-124.22924,72,,,,,,
,,,,,11999,-230.48596,84,,,,,,
,,,,,12081,-245.35931,82,,,,,,
,,,,,12154,-95.09391,73,,,,,,
,,,,,12214,-66.85071,60,,,,,,
,,,,,12312,-129.60759,98,,,,,,
,,,,,12367,-112.18023,55,,,,,,
,,,,,12468,-156.836,101,,,,,,
,,,,,12531,-320.7362,63,,,,,,
,,,,,12602,-71.7951,71,,,,,,
,,,,,12697,-251.02542,95,,,,,,
,,,,,12760,-93.85563,63,,,,,,
,,,,,12860,-145.23337,100,,,,,,
,,,,,12936,-185.3049,76,,,,,,
,,,,,13039,-121.821785,103,,,,,,
,,,,,13115,-133.15256,76,,,,,,
,,,,,13182,-94.36412,67,,,,,,
,,,,,13243,-98.051384,61,,,,,,
,,,,,13347,-324.95294,104,,,,,,
,,,,,13416,-83.008835,69,,,,,,
,,,,,13518,-232.25772,102,,,,,,
,,,,,13628,-109.9846,110,,,,,,
,,,,,13694,-122.797676,66,,,,,,
,,,,,13784,-177.63454,90,,,,,,
,,,,,13844,-143.35915,60,,,,,,
,,,,,13933,-68.41608,89,,,,,,
,,,,,13992,-111.02763,59,,,,,,
,,,,,14080,-141.41376,88,,,,,,
,,,,,14158,-99.70967,78,,,,,,
,,,,,14238,-194.72705,80,,,,,,
,,,,,14315,-145.55017,77,,,,,,
,,,,,14387,-144.9956,72,,,,,,
,,,,,14456,-165.3641,69,,,,,,
,,,,,14551,-347.1487,95,,,,,,
,,,,,14645,-196.95715,94,,,,,,
,,,,,14768,-34.863388,123,,,,,,
,,,,,14845,-290.57904,77,,,,,,
,,,,,14931,-111.3246,86,,,,,,
,,,,,15029,-191.79843,98,,,,,,
,,,,,15106,-135.7552,77,,,,,,
,,,,,15189,-176.45929,83,,,,,,
,,,,,15266,-98.41916,77,,,,,,
,,,,,15362,-109.08285,96,,,,,,
,,,,,15454,-193.24716,92,,,,,,
,,,,,15511,-109.860146,57,,,,,,
,,,,,15605,-131.71089,94,,,,,,
,,,,,15686,-139.61784,81,,,,,,
,,,,,15759,-93.27147,73,,,,,,
,,,,,15814,-91.213295,55,,,,,,
,,,,,15883,-118.1694,69,,,,,,
,,,,,15947,-119.01146,64,,,,,,
,,,,,16011,-167.8804,64,,,,,,
,,,,,16094,-154.96019,83,,,,,,
,,,,,16155,-113.32631,61,,,,,,
,,,,,16240,-222.21187,85,,,,,,
,,,,,16342,-174.4478,102,,,,,,
,,,,,16448,-287.05408,106,,,,,,
,,,,,16555,-412.05673,107,,,,,,
,,,,,16623,-187.88812,68,,,,,,
,,,,,16699,-201.45398,76,,,,,,
,,,,,16787,-286.09988,88,,,,,,
,,,,,16891,-91.38928,104,,,,,,
,,,,,16957,-79.12822,66,,,,,,
,,,,,17059,-115.52696,102,,,,,,
,,,,,17165,-93.664986,106,,,,,,
,,,,,17248,-244.44086,83,,,,,,
,,,,,17335,-138.82123,87,,,,,,
,,,,,17430,-20.17112,95,,,,,,
,,,,,17549,-91.99815,119,,,,,,
,,,,,17656,-116.23807,107,,,,,,
,,,,,17752,-124.471725,96,,,,,,
,,,,,17814,-103.20627,62,,,,,,
,,,,,17908,-107.75104,94,,,,,,
,,,,,17973,-139.92838,65,,,,,,
,,,,,18047,-178.5499,74,,,,,,
,,,,,18131,-107.08975,84,,,,,,
,,,,,18206,-107.39815,75,,,,,,
,,,,,18284,-344.31494,78,,,,,,
,,,,,18394,-248.25386,110,,,,,,
,,,,,18470,-181.66638,76,,,,,,
,,,,,18530,-101.8358,60,,,,,,
,,,,,18589,-18.135513,59,,,,,,
,,,,,18681,-295.6864,92,,,,,,
,,,,,18783,-176.6879,102,,,,,,
,,,,,18840,-161.55016,57,,,,,,
,,,,,18918,-100.839645,78,,,,,,
,,,,,18987,-277.4127,69,,,,,,
,,,,,19048,-167.34232,61,,,,,,
,,,,,19119,-209.36336,71,,,,,,
,,,,,19179,-115.04576,60,,,,,,
,,,,,19262,-325.27478,83,,,,,,
,,,,,19341,-7.7174683,79,,,,,,
,,,,,19438,-124.55698,97,,,,,,
,,,,,19503,-246.18207,65,,,,,,
,,,,,19585,-130.84674,82,,,,,,
,,,,,19664,-166.08951,79,,,,,,
,,,,,19764,-252.0688,100,,,,,,
,,,,,19855,-241.74777,91,,,,,,
,,,,,19939,-116.159195,84,,,,,,
-782.761,237.08134,-437.81354,-1269.117,119.7,20000,,,11.3626070022583,-0.08487831056118011,-0.9514691829681396,5.151983261108398,0.88,0.001
,,,,,20022,-126.71887,83,,,,,,
,,,,,20082,-124.07954,60,,,,,,
,,,,,20162,-233.12401,80,,,,,,
,,,,,20258,-152.44485,96,,,,,,
,,,,,20310,-76.04479,52,,,,,,
,,,,,20375,-119.75091,65,,,,,,
,,,,,20470,-457.62308,95,,,,,,
,,,,,20584,-208.2345,114,,,,,,
,,,,,20694,-386.19394,110,,,,,,
,,,,,20778,-135.40019,84,,,,,,
,,,,,20846,-158.11288,68,,,,,,
,,,,,20963,-622.4378,117,,,,,,
,,,,,21000,,,41.94772720336914,-1.7757091522216797,-2.6974315643310547,32.37424850463867,0.874,0.001
,,,,,21061,-346.95508,98,,,,,,
,,,,,21172,-539.2294,111,,,,,,
,,,,,21272,-517.6712,100,,,,,,
,,,,,21379,-500.76675,107,,,,,,
,,,,,21485,-354.75714,106,,,,,,
,,,,,21589,-10.439743,104,,,,,,
,,,,,21682,-507.84747,93,,,,,,
,,,,,21783,-445.88654,101,,,,,,
,,,,,21856,-132.37854,73,,,,,,
,,,,,21951,-593.099,95,,,,,,
,,,,,22000,,,12.46440601348877,-10.963570594787598,-11.18942642211914,57.35790252685547,0.868,0.001
,,,,,22036,-143.57985,85,,,,,,
,,,,,22096,-224.0377,60,,,,,,
,,,,,22178,8.685463,82,,,,,,
,,,,,22281,-507.89774,103,,,,,,
,,,,,22374,-345.59778,93,,,,,,
,,,,,22454,-302.78864,80,,,,,,
,,,,,22526,-200.04321,72,,,,,,
,,,,,22625,-355.72702,99,,,,,,
,,,,,22760,-351.93124,135,,,,,,
,,,,,22839,-389.54123,79,,,,,,
,,,,,22898,-181.69382,59,,,,,,
,,,,,22989,-281.70416,91,,,,,,
,,,,,23000,,,33.44259262084961,-20.1887264251709,-20.920366287231445,126.40430450439453,0.862,0.001
,,,,,23089,-175.65881,100,,,,,,
,,,,,23171,-190.4296,82,,,,,,
,,,,,23258,-460.13483,87,,,,,,
,,,,,23360,-429.4342,102,,,,,,
,,,,,23417,-86.90031,57,,,,,,
,,,,,23505,-480.35126,88,,,,,,
,,,,,23623,-438.4368,118,,,,,,
,,,,,23733,-438.41833,110,,,,,,
,,,,,23802,-95.90259,69,,,,,,
,,,,,23889,-139.19035,87,,,,,,
,,,,,23962,-361.092,73,,,,,,
,,,,,24000,,,13.1574125289917,-20.9996337890625,-20.868301391601562,36.21535873413086,0.856,0.001
,,,,,24061,-523.7411,99,,,,,,
,,,,,24142,-440.72614,81,,,,,,
,,,,,24219,-200.0637,77,,,,,,
,,,,,24330,-520.3416,111,,,,,,
,,,,,24424,-168.24588,94,,,,,,
,,,,,24484,-335.9431,60,,,,,,
,,,,,24578,-329.16223,94,,,,,,
,,,,,24641,-101.25639,63,,,,,,
,,,,,24723,-206.37152,82,,,,,,
,,,,,24811,-341.64008,88,,,,,,
,,,,,24874,-74.357086,63,,,,,,
,,,,,24972,-137.39386,98,,,,,,
,,,,,25000,,,22.834026336669922,-9.216815948486328,-9.853327751159668,84.89044189453125,0.85,0.001
,,,,,25083,-275.93213,111,,,,,,
,,,,,25178,-558.22864,95,,,,,,
,,,,,25269,-287.91953,91,,,,,,
,,,,,25365,-469.31882,96,,,,,,
,,,,,25450,-452.86765,85,,,,,,
,,,,,25537,-399.71844,87,,,,,,
,,,,,25607,-311.09103,70,,,,,,
,,,,,25676,-103.3682,69,,,,,,
,,,,,25762,-288.5495,86,,,,,,
,,,,,25870,-532.11743,108,,,,,,
,,,,,25941,-360.46368,71,,,,,,
,,,,,26000,,,64.65957641601562,-4.222304344177246,-2.8703725337982178,76.8920669555664,0.844,0.001
,,,,,26048,-341.21027,107,,,,,,
,,,,,26149,-286.7781,101,,,,,,
,,,,,26237,-170.1678,88,,,,,,
,,,,,26298,-70.50899,61,,,,,,
,,,,,26429,-117.295006,131,,,,,,
,,,,,26494,-125.75417,65,,,,,,
,,,,,26587,-279.87216,93,,,,,,
,,,,,26692,-582.2941,105,,,,,,
,,,,,26759,-80.86381,67,,,,,,
,,,,,26846,-387.65182,87,,,,,,
,,,,,26919,-277.21167,73,,,,,,
,,,,,27000,,,6.4077253341674805,1.7738218307495117,1.892303466796875,46.50253677368164,0.838,0.001
,,,,,27030,-92.88014,111,,,,,,
,,,,,27092,-206.4068,62,,,,,,
,,,,,27152,-73.340744,60,,,,,,
,,,,,27242,-246.3072,90,,,,,,
,,,,,27326,-324.67072,84,,,,,,
,,,,,27453,-248.77225,127,,,,,,
,,,,,27537,-444.93695,84,,,,,,
,,,,,27675,-24.790764,138,,,,,,
,,,,,27750,-359.62604,75,,,,,,
,,,,,27844,-374.57718,94,,,,,,
,,,,,27937,-408.76114,93,,,,,,
,,,,,28000,,,3.553846836090088,13.55366325378418,14.168972969055176,95.47845458984375,0.832,0.001
,,,,,28052,-368.63174,115,,,,,,
,,,,,28159,-328.70374,107,,,,,,
,,,,,28255,-379.31924,96,,,,,,
,,,,,28342,-443.61996,87,,,,,,
,,,,,28412,-209.86845,70,,,,,,
,,,,,28517,-470.4302,105,,,,,,
,,,,,28616,-479.70035,99,,,,,,
,,,,,28710,-517.18884,94,,,,,,
,,,,,28775,-84.1145,65,,,,,,
,,,,,28861,-483.45047,86,,,,,,
,,,,,28945,-211.61664,84,,,,,,
,,,,,29000,,,91.01904296875,10.194097518920898,11.772432327270508,243.8469696044922,0.8260000000000001,0.001
,,,,,29069,-341.03735,124,,,,,,
,,,,,29144,-373.0241,75,,,,,,
,,,,,29220,-99.278885,76,,,,,,
,,,,,29323,-138.39322,103,,,,,,
,,,,,29391,-116.29507,68,,,,,,
,,,,,29485,-393.34668,94,,,,,,
,,,,,29577,-340.81927,92,,,,,,
,,,,,29672,-361.00995,95,,,,,,
,,,,,29765,-360.13293,93,,,,,,
,,,,,29838,-239.68391,73,,,,,,
,,,,,29918,-276.99783,80,,,,,,
-52.44645,98.701294,215.95386,-174.18652,503.1,30000,,,22.37491798400879,6.535196781158447,6.002206802368164,140.74021911621094,0.82,0.001
,,,,,30015,-354.05548,97,,,,,,
,,,,,30100,-95.59895,85,,,,,,
,,,,,30204,-180.4151,104,,,,,,
,,,,,30292,-315.39297,88,,,,,,
,,,,,30389,-297.8051,97,,,,,,
,,,,,30462,-118.93935,73,,,,,,
,,,,,30579,-294.41254,117,,,,,,
,,,,,30633,-97.62116,54,,,,,,
,,,,,30736,-403.35812,103,,,,,,
,,,,,30821,-288.85602,85,,,,,,
,,,,,30941,-121.60116,120,,,,,,
,,,,,31000,,,6.3975396156311035,20.082992553710938,19.097400665283203,141.2461700439453,0.8140000000000001,0.001
,,,,,31018,-250.96268,77,,,,,,
,,,,,31112,-425.4184,94,,,,,,
,,,,,31197,-467.14706,85,,,,,,
,,,,,31273,-259.84503,76,,,,,,
,,,,,31342,-190.2483,69,,,,,,
,,,,,31441,-252.63481,99,,,,,,
,,,,,31533,-352.4723,92,,,,,,
,,,,,31632,-236.91676,99,,,,,,
,,,,,31739,-511.27176,107,,,,,,
,,,,,31836,-397.16168,97,,,,,,
,,,,,31984,-335.6676,148,,,,,,
,,,,,32000,,,19.037912368774414,16.157154083251953,15.371746063232422,156.36767578125,0.808,0.001
,,,,,32095,-410.71237,111,,,,,,
,,,,,32150,-105.23816,55,,,,,,
,,,,,32215,-242.70703,65,,,,,,
,,,,,32309,-276.0299,94,,,,,,
,,,,,32396,-123.39989,87,,,,,,
,,,,,32470,-294.55322,74,,,,,,
,,,,,32582,-170.83987,112,,,,,,
,,,,,32670,-287.10263,88,,,,,,
,,,,,32742,-12.825104,72,,,,,,
,,,,,32825,-280.08386,83,,,,,,
,,,,,32896,-204.27211,71,,,,,,
,,,,,32955,-132.92964,59,,,,,,
,,,,,33000,,,9.983172416687012,30.33331298828125,29.179637908935547,146.6232452392578,0.802,0.001
,,,,,33024,-180.61513,69,,,,,,
,,,,,33117,-129.93555,93,,,,,,
,,,,,33177,-181.61818,60,,,,,,
,,,,,33246,-192.67935,69,,,,,,
,,,,,33369,-377.33444,123,,,,,,
,,,,,33436,-71.594826,67,,,,,,
,,,,,33558,-120.89993,122,,,,,,
,,,,,33651,-387.01944,93,,,,,,
,,,,,33749,-362.4711,98,,,,,,
,,,,,33829,-42.002625,80,,,,,,
,,,,,33913,-30.603111,84,,,,,,
,,,,,34000,,,15.286593437194824,12.31737995147705,12.440882682800293,80.31172943115234,0.796,0.001
,,,,,34036,-469.82455,123,,,,,,
,,,,,34126,-148.83589,90,,,,,,
,,,,,34201,-132.88428,75,,,,,,
,,,,,34315,-325.0498,114,,,,,,
,,,,,34401,-204.78847,86,,,,,,
,,,,,34485,-113.62824,84,,,,,,
,,,,,34595,-456.56076,110,,,,,,
,,,,,34664,-101.08947,69,,,,,,
,,,,,34724,-131.76402,60,,,,,,
,,,,,34850,-220.83444,126,,,,,,
,,,,,34934,-141.7439,84,,,,,,
,,,,,34990,-88.39485,56,,,,,,
,,,,,35000,,,3.3057713508605957,28.989704132080078,29.466184616088867,88.5870132446289,0.79,0.001
,,,,,35088,-166.34587,98,,,,,,
,,,,,35211,-243.04424,123,,,,,,
,,,,,35313,-152.53595,102,,,,,,
,,,,,35408,-314.33508,95,,,,,,
,,,,,35493,-155.76126,85,,,,,,
,,,,,35598,-261.34863,105,,,,,,
,,,,,35683,-272.888,85,,,,,,
,,,,,35760,-111.00997,77,,,,,,
,,,,,35851,-130.81288,91,,,,,,
,,,,,35933,-450.47064,82,,,,,,
,,,,,36000,,,2.1421144008636475,28.010883331298828,27.906932830810547,43.919620513916016,0.784,0.001
,,,,,36052,-272.20148,119,,,,,,
,,,,,36121,-334.29095,69,,,,,,
,,,,,36208,-453.54135,87,,,,,,
,,,,,36296,-378.70416,88,,,,,,
,,,,,36392,-372.42047,96,,,,,,
,,,,,36469,-107.76609,77,,,,,,
,,,,,36543,-137.91763,74,,,,,,
,,,,,36616,-223.5516,73,,,,,,
,,,,,36714,-107.82634,98,,,,,,
,,,,,36788,-123.224075,74,,,,,,
,,,,,36875,-383.81418,87,,,,,,
,,,,,36950,-115.17341,75,,,,,,
,,,,,37000,,,3.182102680206299,15.910754203796387,15.52586841583252,69.5103759765625,0.778,0.001
,,,,,37055,-253.69653,105,,,,,,
,,,,,37134,-359.50482,79,,,,,,
,,,,,37229,-313.08417,95,,,,,,
,,,,,37296,-143.53224,67,,,,,,
,,,,,37394,-224.76791,98,,,,,,
,,,,,37485,-192.17859,91,,,,,,
,,,,,37557,-116.45206,72,,,,,,
,,,,,37647,-218.84218,90,,,,,,
,,,,,37727,-90.56649,80,,,,,,
,,,,,37840,-145.8515,113,,,,,,
,,,,,37953,-133.27586,113,,,,,,
,,,,,38000,,,48.077388763427734,30.739452362060547,29.83022689819336,189.88296508789062,0.772,0.001
,,,,,38037,-132.63162,84,,,,,,
,,,,,38134,-321.09595,97,,,,,,
,,,,,38254,-440.2599,120,,,,,,
,,,,,38330,-144.0155,76,,,,,,
,,,,,38454,-308.10513,124,,,,,,
,,,,,38517,-86.399055,63,,,,,,
,,,,,38606,-94.593414,89,,,,,,
,,,,,38708,-387.7627,102,,,,,,
,,,,,38819,-423.99658,111,,,,,,
,,,,,38932,-102.66823,113,,,,,,
,,,,,39000,,,126.9181137084961,12.54410171508789,13.849600791931152,296.1208801269531,0.766,0.001
,,,,,39013,-212.12613,81,,,,,,
,,,,,39094,-447.7697,81,,,,,,
,,,,,39159,-73.515495,65,,,,,,
,,,,,39255,-524.2258,96,,,,,,
,,,,,39342,-296.3114,87,,,,,,
,,,,,39440,-329.4685,98,,,,,,
,,,,,39508,-185.56471,68,,,,,,
,,,,,39581,-121.740585,73,,,,,,
,,,,,39664,-468.28802,83,,,,,,
,,,,,39763,-304.8199,99,,,,,,
,,,,,39830,-50.81128,67,,,,,,
,,,,,39904,-271.86856,74,,,,,,
,,,,,39992,-157.84708,88,,,,,,
-144.0912,57.977383,-60.149246,-269.1517,978.8,40000,,,42.39043045043945,12.754322052001953,12.200758934020996,153.90931701660156,0.76,0.001
,,,,,40080,-159.83244,88,,,,,,
,,,,,40141,-64.31354,61,,,,,,
,,,,,40210,-107.470375,69,,,,,,
,,,,,40289,-257.54785,79,,,,,,
,,,,,40389,-171.59338,100,,,,,,
,,,,,40466,-88.12902,77,,,,,,
,,,,,40567,-195.56909,101,,,,,,
,,,,,40677,-134.20657,110,,,,,,
,,,,,40790,-83.676216,113,,,,,,
,,,,,40892,-127.985825,102,,,,,,
,,,,,40961,-88.49396,69,,,,,,
,,,,,41000,,,181.8061981201172,10.113578796386719,11.648897171020508,414.20440673828125,0.754,0.001
,,,,,41042,-144.19669,81,,,,,,
,,,,,41147,-94.81647,105,,,,,,
,,,,,41247,-145.9389,100,,,,,,
,,,,,41378,-411.7657,131,,,,,,
,,,,,41488,-166.0665,110,,,,,,
,,,,,41552,-95.67217,64,,,,,,
,,,,,41661,-169.65723,109,,,,,,
,,,,,41780,-114.066635,119,,,,,,
,,,,,41885,-248.94745,105,,,,,,
,,,,,41980,-119.10859,95,,,,,,
,,,,,42000,,,7.659332275390625,16.143978118896484,14.870537757873535,126.3078842163086,0.748,0.001
,,,,,42078,-149.85434,98,,,,,,
,,,,,42201,-215.38579,123,,,,,,
,,,,,42308,-95.22659,107,,,,,,
,,,,,42378,-44.78021,70,,,,,,
,,,,,42467,-397.26334,89,,,,,,
,,,,,42543,-112.016754,76,,,,,,
,,,,,42614,-170.65259,71,,,,,,
,,,,,42689,-105.25304,75,,,,,,
,,,,,42792,-128.45497,103,,,,,,
,,,,,42885,-381.76508,93,,,,,,
,,,,,42978,-113.81546,93,,,,,,
,,,,,43000,,,5.19904899597168,30.26169204711914,30.62547492980957,78.1254653930664,0.742,0.001
,,,,,43063,-168.68233,85,,,,,,
,,,,,43201,-405.32346,138,,,,,,
,,,,,43287,-168.47887,86,,,,,,
,,,,,43362,-78.74247,75,,,,,,
,,,,,43500,-194.55745,138,,,,,,
,,,,,43601,-114.1222,101,,,,,,
,,,,,43685,-111.07171,84,,,,,,
,,,,,43753,-92.62945,68,,,,,,
,,,,,43856,-138.03693,103,,,,,,
,,,,,43933,-103.17945,77,,,,,,
,,,,,44000,,,14.310216903686523,13.909122467041016,12.738618850708008,148.35556030273438,0.736,0.001
,,,,,44014,-55.879745,81,,,,,,
,,,,,44082,-30.950874,68,,,,,,
,,,,,44161,-74.4842,79,,,,,,
,,,,,44260,-48.204037,99,,,,,,
,,,,,44320,-93.83208,60,,,,,,
,,,,,44449,-77.86574,129,,,,,,
,,,,,44515,-83.98442,66,,,,,,
,,,,,44583,-124.74516,68,,,,,,
,,,,,44678,-267.16223,95,,,,,,
,,,,,44759,-393.28763,81,,,,,,
,,,,,44826,-212.51808,67,,,,,,
,,,,,44919,-140.51411,93,,,,,,
,,,,,44996,-182.43924,77,,,,,,
,,,,,45000,,,33.95808410644531,18.08737564086914,18.085304260253906,145.38720703125,0.73,0.001
,,,,,45073,-93.767685,77,,,,,,
,,,,,45143,-249.01157,70,,,,,,
,,,,,45254,-127.28047,111,,,,,,
,,,,,45344,-100.49818,90,,,,,,
,,,,,45421,-230.53549,77,,,,,,
,,,,,45484,-32.044228,63,,,,,,
,,,,,45574,-104.09882,90,,,,,,
,,,,,45671,-339.1555,97,,,,,,
,,,,,45767,-385.11523,96,,,,,,
,,,,,45871,-191.33437,104,,,,,,
,,,,,46000,,,229.801513671875,19.498510360717773,21.05591583251953,574.6813354492188,0.724,0.001
,,,,,46006,-233.55095,135,,,,,,
,,,,,46090,-82.71005,84,,,,,,
,,,,,46187,-133.4184,97,,,,,,
,,,,,46248,-95.059395,61,,,,,,
,,,,,46321,-130.86716,73,,,,,,
,,,,,46388,-81.83017,67,,,,,,
,,,,,46494,-297.97995,106,,,,,,
,,,,,46565,-117.4025,71,,,,,,
,,,,,46652,-357.25916,87,,,,,,
,,,,,46732,-128.57849,80,,,,,,
,,,,,46811,-150.1781,79,,,,,,
,,,,,46930,-254.00934,119,,,,,,
,,,,,47000,-74.8811,70,,,,,,
,,,,,47000,,,3.5824127197265625,24.203140258789062,23.887924194335938,81.07952117919922,0.718,0.001
,,,,,47152,-416.27603,152,,,,,,
,,,,,47270,-216.99689,118,,,,,,
,,,,,47394,-163.88571,124,,,,,,
,,,,,47518,-169.39984,124,,,,,,
,,,,,47584,-86.16968,66,,,,,,
,,,,,47691,-306.04578,107,,,,,,
,,,,,47773,-67.34178,82,,,,,,
,,,,,47886,-219.79277,113,,,,,,
,,,,,48000,,,4.282026290893555,39.225467681884766,39.56768035888672,50.816402435302734,0.712,0.001
,,,,,48028,-93.557846,142,,,,,,
,,,,,48095,-83.11082,67,,,,,,
,,,,,48159,-99.97736,64,,,,,,
,,,,,48234,-165.54309,75,,,,,,
,,,,,48299,-52.797623,65,,,,,,
,,,,,48422,-156.16406,123,,,,,,
,,,,,48496,-139.79507,74,,,,,,
,,,,,48576,-109.30851,80,,,,,,
,,,,,48656,-76.64255,80,,,,,,
,,,,,48763,-206.36176,107,,,,,,
,,,,,48858,-183.86043,95,,,,,,
,,,,,48970,-74.87119,112,,,,,,
,,,,,49000,,,5.925803184509277,24.64957618713379,24.245708465576172,65.36322784423828,0.706,0.001
,,,,,49043,-91.183556,73,,,,,,
,,,,,49168,-53.54329,125,,,,,,
,,,,,49267,-106.06854,99,,,,,,
,,,,,49345,-100.08563,78,,,,,,
,,,,,49420,-138.20116,75,,,,,,
,,,,,49503,-204.53784,83,,,,,,
,,,,,49608,-120.35474,105,,,,,,
,,,,,49712,-173.496,104,,,,,,
,,,,,49794,-173.35677,82,,,,,,
,,,,,49911,-154.8662,117,,,,,,
-120.271645,17.75494,-86.28475,-139.2551,1000.0,50000,,,3.102940082550049,10.93753433227539,10.393803596496582,70.61366271972656,0.7,0.001
,,,,,50010,-179.7315,99,,,,,,
,,,,,50092,-78.043106,82,,,,,,
,,,,,50169,-120.55489,77,,,,,,
,,,,,50265,-88.65322,96,,,,,,
,,,,,50338,-97.27896,73,,,,,,
,,,,,50428,-213.93204,90,,,,,,
,,,,,50490,-105.95902,62,,,,,,
,,,,,50570,-68.9798,80,,,,,,
,,,,,50685,-125.09413,115,,,,,,
,,,,,50781,-116.213905,96,,,,,,
,,,,,50868,-153.55908,87,,,,,,
,,,,,50940,-56.107357,72,,,,,,
,,,,,51000,,,45.96540451049805,22.476776123046875,23.475299835205078,166.81875610351562,0.694,0.001
,,,,,51004,-117.05132,64,,,,,,
,,,,,51096,-96.74069,92,,,,,,
,,,,,51169,33.79007,73,,,,,,
,,,,,51271,-167.29095,102,,,,,,
,,,,,51370,-99.717285,99,,,,,,
,,,,,51475,-125.79641,105,,,,,,
,,,,,51559,-132.06866,84,,,,,,
,,,,,51622,-143.6611,63,,,,,,
,,,,,51701,-126.92346,79,,,,,,
,,,,,51812,-256.54382,111,,,,,,
,,,,,51888,-216.49615,76,,,,,,
,,,,,51959,-75.48917,71,,,,,,
,,,,,52000,,,8.308158874511719,10.210168838500977,10.042580604553223,73.94187927246094,0.688,0.001
,,,,,52075,-92.472115,116,,,,,,
,,,,,52159,-59.527626,84,,,,,,
,,,,,52248,-93.74788,89,,,,,,
,,,,,52330,-129.15918,82,,,,,,
,,,,,52404,-26.71431,74,,,,,,
,,,,,52484,-90.438225,80,,,,,,
,,,,,52548,-136.85449,64,,,,,,
,,,,,52615,-73.247345,67,,,,,,
,,,,,52712,-239.624,97,,,,,,
,,,,,52782,-70.89284,70,,,,,,
,,,,,52881,-26.206108,99,,,,,,
,,,,,52959,-84.961105,78,,,,,,
,,,,,53000,,,3.869222640991211,14.827299118041992,15.002677917480469,54.86957931518555,0.6819999999999999,0.001
,,,,,53055,-109.11055,96,,,,,,
,,,,,53154,-148.95059,99,,,,,,
,,,,,53276,-232.25232,122,,,,,,
,,,,,53381,-127.92665,105,,,,,,
,,,,,53451,-100.49345,70,,,,,,
,,,,,53523,-87.66216,72,,,,,,
,,,,,53590,-102.4559,67,,,,,,
,,,,,53673,-135.06265,83,,,,,,
,,,,,53808,-133.99442,135,,,,,,
,,,,,53940,-191.82074,132,,,,,,
,,,,,54000,,,44.482276916503906,14.659392356872559,15.41070556640625,126.56119537353516,0.6759999999999999,0.001
,,,,,54061,-56.390606,121,,,,,,
,,,,,54160,-236.48827,99,,,,,,
,,,,,54232,-96.76735,72,,,,,,
,,,,,54333,-186.83649,101,,,,,,
,,,,,54396,-52.966232,63,,,,,,
,,,,,54479,-74.75121,83,,,,,,
,,,,,54611,-71.662125,132,,,,,,
,,,,,54732,-83.26794,121,,,,,,
,,,,,54865,-130.34877,133,,,,,,
,,,,,54948,-51.08402,83,,,,,,
,,,,,55000,,,7.125761032104492,24.7095947265625,25.20940399169922,67.55073547363281,0.67,0.001
,,,,,55046,-183.77162,98,,,,,,
,,,,,55149,-116.89241,103,,,,,,
,,,,,55234,-110.41074,85,,,,,,
,,,,,55311,-173.49841,77,,,,,,
,,,,,55433,-186.2121,122,,,,,,
,,,,,55507,-149.019,74,,,,,,
,,,,,55587,-85.951324,80,,,,,,
,,,,,55695,-89.39092,108,,,,,,
,,,,,55766,-68.01377,71,,,,,,
,,,,,55832,-64.22831,66,,,,,,
,,,,,55918,-116.74036,86,,,,,,
,,,,,55986,-105.29875,68,,,,,,
,,,,,56000,,,12.226628303527832,30.28646469116211,29.608985900878906,96.98786926269531,0.6639999999999999,0.001
,,,,,56079,-85.09665,93,,,,,,
,,,,,56198,-158.09082,119,,,,,,
,,,,,56284,-77.706245,86,,,,,,
,,,,,56407,-68.56956,123,,,,,,
,,,,,56477,-96.67053,70,,,,,,
,,,,,56581,6.929306,104,,,,,,
,,,,,56673,-125.83917,92,,,,,,
,,,,,56793,-230.12103,120,,,,,,
,,,,,56926,-92.17153,133,,,,,,
,,,,,57000,,,11.333256721496582,20.869827270507812,21.15504264831543,73.80706787109375,0.6579999999999999,0.001
,,,,,57031,-226.59796,105,,,,,,
,,,,,57100,-69.91214,69,,,,,,
,,,,,57184,-74.15198,84,,,,,,
,,,,,57260,-72.05478,76,,,,,,
,,,,,57338,-96.34104,78,,,,,,
,,,,,57425,-112.89255,87,,,,,,
,,,,,57506,-108.76368,81,,,,,,
,,,,,57598,-138.43204,92,,,,,,
,,,,,57671,-57.546703,73,,,,,,
,,,,,57758,-62.566925,87,,,,,,
,,,,,57829,-142.28252,71,,,,,,
,,,,,57921,-78.3394,92,,,,,,
,,,,,57980,-73.41667,59,,,,,,
,,,,,58000,,,6.015737533569336,29.725553512573242,29.70608139038086,65.88033294677734,0.652,0.001
,,,,,58051,-94.75309,71,,,,,,
,,,,,58194,-221.8152,143,,,,,,
,,,,,58280,-69.2379,86,,,,,,
,,,,,58352,-125.97286,72,,,,,,
,,,,,58440,-70.63266,88,,,,,,
,,,,,58534,-63.048027,94,,,,,,
,,,,,58659,-49.085564,125,,,,,,
,,,,,58757,-175.3431,98,,,,,,
,,,,,58832,-263.71002,75,,,,,,
,,,,,58976,-4.543846,144,,,,,,
,,,,,59000,,,5.983150959014893,20.115942001342773,19.980831146240234,64.29907989501953,0.646,0.001
,,,,,59119,-104.09757,143,,,,,,
,,,,,59202,-70.12523,83,,,,,,
,,,,,59287,-76.037895,85,,,,,,
,,,,,59376,-121.12819,89,,,,,,
,,,,,59483,-126.80447,107,,,,,,
,,,,,59566,-54.09062,83,,,,,,
,,,,,59672,-125.51841,106,,,,,,
,,,,,59737,-58.83838,65,,,,,,
,,,,,59810,-66.09559,73,,,,,,
,,,,,59876,-70.63737,66,,,,,,
,,,,,59975,-109.63829,99,,,,,,
-165.55559,61.811543,-72.43142,-310.32956,946.7,60000,,,5.302022457122803,24.13831329345703,24.18579864501953,72.59269714355469,0.6399999999999999,0.001
,,,,,60071,-18.87828,96,,,,,,
,,,,,60218,-84.27249,147,,,,,,
,,,,,60322,-67.07704,104,,,,,,
,,,,,60403,-98.48705,81,,,,,,
,,,,,60474,-69.83142,71,,,,,,
,,,,,60543,-56.834724,69,,,,,,
,,,,,60645,-103.17848,102,,,,,,
,,,,,60765,-99.577835,120,,,,,,
,,,,,60866,-100.24286,101,,,,,,
,,,,,60981,-70.562775,115,,,,,,
,,,,,61000,,,35.39131546020508,17.748634338378906,18.249221801757812,99.9500961303711,0.634,0.001
,,,,,61074,-16.64325,93,,,,,,
,,,,,61178,-93.23049,104,,,,,,
,,,,,61272,-141.44524,94,,,,,,
,,,,,61356,-91.9749,84,,,,,,
,,,,,61468,-80.583374,112,,,,,,
,,,,,61554,-60.634415,86,,,,,,
,,,,,61671,-57.58493,117,,,,,,
,,,,,61785,-133.38676,114,,,,,,
,,,,,61918,-84.19295,133,,,,,,
,,,,,62000,,,8.834516525268555,30.054502487182617,29.39535140991211,129.96380615234375,0.628,0.001
,,,,,62015,-177.62158,97,,,,,,
,,,,,62096,-72.33011,81,,,,,,
,,,,,62171,-65.75061,75,,,,,,
,,,,,62255,-96.30408,84,,,,,,
,,,,,62373,-163.62279,118,,,,,,
,,,,,62522,-3.3073654,149,,,,,,
,,,,,62629,-114.75202,107,,,,,,
,,,,,62748,-186.9167,119,,,,,,
,,,,,62841,-113.25531,93,,,,,,
,,,,,62971,-50.785614,130,,,,,,
,,,,,63000,,,126.2239761352539,22.725221633911133,21.769187927246094,318.182373046875,0.622,0.001
,,,,,63079,-128.09778,108,,,,,,
,,,,,63186,-97.32361,107,,,,,,
,,,,,63250,-13.5173645,64,,,,,,
,,,,,63347,-89.63574,97,,,,,,
,,,,,63467,-130.26079,120,,,,,,
,,,,,63593,-112.90739,126,,,,,,
,,,,,63670,-47.76786,77,,,,,,
,,,,,63760,-100.16038,90,,,,,,
,,,,,63840,-75.60474,80,,,,,,
,,,,,63957,-319.5851,117,,,,,,
,,,,,64000,,,16.302650451660156,25.66777801513672,25.225427627563477,69.52091979980469,0.616,0.001
,,,,,64082,-68.00388,125,,,,,,
,,,,,64195,-271.6893,113,,,,,,
,,,,,64285,-15.267097,90,,,,,,
,,,,,64357,-51.528744,72,,,,,,
,,,,,64483,-68.06082,126,,,,,,
,,,,,64597,-181.52878,114,,,,,,
,,,,,64695,-78.049385,98,,,,,,
,,,,,64810,-105.09184,115,,,,,,
,,,,,64879,-64.73889,69,,,,,,
,,,,,64960,-62.82228,81,,,,,,
,,,,,65000,,,61.62922668457031,21.26128578186035,20.280651092529297,78.3730697631836,0.61,0.001
,,,,,65023,-122.321976,63,,,,,,
,,,,,65131,-86.789505,108,,,,,,
,,,,,65227,-76.514114,96,,,,,,
,,,,,65342,-173.75269,115,,,,,,
,,,,,65442,-81.02925,100,,,,,,
,,,,,65533,-99.173294,91,,,,,,
,,,,,65602,-56.045246,69,,,,,,
,,,,,65695,-114.18992,93,,,,,,
,,,,,65816,-81.10622,121,,,,,,
,,,,,65908,-139.47513,92,,,,,,
,,,,,65990,-115.38368,82,,,,,,
,,,,,66000,,,17.553361892700195,26.17491912841797,26.040847778320312,105.4616470336914,0.604,0.001
,,,,,66084,-121.885796,94,,,,,,
,,,,,66190,-90.16431,106,,,,,,
,,,,,66292,-95.01102,102,,,,,,
,,,,,66412,-94.02552,120,,,,,,
,,,,,66496,-110.97495,84,,,,,,
,,,,,66569,-115.1932,73,,,,,,
,,,,,66645,-85.48331,76,,,,,,
,,,,,67000,,,8.734807014465332,32.63308334350586,33.422035217285156,75.6352767944336,0.598,0.001
,,,,,67645,-13.477579,1000,,,,,,
,,,,,67753,-78.28926,108,,,,,,
,,,,,67879,-98.12968,126,,,,,,
,,,,,67994,-47.27536,115,,,,,,
,,,,,68000,,,8.796102523803711,25.220348358154297,25.679218292236328,59.212158203125,0.5920000000000001,0.001
,,,,,68135,-44.84427,141,,,,,,
,,,,,68275,-241.30508,140,,,,,,
,,,,,68365,-137.65765,90,,,,,,
,,,,,68472,-88.00941,107,,,,,,
,,,,,69000,,,10.25671100616455,39.63626480102539,39.308170318603516,87.3642349243164,0.586,0.001
,,,,,69472,65.14001,1000,,,,,,
,,,,,69562,-65.04929,90,,,,,,
,,,,,69628,-104.27776,66,,,,,,
,,,,,69740,-153.65517,112,,,,,,
,,,,,69816,-30.477173,76,,,,,,
,,,,,69903,-47.749123,87,,,,,,
-121.69639,22.059023,-81.413124,-145.52844,940.2,70000,,,17.488323211669922,44.50262451171875,43.726287841796875,135.07559204101562,0.58,0.001
,,,,,70004,-97.0132,101,,,,,,
,,,,,70113,-72.76064,109,,,,,,
,,,,,70236,-131.64183,123,,,,,,
,,,,,70319,6.245079,83,,,,,,
,,,,,70448,-112.92962,129,,,,,,
,,,,,70533,-88.677574,85,,,,,,
,,,,,70605,-74.674644,72,,,,,,
,,,,,70715,-165.26505,110,,,,,,
,,,,,70805,-138.70586,90,,,,,,
,,,,,70870,-86.73751,65,,,,,,
,,,,,70990,-123.77986,120,,,,,,
,,,,,71000,,,11.514091491699219,37.266448974609375,37.55841827392578,78.06494903564453,0.5740000000000001,0.001
,,,,,71101,-114.56388,111,,,,,,
,,,,,71200,-125.26097,99,,,,,,
,,,,,71304,-53.33268,104,,,,,,
,,,,,71402,-100.65489,98,,,,,,
,,,,,71484,-61.3172,82,,,,,,
,,,,,71583,-136.8769,99,,,,,,
,,,,,71678,-68.884865,95,,,,,,
,,,,,71779,-66.86645,101,,,,,,
,,,,,71863,-55.088852,84,,,,,,
,,,,,71933,-72.76464,70,,,,,,
,,,,,72000,,,5.273065090179443,30.85903549194336,31.305248260498047,100.68224334716797,0.5680000000000001,0.001
,,,,,72002,-90.62064,69,,,,,,
,,,,,72141,-59.938923,139,,,,,,
,,,,,72249,-77.0559,108,,,,,,
,,,,,72382,-45.528873,133,,,,,,
,,,,,72474,-81.140686,92,,,,,,
,,,,,72596,-86.02823,122,,,,,,
,,,,,72691,-50.25881,95,,,,,,
,,,,,72768,-73.530045,77,,,,,,
,,,,,72874,-130.38962,106,,,,,,
,,,,,72970,-122.13776,96,,,,,,
,,,,,73000,,,25.01988410949707,46.323997497558594,46.332115173339844,155.55593872070312,0.5619999999999999,0.001
,,,,,73056,-79.98269,86,,,,,,
,,,,,73167,-61.27349,111,,,,,,
,,,,,73270,-89.81975,103,,,,,,
,,,,,73381,-101.40714,111,,,,,,
,,,,,73474,-16.795334,93,,,,,,
,,,,,73578,-29.10344,104,,,,,,
,,,,,73650,-136.85086,72,,,,,,
,,,,,73758,-314.5906,108,,,,,,
,,,,,73875,-68.04087,117,,,,,,
,,,,,74000,,,5.141286849975586,34.265296936035156,34.57850646972656,53.79399490356445,0.556,0.001
,,,,,74017,-8.619919,142,,,,,,
,,,,,74091,-77.32107,74,,,,,,
,,,,,74208,-45.071632,117,,,,,,
,,,,,74303,-49.41186,95,,,,,,
,,,,,74406,-0.38715363,103,,,,,,
,,,,,74531,-22.363182,125,,,,,,
,,,,,74634,-100.41707,103,,,,,,
,,,,,74702,-72.006195,68,,,,,,
,,,,,74794,-114.95614,92,,,,,,
,,,,,74914,-104.04709,120,,,,,,
,,,,,74977,-44.35971,63,,,,,,
,,,,,75000,,,6.944504737854004,40.10857391357422,40.405738830566406,72.80789947509766,0.55,0.001
,,,,,75063,-175.36626,86,,,,,,
,,,,,75149,-83.68739,86,,,,,,
,,,,,75251,-6.7618103,102,,,,,,
,,,,,75356,-82.79642,105,,,,,,
,,,,,75415,-85.51879,59,,,,,,
,,,,,75555,-96.592834,140,,,,,,
,,,,,75677,-70.89078,122,,,,,,
,,,,,75776,-55.80859,99,,,,,,
,,,,,75890,-98.89787,114,,,,,,
,,,,,76000,,,12.458678245544434,30.50973129272461,30.22348976135254,90.45122528076172,0.5439999999999999,0.001
,,,,,76015,-54.815117,125,,,,,,
,,,,,76099,-48.526047,84,,,,,,
,,,,,76181,-135.16731,82,,,,,,
,,,,,76258,-70.3193,77,,,,,,
,,,,,76328,-68.05661,70,,,,,,
,,,,,76456,-39.07306,128,,,,,,
,,,,,76538,-88.09073,82,,,,,,
,,,,,76665,-71.95659,127,,,,,,
,,,,,76745,3.3478775,80,,,,,,
,,,,,76856,-55.177467,111,,,,,,
,,,,,76994,-45.491417,138,,,,,,
,,,,,77000,,,3.6013293266296387,44.516082763671875,44.825584411621094,38.44342041015625,0.538,0.001
,,,,,77105,-60.702515,111,,,,,,
,,,,,77173,-45.37476,68,,,,,,
,,,,,77242,-52.50079,69,,,,,,
,,,,,77328,-78.469795,86,,,,,,
,,,,,77409,-52.336502,81,,,,,,
,,,,,77499,-65.49782,90,,,,,,
,,,,,77574,-46.191654,75,,,,,,
,,,,,77708,-52.94367,134,,,,,,
,,,,,77809,-234.97198,101,,,,,,
,,,,,77908,-41.546806,99,,,,,,
,,,,,78000,,,9.701665878295898,46.890480041503906,46.92702102661133,89.97137451171875,0.532,0.001
,,,,,78018,-89.78865,110,,,,,,
,,,,,78104,-93.50893,86,,,,,,
,,,,,78205,-94.50848,101,,,,,,
,,,,,78312,-55.108532,107,,,,,,
,,,,,78425,-55.40946,113,,,,,,
,,,,,78503,-92.26142,78,,,,,,
,,,,,78603,-110.830124,100,,,,,,
,,,,,78691,-75.159546,88,,,,,,
,,,,,78776,-213.53613,85,,,,,,
,,,,,78901,-92.89324,125,,,,,,
,,,,,79000,,,9.369193077087402,49.43208312988281,50.223209381103516,102.92586517333984,0.526,0.001
,,,,,79010,-67.92871,109,,,,,,
,,,,,79143,-105.095505,133,,,,,,
,,,,,79263,-176.1004,120,,,,,,
,,,,,79369,-58.353546,106,,,,,,
,,,,,79502,-86.701546,133,,,,,,
,,,,,79593,-29.994232,91,,,,,,
,,,,,79665,-63.284348,72,,,,,,
,,,,,79750,-30.667572,85,,,,,,
,,,,,79854,-124.04188,104,,,,,,
,,,,,79978,-66.808426,124,,,,,,
-87.48802,49.783253,-56.689823,-234.01837,877.5,80000,,,9.119075775146484,26.911054611206055,26.91999053955078,60.923133850097656,0.52,0.001
,,,,,80065,-144.41054,87,,,,,,
,,,,,80144,-18.985374,79,,,,,,
,,,,,80271,-103.34257,127,,,,,,
,,,,,80371,-77.85825,100,,,,,,
,,,,,80453,-66.60679,82,,,,,,
,,,,,80571,-28.746513,118,,,,,,
,,,,,80662,-120.71389,91,,,,,,
,,,,,80792,-60.699047,130,,,,,,
,,,,,80861,-75.24263,69,,,,,,
,,,,,80999,-55.27546,138,,,,,,
,,,,,81000,,,8.688932418823242,76.06016540527344,76.88470458984375,101.99214172363281,0.514,0.001
,,,,,81103,-71.983376,104,,,,,,
,,,,,81203,-41.211365,100,,,,,,
,,,,,81275,-87.10034,72,,,,,,
,,,,,81430,-84.363785,155,,,,,,
,,,,,81551,-87.071815,121,,,,,,
,,,,,81656,-13.640274,105,,,,,,
,,,,,81787,-47.240704,131,,,,,,
,,,,,81880,-53.69481,93,,,,,,
,,,,,82000,,,3.7809860706329346,63.39171600341797,63.62858963012695,74.71453857421875,0.508,0.001
,,,,,82003,-74.22976,123,,,,,,
,,,,,82093,-35.64859,90,,,,,,
,,,,,82182,-113.832924,89,,,,,,
,,,,,82267,-34.8938,85,,,,,,
,,,,,82406,-56.805576,139,,,,,,
,,,,,82518,-35.365715,112,,,,,,
,,,,,82674,-17.896263,156,,,,,,
,,,,,82771,-83.68704,97,,,,,,
,,,,,82844,-71.61102,73,,,,,,
,,,,,82967,-24.92778,123,,,,,,
,,,,,83000,,,27.1065673828125,56.68198013305664,57.81867218017578,143.70875549316406,0.502,0.001
,,,,,83077,-83.72162,110,,,,,,
,,,,,83183,-9.909676,106,,,,,,
,,,,,83286,-53.9978,103,,,,,,
,,,,,83351,-95.21826,65,,,,,,
,,,,,83433,-70.5069,82,,,,,,
,,,,,83536,-97.05231,103,,,,,,
,,,,,83619,-108.288635,83,,,,,,
,,,,,83729,-61.889812,110,,,,,,
,,,,,83849,-29.846085,120,,,,,,
,,,,,83911,-71.526764,62,,,,,,
,,,,,84000,,,7.056545257568359,66.38919067382812,66.97004699707031,82.0815200805664,0.4959999999999999,0.001
,,,,,84039,-96.269,128,,,,,,
,,,,,84116,-65.50866,77,,,,,,
,,,,,84253,-63.075867,137,,,,,,
,,,,,84393,-163.9777,140,,,,,,
,,,,,84497,-125.64688,104,,,,,,
,,,,,84585,-38.16178,88,,,,,,
,,,,,84673,-38.426678,88,,,,,,
,,,,,84754,-63.12951,81,,,,,,
,,,,,84871,-45.296192,117,,,,,,
,,,,,84983,-18.690392,112,,,,,,
,,,,,85000,,,50.981788635253906,53.358245849609375,54.28624725341797,162.61126708984375,0.49,0.001
,,,,,85057,-88.19334,74,,,,,,
,,,,,85132,-35.244003,75,,,,,,
,,,,,85239,-47.274197,107,,,,,,
,,,,,85322,-59.046425,83,,,,,,
,,,,,85464,-27.259941,142,,,,,,
,,,,,85603,-40.23943,139,,,,,,
,,,,,85696,-50.49854,93,,,,,,
,,,,,85809,-105.42709,113,,,,,,
,,,,,85903,-8.498711,94,,,,,,
,,,,,86000,,,11.043920516967773,34.972251892089844,34.04838943481445,100.53337860107422,0.484,0.001
,,,,,86017,-76.97807,114,,,,,,
,,,,,86110,-31.257416,93,,,,,,
,,,,,86177,-31.565826,67,,,,,,
,,,,,86290,-58.108253,113,,,,,,
,,,,,86413,-46.391796,123,,,,,,
,,,,,86536,-63.08062,123,,,,,,
,,,,,86684,-147.80334,148,,,,,,
,,,,,86751,-98.42694,67,,,,,,
,,,,,86856,-44.96033,105,,,,,,
,,,,,86950,-40.4189,94,,,,,,
,,,,,87000,,,5.619673728942871,57.81127166748047,57.86502456665039,45.82342529296875,0.478,0.001
,,,,,87031,-53.24591,81,,,,,,
,,,,,87101,-84.838455,70,,,,,,
,,,,,87213,-15.878265,112,,,,,,
,,,,,87305,-53.23443,92,,,,,,
,,,,,87406,-70.87923,101,,,,,,
,,,,,87549,-33.804794,143,,,,,,
,,,,,87654,-17.996407,105,,,,,,
,,,,,87790,-121.55267,136,,,,,,
,,,,,87908,-57.963516,118,,,,,,
,,,,,87978,-56.44327,70,,,,,,
,,,,,88000,,,8.246702194213867,58.03299331665039,57.28083419799805,115.5825424194336,0.472,0.001
,,,,,88061,-50.395206,83,,,,,,
,,,,,88189,-34.95957,128,,,,,,
,,,,,88281,-5.3128204,92,,,,,,
,,,,,88399,-48.701767,118,,,,,,
,,,,,88523,-27.204376,124,,,,,,
,,,,,88685,-18.659958,162,,,,,,
,,,,,88765,-16.79776,80,,,,,,
,,,,,88899,-98.95458,134,,,,,,
,,,,,89000,,,9.022590637207031,57.39530944824219,58.40658950805664,135.30963134765625,0.46599999999999997,0.001
,,,,,89074,-182.53766,175,,,,,,
,,,,,89175,-16.741165,101,,,,,,
,,,,,89305,-10.374664,130,,,,,,
,,,,,89433,-101.3094,128,,,,,,
,,,,,89548,15.0,115,,,,,,
,,,,,89649,-68.75083,101,,,,,,
,,,,,89722,-21.225716,73,,,,,,
,,,,,89836,-62.359463,114,,,,,,
,,,,,89984,-40.410225,148,,,,,,
-278.0702,170.85919,-53.783886,-535.594,615.9,90000,,,7.359562873840332,74.31656646728516,74.30046081542969,78.13157653808594,0.45999999999999996,0.001
,,,,,90097,-109.26629,113,,,,,,
,,,,,90195,-56.371727,98,,,,,,
,,,,,90275,-125.89329,80,,,,,,
,,,,,90370,-43.778336,95,,,,,,
,,,,,90565,-25.615211,195,,,,,,
,,,,,90694,-45.280876,129,,,,,,
,,,,,90792,-1.7721939,98,,,,,,
,,,,,90896,-93.4673,104,,,,,,
,,,,,90985,-46.194786,89,,,,,,
,,,,,91000,,,4.570009231567383,52.921112060546875,52.38019561767578,78.24243927001953,0.45399999999999996,0.001
,,,,,91072,-66.7307,87,,,,,,
,,,,,91209,-62.836166,137,,,,,,
,,,,,91333,-38.804943,124,,,,,,
,,,,,91412,-52.305443,79,,,,,,
,,,,,91518,3.3172226,106,,,,,,
,,,,,91589,-96.17917,71,,,,,,
,,,,,91704,-194.47495,115,,,,,,
,,,,,91776,-49.064106,72,,,,,,
,,,,,91871,-0.9703522,95,,,,,,
,,,,,92000,,,10.515202522277832,37.5784912109375,38.18718719482422,120.60021209716797,0.44800000000000006,0.001
,,,,,92012,-4.770714,141,,,,,,
,,,,,92137,-18.87976,125,,,,,,
,,,,,92256,-100.323395,119,,,,,,
,,,,,92349,-86.41967,93,,,,,,
,,,,,92486,-22.73928,137,,,,,,
,,,,,92609,-32.119858,123,,,,,,
,,,,,92699,-28.57386,90,,,,,,
,,,,,92831,-25.045784,132,,,,,,
,,,,,92931,-52.07094,100,,,,,,
,,,,,93000,,,6.178403377532959,69.62748718261719,69.61246490478516,49.4925537109375,0.44199999999999995,0.001
,,,,,93046,-29.448395,115,,,,,,
,,,,,93121,-60.726482,75,,,,,,
,,,,,93231,-57.064785,110,,,,,,
,,,,,93345,-46.50193,114,,,,,,
,,,,,93439,-20.53566,94,,,,,,
,,,,,93553,-13.639381,114,,,,,,
,,,,,93665,-14.496902,112,,,,,,
,,,,,93768,-3.6048813,103,,,,,,
,,,,,93892,-41.151382,124,,,,,,
,,,,,94000,,,33.63992691040039,51.942108154296875,52.147342681884766,115.18494415283203,0.43599999999999994,0.001
,,,,,94030,1.3786621,138,,,,,,
,,,,,94172,-19.919876,142,,,,,,
,,,,,94246,-0.15546417,74,,,,,,
,,,,,94330,-52.43563,84,,,,,,
,,,,,94455,-23.051071,125,,,,,,
,,,,,94591,-14.068703,136,,,,,,
,,,,,94724,-10.644348,133,,,,,,
,,,,,94831,-73.38736,107,,,,,,
,,,,,94958,-43.064117,127,,,,,,
,,,,,95000,,,6.69034481048584,57.665740966796875,57.01591491699219,123.40010833740234,0.43000000000000005,0.001
,,,,,95098,-29.9934,140,,,,,,
,,,,,95247,10.9615555,149,,,,,,
,,,,,95371,-27.99469,124,,,,,,
,,,,,95469,-64.03438,98,,,,,,
,,,,,95643,46.58983,174,,,,,,
,,,,,95725,-71.54152,82,,,,,,
,,,,,95829,-48.92692,104,,,,,,
,,,,,95950,-31.048836,121,,,,,,
,,,,,96000,,,6.856540679931641,61.863929748535156,62.71807861328125,134.46591186523438,0.42399999999999993,0.001
,,,,,96046,-6.5357285,96,,,,,,
,,,,,96191,-20.738327,145,,,,,,
,,,,,96299,-168.91833,108,,,,,,
,,,,,96455,-30.75444,156,,,,,,
,,,,,96593,6.0080185,138,,,,,,
,,,,,96693,3.0987244,100,,,,,,
,,,,,97000,,,18.773508071899414,51.78813552856445,51.480621337890625,84.31682586669922,0.41800000000000004,0.001
,,,,,97144,-447.82776,451,,,,,,
,,,,,97330,-45.82783,186,,,,,,
,,,,,97425,-59.600986,95,,,,,,
,,,,,97498,-31.079071,73,,,,,,
,,,,,97609,-70.6054,111,,,,,,
,,,,,97747,0.45822144,138,,,,,,
,,,,,97825,7.728424,78,,,,,,
,,,,,97913,-64.26015,88,,,,,,
,,,,,98000,,,5.628253936767578,44.25120162963867,43.798728942871094,74.31818389892578,0.41200000000000003,0.001
,,,,,98007,-82.13803,94,,,,,,
,,,,,98175,-7.694313,168,,,,,,
,,,,,98291,-39.340267,116,,,,,,
,,,,,98393,-43.432014,102,,,,,,
,,,,,98554,-42.89059,161,,,,,,
,,,,,98694,38.60385,140,,,,,,
,,,,,98810,5.3944473,116,,,,,,
,,,,,98942,-15.186821,132,,,,,,
,,,,,99000,,,15.642297744750977,55.511146545410156,56.16872787475586,71.3800048828125,0.4059999999999999,0.001
,,,,,99033,-71.126976,91,,,,,,
,,,,,99116,-9.288994,83,,,,,,
,,,,,99192,-76.40635,76,,,,,,
,,,,,99305,-181.98796,113,,,,,,
,,,,,99600,-198.0632,295,,,,,,
,,,,,99730,-56.569416,130,,,,,,
,,,,,99965,-268.35767,235,,,,,,
-265.1303,82.40926,-124.634995,-411.10226,521.4,100000,,,10.64571762084961,53.50924301147461,52.77190017700195,127.28376007080078,0.4,0.001
,,,,,100070,3.7696075,105,,,,,,
,,,,,100155,-96.22543,85,,,,,,
,,,,,100308,-90.18373,153,,,,,,
,,,,,100390,-71.62137,82,,,,,,
,,,,,100596,-173.36623,206,,,,,,
,,,,,100679,-7.209091,83,,,,,,
,,,,,100789,19.229134,110,,,,,,
,,,,,100886,-34.798416,97,,,,,,
,,,,,101000,,,24.921415328979492,71.39483642578125,71.06083679199219,124.36182403564453,0.394,0.001
,,,,,101014,-60.95577,128,,,,,,
,,,,,101150,-36.72894,136,,,,,,
,,,,,101290,-73.166046,140,,,,,,
,,,,,101404,-51.483482,114,,,,,,
,,,,,101515,-86.99512,111,,,,,,
,,,,,101632,16.623962,117,,,,,,
,,,,,101772,-208.22278,140,,,,,,
,,,,,101894,0.13752747,122,,,,,,
,,,,,102000,,,10.063089370727539,83.8134765625,84.16206359863281,111.1966323852539,0.3879999999999999,0.001
,,,,,102055,-20.990845,161,,,,,,
,,,,,102132,-27.790474,77,,,,,,
,,,,,102246,-42.36839,114,,,,,,
,,,,,102362,-19.426971,116,,,,,,
,,,,,102432,-35.940086,70,,,,,,
,,,,,102610,53.534622,178,,,,,,
,,,,,102745,-23.2566,135,,,,,,
,,,,,102876,-35.33754,131,,,,,,
,,,,,103000,,,21.456270217895508,84.248291015625,83.635009765625,123.30998992919922,0.382,0.001
,,,,,103010,-42.525642,134,,,,,,
,,,,,103147,-21.269035,137,,,,,,
,,,,,103263,26.581856,116,,,,,,
,,,,,103413,-33.09268,150,,,,,,
,,,,,103527,29.530975,114,,,,,,
,,,,,103686,-90.49307,159,,,,,,
,,,,,104000,,,236.77146911621094,67.92499542236328,69.64340209960938,424.3467712402344,0.376,0.001
,,,,,104446,-176.25687,760,,,,,,
,,,,,104551,-45.239586,105,,,,,,
,,,,,104660,-50.69926,109,,,,,,
,,,,,104860,21.072647,200,,,,,,
,,,,,104958,41.70468,98,,,,,,
,,,,,105000,,,11.953995704650879,77.19558715820312,76.36611938476562,175.0923614501953,0.37,0.001
,,,,,105053,-19.00254,95,,,,,,
,,,,,105139,-8.03054,86,,,,,,
,,,,,105301,-47.2849,162,,,,,,
,,,,,105472,-10.319641,171,,,,,,
,,,,,105593,-3.074318,121,,,,,,
,,,,,105710,-40.56067,117,,,,,,
,,,,,105846,-73.70244,136,,,,,,
,,,,,105963,-43.09849,117,,,,,,
,,,,,106000,,,12.695609092712402,63.889747619628906,63.17864990234375,117.95059204101562,0.364,0.001
,,,,,106090,7.7458725,127,,,,,,
,,,,,106212,-27.581772,122,,,,,,
,,,,,107000,,,7.0701189041137695,95.82904052734375,94.66751861572266,176.96080017089844,0.358,0.001
,,,,,107212,0.4541936,1000,,,,,,
,,,,,107318,29.11676,106,,,,,,
,,,,,107417,-65.013245,99,,,,,,
,,,,,107545,-8.558723,128,,,,,,
,,,,,107652,-43.33799,107,,,,,,
,,,,,107761,-25.58046,109,,,,,,
,,,,,107867,-18.289719,106,,,,,,
,,,,,108000,,,10.856134414672852,84.33672332763672,84.06979370117188,106.30901336669922,0.352,0.001
,,,,,108010,-25.278091,143,,,,,,
,,,,,108194,18.991928,184,,,,,,
,,,,,108314,6.1607056,120,,,,,,
,,,,,108498,3.8012466,184,,,,,,
,,,,,109000,,,10.715085983276367,70.97257995605469,70.47615051269531,81.83432006835938,0.346,0.001
,,,,,109498,120.59209,1000,,,,,,
,,,,,109606,-41.73957,108,,,,,,
,,,,,109744,-15.002617,138,,,,,,
66.05629,103.18736,238.46336,-68.76231,814.4,110000,,,59.461891174316406,94.55592346191406,96.63673400878906,265.5928039550781,0.3400000000000001,0.001
,,,,,110283,-282.5741,539,,,,,,
,,,,,110409,-35.254654,126,,,,,,
,,,,,111000,,,9.380179405212402,72.34214782714844,72.52086639404297,121.69576263427734,0.33399999999999996,0.001
,,,,,111145,-341.66956,736,,,,,,
,,,,,111305,-26.159859,160,,,,,,
,,,,,111379,4.383438,74,,,,,,
,,,,,111525,4.1385956,146,,,,,,
,,,,,112000,,,144.2467803955078,68.652099609375,69.67293548583984,326.3340148925781,0.32799999999999996,0.001
,,,,,112525,69.310074,1000,,,,,,
,,,,,113000,,,165.274169921875,91.33948516845703,88.76681518554688,401.209228515625,0.32200000000000006,0.001
,,,,,113040,-152.79797,515,,,,,,
,,,,,113174,-39.82721,134,,,,,,
,,,,,114000,,,7.939521789550781,91.37030029296875,90.85630798339844,124.24748229980469,0.31599999999999995,0.001
,,,,,114174,79.66974,1000,,,,,,
,,,,,114684,-222.47974,510,,,,,,
,,,,,114811,-26.902466,127,,,,,,
,,,,,115000,,,7.713769912719727,82.5509033203125,81.37425231933594,154.07025146484375,0.30999999999999994,0.001
,,,,,115811,-135.03392,1000,,,,,,
,,,,,115906,33.25316,95,,,,,,
,,,,,115991,-26.796791,85,,,,,,
,,,,,116000,,,11.384283065795898,99.29241180419922,99.40948486328125,80.54736328125,0.30400000000000005,0.001
,,,,,116129,12.122559,138,,,,,,
,,,,,116279,2.976677,150,,,,,,
,,,,,116931,-144.46384,652,,,,,,
,,,,,117000,,,56.263675689697266,68.80908966064453,68.775390625,201.22244262695312,0.29799999999999993,0.001
,,,,,117309,-147.17114,378,,,,,,
,,,,,118000,,,9.105342864990234,98.88068389892578,98.63983154296875,62.731422424316406,0.29200000000000004,0.001
,,,,,118309,-66.73904,1000,,,,,,
,,,,,118426,36.814697,117,,,,,,
,,,,,119000,,,66.16486358642578,70.9727783203125,70.49961853027344,231.29417419433594,0.28600000000000003,0.001
,,,,,119426,-15.514711,1000,,,,,,
,,,,,119798,-211.1497,372,,,,,,
,,,,,119881,-30.523361,83,,,,,,
,,,,,119971,-23.867088,90,,,,,,
48.01513,139.02922,227.79453,-189.42874,768.7,120000,,,7.729769706726074,68.63948059082031,68.50920104980469,101.75591278076172,0.2799999999999999,0.001
,,,,,120971,-140.27689,1000,,,,,,
,,,,,121000,,,19.148174285888672,74.83966064453125,74.36050415039062,88.26596069335938,0.274,0.001
,,,,,121971,-85.616486,1000,,,,,,
,,,,,122000,,,6.04975700378418,91.95013427734375,92.04931640625,52.45074462890625,0.268,0.001
,,,,,122077,-33.62133,106,,,,,,
,,,,,122162,-5.7641296,85,,,,,,
,,,,,122613,-213.53014,451,,,,,,
,,,,,122866,42.83702,253,,,,,,
,,,,,123000,,,19.61217498779297,92.7725830078125,93.32787322998047,109.80866241455078,0.262,0.001
,,,,,123866,21.63114,1000,,,,,,
,,,,,124000,,,15.085931777954102,82.49871826171875,82.60635375976562,82.44416046142578,0.256,0.001
,,,,,124866,34.381565,1000,,,,,,
,,,,,125000,,,17.416446685791016,73.61344909667969,73.97281646728516,113.1113052368164,0.25,0.001
,,,,,125866,-98.343475,1000,,,,,,
,,,,,126000,,,42.09832763671875,82.50355529785156,81.90251159667969,107.1502914428711,0.244,0.001
,,,,,126268,-210.26056,402,,,,,,
,,,,,126365,27.76007,97,,,,,,
,,,,,126465,-12.526039,100,,,,,,
,,,,,126588,32.784897,123,,,,,,
,,,,,127000,,,14.732931137084961,107.47232055664062,107.9813232421875,99.0451889038086,0.238,0.001
,,,,,127235,-98.43686,647,,,,,,
,,,,,127350,14.254723,115,,,,,,
,,,,,128000,,,10.073928833007812,95.48934936523438,95.49908447265625,82.05128479003906,0.23199999999999998,0.001
,,,,,128350,-48.834835,1000,,,,,,
,,,,,129000,,,6.268647193908691,104.90577697753906,104.76210021972656,65.45623016357422,0.22599999999999998,0.001
,,,,,129350,106.23044,1000,,,,,,
,,,,,129451,-10.177643,101,,,,,,
,,,,,129567,1.1577072,116,,,,,,
,,,,,129993,-141.0187,426,,,,,,
60.400684,142.38594,223.41965,-174.19565,761.5,130000,,,29.582195281982422,91.11723327636719,90.22418975830078,152.75611877441406,0.21999999999999997,0.001
,,,,,130993,-0.9664848,1000,,,,,,
,,,,,131000,,,8.234251022338867,89.12248229980469,89.90679931640625,115.58894348144531,0.21399999999999997,0.001
,,,,,131195,16.114944,202,,,,,,
,,,,,131697,-348.46906,502,,,,,,
,,,,,131778,13.380135,81,,,,,,
,,,,,131894,0.15003967,116,,,,,,
,,,,,132000,,,31.149944305419922,110.42774963378906,108.53556823730469,216.82696533203125,0.20799999999999996,0.001
,,,,,132033,-44.80477,139,,,,,,
,,,,,132152,-53.724083,119,,,,,,
,,,,,133000,,,25.10434341430664,84.1429672241211,82.72492218017578,179.32827758789062,0.20199999999999996,0.001
,,,,,133152,-0.1334647,1000,,,,,,
,,,,,133401,3.501831,249,,,,,,
,,,,,134000,,,78.89900207519531,87.67854309082031,86.48147583007812,265.1544189453125,0.19599999999999995,0.001
,,,,,134401,78.54941,1000,,,,,,
,,,,,135000,,,20.36695098876953,83.62621307373047,84.2349853515625,170.97117614746094,0.18999999999999995,0.001
,,,,,135401,-59.301785,1000,,,,,,
,,,,,135558,-44.417454,157,,,,,,
,,,,,136000,,,8.285778045654297,74.37977600097656,74.28941345214844,58.12590789794922,0.18400000000000005,0.001
,,,,,136043,-367.30493,485,,,,,,
,,,,,137000,,,39.17422866821289,90.93124389648438,90.30594635009766,197.3728485107422,0.17799999999999994,0.001
,,,,,137043,5.3874607,1000,,,,,,
,,,,,138000,,,16.564292907714844,90.35582733154297,90.95915222167969,111.11229705810547,0.17199999999999993,0.001
,,,,,138043,21.231472,1000,,,,,,
,,,,,139000,,,17.71219253540039,84.36164093017578,85.28150939941406,115.63298034667969,0.16600000000000004,0.001
,,,,,139043,-22.305805,1000,,,,,,
,,,,,139123,-6.6168976,80,,,,,,
-57.081978,112.197845,138.58894,-240.38222,796.6,140000,,,18.414588928222656,80.86019134521484,80.97733306884766,106.9647445678711,0.15999999999999992,0.001
,,,,,140123,58.718777,1000,,,,,,
,,,,,141000,,,22.54833221435547,79.74250793457031,78.97706604003906,95.26487731933594,0.15400000000000003,0.001
,,,,,141123,146.81627,1000,,,,,,
,,,,,142000,,,123.88609313964844,61.39013671875,59.302406311035156,577.370361328125,0.14800000000000002,0.001
,,,,,142123,48.965195,1000,,,,,,
,,,,,142236,6.1495285,113,,,,,,
,,,,,142391,-3.9781113,155,,,,,,
,,,,,143000,,,15.006598472595215,93.6424560546875,93.20851135253906,109.00234985351562,0.1419999999999999,0.001
,,,,,143391,46.208557,1000,,,,,,
,,,,,143925,263.9579,534,,,,,,
,,,,,144000,,,26.95662498474121,78.52525329589844,77.59858703613281,182.41946411132812,0.136,0.001
,,,,,144360,180.5325,435,,,,,,
,,,,,145000,,,40.74669647216797,83.12102508544922,84.90061950683594,251.7019500732422,0.13,0.001
,,,,,145360,67.45054,1000,,,,,,
,,,,,145544,62.03392,184,,,,,,
,,,,,146000,,,40.135379791259766,67.61759948730469,67.09999084472656,191.83761596679688,0.12399999999999989,0.001
,,,,,146544,71.90257,1000,,,,,,
,,,,,146936,-112.29303,392,,,,,,
,,,,,147000,,,13.760948181152344,81.76667785644531,82.04927825927734,92.0489273071289,0.118,0.001
,,,,,147647,223.88289,711,,,,,,
,,,,,148000,,,11.277658462524414,72.83562469482422,73.58765411376953,144.46240234375,0.11199999999999999,0.001
,,,,,148133,245.73161,486,,,,,,
,,,,,148545,191.71136,412,,,,,,
,,,,,149000,,,16.246662139892578,85.08855438232422,85.84235382080078,94.98908996582031,0.10599999999999998,0.001
,,,,,149545,120.24101,1000,,,,,,
,,,,,149887,-268.35208,342,,,,,,
-57.303455,122.10395,141.97565,-300.315,711.4,150000,,,15.424293518066406,71.3398208618164,71.23870849609375,65.3995590209961,0.1,0.001
,,,,,150526,179.63298,639,,,,,,
,,,,,151000,,,12.493617057800293,78.78849792480469,77.55778503417969,156.46998596191406,0.09946666666666668,0.001
,,,,,151526,5.8040943,1000,,,,,,
,,,,,151695,4.492508,169,,,,,,
,,,,,152000,,,32.93582534790039,82.95809173583984,82.28470611572266,118.53324127197266,0.09893333333333335,0.001
,,,,,152289,-252.65878,594,,,,,,
,,,,,152869,264.58563,580,,,,,,
,,,,,153000,,,13.953485488891602,67.68708801269531,67.41404724121094,80.14752197265625,0.0984,0.001
,,,,,153869,12.643274,1000,,,,,,
,,,,,154000,,,15.444985389709473,100.34312438964844,101.02455139160156,181.63345336914062,0.09786666666666667,0.001
,,,,,154181,-212.70587,312,,,,,,
,,,,,155000,,,5.056398391723633,73.82505798339844,73.22760009765625,56.71621322631836,0.09733333333333334,0.001
,,,,,155181,86.19972,1000,,,,,,
,,,,,156000,,,26.14228057861328,75.07658386230469,74.93838500976562,141.01632690429688,0.09680000000000001,0.001
,,,,,156135,184.44719,954,,,,,,
,,,,,156423,297.08722,288,,,,,,
,,,,,156543,-41.457283,120,,,,,,
,,,,,157000,,,5.870436668395996,82.08326721191406,82.14762115478516,55.76406478881836,0.09626666666666667,0.001
,,,,,157308,119.02164,765,,,,,,
,,,,,157775,-445.73822,467,,,,,,
,,,,,158000,,,11.279145240783691,86.63140869140625,87.5223388671875,117.03195190429688,0.09573333333333334,0.001
,,,,,158665,186.76407,890,,,,,,
,,,,,159000,,,9.047873497009277,64.42675018310547,63.98355484008789,83.19273376464844,0.0952,0.001
,,,,,159006,233.47058,341,,,,,,
84.310745,162.41454,263.43073,-156.1328,636.2,160000,,,24.753686904907227,85.57156372070312,85.67709350585938,136.81341552734375,0.09466666666666668,0.001
,,,,,160006,82.10793,1000,,,,,,
,,,,,160816,170.56119,810,,,,,,
,,,,,161000,,,10.540409088134766,83.4992446899414,84.55947875976562,127.14549255371094,0.09413333333333333,0.001
,,,,,161816,102.870995,1000,,,,,,
,,,,,162000,,,281.8584899902344,70.903076171875,68.76382446289062,448.4646301269531,0.0936,0.001
,,,,,162816,-16.371532,1000,,,,,,
,,,,,163000,,,11.243810653686523,79.66090393066406,79.95068359375,84.77645874023438,0.09306666666666667,0.001
,,,,,163106,235.78189,290,,,,,,
,,,,,163582,-179.40115,476,,,,,,
,,,,,164000,,,17.189476013183594,64.1054458618164,65.11396789550781,132.35145568847656,0.09253333333333334,0.001
,,,,,164582,48.527283,1000,,,,,,
,,,,,165000,,,36.923519134521484,71.96708679199219,70.51348114013672,178.41175842285156,0.092,0.001
,,,,,165277,178.9479,695,,,,,,
,,,,,165432,3.0181274,155,,,,,,
,,,,,165709,-190.28178,277,,,,,,
,,,,,165987,-18.230652,278,,,,,,
,,,,,166000,,,6.653121471405029,78.34242248535156,78.40666198730469,74.72955322265625,0.09146666666666667,0.001
,,,,,166987,62.63276,1000,,,,,,
,,,,,167000,,,9.046863555908203,66.6653823852539,66.13337707519531,82.07389068603516,0.09093333333333334,0.001
,,,,,167987,27.458448,1000,,,,,,
,,,,,168000,,,26.870792388916016,86.33638763427734,87.63835144042969,162.61187744140625,0.09040000000000001,0.001
,,,,,168634,220.57932,647,,,,,,
,,,,,169000,,,19.16130256652832,77.73130798339844,77.41403198242188,127.6588134765625,0.08986666666666668,0.001
,,,,,169634,7.402026,1000,,,,,,
-3.1861694,125.962845,170.67902,-176.78209,620.3,170000,,,8.76590347290039,85.74812316894531,85.11759185791016,65.5220718383789,0.08933333333333333,0.001
,,,,,170345,-71.8457,711,,,,,,
,,,,,171000,,,7.462927341461182,91.97477722167969,90.86332702636719,114.98665618896484,0.0888,0.001
,,,,,171345,29.420126,1000,,,,,,
,,,,,171837,-200.42708,492,,,,,,
,,,,,172000,,,11.225726127624512,86.50640106201172,86.78005981445312,75.48829650878906,0.08826666666666667,0.001
,,,,,172451,167.05515,614,,,,,,
,,,,,173000,,,14.423673629760742,82.36700439453125,83.31916046142578,151.6414031982422,0.08773333333333334,0.001
,,,,,173451,77.947975,1000,,,,,,
,,,,,174000,,,10.069761276245117,96.92251586914062,95.89649200439453,139.70968627929688,0.0872,0.001
,,,,,174282,220.99812,831,,,,,,
,,,,,175000,,,12.222684860229492,86.99786376953125,86.61662292480469,86.85872650146484,0.08666666666666667,0.001
,,,,,175157,246.16508,875,,,,,,
,,,,,176000,,,26.368572235107422,84.28370666503906,84.06023406982422,94.02511596679688,0.08613333333333334,0.001
,,,,,176157,30.942335,1000,,,,,,
,,,,,176709,207.73282,552,,,,,,
,,,,,177000,,,40.11834716796875,76.39697265625,76.5372085571289,96.76139831542969,0.08560000000000001,0.001
,,,,,177709,58.01615,1000,,,,,,
,,,,,177964,244.65181,255,,,,,,
,,,,,178000,,,53.26487350463867,90.21066284179688,88.72433471679688,277.7487487792969,0.08506666666666667,0.001
,,,,,178356,226.0214,392,,,,,,
,,,,,179000,,,26.042705535888672,78.7113037109375,77.37495422363281,170.6395721435547,0.08453333333333334,0.001
,,,,,179356,59.667553,1000,,,,,,
,,,,,179613,252.03603,257,,,,,,
,,,,,179913,-138.33145,300,,,,,,
153.12769,92.161026,277.06433,-6.5447216,634.9,180000,,,4.9262542724609375,99.5135726928711,99.04513549804688,73.5519790649414,0.084,0.001
,,,,,180451,238.47725,538,,,,,,
,,,,,181000,,,19.356670379638672,82.25448608398438,83.30047607421875,115.67554473876953,0.08346666666666668,0.001
,,,,,181451,-11.972475,1000,,,,,,
,,,,,182000,,,24.828289031982422,94.24391174316406,94.69973754882812,146.15032958984375,0.08293333333333333,0.001
,,,,,182115,128.0957,664,,,,,,
,,,,,182944,151.73795,829,,,,,,
,,,,,183000,,,5.857693195343018,85.60270690917969,85.39982604980469,94.48486328125,0.0824,0.001
,,,,,183282,-139.5354,338,,,,,,
,,,,,183371,28.246613,89,,,,,,
,,,,,183868,197.36578,497,,,,,,
,,,,,184000,,,427.6242370605469,89.43292236328125,91.49885559082031,1175.9053955078125,0.08186666666666667,0.001
,,,,,184516,185.64348,648,,,,,,
,,,,,185000,,,17.801319122314453,103.46186828613281,104.27223205566406,119.28284454345703,0.08133333333333334,0.001
,,,,,185127,-158.40051,611,,,,,,
,,,,,186000,,,32.227291107177734,85.38796997070312,86.75679016113281,159.5666046142578,0.08080000000000001,0.001
,,,,,186110,-251.69183,983,,,,,,
,,,,,186580,287.3448,470,,,,,,
,,,,,187000,,,49.191471099853516,66.18280029296875,67.84730529785156,159.1161346435547,0.08026666666666667,0.001
,,,,,187435,261.786,855,,,,,,
,,,,,188000,,,23.07431411743164,87.7249755859375,87.17449951171875,111.49903106689453,0.07973333333333334,0.001
,,,,,188083,220.8092,648,,,,,,
,,,,,188358,228.6554,275,,,,,,
,,,,,188953,204.6752,595,,,,,,
,,,,,189000,,,38.71040725708008,86.5194091796875,85.75922393798828,168.68092346191406,0.0792,0.001
,,,,,189675,247.278,722,,,,,,
61.873615,118.00398,198.33394,-167.58382,603.4,190000,,,23.364765167236328,80.84967041015625,80.73197937011719,177.5976104736328,0.07866666666666668,0.001
,,,,,190034,-93.97261,359,,,,,,
,,,,,190493,238.3858,459,,,,,,
,,,,,190723,-19.589554,230,,,,,,
,,,,,190929,15.554283,206,,,,,,
,,,,,191000,,,8.122097969055176,91.87316131591797,92.48334503173828,114.79842376708984,0.07813333333333333,0.001
,,,,,191929,43.65107,1000,,,,,,
,,,,,192000,,,41.0994758605957,87.37010192871094,86.85345458984375,171.61456298828125,0.0776,0.001
,,,,,192822,203.87723,893,,,,,,
,,,,,193000,,,11.114343643188477,86.74884033203125,85.80410766601562,152.35777282714844,0.07706666666666667,0.001
,,,,,193588,180.19724,766,,,,,,
,,,,,193751,-239.52594,163,,,,,,
,,,,,194000,,,16.975465774536133,79.80015563964844,79.93982696533203,110.22193145751953,0.07653333333333334,0.001
,,,,,194484,254.49454,733,,,,,,
,,,,,195000,,,12.069234848022461,94.27915954589844,94.54912567138672,109.93205261230469,0.07600000000000001,0.001
,,,,,195192,197.40611,708,,,,,,
,,,,,196000,,,26.08110237121582,93.74539184570312,94.01090240478516,159.11300659179688,0.07546666666666668,0.001
,,,,,196079,204.8228,887,,,,,,
,,,,,196629,215.8616,550,,,,,,
,,,,,197000,,,9.534660339355469,92.1455078125,92.27877807617188,81.28697204589844,0.07493333333333334,0.001
,,,,,197241,193.7225,612,,,,,,
,,,,,198000,,,8.006699562072754,77.42504119873047,77.2268295288086,55.80560302734375,0.07440000000000001,0.001
,,,,,198241,103.054565,1000,,,,,,
,,,,,198653,202.4635,412,,,,,,
,,,,,198978,-224.64795,325,,,,,,
,,,,,199000,,,10.270263671875,94.43531799316406,94.31973266601562,65.7762222290039,0.07386666666666666,0.001
,,,,,199574,223.74011,596,,,,,,
,,,,,199942,183.14839,368,,,,,,
101.09218,173.70938,256.6067,-196.2956,448.3,200000,,,104.26649475097656,79.19047546386719,79.75868225097656,177.77288818359375,0.07333333333333333,0.001
,,,,,200942,27.158176,1000,,,,,,
,,,,,201000,,,19.924694061279297,70.23905944824219,70.79855346679688,150.8983612060547,0.0728,0.001
,,,,,201585,226.74622,643,,,,,,
,,,,,202000,,,19.191387176513672,68.8406753540039,68.26925659179688,144.8614501953125,0.07226666666666667,0.001
,,,,,202150,264.31934,565,,,,,,
,,,,,202803,254.47047,653,,,,,,
,,,,,203000,,,429.30535888671875,89.96791076660156,93.5967788696289,465.70904541015625,0.07173333333333334,0.001
,,,,,203803,-56.236465,1000,,,,,,
,,,,,204000,,,8.805570602416992,88.98593139648438,88.9001235961914,76.50545501708984,0.07120000000000001,0.001
,,,,,204803,57.48474,1000,,,,,,
,,,,,205000,,,17.661365509033203,77.34522247314453,76.1762466430664,119.56185913085938,0.07066666666666667,0.001
,,,,,205007,-46.0108,204,,,,,,
,,,,,205277,246.88557,270,,,,,,
,,,,,205828,210.63087,551,,,,,,
,,,,,206000,,,107.0933609008789,78.98062133789062,78.75869750976562,338.77935791015625,0.07013333333333334,0.001
,,,,,206828,51.65309,1000,,,,,,
,,,,,207000,,,12.957326889038086,80.85142517089844,80.61009979248047,77.76109313964844,0.06960000000000001,0.001
,,,,,207500,186.86865,672,,,,,,
,,,,,207842,279.62018,342,,,,,,
,,,,,208000,,,67.3639144897461,82.5829849243164,83.03898620605469,215.72605895996094,0.06906666666666667,0.001
,,,,,208306,207.44011,464,,,,,,
,,,,,208617,240.62679,311,,,,,,
,,,,,209000,,,46.41999816894531,89.33464050292969,89.60187530517578,308.9891052246094,0.06853333333333333,0.001
,,,,,209579,153.0238,962,,,,,,
149.09743,140.52255,275.43597,-242.92763,537.7,210000,,,10.135250091552734,79.71492004394531,79.90047454833984,87.10263061523438,0.068,0.001
,,,,,210117,-251.53941,538,,,,,,
,,,,,210395,-154.27335,278,,,,,,
,,,,,210907,189.81503,512,,,,,,
,,,,,211000,,,10.075591087341309,85.37728881835938,84.80244445800781,66.54507446289062,0.06746666666666667,0.001
,,,,,211217,-129.8478,310,,,,,,
,,,,,211806,217.34215,589,,,,,,
,,,,,212000,,,23.4737606048584,84.749267578125,84.61686706542969,138.49966430664062,0.06693333333333334,0.001
,,,,,212757,124.295944,951,,,,,,
,,,,,213000,,,81.08834075927734,77.69827270507812,77.34260559082031,253.59051513671875,0.06640000000000001,0.001
,,,,,213427,122.23311,670,,,,,,
,,,,,214000,,,11.897516250610352,67.65531921386719,67.51737976074219,75.82477569580078,0.06586666666666667,0.001
,,,,,214321,102.30133,894,,,,,,
,,,,,215000,,,9.090548515319824,87.17967987060547,87.7821273803711,87.04595184326172,0.06533333333333333,0.001
,,,,,215321,29.140602,1000,,,,,,
,,,,,215933,211.5227,612,,,,,,
,,,,,216000,,,11.337514877319336,80.25194549560547,80.79983520507812,95.4737777709961,0.0648,0.001
,,,,,216466,261.2693,533,,,,,,
,,,,,216927,199.82098,461,,,,,,
,,,,,217000,,,9.94277286529541,73.17976379394531,73.0811996459961,72.33370971679688,0.06426666666666667,0.001
,,,,,217927,44.1556,1000,,,,,,
,,,,,218000,,,8.815648078918457,88.45257568359375,88.74546813964844,78.1912841796875,0.06373333333333334,0.001
,,,,,218408,196.24615,481,,,,,,
,,,,,218726,181.34213,318,,,,,,
,,,,,219000,,,23.324146270751953,86.75048065185547,87.26006317138672,86.06336975097656,0.0632,0.001
,,,,,219418,181.22617,692,,,,,,
231.77168,61.56709,290.67242,58.25797,440.9,220000,,,3.3895070552825928,77.3014144897461,77.26603698730469,38.230960845947266,0.06266666666666668,0.001
,,,,,220031,177.04678,613,,,,,,
,,,,,220531,250.03932,500,,,,,,
,,,,,221000,,,15.077754974365234,94.53963470458984,95.04801177978516,101.15266418457031,0.06213333333333334,0.001
,,,,,221027,251.28372,496,,,,,,
,,,,,221499,-186.27939,472,,,,,,
,,,,,221979,207.9744,480,,,,,,
,,,,,222000,,,8.594464302062988,80.56217956542969,80.9549789428711,70.59317779541016,0.06160000000000001,0.001
,,,,,222200,-113.35292,221,,,,,,
,,,,,222924,235.65924,724,,,,,,
,,,,,223000,,,13.477925300598145,85.48526000976562,84.03124237060547,113.06694030761719,0.06106666666666667,0.001
,,,,,223302,269.0738,378,,,,,,
,,,,,224000,,,101.09973907470703,80.71553802490234,82.12556457519531,307.0450134277344,0.060533333333333335,0.001
,,,,,224302,-13.957129,1000,,,,,,
,,,,,225000,,,5.644639015197754,78.27667236328125,78.64275360107422,67.9766616821289,0.060000000000000005,0.001
,,,,,225109,162.5184,807,,,,,,
,,,,,225539,210.1724,430,,,,,,
,,,,,226000,,,6.246050834655762,78.04747009277344,78.7149658203125,64.0347671508789,0.05946666666666667,0.001
,,,,,226153,211.47882,614,,,,,,
,,,,,226581,-195.46413,428,,,,,,
,,,,,227000,,,4.365556716918945,95.67523193359375,95.19319152832031,75.49895477294922,0.05893333333333334,0.001
,,,,,227581,96.83097,1000,,,,,,
,,,,,227857,208.9148,276,,,,,,
,,,,,228000,,,131.3745880126953,78.12307739257812,77.1861572265625,734.8997192382812,0.0584,0.001
,,,,,228590,199.06345,733,,,,,,
,,,,,228970,234.29477,380,,,,,,
,,,,,229000,,,33.152069091796875,87.03152465820312,86.90084075927734,170.1696319580078,0.05786666666666668,0.001
,,,,,229421,249.91786,451,,,,,,
84.17293,140.2308,240.66162,-242.05014,839.9,230000,,,41.3757438659668,73.72241973876953,74.16059875488281,167.91163635253906,0.05733333333333334,0.001
,,,,,230067,252.47421,646,,,,,,
,,,,,230689,135.43823,622,,,,,,
,,,,,231000,,,20.33222007751465,86.97166442871094,86.72689819335938,115.68256378173828,0.0568,0.001
,,,,,231198,220.88617,509,,,,,,
,,,,,232000,,,15.238117218017578,81.39942932128906,81.52980041503906,136.69496154785156,0.05626666666666667,0.001
,,,,,232198,54.184216,1000,,,,,,
,,,,,232524,-224.63702,326,,,,,,
,,,,,232866,208.23929,342,,,,,,
,,,,,233000,,,17.912817001342773,77.42671966552734,77.62523651123047,63.403053283691406,0.055733333333333336,0.001
,,,,,233499,177.95792,633,,,,,,
,,,,,233855,7.8017197,356,,,,,,
,,,,,234000,,,9.1216459274292,75.79244232177734,75.05928802490234,86.68336486816406,0.0552,0.001
,,,,,234817,212.28333,962,,,,,,
,,,,,235000,,,14.533109664916992,74.52888488769531,74.78892517089844,111.52603912353516,0.054666666666666676,0.001
,,,,,235080,-56.525368,263,,,,,,
,,,,,235483,256.7558,403,,,,,,
,,,,,235895,212.61888,412,,,,,,
,,,,,236000,,,21.249164581298828,83.84562683105469,84.32154083251953,87.94751739501953,0.05413333333333334,0.001
,,,,,236316,266.03583,421,,,,,,
,,,,,236973,222.9583,657,,,,,,
,,,,,237000,,,11.81190299987793,87.6257095336914,87.07038879394531,75.02890014648438,0.05360000000000001,0.001
,,,,,237738,171.11499,765,,,,,,
,,,,,238000,,,18.58790397644043,83.06353759765625,82.29581451416016,131.49977111816406,0.05306666666666667,0.001
,,,,,238126,-216.63904,388,,,,,,
,,,,,239000,,,11.484837532043457,80.2532958984375,80.71810913085938,94.4566879272461,0.052533333333333335,0.001
,,,,,239126,95.97878,1000,,,,,,
,,,,,239553,217.7089,427,,,,,,
170.22006,94.70478,260.44135,-53.87622,391.0,240000,,,13.982819557189941,69.41705322265625,68.48658752441406,95.23936462402344,0.052000000000000005,0.001
,,,,,240553,83.6836,1000,,,,,,
,,,,,240739,-44.76496,186,,,,,,
,,,,,241000,,,30.482425689697266,69.73504638671875,70.9199447631836,129.4384307861328,0.05146666666666667,0.001
,,,,,241463,232.4052,724,,,,,,
,,,,,242000,,,7.645096778869629,83.6865463256836,82.85972595214844,139.75656127929688,0.050933333333333344,0.001
,,,,,242157,175.80565,694,,,,,,
,,,,,242759,253.62166,602,,,,,,
,,,,,243000,,,5.936295509338379,94.28585815429688,94.2574462890625,57.18678665161133,0.05040000000000001,0.001
,,,,,243340,238.08136,581,,,,,,
,,,,,243983,235.07227,643,,,,,,
,,,,,244000,,,147.96127319335938,73.07754516601562,70.40299987792969,391.7236328125,0.04986666666666667,0.001
,,,,,244227,262.00006,244,,,,,,
,,,,,244912,285.7347,685,,,,,,
,,,,,245000,,,13.75769329071045,75.97918701171875,76.4232177734375,100.73709869384766,0.04933333333333334,0.001
,,,,,245067,19.028877,155,,,,,,
,,,,,245954,117.4285,887,,,,,,
,,,,,246000,,,25.69728660583496,72.2511978149414,71.76390075683594,91.8622055053711,0.0488,0.001
,,,,,246292,189.84042,338,,,,,,
,,,,,246554,278.50604,262,,,,,,
,,,,,247000,,,12.74591064453125,73.93568420410156,74.79656982421875,129.67506408691406,0.04826666666666667,0.001
,,,,,247023,265.86566,469,,,,,,
,,,,,247527,249.93115,504,,,,,,
,,,,,248000,,,8.242937088012695,82.87677001953125,82.92839050292969,76.00172424316406,0.047733333333333336,0.001
,,,,,248527,1.0595015,1000,,,,,,
,,,,,249000,,,16.165586471557617,66.02674865722656,66.07616424560547,119.78010559082031,0.0472,0.001
,,,,,249018,147.45839,491,,,,,,
,,,,,249568,215.51614,550,,,,,,
233.15181,29.925165,281.59262,182.80789,404.5,250000,,,6.574673652648926,90.7948226928711,89.95578002929688,111.50010681152344,0.046666666666666676,0.001
,,,,,250045,209.6583,477,,,,,,
,,,,,250549,222.91501,504,,,,,,
,,,,,250793,-46.80264,244,,,,,,
,,,,,251000,,,29.874521255493164,67.28315734863281,67.48765563964844,100.29865264892578,0.04613333333333334,0.001
,,,,,251793,22.958445,1000,,,,,,
,,,,,252000,,,17.979602813720703,74.56965637207031,74.73504638671875,90.35628509521484,0.0456,0.001
,,,,,252793,89.12348,1000,,,,,,
,,,,,253000,,,9.909659385681152,63.63793182373047,63.4936408996582,81.0064468383789,0.04506666666666667,0.001
,,,,,253012,194.95798,219,,,,,,
,,,,,254000,,,13.851731300354004,76.35183715820312,76.59677124023438,112.77119445800781,0.044533333333333334,0.001
,,,,,254012,57.13591,1000,,,,,,
,,,,,254338,232.3005,326,,,,,,
,,,,,254704,239.81055,366,,,,,,
,,,,,254980,305.8673,276,,,,,,
,,,,,255000,,,11.544791221618652,78.05533599853516,78.5477294921875,102.66574096679688,0.04400000000000001,0.001
,,,,,255527,235.4725,547,,,,,,
,,,,,256000,,,8.644006729125977,72.54751586914062,72.64407348632812,96.71465301513672,0.043466666666666674,0.001
,,,,,256527,-30.3711,1000,,,,,,
,,,,,256854,221.52637,327,,,,,,
,,,,,257000,,,8.507329940795898,77.35140991210938,76.9979248046875,73.71199035644531,0.04293333333333334,0.001
,,,,,257812,221.11876,958,,,,,,
,,,,,258000,,,35.482784271240234,78.29983520507812,77.38055419921875,262.4004211425781,0.04240000000000001,0.001
,,,,,258216,-126.06119,404,,,,,,
,,,,,258421,-111.99268,205,,,,,,
,,,,,258655,304.78763,234,,,,,,
,,,,,258951,264.31586,296,,,,,,
,,,,,259000,,,67.10630798339844,75.65193176269531,74.10414123535156,330.54736328125,0.04186666666666667,0.001
,,,,,259688,-130.99069,737,,,,,,
151.67345,110.79693,290.54633,-94.51589,575.1,260000,,,64.9582748413086,73.30609893798828,72.37800598144531,210.11636352539062,0.04133333333333334,0.001
,,,,,260688,67.70863,1000,,,,,,
,,,,,260885,249.39711,197,,,,,,
,,,,,261000,,,21.530452728271484,85.72005462646484,84.19197082519531,166.75572204589844,0.0408,0.001
,,,,,261120,284.57965,235,,,,,,
,,,,,261609,267.7589,489,,,,,,
,,,,,261922,249.29039,313,,,,,,
,,,,,262000,,,7.165828704833984,82.82090759277344,82.72465515136719,57.91041564941406,0.040266666666666666,0.001
,,,,,262254,244.1884,332,,,,,,
,,,,,262541,244.88815,287,,,,,,
,,,,,262823,285.94348,282,,,,,,
,,,,,263000,,,31.94429588317871,74.13551330566406,73.945556640625,147.53021240234375,0.03973333333333334,0.001
,,,,,263153,-9.284531,330,,,,,,
,,,,,263605,283.83307,452,,,,,,
,,,,,263865,262.6038,260,,,,,,
,,,,,264000,,,5.106264114379883,82.08123779296875,82.15474700927734,61.03501892089844,0.039200000000000006,0.001
,,,,,264329,229.33922,464,,,,,,
,,,,,264544,280.91394,215,,,,,,
,,,,,265000,,,12.49978256225586,83.30735778808594,83.15180206298828,107.42020416259766,0.03866666666666667,0.001
,,,,,265067,252.32343,523,,,,,,
,,,,,265631,217.3574,564,,,,,,
,,,,,266000,,,15.276735305786133,70.78878784179688,69.79039001464844,162.61834716796875,0.03813333333333334,0.001
,,,,,266066,232.67947,435,,,,,,
,,,,,266898,246.11705,832,,,,,,
,,,,,267000,,,25.690662384033203,69.79852294921875,69.09789276123047,160.96739196777344,0.0376,0.001
,,,,,267733,239.54823,835,,,,,,
,,,,,267954,260.8615,221,,,,,,
,,,,,268000,,,134.03614807128906,73.05462646484375,75.17347717285156,361.4140319824219,0.03706666666666668,0.001
,,,,,268242,271.02032,288,,,,,,
,,,,,268582,232.49635,340,,,,,,
,,,,,268859,237.49576,277,,,,,,
,,,,,269000,,,4.155806064605713,66.40278625488281,66.83992004394531,52.7725944519043,0.036533333333333334,0.001
,,,,,269346,278.33676,487,,,,,,
,,,,,269577,295.3846,231,,,,,,
66.100914,125.24947,208.423,-183.86322,560.4,270000,,,44.34130859375,70.6235122680664,70.55189514160156,143.71026611328125,0.036000000000000004,0.001
,,,,,270050,211.70781,473,,,,,,
,,,,,270218,12.367546,168,,,,,,
,,,,,270656,268.7091,438,,,,,,
,,,,,271000,,,53.422664642333984,67.786376953125,66.71956634521484,195.96751403808594,0.035466666666666674,0.001
,,,,,271013,-11.92955,357,,,,,,
,,,,,271503,215.88986,490,,,,,,
,,,,,271676,-64.27878,173,,,,,,
,,,,,272000,,,10.360177993774414,65.92298889160156,65.72338104248047,83.45178985595703,0.03493333333333333,0.001
,,,,,272544,221.60773,868,,,,,,
,,,,,273000,,,4.313382148742676,69.51144409179688,69.1796875,53.59896469116211,0.034400000000000014,0.001
,,,,,273128,235.71123,584,,,,,,
,,,,,273271,238.12315,143,,,,,,
,,,,,273739,286.28088,468,,,,,,
,,,,,274000,,,11.816268920898438,64.3219985961914,64.33145141601562,75.1827621459961,0.03386666666666667,0.001
,,,,,274121,207.9175,382,,,,,,
,,,,,274375,259.47998,254,,,,,,
,,,,,274941,157.63124,566,,,,,,
,,,,,275000,,,32.879913330078125,56.66327667236328,55.64983367919922,145.820556640625,0.03333333333333334,0.001
,,,,,275186,266.68277,245,,,,,,
,,,,,275440,245.4221,254,,,,,,
,,,,,275837,286.27362,397,,,,,,
,,,,,276000,,,23.672767639160156,65.50706481933594,65.38384246826172,127.08785247802734,0.03280000000000001,0.001
,,,,,276122,256.08337,285,,,,,,
,,,,,276448,250.51355,326,,,,,,
,,,,,276663,-7.541153,215,,,,,,
,,,,,276926,227.45996,263,,,,,,
,,,,,277000,,,14.573983192443848,75.12068176269531,75.20964050292969,93.05461883544922,0.032266666666666666,0.001
,,,,,277327,204.61594,401,,,,,,
,,,,,277616,204.90433,289,,,,,,
,,,,,277874,-103.74053,258,,,,,,
,,,,,278000,,,18.921875,75.10502624511719,75.68792724609375,99.66722869873047,0.031733333333333336,0.001
,,,,,278874,28.318533,1000,,,,,,
,,,,,279000,,,14.425588607788086,78.40512084960938,78.70484924316406,99.1710205078125,0.031200000000000006,0.001
,,,,,279173,-49.09272,299,,,,,,
,,,,,279871,95.61054,698,,,,,,
187.14325,105.28906,292.7529,-24.420097,333.6,280000,,,15.246795654296875,69.8807373046875,70.30801391601562,103.02806091308594,0.03066666666666666,0.001
,,,,,280871,36.548985,1000,,,,,,
,,,,,281000,,,53.036865234375,68.15435791015625,68.45391845703125,159.87799072265625,0.030133333333333345,0.001
,,,,,281062,276.99954,191,,,,,,
,,,,,281615,223.38571,553,,,,,,
,,,,,281918,-157.02136,303,,,,,,
,,,,,282000,,,15.259275436401367,59.77305603027344,59.976844787597656,95.31681060791016,0.0296,0.001
,,,,,282482,174.33632,564,,,,,,
,,,,,282606,-68.92528,124,,,,,,
,,,,,282864,264.31143,258,,,,,,
,,,,,283000,,,7.905179023742676,73.44557189941406,73.32300567626953,88.67201232910156,0.02906666666666667,0.001
,,,,,283087,-191.60062,223,,,,,,
,,,,,283352,268.84045,265,,,,,,
,,,,,284000,,,18.428943634033203,76.84883117675781,78.08063507080078,138.2308807373047,0.02853333333333334,0.001
,,,,,284352,162.74414,1000,,,,,,
,,,,,284613,267.19873,261,,,,,,
,,,,,284928,258.76752,315,,,,,,
,,,,,285000,,,19.491741180419922,71.14791870117188,72.15592193603516,124.26411437988281,0.027999999999999997,0.001
,,,,,285109,-189.68468,181,,,,,,
,,,,,285563,308.33835,454,,,,,,
,,,,,285811,163.8954,248,,,,,,
,,,,,286000,,,31.63176155090332,71.65065002441406,71.97525024414062,229.71896362304688,0.02746666666666668,0.001
,,,,,286226,269.68942,415,,,,,,
,,,,,286370,-42.97805,144,,,,,,
,,,,,286642,-82.05625,272,,,,,,
,,,,,287000,,,7.997348785400391,67.07896423339844,67.1808090209961,72.39066314697266,0.026933333333333337,0.001
,,,,,287100,136.72327,458,,,,,,
,,,,,287685,-221.62466,585,,,,,,
,,,,,288000,,,9.673086166381836,79.44550323486328,79.59003448486328,95.62345123291016,0.026400000000000007,0.001
,,,,,288174,265.79816,489,,,,,,
,,,,,288714,194.53445,540,,,,,,
,,,,,289000,,,6.42457914352417,72.35811614990234,71.69115447998047,109.34600830078125,0.025866666666666677,0.001
,,,,,289228,243.39372,514,,,,,,
,,,,,289514,266.90338,286,,,,,,
,,,,,289876,248.29292,362,,,,,,
143.3627,82.97668,237.8909,2.6152184,575.4,290000,,,52.97060775756836,68.40394592285156,68.93603515625,214.9533233642578,0.025333333333333333,0.001
,,,,,290027,-20.31031,151,,,,,,
,,,,,290347,208.89046,320,,,,,,
,,,,,290681,276.54266,334,,,,,,
,,,,,290899,-92.26468,218,,,,,,
,,,,,291000,,,15.893160820007324,65.17822265625,65.03530883789062,96.90426635742188,0.024800000000000003,0.001
,,,,,291187,260.66812,288,,,,,,
,,,,,291536,163.90604,349,,,,,,
,,,,,292000,,,8.939085006713867,59.06993103027344,59.09236145019531,54.959449768066406,0.024266666666666672,0.001
,,,,,292001,245.71574,465,,,,,,
,,,,,292404,202.89919,403,,,,,,
,,,,,292689,257.72128,285,,,,,,
,,,,,293000,,,12.030332565307617,72.74215698242188,71.95046997070312,89.44782257080078,0.02373333333333333,0.001
,,,,,293369,267.94495,680,,,,,,
,,,,,293770,268.23898,401,,,,,,
,,,,,294000,,,21.76103401184082,63.36802673339844,63.677581787109375,76.8724594116211,0.023200000000000012,0.001
,,,,,294084,260.5302,314,,,,,,
,,,,,294314,-186.29169,230,,,,,,
,,,,,295000,,,4.989422798156738,71.23719787597656,70.96743774414062,51.22099685668945,0.02266666666666667,0.001
,,,,,295168,190.8247,854,,,,,,
,,,,,295434,287.22754,266,,,,,,
,,,,,295583,31.1736,149,,,,,,
,,,,,295869,251.2034,286,,,,,,
,,,,,296000,,,9.21090316772461,64.87539672851562,65.10650634765625,64.97728729248047,0.022133333333333338,0.001
,,,,,296200,249.24628,331,,,,,,
,,,,,296583,265.00964,383,,,,,,
,,,,,296810,283.57977,227,,,,,,
,,,,,297000,,,11.446203231811523,75.9380111694336,75.79390716552734,85.48823547363281,0.021600000000000008,0.001
,,,,,297102,263.68286,292,,,,,,
,,,,,297649,277.35696,547,,,,,,
,,,,,298000,,,14.218188285827637,65.43394470214844,64.60855102539062,109.57806396484375,0.021066666666666664,0.001
,,,,,298063,241.19728,414,,,,,,
,,,,,298415,250.0322,352,,,,,,
,,,,,298698,286.581,283,,,,,,
,,,,,299000,,,11.670970916748047,65.74523162841797,65.34414672851562,78.53633117675781,0.020533333333333334,0.001
,,,,,299247,277.66104,549,,,,,,
,,,,,299570,197.04436,323,,,,,,
18.226513,166.94844,227.20578,-271.48486,587.4,300000,,,8.431498527526855,70.23866271972656,70.33258056640625,61.89237594604492,0.02,0.001
,,,,,300124,-270.05957,554,,,,,,
,,,,,300573,-164.32147,449,,,,,,
,,,,,300699,-90.87021,126,,,,,,
,,,,,301000,,,14.815539360046387,70.91566467285156,69.53865051269531,113.8632583618164,0.02,0.001
,,,,,301043,-167.85242,344,,,,,,
,,,,,301365,201.7023,322,,,,,,
,,,,,301744,177.52159,379,,,,,,
,,,,,301922,-175.84387,178,,,,,,
,,,,,302000,,,21.70979118347168,65.26921081542969,64.40786743164062,120.9854507446289,0.02,0.001
,,,,,302110,294.61157,188,,,,,,
,,,,,302339,230.50339,229,,,,,,
,,,,,302512,298.2699,173,,,,,,
,,,,,302684,-234.86613,172,,,,,,
,,,,,303000,,,38.40633773803711,70.0426025390625,70.80728149414062,155.5701141357422,0.02,0.001
,,,,,303028,152.63776,344,,,,,,
,,,,,303209,-94.977104,181,,,,,,
,,,,,303366,-122.9858,157,,,,,,
,,,,,303605,273.76276,239,,,,,,
,,,,,303788,268.65387,183,,,,,,
,,,,,303982,-64.20029,194,,,,,,
,,,,,304000,,,33.728511810302734,79.87102508544922,80.6141357421875,144.10198974609375,0.02,0.001
,,,,,304300,261.50757,318,,,,,,
,,,,,304994,150.35559,694,,,,,,
,,,,,305000,,,16.170963287353516,69.9572982788086,69.90521240234375,128.2871551513672,0.02,0.001
,,,,,305298,221.15204,304,,,,,,
,,,,,305765,239.60011,467,,,,,,
,,,,,306000,,,434.4355163574219,76.75547790527344,73.866455078125,271.5952453613281,0.02,0.001
,,,,,306004,262.20068,239,,,,,,
,,,,,306464,198.47986,460,,,,,,
,,,,,306756,268.48877,292,,,,,,
,,,,,307000,,,7.574283599853516,80.0199966430664,80.18192291259766,59.69230651855469,0.02,0.001
,,,,,307092,240.10301,336,,,,,,
,,,,,307816,-104.930695,724,,,,,,
,,,,,308000,,,5.959869384765625,75.07437133789062,75.3057861328125,89.15196228027344,0.02,0.001
,,,,,308059,-68.51381,243,,,,,,
,,,,,308654,209.01962,595,,,,,,
,,,,,308934,247.49037,280,,,,,,
,,,,,309000,,,49.10131072998047,71.6421127319336,72.76019287109375,70.70918273925781,0.02,0.001
,,,,,309062,-129.15694,128,,,,,,
,,,,,309721,212.57239,659,,,,,,
,,,,,309941,272.8272,220,,,,,,
178.56345,138.92754,274.82846,-222.91162,463.4,310000,,,41.3203239440918,72.08385467529297,71.22163391113281,111.63939666748047,0.02,0.001
,,,,,310638,212.26407,697,,,,,,
,,,,,310850,265.79578,212,,,,,,
,,,,,311000,,,11.56773567199707,60.50886917114258,60.8389892578125,82.90156555175781,0.02,0.001
,,,,,311094,278.0644,244,,,,,,
,,,,,312000,,,11.059812545776367,74.09716796875,74.9760513305664,79.02090454101562,0.02,0.001
,,,,,312094,44.86568,1000,,,,,,
,,,,,312312,53.871307,218,,,,,,
,,,,,312576,322.13586,264,,,,,,
,,,,,312708,-94.17485,132,,,,,,
,,,,,312959,229.14308,251,,,,,,
,,,,,313000,,,5.272955894470215,71.73336791992188,71.68925476074219,63.716468811035156,0.02,0.001
,,,,,313478,255.24376,519,,,,,,
,,,,,313705,264.5706,227,,,,,,
,,,,,314000,,,53.30000305175781,76.97752380371094,77.72581481933594,77.87755584716797,0.02,0.001
,,,,,314064,216.10944,359,,,,,,
,,,,,314342,209.99207,278,,,,,,
,,,,,314488,-97.180664,146,,,,,,
,,,,,314732,241.9109,244,,,,,,
,,,,,315000,,,26.87027931213379,74.11192321777344,72.82896423339844,133.69522094726562,0.02,0.001
,,,,,315079,261.56226,347,,,,,,
,,,,,315239,-34.433273,160,,,,,,
,,,,,315544,251.6716,305,,,,,,
,,,,,315920,185.18071,376,,,,,,
,,,,,316000,,,64.65174865722656,80.58245849609375,81.2900161743164,220.88783264160156,0.02,0.001
,,,,,316201,283.48505,281,,,,,,
,,,,,316707,173.88806,506,,,,,,
,,,,,317000,,,8.411338806152344,65.06330871582031,64.72510528564453,70.2673568725586,0.02,0.001
,,,,,317204,145.87354,497,,,,,,
,,,,,317984,186.4144,780,,,,,,
,,,,,318000,,,53.36357879638672,68.09005737304688,67.4345703125,283.85797119140625,0.02,0.001
,,,,,318465,-113.98262,481,,,,,,
,,,,,319000,,,18.78705406188965,71.31494903564453,71.50251770019531,83.00910949707031,0.02,0.001
,,,,,319182,96.92024,717,,,,,,
,,,,,319948,83.39027,766,,,,,,
128.795,145.60616,244.13663,-171.47218,514.0,320000,,,7.299779891967773,70.99948120117188,70.5687255859375,79.5600357055664,0.02,0.001
,,,,,320162,-169.51823,214,,,,,,
,,,,,320712,141.97333,550,,,,,,
,,,,,320984,209.08112,272,,,,,,
,,,,,321000,,,14.407748222351074,73.17990112304688,73.02448272705078,92.3724136352539,0.02,0.001
,,,,,321271,239.52327,287,,,,,,
,,,,,321824,179.02847,553,,,,,,
,,,,,322000,,,6.482591152191162,71.02179718017578,70.83277893066406,51.43156051635742,0.02,0.001
,,,,,322278,222.42972,454,,,,,,
,,,,,322543,238.17247,265,,,,,,
,,,,,322877,233.80354,334,,,,,,
,,,,,323000,,,11.195606231689453,74.86019134521484,75.04759216308594,96.85575103759766,0.02,0.001
,,,,,323088,231.4807,211,,,,,,
,,,,,323459,275.3026,371,,,,,,
,,,,,323764,258.18097,305,,,,,,
,,,,,324000,,,74.09834289550781,79.744873046875,81.11418151855469,288.23382568359375,0.02,0.001
,,,,,324024,238.1726,260,,,,,,
,,,,,324340,246.65488,316,,,,,,
,,,,,324697,232.45374,357,,,,,,
,,,,,324951,304.17517,254,,,,,,
,,,,,325000,,,109.74151611328125,76.861083984375,76.11729431152344,391.0399475097656,0.02,0.001
,,,,,325241,217.34335,290,,,,,,
,,,,,325604,287.631,363,,,,,,
,,,,,325787,-178.14053,183,,,,,,
,,,,,326000,,,20.669004440307617,67.26707458496094,66.80473327636719,95.31037139892578,0.02,0.001
,,,,,326256,199.37192,469,,,,,,
,,,,,326528,246.5915,272,,,,,,
,,,,,326824,226.33281,296,,,,,,
,,,,,327000,,,84.09416961669922,63.253543853759766,61.960914611816406,330.05487060546875,0.02,0.001
,,,,,327273,190.72284,449,,,,,,
,,,,,327592,178.42334,319,,,,,,
,,,,,327880,291.17438,288,,,,,,
,,,,,328000,,,8.950193405151367,74.03178405761719,73.65238189697266,80.27762603759766,0.02,0.001
,,,,,328082,-249.33632,202,,,,,,
,,,,,328624,224.34555,542,,,,,,
,,,,,328857,230.60278,233,,,,,,
,,,,,329000,,,6.826748847961426,80.20620727539062,80.43400573730469,65.06878662109375,0.02,0.001
,,,,,329081,238.74522,224,,,,,,
,,,,,329306,265.56183,225,,,,,,
,,,,,329580,33.29393,274,,,,,,
,,,,,329861,190.37965,281,,,,,,
257.89825,43.606358,302.0818,145.76746,340.9,330000,,,7.07061243057251,79.83134460449219,78.8157730102539,133.78970336914062,0.02,0.001
,,,,,330229,256.44196,368,,,,,,
,,,,,330780,155.82947,551,,,,,,
,,,,,331000,,,9.525409698486328,72.06057739257812,71.77452087402344,97.6075668334961,0.02,0.001
,,,,,331338,136.18138,558,,,,,,
,,,,,331638,276.84644,300,,,,,,
,,,,,331873,-123.437744,235,,,,,,
,,,,,332000,,,6.07033634185791,57.196773529052734,56.515071868896484,72.17943572998047,0.02,0.001
,,,,,332074,240.5511,201,,,,,,
,,,,,332263,276.718,189,,,,,,
,,,,,332370,12.980812,107,,,,,,
,,,,,332584,274.59436,214,,,,,,
,,,,,332789,235.05145,205,,,,,,
,,,,,333000,,,11.939172744750977,70.54768371582031,70.4962158203125,95.36414337158203,0.02,0.001
,,,,,333074,273.2727,285,,,,,,
,,,,,333303,315.13873,229,,,,,,
,,,,,333524,283.49585,221,,,,,,
,,,,,333640,-28.386696,116,,,,,,
,,,,,333898,288.74927,258,,,,,,
,,,,,334000,,,8.314289093017578,70.16627502441406,70.18415832519531,79.41434478759766,0.02,0.001
,,,,,334333,266.71393,435,,,,,,
,,,,,334750,310.9612,417,,,,,,
,,,,,335000,,,57.850830078125,77.9651870727539,78.73627471923828,155.24484252929688,0.02,0.001
,,,,,335025,240.68909,275,,,,,,
,,,,,335315,224.67102,290,,,,,,
,,,,,336000,,,11.892166137695312,73.33741760253906,73.52437591552734,80.10741424560547,0.02,0.001
,,,,,336315,88.50123,1000,,,,,,
,,,,,336466,-59.570183,151,,,,,,
,,,,,336740,252.71942,274,,,,,,
,,,,,336941,-46.556656,201,,,,,,
,,,,,337000,,,8.41830825805664,72.48340606689453,71.86524200439453,122.02616119384766,0.02,0.001
,,,,,337228,214.7098,287,,,,,,
,,,,,337732,249.1335,504,,,,,,
,,,,,338000,,,39.28917694091797,80.0965576171875,79.60719299316406,164.7173309326172,0.02,0.001
,,,,,338003,256.58234,271,,,,,,
,,,,,338447,240.1695,444,,,,,,
,,,,,338796,248.17459,349,,,,,,
,,,,,339000,,,10.556230545043945,74.670654296875,74.30030059814453,83.48810577392578,0.02,0.001
,,,,,339155,243.31857,359,,,,,,
,,,,,339563,276.3451,408,,,,,,
93.12245,153.48743,226.56702,-293.43628,453.4,340000,,,18.37723159790039,78.89559173583984,79.38922119140625,118.56458282470703,0.02,0.001
,,,,,340139,168.08,576,,,,,,
,,,,,340779,182.7826,640,,,,,,
,,,,,341000,,,11.970947265625,76.8897705078125,76.8285903930664,132.3030242919922,0.02,0.001
,,,,,341024,243.15738,245,,,,,,
,,,,,341410,265.537,386,,,,,,
,,,,,342000,,,9.12017822265625,70.18394470214844,70.74901580810547,78.9842529296875,0.02,0.001
,,,,,342016,212.32481,606,,,,,,
,,,,,342514,243.77814,498,,,,,,
,,,,,342926,225.40775,412,,,,,,
,,,,,343000,,,57.779911041259766,68.3563232421875,67.52587890625,426.686767578125,0.02,0.001
,,,,,343301,224.27768,375,,,,,,
,,,,,343467,-8.698021,166,,,,,,
,,,,,343833,225.88518,366,,,,,,
,,,,,344000,,,9.8883056640625,78.60470581054688,78.35433959960938,72.07622528076172,0.02,0.001
,,,,,344152,280.61548,319,,,,,,
,,,,,344382,20.012207,230,,,,,,
,,,,,344649,255.46207,267,,,,,,
,,,,,345000,,,7.784137725830078,58.848846435546875,58.2203483581543,66.67405700683594,0.02,0.001
,,,,,345649,-60.452908,1000,,,,,,
,,,,,345981,169.17249,332,,,,,,
,,,,,346000,,,10.45632266998291,66.23272705078125,65.55601501464844,91.0362777709961,0.02,0.001
,,,,,346940,161.8114,959,,,,,,
,,,,,347000,,,10.526020050048828,76.87191772460938,76.433837890625,113.97241973876953,0.02,0.001
,,,,,347166,287.70953,226,,,,,,
,,,,,347613,270.3058,447,,,,,,
,,,,,348000,,,5.496273994445801,73.87089538574219,73.66539001464844,56.705135345458984,0.02,0.001
,,,,,348387,226.83578,774,,,,,,
,,,,,348684,243.37186,297,,,,,,
,,,,,349000,,,9.89136028289795,82.78553771972656,82.51649475097656,71.2937240600586,0.02,0.001
,,,,,349049,263.30157,365,,,,,,
,,,,,349353,263.72955,304,,,,,,
,,,,,349618,279.66418,265,,,,,,
,,,,,349833,277.32922,215,,,,,,
227.6717,58.148304,310.2198,76.34766,436.8,350000,,,327.6037902832031,64.36473846435547,67.59317016601562,538.4351196289062,0.02,0.001
,,,,,350098,245.92487,265,,,,,,
,,,,,350405,238.90712,307,,,,,,
,,,,,350779,244.41045,374,,,,,,
,,,,,351000,,,40.03956604003906,75.03742980957031,74.62301635742188,151.67974853515625,0.02,0.001
,,,,,351018,272.30603,239,,,,,,
,,,,,351333,258.36765,315,,,,,,
,,,,,351644,253.45235,311,,,,,,
,,,,,352000,,,159.84994506835938,76.16923522949219,74.3414306640625,475.820068359375,0.02,0.001
,,,,,352091,250.14326,447,,,,,,
,,,,,352326,264.76074,235,,,,,,
,,,,,352699,203.36069,373,,,,,,
,,,,,353000,,,7.387316703796387,66.30879211425781,66.7049789428711,70.00565338134766,0.02,0.001
,,,,,353013,265.6828,314,,,,,,
,,,,,353366,260.8047,353,,,,,,
,,,,,353471,18.26033,105,,,,,,
,,,,,353844,259.31738,373,,,,,,
,,,,,354000,,,12.561468124389648,83.37957763671875,83.57969665527344,87.06612396240234,0.02,0.001
,,,,,354052,-195.98955,208,,,,,,
,,,,,354553,248.0298,501,,,,,,
,,,,,355000,,,24.408260345458984,68.22178649902344,67.46272277832031,84.74390411376953,0.02,0.001
,,,,,355032,193.23312,479,,,,,,
,,,,,355530,200.17935,498,,,,,,
,,,,,355801,264.75043,271,,,,,,
,,,,,356000,,,7.374837875366211,75.41497039794922,75.46601104736328,59.791481018066406,0.02,0.001
,,,,,356113,284.71857,312,,,,,,
,,,,,356468,273.7965,355,,,,,,
,,,,,356884,269.73926,416,,,,,,
,,,,,357000,,,18.596416473388672,70.38790893554688,70.31510925292969,119.2226333618164,0.02,0.001
,,,,,357432,264.6306,548,,,,,,
,,,,,357830,233.87701,398,,,,,,
,,,,,358000,,,344.3472900390625,85.02882385253906,82.97496032714844,645.4974975585938,0.02,0.001
,,,,,358103,245.43323,273,,,,,,
,,,,,358243,13.1213455,140,,,,,,
,,,,,358788,147.40608,545,,,,,,
,,,,,359000,,,14.817989349365234,70.15034484863281,70.16151428222656,105.84856414794922,0.02,0.001
,,,,,359134,230.15591,346,,,,,,
,,,,,359275,12.663292,141,,,,,,
,,,,,359502,277.94714,227,,,,,,
,,,,,359786,246.16669,284,,,,,,
128.04118,163.74823,309.8239,-179.61597,376.7,360000,,,17.358795166015625,67.7734375,69.03756713867188,119.7342529296875,0.02,0.001
,,,,,360134,231.13495,348,,,,,,
,,,,,360538,249.98958,404,,,,,,
,,,,,360877,260.12735,339,,,,,,
,,,,,361000,,,58.34816360473633,80.53433227539062,80.06510162353516,146.89068603515625,0.02,0.001
,,,,,361169,247.12077,292,,,,,,
,,,,,361700,250.33926,531,,,,,,
,,,,,362000,,,17.668243408203125,71.38076782226562,71.10771942138672,100.82736206054688,0.02,0.001
,,,,,362130,254.84196,430,,,,,,
,,,,,362384,220.84058,254,,,,,,
,,,,,362617,-30.369003,233,,,,,,
,,,,,362940,247.10492,323,,,,,,
,,,,,363000,,,12.348257064819336,70.58456420898438,69.8030014038086,106.31549072265625,0.02,0.001
,,,,,363643,149.24303,703,,,,,,
,,,,,363797,-6.7747345,154,,,,,,
,,,,,364000,,,13.134912490844727,74.99444580078125,75.06733703613281,79.06131744384766,0.02,0.001
,,,,,364157,267.68802,360,,,,,,
,,,,,364739,246.33948,582,,,,,,
,,,,,365000,,,7.263498306274414,66.55094909667969,66.01419067382812,62.845069885253906,0.02,0.001
,,,,,365191,270.24554,452,,,,,,
,,,,,365400,212.18126,209,,,,,,
,,,,,365613,282.18365,213,,,,,,
,,,,,365984,230.46584,371,,,,,,
,,,,,366000,,,9.634349822998047,76.92668151855469,76.27545166015625,78.62738800048828,0.02,0.001
,,,,,366431,217.72119,447,,,,,,
,,,,,366855,280.78467,424,,,,,,
,,,,,367000,,,9.520753860473633,77.74263000488281,77.31735229492188,85.14747619628906,0.02,0.001
,,,,,367244,-209.57594,389,,,,,,
,,,,,367474,229.5235,230,,,,,,
,,,,,367750,255.82423,276,,,,,,
,,,,,368000,,,20.10634994506836,61.72484588623047,60.444618225097656,131.36117553710938,0.02,0.001
,,,,,368007,242.03488,257,,,,,,
,,,,,368889,203.29282,882,,,,,,
,,,,,369000,,,8.642902374267578,76.90159606933594,76.68464660644531,86.5400390625,0.02,0.001
,,,,,369010,-33.122116,121,,,,,,
,,,,,369280,283.156,270,,,,,,
,,,,,369501,277.69446,221,,,,,,
,,,,,369736,302.32587,235,,,,,,
,,,,,369976,242.24023,240,,,,,,
145.55429,76.47574,244.3507,-30.892067,493.3,370000,,,4.027306079864502,80.24952697753906,80.43771362304688,39.64842987060547,0.02,0.001
,,,,,370228,198.7178,252,,,,,,
,,,,,370806,138.88217,578,,,,,,
,,,,,371000,,,11.117304801940918,65.45040130615234,66.00840759277344,62.963321685791016,0.02,0.001
,,,,,371006,255.74867,200,,,,,,
,,,,,371456,304.65097,450,,,,,,
,,,,,372000,,,29.66259002685547,77.45950317382812,76.3780746459961,133.57362365722656,0.02,0.001
,,,,,372093,251.90025,637,,,,,,
,,,,,372304,295.3714,211,,,,,,
,,,,,372987,247.11911,683,,,,,,
,,,,,373000,,,52.97814178466797,80.38693237304688,78.47176361083984,311.10565185546875,0.02,0.001
,,,,,373408,-105.40812,421,,,,,,
,,,,,373712,211.2368,304,,,,,,
,,,,,374000,,,7.315730571746826,80.70730590820312,80.61734008789062,69.72589111328125,0.02,0.001
,,,,,374077,225.1834,365,,,,,,
,,,,,374608,271.25806,531,,,,,,
,,,,,374966,272.76205,358,,,,,,
,,,,,375000,,,17.725664138793945,73.80227661132812,73.24635314941406,114.97859954833984,0.02,0.001
,,,,,375305,184.76706,339,,,,,,
,,,,,375703,229.61018,398,,,,,,
,,,,,375935,287.2918,232,,,,,,
,,,,,376000,,,71.96977233886719,75.7635498046875,75.06063842773438,380.6136169433594,0.02,0.001
,,,,,376243,212.8842,308,,,,,,
,,,,,376585,304.2373,342,,,,,,
,,,,,376838,246.48917,253,,,,,,
,,,,,377000,,,5.335124969482422,69.76065063476562,69.68045806884766,55.23127746582031,0.02,0.001
,,,,,377186,231.15732,348,,,,,,
,,,,,377646,244.26251,460,,,,,,
,,,,,378000,,,13.319055557250977,68.31501007080078,68.09686279296875,91.36444854736328,0.02,0.001
,,,,,378047,298.94482,401,,,,,,
,,,,,378282,270.01495,235,,,,,,
,,,,,378584,282.6937,302,,,,,,
,,,,,378925,230.88043,341,,,,,,
,,,,,379000,,,20.124855041503906,78.6741943359375,79.01876831054688,113.39752960205078,0.02,0.001
,,,,,379257,278.93927,332,,,,,,
,,,,,379561,22.702545,304,,,,,,
,,,,,379807,273.84866,246,,,,,,
95.92432,148.93987,239.12364,-179.05919,571.5,380000,,,40.02665710449219,65.95807647705078,64.68384552001953,234.0541229248047,0.02,0.001
,,,,,380208,256.36072,401,,,,,,
,,,,,380485,253.5536,277,,,,,,
,,,,,380712,266.31778,227,,,,,,
,,,,,381000,,,56.09607696533203,86.94967651367188,85.8626708984375,161.17391967773438,0.02,0.001
,,,,,381176,236.37148,464,,,,,,
,,,,,381294,-6.3006516,118,,,,,,
,,,,,381460,-16.080421,166,,,,,,
,,,,,381646,7.0735474,186,,,,,,
,,,,,381918,236.11702,272,,,,,,
,,,,,382000,,,73.08810424804688,77.36544036865234,77.35920715332031,119.41046905517578,0.02,0.001
,,,,,382175,284.99115,257,,,,,,
,,,,,382909,269.30658,734,,,,,,
,,,,,383000,,,26.772483825683594,61.337127685546875,60.383872985839844,152.0985107421875,0.02,0.001
,,,,,383147,275.7212,238,,,,,,
,,,,,383264,-94.96122,117,,,,,,
,,,,,383534,263.72278,270,,,,,,
,,,,,383647,-60.609436,113,,,,,,
,,,,,383840,222.58583,193,,,,,,
,,,,,384000,,,46.278785705566406,73.79386901855469,72.61624145507812,143.54884338378906,0.02,0.001
,,,,,384046,266.66138,206,,,,,,
,,,,,384429,262.77063,383,,,,,,
,,,,,384611,246.2002,182,,,,,,
,,,,,384931,232.00587,320,,,,,,
,,,,,385000,,,8.234081268310547,73.82781219482422,73.73723602294922,61.72434997558594,0.02,0.001
,,,,,385126,267.10007,195,,,,,,
,,,,,385420,252.59332,294,,,,,,
,,,,,385802,213.40941,382,,,,,,
,,,,,386000,,,25.0050048828125,61.60700607299805,62.19185256958008,89.0624771118164,0.02,0.001
,,,,,386005,258.47784,203,,,,,,
,,,,,386228,255.7493,223,,,,,,
,,,,,386527,248.36624,299,,,,,,
,,,,,386966,218.55573,439,,,,,,
,,,,,387000,,,42.326820373535156,73.71463012695312,72.94235229492188,232.6967010498047,0.02,0.001
,,,,,387507,235.46986,541,,,,,,
,,,,,387773,261.96338,266,,,,,,
,,,,,388000,,,50.32125473022461,74.27880859375,75.27709197998047,228.08181762695312,0.02,0.001
,,,,,388040,270.57983,267,,,,,,
,,,,,388273,265.50586,233,,,,,,
,,,,,388596,257.039,323,,,,,,
,,,,,388842,263.57498,246,,,,,,
,,,,,389000,,,9.519354820251465,78.24163055419922,77.6236572265625,86.09304809570312,0.02,0.001
,,,,,389053,287.6167,211,,,,,,
,,,,,389368,298.57266,315,,,,,,
,,,,,389587,279.97705,219,,,,,,
,,,,,389821,283.34412,234,,,,,,
154.20557,171.33115,285.83374,-250.47305,293.2,390000,,,39.1723518371582,68.91908264160156,68.31321716308594,234.77720642089844,0.02,0.001
,,,,,390324,202.33682,503,,,,,,
,,,,,390597,238.7217,273,,,,,,
,,,,,391000,,,15.396495819091797,71.73623657226562,71.73088836669922,106.2280502319336,0.02,0.001
,,,,,391018,193.98714,421,,,,,,
,,,,,391165,-2.3045425,147,,,,,,
,,,,,391534,207.82492,369,,,,,,
,,,,,391897,284.91034,363,,,,,,
,,,,,392000,,,17.444744110107422,79.51052856445312,79.9144287109375,194.18731689453125,0.02,0.001
,,,,,392176,272.26205,279,,,,,,
,,,,,392560,209.49792,384,,,,,,
,,,,,392756,279.25812,196,,,,,,
,,,,,393000,,,5.169521331787109,64.41204833984375,64.07382202148438,44.991058349609375,0.02,0.001
,,,,,393058,270.65137,302,,,,,,
,,,,,393312,260.39697,254,,,,,,
,,,,,393606,212.38173,294,,,,,,
,,,,,393843,262.79266,237,,,,,,
,,,,,394000,,,9.13544750213623,63.35211181640625,63.00370407104492,74.4774398803711,0.02,0.001
,,,,,394006,285.56213,163,,,,,,
,,,,,394223,294.25638,217,,,,,,
,,,,,394558,206.17563,335,,,,,,
,,,,,394888,247.00696,330,,,,,,
,,,,,395000,,,14.08204460144043,70.9736099243164,71.50580596923828,95.7950439453125,0.02,0.001
,,,,,395595,273.19318,707,,,,,,
,,,,,395762,277.96524,167,,,,,,
,,,,,395913,265.5832,151,,,,,,
,,,,,396000,,,23.453536987304688,81.69993591308594,81.18060302734375,196.84149169921875,0.02,0.001
,,,,,396113,293.56427,200,,,,,,
,,,,,396489,235.14514,376,,,,,,
,,,,,396736,247.73793,247,,,,,,
,,,,,396968,243.53758,232,,,,,,
,,,,,397000,,,13.690929412841797,75.56326293945312,76.41532135009766,91.41336059570312,0.02,0.001
,,,,,397187,269.4862,219,,,,,,
,,,,,398000,,,6.81619930267334,71.85357666015625,72.71864318847656,93.3792495727539,0.02,0.001
,,,,,398187,86.62997,1000,,,,,,
,,,,,398605,172.70355,418,,,,,,
,,,,,398856,248.6134,251,,,,,,
,,,,,399000,,,25.47100830078125,75.60804748535156,76.30978393554688,122.17549133300781,0.02,0.001
,,,,,399177,235.87566,321,,,,,,
,,,,,399478,252.36627,301,,,,,,
,,,,,399812,255.8698,334,,,,,,
,,,,,399953,-20.52414,141,,,,,,
264.52667,24.308971,300.43127,229.26247,306.7,400000,,,9.44637393951416,79.62454223632812,79.95199584960938,92.64440155029297,0.02,0.001
,,,,,400181,291.0558,228,,,,,,
,,,,,400376,279.4477,195,,,,,,
,,,,,400647,246.56502,271,,,,,,
,,,,,400919,281.525,272,,,,,,
,,,,,401000,,,14.697381973266602,69.39703369140625,69.38896179199219,79.43153381347656,0.02,0.001
,,,,,401149,239.898,230,,,,,,
,,,,,401473,253.04088,324,,,,,,
,,,,,401710,228.42302,237,,,,,,
,,,,,402000,,,8.26000690460205,73.30498504638672,73.51634216308594,62.90840148925781,0.02,0.001
,,,,,402287,236.80353,577,,,,,,
,,,,,402483,269.55603,196,,,,,,
,,,,,402960,268.5558,477,,,,,,
,,,,,403000,,,12.910709381103516,67.75863647460938,67.84521484375,108.75643157958984,0.02,0.001
,,,,,403155,284.16815,195,,,,,,
,,,,,403528,197.06944,373,,,,,,
,,,,,403774,254.92131,246,,,,,,
,,,,,404000,,,5.564604759216309,73.32038116455078,73.49626922607422,53.990562438964844,0.02,0.001
,,,,,404521,207.59045,747,,,,,,
,,,,,404738,250.75293,217,,,,,,
,,,,,405000,,,6.629154682159424,66.3438720703125,66.07674407958984,58.88279724121094,0.02,0.001
,,,,,405180,287.0755,442,,,,,,
,,,,,405395,218.82089,215,,,,,,
,,,,,405714,262.9851,319,,,,,,
,,,,,405947,258.81067,233,,,,,,
,,,,,406000,,,12.94509506225586,62.576072692871094,62.533138275146484,85.91277313232422,0.02,0.001
,,,,,406416,252.1226,469,,,,,,
,,,,,406770,270.33063,354,,,,,,
,,,,,407000,,,15.964374542236328,70.1501693725586,70.45596313476562,96.85982513427734,0.02,0.001
,,,,,407212,221.18909,442,,,,,,
,,,,,407497,222.11902,285,,,,,,
,,,,,407801,250.7905,304,,,,,,
,,,,,408000,,,11.608861923217773,65.52009582519531,65.5576171875,64.44320678710938,0.02,0.001
,,,,,408056,226.75409,255,,,,,,
,,,,,408302,280.6386,246,,,,,,
,,,,,408673,283.28006,371,,,,,,
,,,,,408898,232.04227,225,,,,,,
,,,,,409000,,,7.56060791015625,71.54385375976562,71.80000305175781,65.42829132080078,0.02,0.001
,,,,,409825,283.53818,927,,,,,,
202.49858,42.3179,254.45238,130.3164,435.7,410000,,,12.352017402648926,76.08374786376953,76.0439224243164,75.9257583618164,0.02,0.001
,,,,,410099,243.90442,274,,,,,,
,,,,,410586,215.8112,487,,,,,,
,,,,,411000,,,29.571779251098633,59.587371826171875,58.83370590209961,138.5745849609375,0.02,0.001
,,,,,411085,188.61356,499,,,,,,
,,,,,411446,272.30206,361,,,,,,
,,,,,411949,213.6561,503,,,,,,
,,,,,412000,,,6.842717170715332,70.69027709960938,71.34109497070312,49.8419189453125,0.02,0.001
,,,,,412082,-17.021202,133,,,,,,
,,,,,412461,266.13904,379,,,,,,
,,,,,412838,252.07481,377,,,,,,
,,,,,413000,,,8.580381393432617,72.64788818359375,73.28321838378906,77.05111694335938,0.02,0.001
,,,,,413070,254.32526,232,,,,,,
,,,,,413327,213.5365,257,,,,,,
,,,,,413599,219.29572,272,,,,,,
,,,,,413855,284.82504,256,,,,,,
,,,,,414000,,,27.272661209106445,74.62454223632812,75.32977294921875,142.46336364746094,0.02,0.001
,,,,,414104,221.41006,249,,,,,,
,,,,,414378,234.76631,274,,,,,,
,,,,,414974,175.72806,596,,,,,,
,,,,,415000,,,115.2986831665039,75.0404052734375,77.99076843261719,231.40335083007812,0.02,0.001
,,,,,415337,300.85718,363,,,,,,
,,,,,415780,291.06003,443,,,,,,
,,,,,415986,238.82063,206,,,,,,
,,,,,416000,,,28.698516845703125,83.80682373046875,84.3350601196289,113.65902709960938,0.02,0.001
,,,,,416206,234.50557,220,,,,,,
,,,,,416524,257.15717,318,,,,,,
,,,,,416739,249.18642,215,,,,,,
,,,,,417000,,,49.19008255004883,61.73378372192383,61.14536666870117,193.2487335205078,0.02,0.001
,,,,,417116,282.12085,377,,,,,,
,,,,,417468,266.1939,352,,,,,,
,,,,,417715,273.14954,247,,,,,,
,,,,,417940,246.39697,225,,,,,,
,,,,,418000,,,44.350181579589844,67.23282623291016,69.07594299316406,122.34370422363281,0.02,0.001
,,,,,418234,263.0727,294,,,,,,
,,,,,418463,236.96425,229,,,,,,
,,,,,418692,281.68945,229,,,,,,
,,,,,419000,,,110.35812377929688,82.46058654785156,80.57588195800781,172.5475311279297,0.02,0.001
,,,,,419014,187.36023,322,,,,,,
,,,,,419289,239.40865,275,,,,,,
,,,,,419516,249.067,227,,,,,,
,,,,,419900,222.01373,384,,,,,,
233.39742,61.996666,278.21283,68.34276,250.8,420000,,,5.336550235748291,77.24212646484375,77.6058578491211,50.90824890136719,0.02,0.001
,,,,,420095,259.8175,195,,,,,,
,,,,,420389,279.27832,294,,,,,,
,,,,,420596,265.0871,207,,,,,,
,,,,,420802,320.0999,206,,,,,,
,,,,,420992,282.1234,190,,,,,,
,,,,,421000,,,12.948436737060547,75.82696533203125,74.6134033203125,178.3157501220703,0.02,0.001
,,,,,421256,296.78714,264,,,,,,
,,,,,421485,256.54797,229,,,,,,
,,,,,421811,245.35101,326,,,,,,
,,,,,422000,,,6.033254146575928,80.15414428710938,80.35135650634766,54.50957107543945,0.02,0.001
,,,,,422178,250.04408,367,,,,,,
,,,,,422433,277.95868,255,,,,,,
,,,,,422704,228.94832,271,,,,,,
,,,,,422791,19.246605,87,,,,,,
,,,,,423000,,,45.122283935546875,80.38639831542969,81.00625610351562,90.57068634033203,0.02,0.001
,,,,,423392,225.4122,601,,,,,,
,,,,,423581,-219.33945,189,,,,,,
,,,,,424000,,,22.204410552978516,79.05061340332031,79.96844482421875,169.75347900390625,0.02,0.001
,,,,,424001,200.28809,420,,,,,,
,,,,,424204,-221.7576,203,,,,,,
,,,,,424487,226.84467,283,,,,,,
,,,,,424766,274.00208,279,,,,,,
,,,,,425000,,,7.465723991394043,78.97714233398438,78.76417541503906,82.58187103271484,0.02,0.001
,,,,,425004,282.406,238,,,,,,
,,,,,425238,282.21667,234,,,,,,
,,,,,425461,241.22765,223,,,,,,
,,,,,425678,255.3549,217,,,,,,
,,,,,426000,,,6.170607566833496,79.6182632446289,79.06414794921875,81.92283630371094,0.02,0.001
,,,,,426219,282.65222,541,,,,,,
,,,,,426350,-12.407974,131,,,,,,
,,,,,426528,296.8214,178,,,,,,
,,,,,426783,246.31088,255,,,,,,
,,,,,427000,,,22.59946060180664,79.08262634277344,79.25199127197266,134.17616271972656,0.02,0.001
,,,,,427052,301.86536,269,,,,,,
,,,,,427302,263.13635,250,,,,,,
,,,,,427956,231.61528,654,,,,,,
,,,,,428000,,,34.00217819213867,76.71185302734375,76.43074035644531,144.9352264404297,0.02,0.001
,,,,,428333,280.8647,377,,,,,,
,,,,,428672,288.78568,339,,,,,,
,,,,,428876,278.55164,204,,,,,,
,,,,,429000,,,23.740352630615234,63.733978271484375,63.29644012451172,105.75419616699219,0.02,0.001
,,,,,429227,238.32574,351,,,,,,
,,,,,429742,148.64978,515,,,,,,
115.60317,210.76433,280.25598,-278.48672,267.6,430000,,,10.667226791381836,66.12464141845703,65.83023071289062,76.25147247314453,0.02,0.001
,,,,,430020,285.4011,278,,,,,,
,,,,,430235,266.5355,215,,,,,,
,,,,,430546,241.45363,311,,,,,,
,,,,,430741,-72.34041,195,,,,,,
,,,,,431000,,,37.5108528137207,67.57737731933594,68.8148193359375,207.53627014160156,0.02,0.001
,,,,,431070,234.71954,329,,,,,,
,,,,,431346,214.54932,276,,,,,,
,,,,,431823,182.33185,477,,,,,,
,,,,,432000,,,5.805657386779785,78.37455749511719,77.98674011230469,61.652408599853516,0.02,0.001
,,,,,432031,281.39594,208,,,,,,
,,,,,432276,247.85178,245,,,,,,
,,,,,432510,22.419907,234,,,,,,
,,,,,432949,271.58075,439,,,,,,
,,,,,433000,,,21.852182388305664,73.40135955810547,74.43783569335938,127.94296264648438,0.02,0.001
,,,,,433423,177.3386,474,,,,,,
,,,,,433659,276.41718,236,,,,,,
,,,,,433916,191.52531,257,,,,,,
,,,,,434000,,,6.921232223510742,77.36797332763672,77.34274291992188,87.79447174072266,0.02,0.001
,,,,,434410,298.25314,494,,,,,,
,,,,,434888,228.74107,478,,,,,,
,,,,,435000,,,13.574922561645508,72.34231567382812,72.21746826171875,70.29815673828125,0.02,0.001
,,,,,435074,259.33963,186,,,,,,
,,,,,435286,265.39966,212,,,,,,
,,,,,435561,-138.7034,275,,,,,,
,,,,,436000,,,9.582868576049805,75.0003890991211,74.65362548828125,71.45206451416016,0.02,0.001
,,,,,436106,276.07474,545,,,,,,
,,,,,436381,263.86188,275,,,,,,
,,,,,436646,238.467,265,,,,,,
,,,,,436957,257.44513,311,,,,,,
,,,,,437000,,,11.394769668579102,69.76292419433594,69.49395751953125,56.57831573486328,0.02,0.001
,,,,,437154,173.49731,197,,,,,,
,,,,,437524,215.01549,370,,,,,,
,,,,,437753,266.43555,229,,,,,,
,,,,,438000,,,10.633142471313477,74.33544921875,74.28433227539062,83.74951171875,0.02,0.001
,,,,,438056,205.47841,303,,,,,,
,,,,,438320,242.23303,264,,,,,,
,,,,,438969,231.09576,649,,,,,,
,,,,,439000,,,5.7048563957214355,73.06959533691406,72.97256469726562,52.17750549316406,0.02,0.001
,,,,,439184,-150.91382,215,,,,,,
,,,,,439446,300.5122,262,,,,,,
,,,,,439807,207.65906,361,,,,,,
,,,,,439957,289.31104,150,,,,,,
197.76653,94.35264,287.8664,26.305595,407.1,440000,,,59.063148498535156,66.29821014404297,65.90453338623047,165.8196258544922,0.02,0.001
,,,,,440165,286.4712,208,,,,,,
,,,,,440455,246.05908,290,,,,,,
,,,,,440684,252.24268,229,,,,,,
,,,,,440869,3.1554794,185,,,,,,
,,,,,441000,,,40.19605255126953,73.82909393310547,74.57054901123047,245.84046936035156,0.02,0.001
,,,,,441134,210.944,265,,,,,,
,,,,,441404,241.68674,270,,,,,,
,,,,,441554,-153.4238,150,,,,,,
,,,,,441768,248.83112,214,,,,,,
,,,,,442000,,,12.125541687011719,75.12092590332031,75.53334045410156,104.5216064453125,0.02,0.001
,,,,,442065,281.41248,297,,,,,,
,,,,,442592,217.04498,527,,,,,,
,,,,,442831,241.10298,239,,,,,,
,,,,,443000,,,5.648769378662109,73.35940551757812,73.2949447631836,58.72102355957031,0.02,0.001
,,,,,443059,275.99036,228,,,,,,
,,,,,443607,242.61234,548,,,,,,
,,,,,443833,282.94263,226,,,,,,
,,,,,444000,,,8.544404983520508,67.34754943847656,67.55929565429688,82.58821105957031,0.02,0.001
,,,,,444099,232.77301,266,,,,,,
,,,,,444339,20.025322,240,,,,,,
,,,,,444934,179.48318,595,,,,,,
,,,,,445000,,,46.11505889892578,73.1814193725586,73.90507507324219,74.29484558105469,0.02,0.001
,,,,,445177,192.18723,243,,,,,,
,,,,,445508,229.9691,331,,,,,,
,,,,,445804,245.97043,296,,,,,,
,,,,,446000,,,1394.68017578125,69.90933227539062,74.98870849609375,467.6712951660156,0.02,0.001
,,,,,446063,272.4669,259,,,,,,
,,,,,446501,278.0765,438,,,,,,
,,,,,446923,241.39127,422,,,,,,
,,,,,447000,,,7.882633209228516,64.92044067382812,64.10923767089844,76.96637725830078,0.02,0.001
,,,,,447240,267.92767,317,,,,,,
,,,,,447347,-5.6066513,107,,,,,,
,,,,,447546,249.84966,199,,,,,,
,,,,,447857,217.46783,311,,,,,,
,,,,,448000,,,157.07823181152344,72.15586853027344,70.27566528320312,544.65625,0.02,0.001
,,,,,448249,245.41791,392,,,,,,
,,,,,448533,282.37384,284,,,,,,
,,,,,448761,243.02087,228,,,,,,
,,,,,449000,,,83.14125061035156,70.30680084228516,70.281982421875,164.6697998046875,0.02,0.001
,,,,,449098,281.45023,337,,,,,,
,,,,,449314,278.55786,216,,,,,,
,,,,,449528,270.3058,214,,,,,,
,,,,,449894,234.36107,366,,,,,,
256.34683,15.707542,281.20367,231.06944,230.4,450000,,,32.594383239746094,72.04693603515625,71.34638977050781,196.7725067138672,0.02,0.001
,,,,,450122,269.98444,228,,,,,,
,,,,,450267,41.663193,145,,,,,,
,,,,,450629,245.06625,362,,,,,,
,,,,,450972,251.75812,343,,,,,,
,,,,,451000,,,11.638317108154297,75.4925537109375,74.57757568359375,141.86988830566406,0.02,0.001
,,,,,451264,256.34314,292,,,,,,
,,,,,451470,270.2494,206,,,,,,
,,,,,451894,292.5728,424,,,,,,
,,,,,452000,,,4.295105934143066,73.298583984375,73.15873718261719,49.416996002197266,0.02,0.001
,,,,,452165,266.9907,271,,,,,,
,,,,,452413,243.31422,248,,,,,,
,,,,,452762,239.44896,349,,,,,,
,,,,,452931,259.5442,169,,,,,,
,,,,,453000,,,7.640969276428223,76.97036743164062,77.31141662597656,48.93467712402344,0.02,0.001
,,,,,453237,198.83322,306,,,,,,
,,,,,453629,269.7597,392,,,,,,
,,,,,454000,,,8.621257781982422,68.84022521972656,69.05109405517578,84.82625579833984,0.02,0.001
,,,,,454256,266.0525,627,,,,,,
,,,,,454530,286.23218,274,,,,,,
,,,,,455000,,,4.207344055175781,74.00831604003906,74.21473693847656,53.28856658935547,0.02,0.001
,,,,,455080,198.1393,550,,,,,,
,,,,,455662,254.93495,582,,,,,,
,,,,,455817,-73.6069,155,,,,,,
,,,,,456000,,,17.04794692993164,66.00201416015625,64.7197265625,167.58628845214844,0.02,0.001
,,,,,456008,248.4966,191,,,,,,
,,,,,456290,249.30827,282,,,,,,
,,,,,456501,295.53403,211,,,,,,
,,,,,456713,296.74097,212,,,,,,
,,,,,457000,,,31.124940872192383,66.53800964355469,66.91580200195312,76.77207946777344,0.02,0.001
,,,,,457257,-226.17322,544,,,,,,
,,,,,457855,310.94522,598,,,,,,
,,,,,458000,,,28.3046817779541,69.48506164550781,71.10624694824219,142.00563049316406,0.02,0.001
,,,,,458141,235.41441,286,,,,,,
,,,,,458468,180.96098,327,,,,,,
,,,,,458634,252.12846,166,,,,,,
,,,,,458965,285.92712,331,,,,,,
,,,,,459000,,,17.466018676757812,67.1136474609375,66.77993774414062,123.08238220214844,0.02,0.001
,,,,,459086,-26.212402,121,,,,,,
170.57353,159.00508,276.98975,-253.70311,434.0,460000,,,20.723478317260742,73.62576293945312,73.70991516113281,159.4978485107422,0.02,0.001
,,,,,460086,104.40135,1000,,,,,,
,,,,,460399,239.5942,313,,,,,,
,,,,,460534,25.920815,135,,,,,,
,,,,,461000,,,11.708917617797852,62.65391540527344,62.45387268066406,80.97344970703125,0.02,0.001
,,,,,461007,295.0207,473,,,,,,
,,,,,461192,277.6394,185,,,,,,
,,,,,461426,251.68488,234,,,,,,
,,,,,461672,255.82495,246,,,,,,
,,,,,462000,,,7.164009094238281,67.91957092285156,68.22702026367188,50.1423225402832,0.02,0.001
,,,,,462154,209.58768,482,,,,,,
,,,,,462599,268.8626,445,,,,,,
,,,,,462863,273.54108,264,,,,,,
,,,,,463000,,,7.778334617614746,79.3863754272461,79.27752685546875,71.99718475341797,0.02,0.001
,,,,,463091,296.55142,228,,,,,,
,,,,,463547,251.70895,456,,,,,,
,,,,,463802,289.77704,255,,,,,,
,,,,,464000,,,29.96000099182129,80.94093322753906,80.6251220703125,111.54822540283203,0.02,0.001
,,,,,464006,215.70023,204,,,,,,
,,,,,464215,254.92375,209,,,,,,
,,,,,464459,242.79846,244,,,,,,
,,,,,464708,267.4011,249,,,,,,
,,,,,465000,,,43.916404724121094,76.22850799560547,75.87152099609375,124.2393569946289,0.02,0.001
,,,,,465164,258.90912,456,,,,,,
,,,,,465595,248.32405,431,,,,,,
,,,,,465893,211.85011,298,,,,,,
,,,,,466000,,,14.697826385498047,80.03499603271484,80.145751953125,94.46414184570312,0.02,0.001
,,,,,466471,246.55128,578,,,,,,
,,,,,466666,235.04607,195,,,,,,
,,,,,467000,,,16.028648376464844,68.21772003173828,69.15568542480469,98.22085571289062,0.02,0.001
,,,,,467028,287.55908,362,,,,,,
,,,,,467476,260.3393,448,,,,,,
,,,,,467780,257.22092,304,,,,,,
,,,,,468000,,,7.866507053375244,66.20594024658203,66.33554077148438,87.60228729248047,0.02,0.001
,,,,,468072,300.6491,292,,,,,,
,,,,,468291,284.00146,219,,,,,,
,,,,,468492,283.4094,201,,,,,,
,,,,,468637,26.936256,145,,,,,,
,,,,,468822,268.0707,185,,,,,,
,,,,,469000,,,8.553041458129883,85.85220336914062,85.99749755859375,61.456565856933594,0.02,0.001
,,,,,469036,285.67865,214,,,,,,
,,,,,469470,222.1673,434,,,,,,
,,,,,469692,255.98724,222,,,,,,
,,,,,469878,289.07324,186,,,,,,
81.011375,134.26584,238.89937,-193.46272,224.3,470000,,,13.115785598754883,81.26344299316406,82.24427032470703,116.77519226074219,0.02,0.001
,,,,,470114,292.3144,236,,,,,,
,,,,,470328,290.92203,214,,,,,,
,,,,,470483,266.57828,155,,,,,,
,,,,,470719,279.25888,236,,,,,,
,,,,,470969,238.6137,250,,,,,,
,,,,,471000,,,19.22077751159668,68.74872589111328,69.47230529785156,108.6834487915039,0.02,0.001
,,,,,471300,264.60706,331,,,,,,
,,,,,471506,297.74896,206,,,,,,
,,,,,471778,251.0827,272,,,,,,
,,,,,472000,,,73.35880279541016,69.44009399414062,71.49420928955078,230.1353302001953,0.02,0.001
,,,,,472035,291.88937,257,,,,,,
,,,,,472207,-143.3083,172,,,,,,
,,,,,472443,282.01236,236,,,,,,
,,,,,472632,256.04852,189,,,,,,
,,,,,472785,52.072617,153,,,,,,
,,,,,473000,,,5.3907976150512695,81.88748168945312,82.14318084716797,55.073158264160156,0.02,0.001
,,,,,473005,277.36066,220,,,,,,
,,,,,473258,227.66498,253,,,,,,
,,,,,473520,282.77768,262,,,,,,
,,,,,473730,287.94397,210,,,,,,
,,,,,473991,249.5748,261,,,,,,
,,,,,474000,,,22.47386932373047,73.79788208007812,74.0234146118164,107.99230194091797,0.02,0.001
,,,,,474194,243.85698,203,,,,,,
,,,,,474496,227.51253,302,,,,,,
,,,,,474832,269.46246,336,,,,,,
,,,,,475000,,,15.802911758422852,80.39593505859375,80.49815368652344,132.38299560546875,0.02,0.001
,,,,,475172,258.09058,340,,,,,,
,,,,,475487,256.8467,315,,,,,,
,,,,,475673,-285.24435,186,,,,,,
,,,,,475930,269.02344,257,,,,,,
,,,,,476000,,,37.61719512939453,82.83309936523438,82.85842895507812,91.27330780029297,0.02,0.001
,,,,,476351,284.64343,421,,,,,,
,,,,,476617,273.6145,266,,,,,,
,,,,,476789,24.513382,172,,,,,,
,,,,,476989,12.755203,200,,,,,,
,,,,,477000,,,9.029437065124512,65.19623565673828,65.91462707519531,110.92737579345703,0.02,0.001
,,,,,477273,227.16054,284,,,,,,
,,,,,477565,226.15942,292,,,,,,
,,,,,477711,-198.43372,146,,,,,,
,,,,,477945,292.39392,234,,,,,,
,,,,,478000,,,15.541568756103516,73.53445434570312,72.9300765991211,106.6036148071289,0.02,0.001
,,,,,478124,17.063087,179,,,,,,
,,,,,478581,225.65692,457,,,,,,
,,,,,478972,256.1353,391,,,,,,
,,,,,479000,,,33.77272033691406,65.33268737792969,64.28103637695312,202.38417053222656,0.02,0.001
,,,,,479262,284.16217,290,,,,,,
,,,,,479489,239.33786,227,,,,,,
,,,,,479795,284.3163,306,,,,,,
130.32986,121.50066,274.39175,-171.87114,551.3,480000,,,74.9072265625,78.0301742553711,78.21551513671875,133.36447143554688,0.02,0.001
,,,,,480074,299.844,279,,,,,,
,,,,,480311,257.1396,237,,,,,,
,,,,,480482,225.84247,171,,,,,,
,,,,,480755,241.53668,273,,,,,,
,,,,,481000,,,8.60282039642334,71.15718078613281,71.98910522460938,95.23583221435547,0.02,0.001
,,,,,481271,201.1016,516,,,,,,
,,,,,481830,259.61438,559,,,,,,
,,,,,482000,,,9.11427116394043,68.54399871826172,69.27510070800781,78.85779571533203,0.02,0.001
,,,,,482066,280.84134,236,,,,,,
,,,,,482354,241.56868,288,,,,,,
,,,,,482546,-10.966286,192,,,,,,
,,,,,482837,219.90724,291,,,,,,
,,,,,483000,,,6.069840431213379,77.22926330566406,77.54963684082031,73.47380065917969,0.02,0.001
,,,,,483252,203.85034,415,,,,,,
,,,,,483677,209.28918,425,,,,,,
,,,,,483936,271.11694,259,,,,,,
,,,,,484000,,,17.86505699157715,74.66213989257812,75.79898071289062,129.92747497558594,0.02,0.001
,,,,,484354,228.53354,418,,,,,,
,,,,,484646,269.84967,292,,,,,,
,,,,,484999,267.0418,353,,,,,,
,,,,,485000,,,11.031704902648926,63.22892761230469,62.912071228027344,117.28413391113281,0.02,0.001
,,,,,485141,-26.434303,142,,,,,,
,,,,,485697,261.11426,556,,,,,,
,,,,,486000,,,17.81106185913086,70.15914154052734,70.33192443847656,108.99610137939453,0.02,0.001
,,,,,486015,254.41057,318,,,,,,
,,,,,486522,280.03784,507,,,,,,
,,,,,486635,-11.754814,113,,,,,,
,,,,,486934,280.39096,299,,,,,,
,,,,,487000,,,3.203433036804199,78.07061767578125,77.99224853515625,39.110225677490234,0.02,0.001
,,,,,487080,20.382751,146,,,,,,
,,,,,487404,218.52083,324,,,,,,
,,,,,487604,281.59787,200,,,,,,
,,,,,487888,246.23228,284,,,,,,
,,,,,488000,,,24.598947525024414,76.95901489257812,77.30459594726562,99.26368713378906,0.02,0.001
,,,,,488136,233.93207,248,,,,,,
,,,,,488390,255.34389,254,,,,,,
,,,,,488612,267.8741,222,,,,,,
,,,,,488905,256.75934,293,,,,,,
,,,,,489000,,,2.9522509574890137,66.06560516357422,65.9775390625,38.60163116455078,0.02,0.001
,,,,,489181,277.81216,276,,,,,,
,,,,,489283,10.128372,102,,,,,,
,,,,,489393,-6.3186417,110,,,,,,
,,,,,489685,178.81442,292,,,,,,
,,,,,489882,271.06525,197,,,,,,
167.6007,103.81766,303.0368,-17.901726,445.4,490000,,,5.749181747436523,85.46498107910156,85.3658447265625,64.42623901367188,0.02,0.001
,,,,,490078,233.30026,196,,,,,,
,,,,,490862,244.08348,784,,,,,,
,,,,,491000,,,16.055261611938477,74.3589096069336,74.6678695678711,78.20763397216797,0.02,0.001
,,,,,491057,274.8297,195,,,,,,
,,,,,491457,216.03014,400,,,,,,
,,,,,492000,,,15.881769180297852,76.3785400390625,76.03408813476562,95.48910522460938,0.02,0.001
,,,,,492034,202.76692,577,,,,,,
,,,,,492806,251.15422,772,,,,,,
,,,,,493000,,,9.850366592407227,77.34327697753906,76.88874816894531,115.83100128173828,0.02,0.001
,,,,,493069,294.66248,263,,,,,,
,,,,,493265,256.35684,196,,,,,,
,,,,,493437,251.55779,172,,,,,,
,,,,,493811,278.90295,374,,,,,,
,,,,,493968,264.76624,157,,,,,,
,,,,,494000,,,18.135257720947266,69.87831115722656,69.72891235351562,108.25899505615234,0.02,0.001
,,,,,494324,273.2945,356,,,,,,
,,,,,494512,259.80383,188,,,,,,
,,,,,494759,241.09846,247,,,,,,
,,,,,494939,251.29558,180,,,,,,
,,,,,495000,,,102.91439819335938,71.643798828125,73.56280517578125,240.9339141845703,0.02,0.001
,,,,,495226,311.0005,287,,,,,,
,,,,,495569,265.9356,343,,,,,,
,,,,,495822,288.29083,253,,,,,,
,,,,,496000,,,6.005445957183838,73.2181396484375,72.93136596679688,63.52964782714844,0.02,0.001
,,,,,496009,233.25705,187,,,,,,
,,,,,496116,-15.309814,107,,,,,,
,,,,,496803,189.75049,687,,,,,,
,,,,,497000,,,7.153048038482666,81.62992095947266,82.0302734375,85.62837219238281,0.02,0.001
,,,,,497378,200.54916,575,,,,,,
,,,,,497765,210.32693,387,,,,,,
,,,,,497890,-42.62205,125,,,,,,
,,,,,498000,,,15.295802116394043,67.15682983398438,67.44830322265625,92.34688568115234,0.02,0.001
,,,,,498227,307.94934,337,,,,,,
,,,,,498585,263.46143,358,,,,,,
,,,,,499000,,,8.014549255371094,74.4314193725586,74.3824462890625,49.52629470825195,0.02,0.001
,,,,,499065,210.80829,480,,,,,,
,,,,,499350,276.6332,285,,,,,,
,,,,,499622,280.20343,272,,,,,,
,,,,,499905,231.75021,283,,,,,,
