Eval_AverageReturn,Eval_StdReturn,Eval_MaxReturn,Eval_MinReturn,Eval_AverageEpLen,step,Train_EpisodeReturn,Train_EpisodeLen,actor_loss,entropy,critic_loss,q_values,target_values,actor_lr,critic_lr,temperature
18.481659,7.3763103,31.67649,7.1578827,21.3,0,,,,,,,,,,
,,,,,16,16.509953,17,,,,,,,,
,,,,,39,26.15871,23,,,,,,,,
,,,,,70,16.936026,31,,,,,,,,
,,,,,89,13.673325,19,,,,,,,,
,,,,,107,11.093913,18,,,,,,,,
,,,,,139,14.424133,32,,,,,,,,
,,,,,175,34.66942,36,,,,,,,,
,,,,,219,72.41321,44,,,,,,,,
,,,,,235,14.3583355,16,,,,,,,,
,,,,,251,16.519869,16,,,,,,,,
,,,,,264,7.934053,13,,,,,,,,
,,,,,286,12.645275,22,,,,,,,,
,,,,,319,31.847948,33,,,,,,,,
,,,,,334,13.476289,15,,,,,,,,
,,,,,391,88.753525,57,,,,,,,,
,,,,,410,18.449444,19,,,,,,,,
,,,,,431,20.528568,21,,,,,,,,
,,,,,447,16.296665,16,,,,,,,,
,,,,,462,12.209586,15,,,,,,,,
,,,,,489,14.286015,27,,,,,,,,
,,,,,519,9.482424,30,,,,,,,,
,,,,,554,30.461378,35,,,,,,,,
,,,,,572,17.610092,18,,,,,,,,
,,,,,593,15.774723,21,,,,,,,,
,,,,,614,11.344675,21,,,,,,,,
,,,,,633,16.789246,19,,,,,,,,
,,,,,654,20.67287,21,,,,,,,,
,,,,,702,42.06027,48,,,,,,,,
,,,,,722,13.356196,20,,,,,,,,
,,,,,739,14.164444,17,,,,,,,,
,,,,,758,20.255438,19,,,,,,,,
,,,,,799,50.04019,41,,,,,,,,
,,,,,822,12.48514,23,,,,,,,,
,,,,,842,17.730915,20,,,,,,,,
,,,,,855,6.0656424,13,,,,,,,,
,,,,,874,16.762907,19,,,,,,,,
,,,,,898,23.789251,24,,,,,,,,
,,,,,933,48.33755,35,,,,,,,,
,,,,,950,14.897827,17,,,,,,,,
,,,,,971,7.4348536,21,,,,,,,,
,,,,,1005,26.014162,34,,,,,,,,
,,,,,1030,19.815851,25,,,,,,,,
,,,,,1050,7.0216436,20,,,,,,,,
,,,,,1065,12.4096985,15,,,,,,,,
,,,,,1085,20.701601,20,,,,,,,,
,,,,,1099,8.229428,14,,,,,,,,
,,,,,1120,10.067585,21,,,,,,,,
,,,,,1144,15.937394,24,,,,,,,,
,,,,,1155,10.357625,11,,,,,,,,
,,,,,1165,7.8844347,10,,,,,,,,
,,,,,1181,12.256188,16,,,,,,,,
,,,,,1234,74.26095,53,,,,,,,,
,,,,,1248,10.408393,14,,,,,,,,
,,,,,1269,12.364109,21,,,,,,,,
,,,,,1292,26.894035,23,,,,,,,,
,,,,,1335,62.698963,43,,,,,,,,
,,,,,1349,10.753742,14,,,,,,,,
,,,,,1363,10.784624,14,,,,,,,,
,,,,,1383,17.884266,20,,,,,,,,
,,,,,1395,9.570946,12,,,,,,,,
,,,,,1407,9.63837,12,,,,,,,,
,,,,,1454,19.998539,47,,,,,,,,
,,,,,1500,64.8904,46,,,,,,,,
,,,,,1530,12.981676,30,,,,,,,,
,,,,,1554,28.87788,24,,,,,,,,
,,,,,1571,7.5490026,17,,,,,,,,
,,,,,1585,9.552396,14,,,,,,,,
,,,,,1664,134.47913,79,,,,,,,,
,,,,,1675,7.966046,11,,,,,,,,
,,,,,1692,12.266037,17,,,,,,,,
,,,,,1720,19.552921,28,,,,,,,,
,,,,,1733,10.086629,13,,,,,,,,
,,,,,1758,14.975289,25,,,,,,,,
,,,,,1790,24.687635,32,,,,,,,,
,,,,,1808,8.468709,18,,,,,,,,
,,,,,1823,11.921117,15,,,,,,,,
,,,,,1856,39.88678,33,,,,,,,,
,,,,,1877,14.93454,21,,,,,,,,
,,,,,1903,28.111013,26,,,,,,,,
,,,,,1919,7.273975,16,,,,,,,,
,,,,,1948,30.921103,29,,,,,,,,
,,,,,1981,17.112432,33,,,,,,,,
,,,,,1993,10.567809,12,,,,,,,,
,,,,,2016,13.5140505,23,,,,,,,,
,,,,,2040,26.412775,24,,,,,,,,
,,,,,2067,28.168238,27,,,,,,,,
,,,,,2100,13.821304,33,,,,,,,,
,,,,,2122,19.200638,22,,,,,,,,
,,,,,2139,17.364136,17,,,,,,,,
,,,,,2158,11.850298,19,,,,,,,,
,,,,,2177,11.973694,19,,,,,,,,
,,,,,2196,16.64874,19,,,,,,,,
,,,,,2208,9.614968,12,,,,,,,,
,,,,,2216,5.8538384,8,,,,,,,,
,,,,,2229,12.038094,13,,,,,,,,
,,,,,2245,15.837268,16,,,,,,,,
,,,,,2255,8.088396,10,,,,,,,,
,,,,,2293,20.941486,38,,,,,,,,
,,,,,2303,7.7607865,10,,,,,,,,
,,,,,2313,6.05278,10,,,,,,,,
,,,,,2329,8.477441,16,,,,,,,,
,,,,,2341,9.604422,12,,,,,,,,
,,,,,2353,10.702804,12,,,,,,,,
,,,,,2384,25.203705,31,,,,,,,,
,,,,,2399,11.375252,15,,,,,,,,
,,,,,2442,47.186794,43,,,,,,,,
,,,,,2452,7.0055265,10,,,,,,,,
,,,,,2489,17.246185,37,,,,,,,,
,,,,,2527,27.20287,38,,,,,,,,
,,,,,2541,10.904136,14,,,,,,,,
,,,,,2566,12.833944,25,,,,,,,,
,,,,,2584,13.886996,18,,,,,,,,
,,,,,2596,10.032226,12,,,,,,,,
,,,,,2616,14.04665,20,,,,,,,,
,,,,,2629,9.88849,13,,,,,,,,
,,,,,2652,12.552376,23,,,,,,,,
,,,,,2685,35.17094,33,,,,,,,,
,,,,,2712,27.811495,27,,,,,,,,
,,,,,2735,12.01932,23,,,,,,,,
,,,,,2753,13.8064165,18,,,,,,,,
,,,,,2762,5.2791843,9,,,,,,,,
,,,,,2779,11.299617,17,,,,,,,,
,,,,,2794,9.460947,15,,,,,,,,
,,,,,2834,22.24407,40,,,,,,,,
,,,,,2846,9.476233,12,,,,,,,,
,,,,,2858,10.032048,12,,,,,,,,
,,,,,2868,5.943897,10,,,,,,,,
,,,,,2892,22.197412,24,,,,,,,,
,,,,,2916,24.18345,24,,,,,,,,
,,,,,2933,13.363401,17,,,,,,,,
,,,,,2950,11.857775,17,,,,,,,,
,,,,,2966,15.3082905,16,,,,,,,,
,,,,,2993,8.526349,27,,,,,,,,
,,,,,3007,10.464171,14,,,,,,,,
,,,,,3040,25.260393,33,,,,,,,,
,,,,,3056,8.2780695,16,,,,,,,,
,,,,,3073,14.036015,17,,,,,,,,
,,,,,3109,21.71976,36,,,,,,,,
,,,,,3129,8.399113,20,,,,,,,,
,,,,,3144,9.985957,15,,,,,,,,
,,,,,3157,11.841374,13,,,,,,,,
,,,,,3172,9.690453,15,,,,,,,,
,,,,,3188,10.490704,16,,,,,,,,
,,,,,3203,7.116115,15,,,,,,,,
,,,,,3219,6.9490457,16,,,,,,,,
,,,,,3230,8.127016,11,,,,,,,,
,,,,,3262,19.730757,32,,,,,,,,
,,,,,3293,26.807018,31,,,,,,,,
,,,,,3307,9.553098,14,,,,,,,,
,,,,,3333,17.690508,26,,,,,,,,
,,,,,3383,52.928818,50,,,,,,,,
,,,,,3405,22.319874,22,,,,,,,,
,,,,,3438,17.581755,33,,,,,,,,
,,,,,3475,52.42045,37,,,,,,,,
,,,,,3494,16.377249,19,,,,,,,,
,,,,,3504,8.380358,10,,,,,,,,
,,,,,3558,33.52061,54,,,,,,,,
,,,,,3568,8.105968,10,,,,,,,,
,,,,,3586,16.127762,18,,,,,,,,
,,,,,3603,13.470521,17,,,,,,,,
,,,,,3613,7.7044635,10,,,,,,,,
,,,,,3623,8.497618,10,,,,,,,,
,,,,,3657,38.514324,34,,,,,,,,
,,,,,3672,13.463149,15,,,,,,,,
,,,,,3687,9.139035,15,,,,,,,,
,,,,,3714,15.129097,27,,,,,,,,
,,,,,3729,14.474068,15,,,,,,,,
,,,,,3749,10.830652,20,,,,,,,,
,,,,,3771,13.136412,22,,,,,,,,
,,,,,3788,15.215838,17,,,,,,,,
,,,,,3812,23.36447,24,,,,,,,,
,,,,,3828,15.341,16,,,,,,,,
,,,,,3848,22.342815,20,,,,,,,,
,,,,,3872,22.425102,24,,,,,,,,
,,,,,3907,22.015305,35,,,,,,,,
,,,,,3927,13.828884,20,,,,,,,,
,,,,,3950,11.488547,23,,,,,,,,
,,,,,3966,8.304219,16,,,,,,,,
,,,,,3982,10.418881,16,,,,,,,,
,,,,,4002,19.485855,20,,,,,,,,
,,,,,4017,10.185892,15,,,,,,,,
,,,,,4030,11.713042,13,,,,,,,,
,,,,,4046,11.572137,16,,,,,,,,
,,,,,4064,9.018909,18,,,,,,,,
,,,,,4108,30.431786,44,,,,,,,,
,,,,,4124,12.0967655,16,,,,,,,,
,,,,,4151,26.40145,27,,,,,,,,
,,,,,4162,9.322744,11,,,,,,,,
,,,,,4179,18.625738,17,,,,,,,,
,,,,,4198,15.145538,19,,,,,,,,
,,,,,4227,33.584675,29,,,,,,,,
,,,,,4238,8.815021,11,,,,,,,,
,,,,,4249,7.6998115,11,,,,,,,,
,,,,,4271,17.685875,22,,,,,,,,
,,,,,4293,22.701773,22,,,,,,,,
,,,,,4305,9.644251,12,,,,,,,,
,,,,,4324,12.664481,19,,,,,,,,
,,,,,4341,12.107351,17,,,,,,,,
,,,,,4368,8.531159,27,,,,,,,,
,,,,,4378,8.306517,10,,,,,,,,
,,,,,4388,7.354826,10,,,,,,,,
,,,,,4401,10.409442,13,,,,,,,,
,,,,,4414,11.34085,13,,,,,,,,
,,,,,4432,10.972891,18,,,,,,,,
,,,,,4450,19.750025,18,,,,,,,,
,,,,,4481,27.716742,31,,,,,,,,
,,,,,4506,13.045145,25,,,,,,,,
,,,,,4539,34.160122,33,,,,,,,,
,,,,,4560,14.536991,21,,,,,,,,
,,,,,4577,12.400491,17,,,,,,,,
,,,,,4587,8.357995,10,,,,,,,,
,,,,,4613,14.711809,26,,,,,,,,
,,,,,4645,41.356888,32,,,,,,,,
,,,,,4664,22.886078,19,,,,,,,,
,,,,,4676,8.479967,12,,,,,,,,
,,,,,4691,7.025913,15,,,,,,,,
,,,,,4708,15.15828,17,,,,,,,,
,,,,,4750,36.086266,42,,,,,,,,
,,,,,4772,12.01584,22,,,,,,,,
,,,,,4796,15.965563,24,,,,,,,,
,,,,,4862,61.765774,66,,,,,,,,
,,,,,4880,17.537601,18,,,,,,,,
,,,,,4926,64.52503,46,,,,,,,,
,,,,,4952,29.529707,26,,,,,,,,
,,,,,4971,12.058767,19,,,,,,,,
,,,,,4994,12.166846,23,,,,,,,,
16.725857,9.82847,40.38085,8.413403,21.1,5000,,,,,,,,,,
,,,,,5020,26.53878,26,,,,,,,,
,,,,,5046,27.543985,26,,,,,,,,
,,,,,5058,8.215028,12,,,,,,,,
,,,,,5068,8.040025,10,,,,,,,,
,,,,,5092,15.56081,24,,,,,,,,
,,,,,5114,17.650635,22,,,,,,,,
,,,,,5152,26.059486,38,,,,,,,,
,,,,,5171,13.291063,19,,,,,,,,
,,,,,5208,11.232889,37,,,,,,,,
,,,,,5229,14.372314,21,,,,,,,,
,,,,,5247,10.383243,18,,,,,,,,
,,,,,5265,16.523535,18,,,,,,,,
,,,,,5285,18.062862,20,,,,,,,,
,,,,,5302,5.288022,17,,,,,,,,
,,,,,5318,15.043622,16,,,,,,,,
,,,,,5330,9.194159,12,,,,,,,,
,,,,,5342,9.236574,12,,,,,,,,
,,,,,5364,16.935358,22,,,,,,,,
,,,,,5387,12.047819,23,,,,,,,,
,,,,,5402,14.554841,15,,,,,,,,
,,,,,5426,23.184153,24,,,,,,,,
,,,,,5445,19.04236,19,,,,,,,,
,,,,,5485,38.64987,40,,,,,,,,
,,,,,5504,19.430326,19,,,,,,,,
,,,,,5535,35.60144,31,,,,,,,,
,,,,,5554,21.35429,19,,,,,,,,
,,,,,5579,11.598826,25,,,,,,,,
,,,,,5596,16.922197,17,,,,,,,,
,,,,,5611,12.11197,15,,,,,,,,
,,,,,5635,25.90227,24,,,,,,,,
,,,,,5650,13.03142,15,,,,,,,,
,,,,,5666,12.762184,16,,,,,,,,
,,,,,5679,10.918875,13,,,,,,,,
,,,,,5692,10.371886,13,,,,,,,,
,,,,,5703,9.702674,11,,,,,,,,
,,,,,5717,10.259847,14,,,,,,,,
,,,,,5745,33.072968,28,,,,,,,,
,,,,,5777,32.71869,32,,,,,,,,
,,,,,5801,11.665472,24,,,,,,,,
,,,,,5815,9.933176,14,,,,,,,,
,,,,,5831,11.039212,16,,,,,,,,
,,,,,5842,8.340655,11,,,,,,,,
,,,,,5856,12.561494,14,,,,,,,,
,,,,,5874,19.286907,18,,,,,,,,
,,,,,5896,16.539806,22,,,,,,,,
,,,,,5921,31.98803,25,,,,,,,,
,,,,,5942,23.801483,21,,,,,,,,
,,,,,5972,22.897348,30,,,,,,,,
,,,,,5993,23.016363,21,,,,,,,,
,,,,,6012,13.417933,19,,,,,,,,
,,,,,6025,11.904527,13,,,,,,,,
,,,,,6041,14.488211,16,,,,,,,,
,,,,,6057,16.738611,16,,,,,,,,
,,,,,6093,32.77471,36,,,,,,,,
,,,,,6133,22.651152,40,,,,,,,,
,,,,,6189,68.44923,56,,,,,,,,
,,,,,6209,13.584273,20,,,,,,,,
,,,,,6230,14.780877,21,,,,,,,,
,,,,,6268,13.265502,38,,,,,,,,
,,,,,6301,53.810715,33,,,,,,,,
,,,,,6315,12.815128,14,,,,,,,,
,,,,,6343,18.62739,28,,,,,,,,
,,,,,6385,27.666693,42,,,,,,,,
,,,,,6415,30.462255,30,,,,,,,,
,,,,,6457,65.09842,42,,,,,,,,
,,,,,6501,66.39274,44,,,,,,,,
,,,,,6539,50.587967,38,,,,,,,,
,,,,,6551,10.189012,12,,,,,,,,
,,,,,6592,38.173744,41,,,,,,,,
,,,,,6623,18.835047,31,,,,,,,,
,,,,,6684,86.69367,61,,,,,,,,
,,,,,6705,25.926104,21,,,,,,,,
,,,,,6737,35.357822,32,,,,,,,,
,,,,,6750,12.53764,13,,,,,,,,
,,,,,6767,13.301654,17,,,,,,,,
,,,,,6779,7.8502336,12,,,,,,,,
,,,,,6830,46.677197,51,,,,,,,,
,,,,,6844,8.70865,14,,,,,,,,
,,,,,6858,9.667605,14,,,,,,,,
,,,,,6871,9.759791,13,,,,,,,,
,,,,,6881,6.322801,10,,,,,,,,
,,,,,6893,11.082236,12,,,,,,,,
,,,,,6916,11.357024,23,,,,,,,,
,,,,,6927,9.226747,11,,,,,,,,
,,,,,6947,16.89424,20,,,,,,,,
,,,,,6959,12.281819,12,,,,,,,,
,,,,,6987,23.78515,28,,,,,,,,
,,,,,7019,26.934362,32,,,,,,,,
,,,,,7045,30.507233,26,,,,,,,,
,,,,,7080,21.98317,35,,,,,,,,
,,,,,7099,21.696213,19,,,,,,,,
,,,,,7122,26.538454,23,,,,,,,,
,,,,,7133,6.3412395,11,,,,,,,,
,,,,,7151,13.015326,18,,,,,,,,
,,,,,7171,20.345415,20,,,,,,,,
,,,,,7209,51.164806,38,,,,,,,,
,,,,,7224,13.663877,15,,,,,,,,
,,,,,7254,39.2017,30,,,,,,,,
,,,,,7273,17.795513,19,,,,,,,,
,,,,,7322,59.018513,49,,,,,,,,
,,,,,7346,20.556707,24,,,,,,,,
,,,,,7382,20.724783,36,,,,,,,,
,,,,,7396,12.98039,14,,,,,,,,
,,,,,7406,8.369096,10,,,,,,,,
,,,,,7432,22.231222,26,,,,,,,,
,,,,,7457,18.22248,25,,,,,,,,
,,,,,7489,19.089632,32,,,,,,,,
,,,,,7513,12.547407,24,,,,,,,,
,,,,,7530,16.295427,17,,,,,,,,
,,,,,7569,65.284035,39,,,,,,,,
,,,,,7581,9.075167,12,,,,,,,,
,,,,,7613,21.944136,32,,,,,,,,
,,,,,7635,18.753914,22,,,,,,,,
,,,,,7644,7.444559,9,,,,,,,,
,,,,,7661,13.966514,17,,,,,,,,
,,,,,7682,15.412195,21,,,,,,,,
,,,,,7697,12.318884,15,,,,,,,,
,,,,,7714,17.798122,17,,,,,,,,
,,,,,7736,16.92193,22,,,,,,,,
,,,,,7773,28.1221,37,,,,,,,,
,,,,,7785,11.137132,12,,,,,,,,
,,,,,7809,26.454739,24,,,,,,,,
,,,,,7830,22.262701,21,,,,,,,,
,,,,,7872,26.605038,42,,,,,,,,
,,,,,7883,8.070773,11,,,,,,,,
,,,,,7900,14.582197,17,,,,,,,,
,,,,,7942,40.25255,42,,,,,,,,
,,,,,7957,10.911744,15,,,,,,,,
,,,,,7974,10.251964,17,,,,,,,,
,,,,,8045,88.112656,71,,,,,,,,
,,,,,8070,20.630085,25,,,,,,,,
,,,,,8090,13.663875,20,,,,,,,,
,,,,,8117,21.437006,27,,,,,,,,
,,,,,8146,18.09855,29,,,,,,,,
,,,,,8156,7.4198923,10,,,,,,,,
,,,,,8186,29.849548,30,,,,,,,,
,,,,,8209,15.974752,23,,,,,,,,
,,,,,8224,11.423779,15,,,,,,,,
,,,,,8235,9.470875,11,,,,,,,,
,,,,,8250,14.603207,15,,,,,,,,
,,,,,8262,9.274121,12,,,,,,,,
,,,,,8302,55.71934,40,,,,,,,,
,,,,,8318,14.983757,16,,,,,,,,
,,,,,8339,26.227371,21,,,,,,,,
,,,,,8352,11.467432,13,,,,,,,,
,,,,,8362,8.259404,10,,,,,,,,
,,,,,8377,15.605,15,,,,,,,,
,,,,,8401,24.174482,24,,,,,,,,
,,,,,8416,13.354267,15,,,,,,,,
,,,,,8429,9.75094,13,,,,,,,,
,,,,,8499,89.50089,70,,,,,,,,
,,,,,8512,10.808876,13,,,,,,,,
,,,,,8530,5.8037443,18,,,,,,,,
,,,,,8549,16.090446,19,,,,,,,,
,,,,,8563,10.904822,14,,,,,,,,
,,,,,8575,9.741891,12,,,,,,,,
,,,,,8590,14.610212,15,,,,,,,,
,,,,,8605,10.683178,15,,,,,,,,
,,,,,8623,16.444798,18,,,,,,,,
,,,,,8659,42.19072,36,,,,,,,,
,,,,,8676,19.491577,17,,,,,,,,
,,,,,8695,19.000156,19,,,,,,,,
,,,,,8720,15.951684,25,,,,,,,,
,,,,,8747,14.332271,27,,,,,,,,
,,,,,8782,43.17321,35,,,,,,,,
,,,,,8796,12.894464,14,,,,,,,,
,,,,,8809,6.485721,13,,,,,,,,
,,,,,8820,9.030944,11,,,,,,,,
,,,,,8850,35.274044,30,,,,,,,,
,,,,,8867,14.541473,17,,,,,,,,
,,,,,8892,26.973492,25,,,,,,,,
,,,,,8914,18.034483,22,,,,,,,,
,,,,,8935,22.811243,21,,,,,,,,
,,,,,8956,18.499056,21,,,,,,,,
,,,,,8972,8.582645,16,,,,,,,,
,,,,,9027,63.945557,55,,,,,,,,
,,,,,9040,10.286761,13,,,,,,,,
,,,,,9055,10.451408,15,,,,,,,,
,,,,,9072,11.802041,17,,,,,,,,
,,,,,9096,13.294239,24,,,,,,,,
,,,,,9118,18.650553,22,,,,,,,,
,,,,,9151,26.045082,33,,,,,,,,
,,,,,9169,12.6517935,18,,,,,,,,
,,,,,9186,9.923842,17,,,,,,,,
,,,,,9221,53.93409,35,,,,,,,,
,,,,,9247,27.82085,26,,,,,,,,
,,,,,9262,13.382279,15,,,,,,,,
,,,,,9274,7.735923,12,,,,,,,,
,,,,,9287,11.705237,13,,,,,,,,
,,,,,9355,127.23604,68,,,,,,,,
,,,,,9384,30.767384,29,,,,,,,,
,,,,,9396,8.18609,12,,,,,,,,
,,,,,9407,9.885305,11,,,,,,,,
,,,,,9429,10.872202,22,,,,,,,,
,,,,,9451,12.650674,22,,,,,,,,
,,,,,9491,61.947994,40,,,,,,,,
,,,,,9506,10.093002,15,,,,,,,,
,,,,,9535,20.018673,29,,,,,,,,
,,,,,9589,43.018368,54,,,,,,,,
,,,,,9599,8.389674,10,,,,,,,,
,,,,,9630,31.152355,31,,,,,,,,
,,,,,9647,11.651638,17,,,,,,,,
,,,,,9683,28.390785,36,,,,,,,,
,,,,,9708,15.439087,25,,,,,,,,
,,,,,9722,11.743121,14,,,,,,,,
,,,,,9747,21.715797,25,,,,,,,,
,,,,,9812,95.378365,65,,,,,,,,
,,,,,9834,23.862715,22,,,,,,,,
,,,,,9847,11.919534,13,,,,,,,,
,,,,,9858,9.234346,11,,,,,,,,
,,,,,9878,12.517263,20,,,,,,,,
,,,,,9910,20.647787,32,,,,,,,,
,,,,,9939,36.16119,29,,,,,,,,
,,,,,9948,7.2711196,9,,,,,,,,
,,,,,9964,12.093492,16,,,,,,,,
21.699852,13.286895,57.97124,10.707711,24.5,10000,,,-0.3499739170074463,1.974548578262329,1.0895676612854004,0.0024610150139778852,0.9713302254676819,0.0003,0.0003,0.1
,,,,,10031,130.40831,67,,,,,,,,
,,,,,10067,10.419427,36,,,,,,,,
,,,,,10076,7.1828103,9,,,,,,,,
,,,,,10090,12.1123495,14,,,,,,,,
,,,,,10115,25.963238,25,,,,,,,,
,,,,,10127,9.187412,12,,,,,,,,
,,,,,10228,158.32443,101,,,,,,,,
,,,,,10338,174.31119,110,,,,,,,,
,,,,,10379,68.798134,41,,,,,,,,
,,,,,10431,94.80911,52,,,,,,,,
,,,,,10470,63.473297,39,,,,,,,,
,,,,,10528,106.2635,58,,,,,,,,
,,,,,10576,81.48371,48,,,,,,,,
,,,,,10608,53.602547,32,,,,,,,,
,,,,,10655,80.79869,47,,,,,,,,
,,,,,10701,80.57217,46,,,,,,,,
,,,,,10743,68.781136,42,,,,,,,,
,,,,,10794,88.10985,51,,,,,,,,
,,,,,10828,55.360256,34,,,,,,,,
,,,,,10862,55.917587,34,,,,,,,,
,,,,,10898,59.308407,36,,,,,,,,
,,,,,10935,61.488674,37,,,,,,,,
,,,,,10985,88.01448,50,,,,,,,,
,,,,,11000,,,-6.548864841461182,0.34135735034942627,0.6101007461547852,5.995815277099609,6.028434753417969,0.0003,0.0003,0.1
,,,,,11024,64.42227,39,,,,,,,,
,,,,,11056,51.9322,32,,,,,,,,
,,,,,11093,60.229416,37,,,,,,,,
,,,,,11124,51.532516,31,,,,,,,,
,,,,,11166,71.48276,42,,,,,,,,
,,,,,11215,86.62101,49,,,,,,,,
,,,,,11253,64.03436,38,,,,,,,,
,,,,,11284,50.38687,31,,,,,,,,
,,,,,11317,53.047028,33,,,,,,,,
,,,,,11354,59.732334,37,,,,,,,,
,,,,,11385,51.76647,31,,,,,,,,
,,,,,11485,228.68924,100,,,,,,,,
,,,,,11533,83.34546,48,,,,,,,,
,,,,,11610,167.24445,77,,,,,,,,
,,,,,11692,179.16843,82,,,,,,,,
,,,,,11784,215.5117,92,,,,,,,,
,,,,,11867,175.86517,83,,,,,,,,
,,,,,11953,191.71887,86,,,,,,,,
,,,,,12000,,,-14.733487129211426,-1.2698190212249756,1.677811861038208,13.560867309570312,13.345878601074219,0.0003,0.0003,0.1
,,,,,12038,188.79688,85,,,,,,,,
,,,,,12125,194.08878,87,,,,,,,,
,,,,,12217,206.66797,92,,,,,,,,
,,,,,12302,188.34807,85,,,,,,,,
,,,,,12388,190.09663,86,,,,,,,,
,,,,,12475,190.1843,87,,,,,,,,
,,,,,12563,183.46686,88,,,,,,,,
,,,,,12650,175.54121,87,,,,,,,,
,,,,,12739,192.84685,89,,,,,,,,
,,,,,12823,181.41307,84,,,,,,,,
,,,,,12911,193.8159,88,,,,,,,,
,,,,,12997,186.86668,86,,,,,,,,
,,,,,13000,,,-22.986988067626953,-1.844616174697876,4.4385786056518555,21.136703491210938,21.118324279785156,0.0003,0.0003,0.1
,,,,,13096,217.36168,99,,,,,,,,
,,,,,13199,236.14253,103,,,,,,,,
,,,,,13283,185.00633,84,,,,,,,,
,,,,,13383,226.57458,100,,,,,,,,
,,,,,13471,195.24916,88,,,,,,,,
,,,,,13562,194.51422,91,,,,,,,,
,,,,,13651,191.22212,89,,,,,,,,
,,,,,13744,203.43105,93,,,,,,,,
,,,,,13837,207.65608,93,,,,,,,,
,,,,,13923,186.34055,86,,,,,,,,
,,,,,14000,,,-32.556209564208984,-1.4660440683364868,4.916441440582275,30.81549835205078,30.854995727539062,0.0003,0.0003,0.1
,,,,,14020,223.93303,97,,,,,,,,
,,,,,14111,202.19154,91,,,,,,,,
,,,,,14198,187.96687,87,,,,,,,,
,,,,,14295,217.90572,97,,,,,,,,
,,,,,14381,183.85585,86,,,,,,,,
,,,,,14473,205.55269,92,,,,,,,,
,,,,,14561,194.90735,88,,,,,,,,
,,,,,14648,191.87428,87,,,,,,,,
,,,,,14740,204.52856,92,,,,,,,,
,,,,,14824,178.79088,84,,,,,,,,
,,,,,14914,206.14537,90,,,,,,,,
190.3652,9.470411,209.44807,177.90694,87.9,15000,,,-41.429656982421875,-1.4744560718536377,10.456286430358887,38.888179779052734,38.41529083251953,0.0003,0.0003,0.1
,,,,,15001,189.37904,87,,,,,,,,
,,,,,15091,208.60287,90,,,,,,,,
,,,,,15184,189.78325,93,,,,,,,,
,,,,,15270,187.74554,86,,,,,,,,
,,,,,15362,199.00552,92,,,,,,,,
,,,,,15459,218.17274,97,,,,,,,,
,,,,,15560,229.55995,101,,,,,,,,
,,,,,15667,227.62392,107,,,,,,,,
,,,,,15763,211.09705,96,,,,,,,,
,,,,,15791,48.30298,28,,,,,,,,
,,,,,15891,227.94705,100,,,,,,,,
,,,,,15998,231.11475,107,,,,,,,,
,,,,,16000,,,-50.0794792175293,-1.138878345489502,4.8654069900512695,47.36293411254883,47.15768051147461,0.0003,0.0003,0.1
,,,,,16028,53.30478,30,,,,,,,,
,,,,,16128,201.78827,100,,,,,,,,
,,,,,16222,209.99718,94,,,,,,,,
,,,,,16320,217.5933,98,,,,,,,,
,,,,,16424,221.21802,104,,,,,,,,
,,,,,16522,204.81093,98,,,,,,,,
,,,,,16644,256.5363,122,,,,,,,,
,,,,,16740,196.7577,96,,,,,,,,
,,,,,16863,261.30057,123,,,,,,,,
,,,,,16892,51.96926,29,,,,,,,,
,,,,,17000,,,-59.959068298339844,-1.0823163986206055,5.828934192657471,56.96480178833008,57.26506805419922,0.0003,0.0003,0.1
,,,,,17004,249.05486,112,,,,,,,,
,,,,,17096,181.80585,92,,,,,,,,
,,,,,17198,239.83954,102,,,,,,,,
,,,,,17294,208.00476,96,,,,,,,,
,,,,,17392,219.98856,98,,,,,,,,
,,,,,17491,226.65361,99,,,,,,,,
,,,,,17587,220.96361,96,,,,,,,,
,,,,,17677,184.63486,90,,,,,,,,
,,,,,17778,236.9822,101,,,,,,,,
,,,,,17879,221.50919,101,,,,,,,,
,,,,,17975,213.5721,96,,,,,,,,
,,,,,18000,,,-65.19697570800781,-1.0146136283874512,6.143563270568848,62.42515182495117,62.849666595458984,0.0003,0.0003,0.1
,,,,,18077,249.63306,102,,,,,,,,
,,,,,18174,227.62473,97,,,,,,,,
,,,,,18275,239.73523,101,,,,,,,,
,,,,,18378,247.74915,103,,,,,,,,
,,,,,18478,233.3212,100,,,,,,,,
,,,,,18587,271.31808,109,,,,,,,,
,,,,,18682,225.28203,95,,,,,,,,
,,,,,18782,230.5021,100,,,,,,,,
,,,,,18881,235.3556,99,,,,,,,,
,,,,,18985,257.32373,104,,,,,,,,
,,,,,19000,,,-72.73175811767578,-1.2992080450057983,5.084111213684082,69.04631042480469,69.2329330444336,0.0003,0.0003,0.1
,,,,,19086,237.602,101,,,,,,,,
,,,,,19188,240.48012,102,,,,,,,,
,,,,,19284,232.23186,96,,,,,,,,
,,,,,19377,215.46883,93,,,,,,,,
,,,,,19479,248.03183,102,,,,,,,,
,,,,,19579,235.55798,100,,,,,,,,
,,,,,19594,20.45848,15,,,,,,,,
,,,,,19607,16.376883,13,,,,,,,,
,,,,,19709,244.41208,102,,,,,,,,
,,,,,19813,257.08145,104,,,,,,,,
,,,,,19920,268.03537,107,,,,,,,,
261.74524,7.5538583,270.42368,243.02222,107.3,20000,,,-80.4908218383789,-1.2926568984985352,1.9905500411987305,78.82472229003906,78.79188537597656,0.0003,0.0003,0.1
,,,,,20034,258.6062,114,,,,,,,,
,,,,,20138,266.46222,104,,,,,,,,
,,,,,20246,268.70157,108,,,,,,,,
,,,,,20349,251.51166,103,,,,,,,,
,,,,,20463,264.51147,114,,,,,,,,
,,,,,20569,263.80542,106,,,,,,,,
,,,,,20676,264.64456,107,,,,,,,,
,,,,,20786,276.2794,110,,,,,,,,
,,,,,20895,261.91693,109,,,,,,,,
,,,,,21000,260.74878,105,,,,,,,,
,,,,,21000,,,-86.75840759277344,-1.412926435470581,4.867883682250977,84.07662963867188,84.1998291015625,0.0003,0.0003,0.1
,,,,,21105,257.46063,105,,,,,,,,
,,,,,21203,241.27806,98,,,,,,,,
,,,,,21309,249.53555,106,,,,,,,,
,,,,,21414,261.29965,105,,,,,,,,
,,,,,21526,270.2578,112,,,,,,,,
,,,,,21633,264.451,107,,,,,,,,
,,,,,21739,259.72226,106,,,,,,,,
,,,,,21843,252.05394,104,,,,,,,,
,,,,,21955,265.67297,112,,,,,,,,
,,,,,22000,,,-90.04723358154297,-1.64218008518219,33.53832244873047,87.56791687011719,87.15980529785156,0.0003,0.0003,0.1
,,,,,22065,260.0141,110,,,,,,,,
,,,,,22171,267.09286,106,,,,,,,,
,,,,,22278,249.91716,107,,,,,,,,
,,,,,22387,263.15497,109,,,,,,,,
,,,,,22499,276.07523,112,,,,,,,,
,,,,,22613,260.69745,114,,,,,,,,
,,,,,22722,266.22415,109,,,,,,,,
,,,,,22827,256.06494,105,,,,,,,,
,,,,,22943,282.42706,116,,,,,,,,
,,,,,23000,,,-97.27132415771484,-1.9005451202392578,38.100616455078125,94.13621520996094,94.37594604492188,0.0003,0.0003,0.1
,,,,,23057,294.6464,114,,,,,,,,
,,,,,23175,265.27847,118,,,,,,,,
,,,,,23298,283.09662,123,,,,,,,,
,,,,,23419,284.83,121,,,,,,,,
,,,,,23552,324.0331,133,,,,,,,,
,,,,,23668,261.27115,116,,,,,,,,
,,,,,23791,290.1582,123,,,,,,,,
,,,,,23914,289.5211,123,,,,,,,,
,,,,,24000,,,-99.20879364013672,-1.6907620429992676,5.756476879119873,96.58137512207031,96.28466033935547,0.0003,0.0003,0.1
,,,,,24029,249.73337,115,,,,,,,,
,,,,,24147,274.16895,118,,,,,,,,
,,,,,24257,272.30942,110,,,,,,,,
,,,,,24373,275.53052,116,,,,,,,,
,,,,,24495,277.1379,122,,,,,,,,
,,,,,24608,283.8312,113,,,,,,,,
,,,,,24727,298.2611,119,,,,,,,,
,,,,,24840,263.28857,113,,,,,,,,
,,,,,24957,321.1194,117,,,,,,,,
278.97333,15.250296,302.51727,254.96844,122.4,25000,,,-108.90587615966797,-1.4908552169799805,11.615227699279785,105.50289154052734,105.69682312011719,0.0003,0.0003,0.1
,,,,,25078,275.07498,121,,,,,,,,
,,,,,25201,288.76428,123,,,,,,,,
,,,,,25318,267.35672,117,,,,,,,,
,,,,,25430,252.43782,112,,,,,,,,
,,,,,25546,267.89185,116,,,,,,,,
,,,,,25651,246.4503,105,,,,,,,,
,,,,,25764,303.38577,113,,,,,,,,
,,,,,25871,257.16428,107,,,,,,,,
,,,,,25983,254.11322,112,,,,,,,,
,,,,,26000,,,-109.17330169677734,-1.5967302322387695,8.855704307556152,106.58183288574219,106.35233306884766,0.0003,0.0003,0.1
,,,,,26099,318.7587,116,,,,,,,,
,,,,,26213,261.81793,114,,,,,,,,
,,,,,26322,261.56,109,,,,,,,,
,,,,,26434,237.88963,112,,,,,,,,
,,,,,26555,275.7947,121,,,,,,,,
,,,,,26664,232.42453,109,,,,,,,,
,,,,,26776,244.30019,112,,,,,,,,
,,,,,26882,231.12263,106,,,,,,,,
,,,,,26972,207.24516,90,,,,,,,,
,,,,,27000,,,-116.15988159179688,-1.400921106338501,5.447028160095215,114.43094635009766,114.11177062988281,0.0003,0.0003,0.1
,,,,,27069,209.18263,97,,,,,,,,
,,,,,27165,238.23032,96,,,,,,,,
,,,,,27270,248.84384,105,,,,,,,,
,,,,,27364,203.31703,94,,,,,,,,
,,,,,27467,237.968,103,,,,,,,,
,,,,,27573,239.88594,106,,,,,,,,
,,,,,27682,256.06262,109,,,,,,,,
,,,,,27789,246.06438,107,,,,,,,,
,,,,,27901,262.58646,112,,,,,,,,
,,,,,28000,,,-115.49816131591797,-1.8583147525787354,13.628293991088867,112.14171600341797,111.91177368164062,0.0003,0.0003,0.1
,,,,,28013,252.83774,112,,,,,,,,
,,,,,28127,281.2605,114,,,,,,,,
,,,,,28249,299.0957,122,,,,,,,,
,,,,,28366,287.8169,117,,,,,,,,
,,,,,28477,253.488,111,,,,,,,,
,,,,,28590,271.5292,113,,,,,,,,
,,,,,28714,316.6574,124,,,,,,,,
,,,,,28848,345.12048,134,,,,,,,,
,,,,,28973,316.1709,125,,,,,,,,
,,,,,29000,,,-120.93475341796875,-1.8299638032913208,23.63787269592285,116.79679870605469,118.07156372070312,0.0003,0.0003,0.1
,,,,,29097,300.59958,124,,,,,,,,
,,,,,29212,241.83716,115,,,,,,,,
,,,,,29337,310.78052,125,,,,,,,,
,,,,,29467,306.40134,130,,,,,,,,
,,,,,29600,337.31116,133,,,,,,,,
,,,,,29708,221.2396,108,,,,,,,,
,,,,,29856,397.85803,148,,,,,,,,
,,,,,29970,245.2844,114,,,,,,,,
203.97797,130.30183,468.48438,59.50666,89.9,30000,,,-125.73480987548828,-1.9410167932510376,37.85616683959961,122.10517883300781,122.59850311279297,0.0003,0.0003,0.1
,,,,,30097,302.81604,127,,,,,,,,
,,,,,30222,277.93045,125,,,,,,,,
,,,,,30343,255.8455,121,,,,,,,,
,,,,,30513,468.60806,170,,,,,,,,
,,,,,30638,281.92154,125,,,,,,,,
,,,,,30789,406.01263,151,,,,,,,,
,,,,,30820,55.83184,31,,,,,,,,
,,,,,30946,273.98804,126,,,,,,,,
,,,,,31000,,,-129.4371795654297,-1.8220102787017822,8.361166000366211,126.28831481933594,126.37474822998047,0.0003,0.0003,0.1
,,,,,31099,403.85468,153,,,,,,,,
,,,,,31236,300.42572,137,,,,,,,,
,,,,,31365,273.78372,129,,,,,,,,
,,,,,31504,290.63922,139,,,,,,,,
,,,,,31636,287.5194,132,,,,,,,,
,,,,,31771,286.82947,135,,,,,,,,
,,,,,31899,277.12637,128,,,,,,,,
,,,,,32000,,,-131.2048797607422,-2.1437153816223145,19.1149959564209,126.7370834350586,126.50960540771484,0.0003,0.0003,0.1
,,,,,32023,273.1798,124,,,,,,,,
,,,,,32162,301.04584,139,,,,,,,,
,,,,,32285,262.1801,123,,,,,,,,
,,,,,32422,291.70923,137,,,,,,,,
,,,,,32557,306.31107,135,,,,,,,,
,,,,,32690,292.86218,133,,,,,,,,
,,,,,32833,309.80112,143,,,,,,,,
,,,,,32966,283.3122,133,,,,,,,,
,,,,,33000,,,-134.6672821044922,-1.9691135883331299,3.892928123474121,131.8190460205078,131.2375946044922,0.0003,0.0003,0.1
,,,,,33093,276.6316,127,,,,,,,,
,,,,,33231,305.81833,138,,,,,,,,
,,,,,33364,288.93707,133,,,,,,,,
,,,,,33490,271.04425,126,,,,,,,,
,,,,,33625,289.2349,135,,,,,,,,
,,,,,33760,286.01123,135,,,,,,,,
,,,,,33907,341.19394,147,,,,,,,,
,,,,,34000,,,-137.6647186279297,-1.8123388290405273,10.046648979187012,134.3441619873047,134.29031372070312,0.0003,0.0003,0.1
,,,,,34049,326.7057,142,,,,,,,,
,,,,,34184,309.01434,135,,,,,,,,
,,,,,34338,364.93884,154,,,,,,,,
,,,,,34478,308.8728,140,,,,,,,,
,,,,,34629,361.55612,151,,,,,,,,
,,,,,34765,307.57025,136,,,,,,,,
,,,,,34900,327.66782,135,,,,,,,,
469.6114,130.15369,622.8601,291.31793,166.2,35000,,,-140.24398803710938,-2.0423583984375,21.909069061279297,136.8584747314453,136.05125427246094,0.0003,0.0003,0.1
,,,,,35079,554.9783,179,,,,,,,,
,,,,,35208,282.9328,129,,,,,,,,
,,,,,35401,586.16,193,,,,,,,,
,,,,,35593,587.9386,192,,,,,,,,
,,,,,35774,539.94037,181,,,,,,,,
,,,,,35953,519.34406,179,,,,,,,,
,,,,,36000,,,-147.7488555908203,-1.3521159887313843,23.2354793548584,143.22186279296875,143.31256103515625,0.0003,0.0003,0.1
,,,,,36093,318.11627,140,,,,,,,,
,,,,,36265,517.8936,172,,,,,,,,
,,,,,36455,529.24835,190,,,,,,,,
,,,,,36614,458.7988,159,,,,,,,,
,,,,,36810,606.5764,196,,,,,,,,
,,,,,36942,306.99588,132,,,,,,,,
,,,,,36966,41.779167,24,,,,,,,,
,,,,,37000,,,-144.3236083984375,-1.2584798336029053,6.496718883514404,140.59677124023438,140.67178344726562,0.0003,0.0003,0.1
,,,,,37155,541.477,189,,,,,,,,
,,,,,37326,559.8261,171,,,,,,,,
,,,,,37514,636.22656,188,,,,,,,,
,,,,,37696,599.3776,182,,,,,,,,
,,,,,37871,505.50375,175,,,,,,,,
,,,,,38000,,,-146.89463806152344,-1.8520187139511108,40.028846740722656,140.75997924804688,140.649658203125,0.0003,0.0003,0.1
,,,,,38016,440.44174,145,,,,,,,,
,,,,,38095,153.54245,79,,,,,,,,
,,,,,38127,56.59067,32,,,,,,,,
,,,,,38264,403.5307,137,,,,,,,,
,,,,,38408,441.72,144,,,,,,,,
,,,,,38548,423.20557,140,,,,,,,,
,,,,,38687,407.52124,139,,,,,,,,
,,,,,38830,383.71155,143,,,,,,,,
,,,,,38968,394.39374,138,,,,,,,,
,,,,,39000,,,-148.1126251220703,-1.3021953105926514,8.818448066711426,143.9189453125,143.95315551757812,0.0003,0.0003,0.1
,,,,,39106,378.2888,138,,,,,,,,
,,,,,39242,384.34122,136,,,,,,,,
,,,,,39378,397.9276,136,,,,,,,,
,,,,,39508,369.1217,130,,,,,,,,
,,,,,39659,479.83334,151,,,,,,,,
,,,,,39797,408.45532,138,,,,,,,,
,,,,,39938,439.12222,141,,,,,,,,
379.66763,23.99223,416.95886,343.98694,134.8,40000,,,-147.77122497558594,-1.959326148033142,31.592309951782227,143.88067626953125,143.7308349609375,0.0003,0.0003,0.1
,,,,,40078,396.63425,140,,,,,,,,
,,,,,40210,371.72098,132,,,,,,,,
,,,,,40349,427.08063,139,,,,,,,,
,,,,,40506,490.41776,157,,,,,,,,
,,,,,40671,521.0614,165,,,,,,,,
,,,,,40804,378.42966,133,,,,,,,,
,,,,,40961,504.8684,157,,,,,,,,
,,,,,41000,,,-151.16700744628906,-2.0210750102996826,27.934215545654297,149.03964233398438,148.01730346679688,0.0003,0.0003,0.1
,,,,,41109,461.8106,148,,,,,,,,
,,,,,41252,451.2739,143,,,,,,,,
,,,,,41411,509.4368,159,,,,,,,,
,,,,,41543,378.27432,132,,,,,,,,
,,,,,41687,445.09537,144,,,,,,,,
,,,,,41856,575.1628,169,,,,,,,,
,,,,,42000,,,-160.2357940673828,-1.8406509160995483,15.569533348083496,157.81170654296875,157.96908569335938,0.0003,0.0003,0.1
,,,,,42003,467.904,147,,,,,,,,
,,,,,42170,547.08734,167,,,,,,,,
,,,,,42317,464.4654,147,,,,,,,,
,,,,,42481,531.8285,164,,,,,,,,
,,,,,42661,608.13715,180,,,,,,,,
,,,,,42874,666.3585,213,,,,,,,,
,,,,,43000,,,-157.2950439453125,-2.4417476654052734,59.51702117919922,154.6721649169922,153.99685668945312,0.0003,0.0003,0.1
,,,,,43015,383.3339,141,,,,,,,,
,,,,,43201,542.966,186,,,,,,,,
,,,,,43358,518.59686,157,,,,,,,,
,,,,,43497,418.2303,139,,,,,,,,
,,,,,43655,503.45322,158,,,,,,,,
,,,,,43814,488.2418,159,,,,,,,,
,,,,,43990,594.58295,176,,,,,,,,
,,,,,44000,,,-162.36294555664062,-2.2275121212005615,11.47801399230957,158.9158477783203,158.80941772460938,0.0003,0.0003,0.1
,,,,,44145,477.95258,155,,,,,,,,
,,,,,44342,616.54517,197,,,,,,,,
,,,,,44501,468.14252,159,,,,,,,,
,,,,,44674,560.2381,173,,,,,,,,
,,,,,44845,542.35297,171,,,,,,,,
520.46027,39.174545,577.90784,437.68604,165.5,45000,,,-156.80142211914062,-1.998967170715332,14.551810264587402,152.98703002929688,152.50009155273438,0.0003,0.0003,0.1
,,,,,45014,550.017,169,,,,,,,,
,,,,,45162,463.625,148,,,,,,,,
,,,,,45322,514.6129,160,,,,,,,,
,,,,,45500,583.9295,178,,,,,,,,
,,,,,45654,467.77707,154,,,,,,,,
,,,,,45817,507.08112,163,,,,,,,,
,,,,,45995,552.6341,178,,,,,,,,
,,,,,46000,,,-159.3318634033203,-2.3143365383148193,7.075157165527344,155.5227508544922,155.73338317871094,0.0003,0.0003,0.1
,,,,,46183,618.3411,188,,,,,,,,
,,,,,46337,468.51236,154,,,,,,,,
,,,,,46523,570.93207,186,,,,,,,,
,,,,,46689,510.31882,166,,,,,,,,
,,,,,46883,656.03,194,,,,,,,,
,,,,,47000,,,-160.95985412597656,-2.491215467453003,10.720730781555176,157.2952423095703,157.10104370117188,0.0003,0.0003,0.1
,,,,,47067,580.1224,184,,,,,,,,
,,,,,47264,667.4778,197,,,,,,,,
,,,,,47440,566.63574,176,,,,,,,,
,,,,,47627,595.08856,187,,,,,,,,
,,,,,47802,529.4602,175,,,,,,,,
,,,,,47989,575.35034,187,,,,,,,,
,,,,,48000,,,-162.38055419921875,-2.1153361797332764,32.165000915527344,158.92147827148438,158.3173370361328,0.0003,0.0003,0.1
,,,,,48187,613.65234,198,,,,,,,,
,,,,,48388,545.8113,201,,,,,,,,
,,,,,48594,547.32153,206,,,,,,,,
,,,,,48796,610.7272,202,,,,,,,,
,,,,,48996,598.7523,200,,,,,,,,
,,,,,49000,,,-174.98446655273438,-1.8809945583343506,16.89133071899414,172.20843505859375,172.39926147460938,0.0003,0.0003,0.1
,,,,,49193,635.88794,197,,,,,,,,
,,,,,49385,555.0716,192,,,,,,,,
,,,,,49564,529.02747,179,,,,,,,,
,,,,,49766,644.2953,202,,,,,,,,
,,,,,49958,585.41895,192,,,,,,,,
467.43634,105.17626,600.8806,303.35208,162.9,50000,,,-170.4346160888672,-2.0512099266052246,9.89309310913086,167.02322387695312,167.5933837890625,0.0003,0.0003,0.1
,,,,,50138,513.33435,180,,,,,,,,
,,,,,50320,537.36053,182,,,,,,,,
,,,,,50512,574.3545,192,,,,,,,,
,,,,,50676,477.9295,164,,,,,,,,
,,,,,50861,581.6895,185,,,,,,,,
,,,,,51000,,,-173.47589111328125,-1.5111501216888428,5.142858505249023,171.44540405273438,171.1370086669922,0.0003,0.0003,0.1
,,,,,51047,541.0655,186,,,,,,,,
,,,,,51261,634.5381,214,,,,,,,,
,,,,,51460,596.66437,199,,,,,,,,
,,,,,51672,615.3607,212,,,,,,,,
,,,,,51883,608.4268,211,,,,,,,,
,,,,,52000,,,-173.2846221923828,-1.7110209465026855,18.181821823120117,169.4353485107422,168.99554443359375,0.0003,0.0003,0.1
,,,,,52101,638.40784,218,,,,,,,,
,,,,,52319,605.1233,218,,,,,,,,
,,,,,52414,194.66408,95,,,,,,,,
,,,,,52626,610.2271,212,,,,,,,,
,,,,,52713,175.40804,87,,,,,,,,
,,,,,52968,763.296,255,,,,,,,,
,,,,,53000,,,-172.58204650878906,-1.6014783382415771,6.690433025360107,171.2845458984375,170.98687744140625,0.0003,0.0003,0.1
,,,,,53243,782.75726,275,,,,,,,,
,,,,,53634,1117.3446,391,,,,,,,,
,,,,,53748,230.97289,114,,,,,,,,
,,,,,54000,,,-173.6769561767578,-1.8422518968582153,11.94887924194336,170.87181091308594,171.3409423828125,0.0003,0.0003,0.1
,,,,,54003,734.73553,255,,,,,,,,
,,,,,54102,183.31729,99,,,,,,,,
,,,,,54328,645.7412,226,,,,,,,,
,,,,,54587,764.6223,259,,,,,,,,
,,,,,54724,283.89035,137,,,,,,,,
,,,,,54905,516.4442,181,,,,,,,,
443.7863,139.58427,639.3037,291.82098,173.0,55000,,,-176.36788940429688,-2.199779510498047,9.144207954406738,172.81884765625,172.45736694335938,0.0003,0.0003,0.1
,,,,,55104,567.65436,199,,,,,,,,
,,,,,55291,549.1827,187,,,,,,,,
,,,,,55462,450.45645,171,,,,,,,,
,,,,,55653,425.81058,191,,,,,,,,
,,,,,55838,460.26498,185,,,,,,,,
,,,,,56000,,,-176.6011962890625,-1.826955795288086,28.401920318603516,172.2167205810547,172.475341796875,0.0003,0.0003,0.1
,,,,,56017,510.49197,179,,,,,,,,
,,,,,56247,658.9649,230,,,,,,,,
,,,,,56429,481.93848,182,,,,,,,,
,,,,,56621,558.4437,192,,,,,,,,
,,,,,56790,434.96606,169,,,,,,,,
,,,,,56935,343.14505,145,,,,,,,,
,,,,,57000,,,-175.3338165283203,-2.036533832550049,17.19722557067871,171.0595245361328,171.36865234375,0.0003,0.0003,0.1
,,,,,57143,637.3886,208,,,,,,,,
,,,,,57339,557.8859,196,,,,,,,,
,,,,,57540,569.23816,201,,,,,,,,
,,,,,57751,696.22504,211,,,,,,,,
,,,,,57943,546.2071,192,,,,,,,,
,,,,,58000,,,-174.7372283935547,-1.7998833656311035,12.764228820800781,171.63360595703125,171.3792724609375,0.0003,0.0003,0.1
,,,,,58158,654.5627,215,,,,,,,,
,,,,,58372,637.78516,214,,,,,,,,
,,,,,58503,305.06973,131,,,,,,,,
,,,,,58718,697.4082,215,,,,,,,,
,,,,,58923,639.17444,205,,,,,,,,
,,,,,59000,,,-174.99485778808594,-1.8466800451278687,16.007558822631836,172.0386505126953,172.18064880371094,0.0003,0.0003,0.1
,,,,,59122,611.0006,199,,,,,,,,
,,,,,59344,681.83215,222,,,,,,,,
,,,,,59527,525.8051,183,,,,,,,,
,,,,,59757,726.7477,230,,,,,,,,
,,,,,60000,774.395,243,,,,,,,,
713.15216,46.154823,797.62103,663.5389,220.4,60000,,,-176.14358520507812,-1.6720068454742432,6.699778079986572,174.78211975097656,175.20462036132812,0.0003,0.0003,0.1
,,,,,60201,651.8721,201,,,,,,,,
,,,,,60330,312.42392,129,,,,,,,,
,,,,,60524,617.9807,194,,,,,,,,
,,,,,60727,630.0034,203,,,,,,,,
,,,,,60922,600.1997,195,,,,,,,,
,,,,,61000,,,-175.03517150878906,-2.4789600372314453,13.26074504852295,172.02980041503906,172.75396728515625,0.0003,0.0003,0.1
,,,,,61088,442.92703,166,,,,,,,,
,,,,,61270,541.705,182,,,,,,,,
,,,,,61489,741.686,219,,,,,,,,
,,,,,61712,711.21533,223,,,,,,,,
,,,,,61938,731.1312,226,,,,,,,,
,,,,,62000,,,-183.37789916992188,-1.4897587299346924,5.525345325469971,180.88558959960938,180.88027954101562,0.0003,0.0003,0.1
,,,,,62151,699.29663,213,,,,,,,,
,,,,,62331,524.27435,180,,,,,,,,
,,,,,62537,654.10394,206,,,,,,,,
,,,,,62737,635.54407,200,,,,,,,,
,,,,,62947,698.1058,210,,,,,,,,
,,,,,63000,,,-183.6713409423828,-1.7465426921844482,14.727325439453125,180.42408752441406,180.92086791992188,0.0003,0.0003,0.1
,,,,,63099,403.4221,152,,,,,,,,
,,,,,63316,698.74457,217,,,,,,,,
,,,,,63500,559.2256,184,,,,,,,,
,,,,,63706,665.1953,206,,,,,,,,
,,,,,63941,761.8513,235,,,,,,,,
,,,,,64000,,,-174.1672821044922,-2.4355392456054688,126.38670349121094,169.02244567871094,167.96571350097656,0.0003,0.0003,0.1
,,,,,64174,748.5295,233,,,,,,,,
,,,,,64402,743.39923,228,,,,,,,,
,,,,,64646,812.26434,244,,,,,,,,
,,,,,64860,685.18274,214,,,,,,,,
637.51843,194.16177,781.0547,71.004456,198.3,65000,,,-181.13656616210938,-2.0853652954101562,6.734641075134277,177.17550659179688,176.93609619140625,0.0003,0.0003,0.1
,,,,,65071,671.0499,211,,,,,,,,
,,,,,65312,801.6138,241,,,,,,,,
,,,,,65525,684.9676,213,,,,,,,,
,,,,,65745,714.37665,220,,,,,,,,
,,,,,65958,694.6447,213,,,,,,,,
,,,,,66000,,,-180.9559326171875,-1.8512780666351318,6.252007007598877,178.4507293701172,178.49093627929688,0.0003,0.0003,0.1
,,,,,66159,667.77966,201,,,,,,,,
,,,,,66375,697.70135,216,,,,,,,,
,,,,,66586,668.9063,211,,,,,,,,
,,,,,66798,689.9432,212,,,,,,,,
,,,,,67000,,,-187.97967529296875,-1.9453779458999634,21.968143463134766,185.39144897460938,185.54656982421875,0.0003,0.0003,0.1
,,,,,67003,656.577,205,,,,,,,,
,,,,,67230,748.20123,227,,,,,,,,
,,,,,67440,680.0627,210,,,,,,,,
,,,,,67644,705.61237,204,,,,,,,,
,,,,,67913,903.2092,269,,,,,,,,
,,,,,68000,,,-187.60955810546875,-2.310150146484375,11.638917922973633,184.71461486816406,185.0303192138672,0.0003,0.0003,0.1
,,,,,68139,723.2758,226,,,,,,,,
,,,,,68339,691.11383,200,,,,,,,,
,,,,,68547,715.58124,208,,,,,,,,
,,,,,68772,681.28784,225,,,,,,,,
,,,,,68979,704.24005,207,,,,,,,,
,,,,,69000,,,-189.3360137939453,-1.7784370183944702,15.804778099060059,185.8271942138672,185.828369140625,0.0003,0.0003,0.1
,,,,,69200,734.5801,221,,,,,,,,
,,,,,69408,698.9566,208,,,,,,,,
,,,,,69699,907.3544,291,,,,,,,,
,,,,,69736,62.470795,37,,,,,,,,
,,,,,69947,663.2449,211,,,,,,,,
757.05,75.202965,898.25714,647.96173,231.8,70000,,,-188.24635314941406,-2.190345287322998,21.23314094543457,184.30380249023438,184.51271057128906,0.0003,0.0003,0.1
,,,,,70117,481.95303,170,,,,,,,,
,,,,,70357,777.8779,240,,,,,,,,
,,,,,70575,724.47424,218,,,,,,,,
,,,,,70858,943.4413,283,,,,,,,,
,,,,,71000,,,-190.86700439453125,-2.040065050125122,4.3289008140563965,189.46871948242188,189.8435821533203,0.0003,0.0003,0.1
,,,,,71128,908.83105,270,,,,,,,,
,,,,,71363,761.7722,235,,,,,,,,
,,,,,71627,878.6719,264,,,,,,,,
,,,,,71838,696.76215,211,,,,,,,,
,,,,,72000,,,-183.77113342285156,-2.1237998008728027,12.45608901977539,181.510498046875,182.0718536376953,0.0003,0.0003,0.1
,,,,,72052,659.4404,214,,,,,,,,
,,,,,72276,720.6949,224,,,,,,,,
,,,,,72510,727.86646,234,,,,,,,,
,,,,,72733,690.75854,223,,,,,,,,
,,,,,73000,,,-196.55545043945312,-1.5720469951629639,6.3299641609191895,194.9486541748047,195.36285400390625,0.0003,0.0003,0.1
,,,,,73001,894.0951,268,,,,,,,,
,,,,,73220,682.159,219,,,,,,,,
,,,,,73497,917.8161,277,,,,,,,,
,,,,,73794,940.83966,297,,,,,,,,
,,,,,74000,,,-187.1738739013672,-1.9823274612426758,8.34918212890625,185.53724670410156,185.24371337890625,0.0003,0.0003,0.1
,,,,,74036,802.25916,242,,,,,,,,
,,,,,74262,722.3506,226,,,,,,,,
,,,,,74508,787.67755,246,,,,,,,,
,,,,,74718,631.991,210,,,,,,,,
696.59094,78.37573,924.49786,632.9715,223.4,75000,,,-190.44017028808594,-2.2337708473205566,15.487003326416016,186.29135131835938,186.28082275390625,0.0003,0.0003,0.1
,,,,,75008,924.6335,290,,,,,,,,
,,,,,75222,682.0914,214,,,,,,,,
,,,,,75499,894.1689,277,,,,,,,,
,,,,,75702,676.1689,203,,,,,,,,
,,,,,75920,659.9105,218,,,,,,,,
,,,,,76000,,,-195.75927734375,-2.1759161949157715,14.461596488952637,192.9552001953125,192.34213256835938,0.0003,0.0003,0.1
,,,,,76133,624.93164,213,,,,,,,,
,,,,,76364,711.10547,231,,,,,,,,
,,,,,76584,658.9544,220,,,,,,,,
,,,,,76818,743.4793,234,,,,,,,,
,,,,,77000,,,-193.96224975585938,-1.738872766494751,4.50310754776001,192.75146484375,192.8978271484375,0.0003,0.0003,0.1
,,,,,77083,868.51526,265,,,,,,,,
,,,,,77291,629.8985,208,,,,,,,,
,,,,,77506,664.33966,215,,,,,,,,
,,,,,77745,725.55054,239,,,,,,,,
,,,,,77968,684.4877,223,,,,,,,,
,,,,,78000,,,-202.29812622070312,-1.8528993129730225,13.304052352905273,200.4026336669922,200.2145538330078,0.0003,0.0003,0.1
,,,,,78177,638.23334,209,,,,,,,,
,,,,,78448,851.3695,271,,,,,,,,
,,,,,78685,751.90125,237,,,,,,,,
,,,,,78892,613.6395,207,,,,,,,,
,,,,,79000,,,-201.49581909179688,-1.870438814163208,86.59859466552734,199.43695068359375,198.76710510253906,0.0003,0.0003,0.1
,,,,,79128,721.87506,236,,,,,,,,
,,,,,79351,699.36884,223,,,,,,,,
,,,,,79568,696.1472,217,,,,,,,,
,,,,,79778,634.46924,210,,,,,,,,
,,,,,79984,620.9313,206,,,,,,,,
643.1056,83.235985,879.2324,586.2452,217.0,80000,,,-194.89215087890625,-2.103956937789917,21.328914642333984,192.7502899169922,192.49676513671875,0.0003,0.0003,0.1
,,,,,80197,615.8593,213,,,,,,,,
,,,,,80397,580.1439,200,,,,,,,,
,,,,,80628,711.5798,231,,,,,,,,
,,,,,80862,723.36475,234,,,,,,,,
,,,,,81000,,,-199.48411560058594,-1.944762110710144,11.608552932739258,196.85488891601562,197.07611083984375,0.0003,0.0003,0.1
,,,,,81073,613.798,211,,,,,,,,
,,,,,81302,721.1017,229,,,,,,,,
,,,,,81525,668.3466,223,,,,,,,,
,,,,,81747,665.39484,222,,,,,,,,
,,,,,82000,,,-203.0354461669922,-1.911320686340332,5.441013336181641,199.76048278808594,199.93148803710938,0.0003,0.0003,0.1
,,,,,82021,915.6834,274,,,,,,,,
,,,,,82288,887.6939,267,,,,,,,,
,,,,,82530,715.7057,242,,,,,,,,
,,,,,82815,883.964,285,,,,,,,,
,,,,,83000,,,-203.00604248046875,-1.8272979259490967,12.682748794555664,201.29776000976562,201.82789611816406,0.0003,0.0003,0.1
,,,,,83048,725.2165,233,,,,,,,,
,,,,,83316,822.7841,268,,,,,,,,
,,,,,83529,619.03076,213,,,,,,,,
,,,,,83773,762.7155,244,,,,,,,,
,,,,,83988,632.8265,215,,,,,,,,
,,,,,84000,,,-202.1655731201172,-1.8242528438568115,7.221131801605225,200.3363037109375,200.84439086914062,0.0003,0.0003,0.1
,,,,,84222,750.3126,234,,,,,,,,
,,,,,84442,706.6182,220,,,,,,,,
,,,,,84652,676.1305,210,,,,,,,,
,,,,,84863,626.24695,211,,,,,,,,
753.68445,102.80842,997.35876,625.41064,240.3,85000,,,-199.5027313232422,-2.418731451034546,9.994053840637207,195.42880249023438,195.33865356445312,0.0003,0.0003,0.1
,,,,,85125,830.78577,262,,,,,,,,
,,,,,85337,618.73706,212,,,,,,,,
,,,,,85561,746.3691,224,,,,,,,,
,,,,,85775,630.93384,214,,,,,,,,
,,,,,85985,614.6596,210,,,,,,,,
,,,,,86000,,,-192.94898986816406,-2.4475178718566895,16.11347198486328,189.05140686035156,189.77294921875,0.0003,0.0003,0.1
,,,,,86202,640.42584,217,,,,,,,,
,,,,,86472,860.9371,270,,,,,,,,
,,,,,86685,631.796,213,,,,,,,,
,,,,,86922,729.83453,237,,,,,,,,
,,,,,87000,,,-202.78123474121094,-2.464535713195801,6.005921363830566,200.09951782226562,199.59603881835938,0.0003,0.0003,0.1
,,,,,87190,809.4301,268,,,,,,,,
,,,,,87464,918.6465,274,,,,,,,,
,,,,,87766,1042.9626,302,,,,,,,,
,,,,,88000,,,-206.150390625,-1.9432865381240845,7.816095352172852,205.0404815673828,204.84686279296875,0.0003,0.0003,0.1
,,,,,88016,801.30164,250,,,,,,,,
,,,,,88403,1215.6594,387,,,,,,,,
,,,,,88618,649.749,215,,,,,,,,
,,,,,88870,832.53174,252,,,,,,,,
,,,,,89000,,,-196.0766143798828,-2.366133451461792,17.353919982910156,191.74673461914062,192.31591796875,0.0003,0.0003,0.1
,,,,,89101,713.4067,231,,,,,,,,
,,,,,89454,1162.0762,353,,,,,,,,
,,,,,89747,963.2334,293,,,,,,,,
,,,,,89997,821.54535,250,,,,,,,,
828.8369,109.75134,1086.8135,687.9901,259.3,90000,,,-205.8692169189453,-1.8765367269515991,10.450056076049805,202.43348693847656,202.56439208984375,0.0003,0.0003,0.1
,,,,,90210,712.1032,213,,,,,,,,
,,,,,90518,979.4396,308,,,,,,,,
,,,,,90811,934.04785,293,,,,,,,,
,,,,,91000,,,-204.25994873046875,-2.384673595428467,11.20569896697998,201.56716918945312,201.87765502929688,0.0003,0.0003,0.1
,,,,,91145,1031.8711,334,,,,,,,,
,,,,,91409,860.97626,264,,,,,,,,
,,,,,91696,977.6391,287,,,,,,,,
,,,,,91956,774.9748,260,,,,,,,,
,,,,,92000,,,-209.57254028320312,-2.191512107849121,44.84989547729492,204.92706298828125,204.9565887451172,0.0003,0.0003,0.1
,,,,,92227,917.55994,271,,,,,,,,
,,,,,92497,900.9192,270,,,,,,,,
,,,,,92790,1008.4268,293,,,,,,,,
,,,,,93000,,,-213.234375,-1.9191069602966309,8.59992504119873,209.42625427246094,208.99012756347656,0.0003,0.0003,0.1
,,,,,93082,944.43134,292,,,,,,,,
,,,,,93385,1053.3948,303,,,,,,,,
,,,,,93643,876.32416,258,,,,,,,,
,,,,,93895,781.1178,252,,,,,,,,
,,,,,94000,,,-208.0176239013672,-2.2067363262176514,8.45309829711914,204.673095703125,204.5037384033203,0.0003,0.0003,0.1
,,,,,94138,805.03534,243,,,,,,,,
,,,,,94429,1009.11804,291,,,,,,,,
,,,,,94679,823.72797,250,,,,,,,,
,,,,,94915,774.70935,236,,,,,,,,
886.7684,53.647316,984.1534,800.41833,273.2,95000,,,-213.02626037597656,-1.7920880317687988,11.727201461791992,210.8040313720703,210.4652557373047,0.0003,0.0003,0.1
,,,,,95185,895.96405,270,,,,,,,,
,,,,,95469,890.87585,284,,,,,,,,
,,,,,95759,900.6459,290,,,,,,,,
,,,,,96000,,,-205.69004821777344,-1.833092212677002,6.420855522155762,203.9190673828125,204.17776489257812,0.0003,0.0003,0.1
,,,,,96008,830.80023,249,,,,,,,,
,,,,,96267,854.73096,259,,,,,,,,
,,,,,96528,837.51965,261,,,,,,,,
,,,,,96791,879.0596,263,,,,,,,,
,,,,,97000,,,-212.60250854492188,-1.7762794494628906,7.8997673988342285,211.40118408203125,211.6900177001953,0.0003,0.0003,0.1
,,,,,97066,900.5374,275,,,,,,,,
,,,,,97346,966.02484,280,,,,,,,,
,,,,,97608,853.1561,262,,,,,,,,
,,,,,97840,728.63745,232,,,,,,,,
,,,,,98000,,,-203.63204956054688,-2.1018776893615723,11.399994850158691,202.17665100097656,202.3462371826172,0.0003,0.0003,0.1
,,,,,98079,804.44794,239,,,,,,,,
,,,,,98337,860.5379,258,,,,,,,,
,,,,,98586,790.4435,249,,,,,,,,
,,,,,98815,760.4811,229,,,,,,,,
,,,,,99000,,,-199.13760375976562,-1.894185185432434,15.343620300292969,195.876708984375,195.8011474609375,0.0003,0.0003,0.1
,,,,,99086,871.76337,271,,,,,,,,
,,,,,99373,906.6084,287,,,,,,,,
,,,,,99659,917.2737,286,,,,,,,,
,,,,,99886,678.48334,227,,,,,,,,
866.8779,152.57751,1286.323,701.9525,273.3,100000,,,-213.85032653808594,-2.039949655532837,6.551597595214844,211.57464599609375,211.69314575195312,0.0003,0.0003,0.1
,,,,,100150,866.19855,264,,,,,,,,
,,,,,100408,824.0435,258,,,,,,,,
,,,,,100699,905.82135,291,,,,,,,,
,,,,,101000,,,-207.47581481933594,-1.941723346710205,5.579365253448486,205.89556884765625,205.60955810546875,0.0003,0.0003,0.1
,,,,,101031,1096.6489,332,,,,,,,,
,,,,,101279,823.9518,248,,,,,,,,
,,,,,101555,921.2601,276,,,,,,,,
,,,,,101813,836.447,258,,,,,,,,
,,,,,102000,,,-207.8101348876953,-2.095493793487549,8.5732421875,206.63156127929688,206.29473876953125,0.0003,0.0003,0.1
,,,,,102112,926.70184,299,,,,,,,,
,,,,,102360,792.72644,248,,,,,,,,
,,,,,102613,841.858,253,,,,,,,,
,,,,,102881,871.61536,268,,,,,,,,
,,,,,103000,,,-210.49891662597656,-2.3039515018463135,7.010456085205078,208.10678100585938,207.99029541015625,0.0003,0.0003,0.1
,,,,,103127,788.66565,246,,,,,,,,
,,,,,103365,781.791,238,,,,,,,,
,,,,,103612,832.8883,247,,,,,,,,
,,,,,103846,788.2589,234,,,,,,,,
,,,,,104000,,,-212.1710968017578,-1.828820824623108,9.549277305603027,208.82444763183594,208.59127807617188,0.0003,0.0003,0.1
,,,,,104089,798.2643,243,,,,,,,,
,,,,,104333,816.6769,244,,,,,,,,
,,,,,104576,829.5034,243,,,,,,,,
,,,,,104818,790.39453,242,,,,,,,,
780.91296,47.734352,872.8964,717.0719,246.8,105000,,,-215.92642211914062,-1.7941036224365234,6.441135883331299,212.8728485107422,212.95620727539062,0.0003,0.0003,0.1
,,,,,105121,944.53107,303,,,,,,,,
,,,,,105372,815.44653,251,,,,,,,,
,,,,,105610,751.6266,238,,,,,,,,
,,,,,105845,711.70593,235,,,,,,,,
,,,,,106000,,,-213.43167114257812,-1.857619285583496,8.449405670166016,210.6362762451172,210.01856994628906,0.0003,0.0003,0.1
,,,,,106089,814.6419,244,,,,,,,,
,,,,,106366,896.9258,277,,,,,,,,
,,,,,106606,770.1147,240,,,,,,,,
,,,,,106841,759.0846,235,,,,,,,,
,,,,,107000,,,-212.05410766601562,-2.17753529548645,10.915451049804688,210.26170349121094,210.77664184570312,0.0003,0.0003,0.1
,,,,,107091,798.82135,250,,,,,,,,
,,,,,107331,741.2255,240,,,,,,,,
,,,,,107565,737.1806,234,,,,,,,,
,,,,,107791,679.1764,226,,,,,,,,
,,,,,108000,,,-222.92013549804688,-1.7680763006210327,18.487058639526367,220.25274658203125,221.12355041503906,0.0003,0.0003,0.1
,,,,,108090,924.9102,299,,,,,,,,
,,,,,108397,888.4942,307,,,,,,,,
,,,,,108678,886.7255,281,,,,,,,,
,,,,,109000,,,-207.3987274169922,-2.0314340591430664,18.188888549804688,202.71861267089844,203.0708770751953,0.0003,0.0003,0.1
,,,,,109046,1107.3037,368,,,,,,,,
,,,,,109381,1037.805,335,,,,,,,,
,,,,,109822,1317.2112,441,,,,,,,,
1108.4489,438.62708,2043.3859,751.9782,353.9,110000,,,-221.54428100585938,-2.186176061630249,12.422672271728516,217.672607421875,217.743896484375,0.0003,0.0003,0.1
,,,,,110404,1810.1074,582,,,,,,,,
,,,,,110635,724.8156,231,,,,,,,,
,,,,,110883,813.23724,248,,,,,,,,
,,,,,111000,,,-212.6524658203125,-1.7825021743774414,8.157221794128418,211.358154296875,211.8017578125,0.0003,0.0003,0.1
,,,,,111348,1381.1913,465,,,,,,,,
,,,,,111607,795.9478,259,,,,,,,,
,,,,,111888,886.6648,281,,,,,,,,
,,,,,112000,,,-210.37782287597656,-2.4006905555725098,6.772722244262695,207.86883544921875,208.000244140625,0.0003,0.0003,0.1
,,,,,112128,760.0324,240,,,,,,,,
,,,,,112541,1299.7421,413,,,,,,,,
,,,,,112805,844.86676,264,,,,,,,,
,,,,,113000,,,-215.20289611816406,-1.914238691329956,4.780340194702148,213.9265899658203,214.0087890625,0.0003,0.0003,0.1
,,,,,113058,803.23584,253,,,,,,,,
,,,,,113423,1113.6506,365,,,,,,,,
,,,,,113724,899.7427,301,,,,,,,,
,,,,,113971,736.217,247,,,,,,,,
,,,,,114000,,,-217.943359375,-1.9538731575012207,8.659380912780762,215.30828857421875,215.2533416748047,0.0003,0.0003,0.1
,,,,,114281,929.7954,310,,,,,,,,
,,,,,114674,1237.3601,393,,,,,,,,
,,,,,114933,782.98376,259,,,,,,,,
1041.4978,313.32275,1784.7037,737.40063,343.4,115000,,,-211.41188049316406,-1.8671345710754395,13.458309173583984,208.34478759765625,208.2504425048828,0.0003,0.0003,0.1
,,,,,115211,902.4517,278,,,,,,,,
,,,,,115450,731.0922,239,,,,,,,,
,,,,,115693,725.24756,243,,,,,,,,
,,,,,116000,,,-217.57696533203125,-1.7859059572219849,5.43782901763916,214.52944946289062,214.71678161621094,0.0003,0.0003,0.1
,,,,,116223,1553.7158,530,,,,,,,,
,,,,,116813,1740.5436,590,,,,,,,,
,,,,,117000,,,-216.7239532470703,-2.1482720375061035,6.587742805480957,215.7115020751953,215.04058837890625,0.0003,0.0003,0.1
,,,,,117263,1392.8899,450,,,,,,,,
,,,,,117832,1696.7249,569,,,,,,,,
,,,,,118000,,,-218.4859161376953,-1.820359468460083,6.434948921203613,216.1764373779297,216.18045043945312,0.0003,0.0003,0.1
,,,,,118237,1238.432,405,,,,,,,,
,,,,,118652,1285.3275,415,,,,,,,,
,,,,,118900,786.87396,248,,,,,,,,
,,,,,119000,,,-210.17086791992188,-2.27662992477417,12.138423919677734,207.60385131835938,206.94029235839844,0.0003,0.0003,0.1
,,,,,119448,1719.929,548,,,,,,,,
,,,,,119871,1209.8461,423,,,,,,,,
2203.0144,789.2426,3047.8093,575.1889,743.0,120000,,,-221.60377502441406,-1.9598184823989868,7.462940216064453,219.7064971923828,219.1522979736328,0.0003,0.0003,0.1
,,,,,120068,559.49316,197,,,,,,,,
,,,,,120334,868.3013,266,,,,,,,,
,,,,,121000,,,-218.3450469970703,-1.7917470932006836,4.886694431304932,215.92941284179688,216.13543701171875,0.0003,0.0003,0.1
,,,,,121334,2883.3325,1000,,,,,,,,
,,,,,122000,,,-216.06427001953125,-1.9368220567703247,11.430691719055176,214.22091674804688,214.13858032226562,0.0003,0.0003,0.1
,,,,,122334,2933.3142,1000,,,,,,,,
,,,,,123000,,,-218.23223876953125,-1.648014783859253,8.162788391113281,216.93910217285156,216.83241271972656,0.0003,0.0003,0.1
,,,,,123304,2994.9985,970,,,,,,,,
,,,,,123995,2135.8562,691,,,,,,,,
,,,,,124000,,,-222.24830627441406,-2.1328346729278564,13.279870986938477,220.0927734375,219.6089630126953,0.0003,0.0003,0.1
,,,,,124679,2086.7776,684,,,,,,,,
,,,,,124993,1066.9644,314,,,,,,,,
2293.7703,739.692,3035.0413,938.23755,730.6,125000,,,-228.09010314941406,-1.6547518968582153,6.718534469604492,226.1217041015625,226.86300659179688,0.0003,0.0003,0.1
,,,,,125848,2635.2825,855,,,,,,,,
,,,,,126000,,,-218.78614807128906,-2.13824200630188,4.444185733795166,215.81666564941406,215.66311645507812,0.0003,0.0003,0.1
,,,,,126848,2990.296,1000,,,,,,,,
,,,,,127000,,,-218.52865600585938,-1.6610523462295532,8.398746490478516,216.78302001953125,216.5897216796875,0.0003,0.0003,0.1
,,,,,127848,2978.2915,1000,,,,,,,,
,,,,,128000,,,-214.98165893554688,-2.102402687072754,12.531975746154785,211.62013244628906,211.19845581054688,0.0003,0.0003,0.1
,,,,,128066,710.46326,218,,,,,,,,
,,,,,128519,1449.9185,453,,,,,,,,
,,,,,129000,,,-219.10546875,-2.080580711364746,16.033464431762695,217.1973876953125,217.60394287109375,0.0003,0.0003,0.1
,,,,,129519,2927.2617,1000,,,,,,,,
,,,,,129738,703.0729,219,,,,,,,,
1977.1254,920.63257,2993.026,965.10205,636.5,130000,,,-221.0501251220703,-1.9984396696090698,7.6323442459106445,219.75755310058594,220.12594604492188,0.0003,0.0003,0.1
,,,,,130738,2969.005,1000,,,,,,,,
,,,,,131000,,,-224.54296875,-1.9171018600463867,6.67093563079834,222.92489624023438,223.16250610351562,0.0003,0.0003,0.1
,,,,,131738,2979.9001,1000,,,,,,,,
,,,,,132000,,,-228.81369018554688,-1.6654096841812134,8.743029594421387,227.4058380126953,227.63314819335938,0.0003,0.0003,0.1
,,,,,132280,1720.8381,542,,,,,,,,
,,,,,133000,,,-223.58255004882812,-1.8632895946502686,5.681264400482178,221.54029846191406,221.73159790039062,0.0003,0.0003,0.1
,,,,,133280,3104.3623,1000,,,,,,,,
,,,,,133606,1154.8611,326,,,,,,,,
,,,,,133885,948.9034,279,,,,,,,,
,,,,,134000,,,-217.6312713623047,-1.8818737268447876,8.296985626220703,213.68356323242188,214.0601806640625,0.0003,0.0003,0.1
,,,,,134885,3105.9312,1000,,,,,,,,
1598.5844,958.1214,3066.1135,835.3521,498.3,135000,,,-223.248779296875,-1.7298247814178467,6.956831932067871,220.0511932373047,219.7764892578125,0.0003,0.0003,0.1
,,,,,135252,1290.8429,367,,,,,,,,
,,,,,135732,1704.87,480,,,,,,,,
,,,,,136000,,,-226.91455078125,-1.9656566381454468,7.299386978149414,225.28761291503906,225.1052703857422,0.0003,0.0003,0.1
,,,,,136009,970.4474,277,,,,,,,,
,,,,,136354,1221.7507,345,,,,,,,,
,,,,,136645,925.177,291,,,,,,,,
,,,,,136929,874.4154,284,,,,,,,,
,,,,,137000,,,-222.0526580810547,-1.754515290260315,11.94091510772705,219.68226623535156,219.29278564453125,0.0003,0.0003,0.1
,,,,,137929,3181.2976,1000,,,,,,,,
,,,,,138000,,,-227.7993621826172,-1.737565279006958,7.6530303955078125,225.71530151367188,225.34121704101562,0.0003,0.0003,0.1
,,,,,138197,913.3165,268,,,,,,,,
,,,,,138595,1354.8318,398,,,,,,,,
,,,,,138993,1400.5455,398,,,,,,,,
,,,,,139000,,,-228.55572509765625,-1.6364363431930542,5.5753889083862305,227.44122314453125,227.37545776367188,0.0003,0.0003,0.1
,,,,,139331,1205.2178,338,,,,,,,,
,,,,,139568,795.4058,237,,,,,,,,
1076.4141,177.84111,1361.8496,866.6135,308.3,140000,,,-220.0210418701172,-2.0290040969848633,4.694857597351074,217.18646240234375,216.94656372070312,0.0003,0.0003,0.1
,,,,,140568,3198.9126,1000,,,,,,,,
,,,,,140940,1323.6335,372,,,,,,,,
,,,,,141000,,,-223.28494262695312,-1.692055583000183,13.721202850341797,219.901123046875,220.0699920654297,0.0003,0.0003,0.1
,,,,,141286,1219.7863,346,,,,,,,,
,,,,,141646,1183.0146,360,,,,,,,,
,,,,,141966,1089.3358,320,,,,,,,,
,,,,,142000,,,-230.39035034179688,-1.7655011415481567,7.278552532196045,227.4292755126953,227.68124389648438,0.0003,0.0003,0.1
,,,,,142171,646.2354,205,,,,,,,,
,,,,,142506,1161.8424,335,,,,,,,,
,,,,,142812,1073.4283,306,,,,,,,,
,,,,,143000,,,-227.78744506835938,-1.5316426753997803,6.489466667175293,226.91021728515625,226.54986572265625,0.0003,0.0003,0.1
,,,,,143096,957.5946,284,,,,,,,,
,,,,,143331,792.28235,235,,,,,,,,
,,,,,143608,957.1196,277,,,,,,,,
,,,,,143944,1165.1465,336,,,,,,,,
,,,,,144000,,,-222.9747314453125,-1.8167343139648438,5.543575286865234,221.85140991210938,222.06158447265625,0.0003,0.0003,0.1
,,,,,144271,1125.1738,327,,,,,,,,
,,,,,144579,1004.6697,308,,,,,,,,
1388.1676,853.0089,3106.8867,742.412,428.4,145000,,,-223.96246337890625,-1.6481077671051025,6.7934112548828125,222.3599395751953,222.6166534423828,0.0003,0.0003,0.1
,,,,,145579,3159.0496,1000,,,,,,,,
,,,,,146000,,,-229.0276641845703,-1.8617947101593018,4.715563774108887,226.44903564453125,226.37893676757812,0.0003,0.0003,0.1
,,,,,146579,3091.9082,1000,,,,,,,,
,,,,,147000,,,-230.97044372558594,-1.5175036191940308,4.972304821014404,229.116943359375,229.26797485351562,0.0003,0.0003,0.1
,,,,,147579,3047.6382,1000,,,,,,,,
,,,,,148000,,,-230.67042541503906,-1.3714993000030518,4.476235389709473,229.60028076171875,229.70045471191406,0.0003,0.0003,0.1
,,,,,148579,3127.8494,1000,,,,,,,,
,,,,,148833,876.95404,254,,,,,,,,
,,,,,149000,,,-226.23538208007812,-1.645350456237793,8.598320007324219,222.13949584960938,221.71572875976562,0.0003,0.0003,0.1
,,,,,149104,941.1136,271,,,,,,,,
,,,,,149476,1296.2408,372,,,,,,,,
,,,,,149821,1214.5339,345,,,,,,,,
566.21625,430.653,1337.7949,78.281746,177.2,150000,,,-227.49522399902344,-1.4397552013397217,5.64357852935791,226.26063537597656,226.37472534179688,0.0003,0.0003,0.1
,,,,,150060,822.3401,239,,,,,,,,
,,,,,150325,894.8018,265,,,,,,,,
,,,,,151000,,,-235.07611083984375,-1.5460259914398193,3.75766658782959,233.40283203125,233.8077392578125,0.0003,0.0003,0.1
,,,,,151325,3105.4565,1000,,,,,,,,
,,,,,151804,1664.2126,479,,,,,,,,
,,,,,152000,,,-227.80613708496094,-1.6799023151397705,7.599271774291992,226.574462890625,226.6829376220703,0.0003,0.0003,0.1
,,,,,152057,829.30994,253,,,,,,,,
,,,,,152357,1026.2045,300,,,,,,,,
,,,,,152674,1076.192,317,,,,,,,,
,,,,,152999,1117.9932,325,,,,,,,,
,,,,,153000,,,-227.12339782714844,-1.8199741840362549,4.535486221313477,225.962646484375,225.9377899169922,0.0003,0.0003,0.1
,,,,,153247,821.7834,248,,,,,,,,
,,,,,153531,963.8435,284,,,,,,,,
,,,,,154000,,,-229.2421875,-1.789569616317749,4.699605941772461,228.1516876220703,228.22952270507812,0.0003,0.0003,0.1
,,,,,154531,3081.4204,1000,,,,,,,,
,,,,,154829,1043.5646,298,,,,,,,,
657.30096,284.80392,1031.0403,356.92783,214.6,155000,,,-223.44223022460938,-1.9612597227096558,30.93113136291504,220.82655334472656,220.79931640625,0.0003,0.0003,0.1
,,,,,155148,1121.7706,319,,,,,,,,
,,,,,155533,1332.7496,385,,,,,,,,
,,,,,155856,1115.874,323,,,,,,,,
,,,,,156000,,,-233.14849853515625,-1.4461596012115479,6.647233963012695,231.013671875,231.070068359375,0.0003,0.0003,0.1
,,,,,156053,611.1835,197,,,,,,,,
,,,,,156258,641.9763,205,,,,,,,,
,,,,,156574,1078.2029,316,,,,,,,,
,,,,,156997,1435.8016,423,,,,,,,,
,,,,,157000,,,-238.07391357421875,-1.4087114334106445,4.914675235748291,236.67807006835938,236.7124481201172,0.0003,0.0003,0.1
,,,,,157276,944.51447,279,,,,,,,,
,,,,,158000,,,-231.370849609375,-1.6629953384399414,3.717803955078125,229.2788848876953,229.0733642578125,0.0003,0.0003,0.1
,,,,,158276,3178.7097,1000,,,,,,,,
,,,,,158561,940.9045,285,,,,,,,,
,,,,,158599,61.95746,38,,,,,,,,
,,,,,158645,77.09998,46,,,,,,,,
,,,,,158912,871.84094,267,,,,,,,,
,,,,,158956,73.25973,44,,,,,,,,
,,,,,159000,,,-232.17987060546875,-1.7171931266784668,12.175490379333496,231.0514678955078,231.7685089111328,0.0003,0.0003,0.1
,,,,,159956,3169.8584,1000,,,,,,,,
913.49054,93.61658,1047.0979,715.9081,269.2,160000,,,-229.2667999267578,-1.277604341506958,4.607208728790283,227.81227111816406,227.92782592773438,0.0003,0.0003,0.1
,,,,,160236,945.6718,280,,,,,,,,
,,,,,160440,638.96,204,,,,,,,,
,,,,,160749,1031.8687,309,,,,,,,,
,,,,,161000,,,-226.8662872314453,-1.8288682699203491,6.558019638061523,225.62228393554688,225.6981964111328,0.0003,0.0003,0.1
,,,,,161045,1021.1027,296,,,,,,,,
,,,,,161318,928.1477,273,,,,,,,,
,,,,,161537,705.4561,219,,,,,,,,
,,,,,161833,1021.8188,296,,,,,,,,
,,,,,162000,,,-234.427001953125,-1.3192046880722046,6.6116533279418945,232.60324096679688,233.05111694335938,0.0003,0.0003,0.1
,,,,,162040,658.0065,207,,,,,,,,
,,,,,162354,1034.9912,314,,,,,,,,
,,,,,162566,670.3352,212,,,,,,,,
,,,,,162829,895.71606,263,,,,,,,,
,,,,,163000,,,-230.40484619140625,-1.9122750759124756,8.430871963500977,229.15859985351562,228.94692993164062,0.0003,0.0003,0.1
,,,,,163159,1127.1534,330,,,,,,,,
,,,,,163475,1086.5303,316,,,,,,,,
,,,,,163842,1272.0374,367,,,,,,,,
,,,,,164000,,,-233.02784729003906,-1.7301732301712036,6.090287685394287,231.41134643554688,231.29864501953125,0.0003,0.0003,0.1
,,,,,164159,1080.3354,317,,,,,,,,
,,,,,164368,660.7367,209,,,,,,,,
,,,,,164621,866.75287,253,,,,,,,,
,,,,,164834,681.81696,213,,,,,,,,
694.844,86.46379,846.807,563.04016,215.4,165000,,,-237.95547485351562,-1.8115699291229248,12.255781173706055,236.05169677734375,235.95416259765625,0.0003,0.0003,0.1
,,,,,165175,1191.4413,341,,,,,,,,
,,,,,165393,720.5642,218,,,,,,,,
,,,,,165672,933.2785,279,,,,,,,,
,,,,,165892,733.41644,220,,,,,,,,
,,,,,166000,,,-230.46075439453125,-1.458054542541504,6.1162872314453125,229.53042602539062,229.67227172851562,0.0003,0.0003,0.1
,,,,,166216,1110.926,324,,,,,,,,
,,,,,166451,789.51117,235,,,,,,,,
,,,,,166707,864.3585,256,,,,,,,,
,,,,,167000,,,-238.51075744628906,-1.4508709907531738,8.68696117401123,234.87527465820312,234.55389404296875,0.0003,0.0003,0.1
,,,,,167001,992.8799,294,,,,,,,,
,,,,,167262,881.40283,261,,,,,,,,
,,,,,167466,626.0442,204,,,,,,,,
,,,,,167770,1049.3542,304,,,,,,,,
,,,,,168000,,,-231.24888610839844,-1.6176245212554932,3.781968116760254,230.0683135986328,229.865234375,0.0003,0.0003,0.1
,,,,,168029,883.8727,259,,,,,,,,
,,,,,168305,929.766,276,,,,,,,,
,,,,,168521,725.1598,216,,,,,,,,
,,,,,168783,861.1294,262,,,,,,,,
,,,,,169000,,,-238.60128784179688,-1.4364867210388184,4.536628723144531,237.62939453125,237.52154541015625,0.0003,0.0003,0.1
,,,,,169042,849.71936,259,,,,,,,,
,,,,,169423,1319.9928,381,,,,,,,,
,,,,,169789,1227.7235,366,,,,,,,,
763.99255,107.34619,890.6134,575.7428,234.5,170000,,,-232.5176544189453,-1.3609795570373535,5.159560203552246,229.26231384277344,228.92236328125,0.0003,0.0003,0.1
,,,,,170056,894.5212,267,,,,,,,,
,,,,,170279,725.21906,223,,,,,,,,
,,,,,170509,756.3309,230,,,,,,,,
,,,,,170728,706.73663,219,,,,,,,,
,,,,,171000,,,-231.91552734375,-1.422264575958252,11.162115097045898,230.84909057617188,231.1485595703125,0.0003,0.0003,0.1
,,,,,171003,890.9295,275,,,,,,,,
,,,,,171283,915.32556,280,,,,,,,,
,,,,,171497,681.8241,214,,,,,,,,
,,,,,171778,916.2666,281,,,,,,,,
,,,,,172000,,,-245.76480102539062,-1.3439230918884277,2.900303840637207,244.79798889160156,244.77027893066406,0.0003,0.0003,0.1
,,,,,172004,748.9461,226,,,,,,,,
,,,,,172269,896.9112,265,,,,,,,,
,,,,,172553,969.92914,284,,,,,,,,
,,,,,172892,1170.3407,339,,,,,,,,
,,,,,173000,,,-230.5433807373047,-1.5339176654815674,3.205953359603882,228.05416870117188,227.7940673828125,0.0003,0.0003,0.1
,,,,,173128,812.3128,236,,,,,,,,
,,,,,173371,820.0188,243,,,,,,,,
,,,,,173630,860.62164,259,,,,,,,,
,,,,,173913,962.1061,283,,,,,,,,
,,,,,174000,,,-231.771484375,-1.6679329872131348,4.708663463592529,230.6940155029297,230.59844970703125,0.0003,0.0003,0.1
,,,,,174155,805.7225,242,,,,,,,,
,,,,,174690,1793.0448,535,,,,,,,,
1791.1819,812.414,3103.429,825.6252,537.3,175000,,,-234.42808532714844,-1.6828645467758179,5.598407745361328,233.1173095703125,233.49478149414062,0.0003,0.0003,0.1
,,,,,175027,1173.5109,337,,,,,,,,
,,,,,175229,634.7186,202,,,,,,,,
,,,,,175295,128.87935,66,,,,,,,,
,,,,,175496,634.1521,201,,,,,,,,
,,,,,175811,1099.5919,315,,,,,,,,
,,,,,176000,,,-239.16775512695312,-1.613146424293518,7.085840702056885,237.48782348632812,237.40921020507812,0.0003,0.0003,0.1
,,,,,176167,1232.21,356,,,,,,,,
,,,,,176498,1127.567,331,,,,,,,,
,,,,,176973,1696.3538,475,,,,,,,,
,,,,,177000,,,-233.41146850585938,-1.1723558902740479,6.358442783355713,231.16006469726562,231.30856323242188,0.0003,0.0003,0.1
,,,,,177310,1175.7809,337,,,,,,,,
,,,,,177531,726.44415,221,,,,,,,,
,,,,,177825,997.0607,294,,,,,,,,
,,,,,178000,,,-240.30276489257812,-1.4317097663879395,6.07924747467041,239.19790649414062,239.24298095703125,0.0003,0.0003,0.1
,,,,,178075,832.55493,250,,,,,,,,
,,,,,178325,839.7164,250,,,,,,,,
,,,,,178605,941.86426,280,,,,,,,,
,,,,,178883,915.6043,278,,,,,,,,
,,,,,179000,,,-239.21719360351562,-1.2989187240600586,5.21162748336792,238.61141967773438,238.92059326171875,0.0003,0.0003,0.1
,,,,,179235,1197.7816,352,,,,,,,,
,,,,,179609,1314.2776,374,,,,,,,,
,,,,,179905,1025.0715,296,,,,,,,,
1301.086,659.0905,3234.2656,760.5482,386.6,180000,,,-237.47434997558594,-1.4030191898345947,6.5351176261901855,236.53834533691406,236.61700439453125,0.0003,0.0003,0.1
,,,,,180223,1099.4854,318,,,,,,,,
,,,,,180794,2028.2222,571,,,,,,,,
,,,,,181000,,,-230.4034881591797,-1.423110842704773,14.95175838470459,228.45111083984375,228.9761199951172,0.0003,0.0003,0.1
,,,,,181093,1043.6703,299,,,,,,,,
,,,,,181339,826.643,246,,,,,,,,
,,,,,181651,1092.1686,312,,,,,,,,
,,,,,182000,,,-228.32945251464844,-1.680769443511963,4.133548736572266,227.29493713378906,227.1695098876953,0.0003,0.0003,0.1
,,,,,182011,1260.6127,360,,,,,,,,
,,,,,182300,973.70544,289,,,,,,,,
,,,,,182545,816.8539,245,,,,,,,,
,,,,,182843,1030.9718,298,,,,,,,,
,,,,,183000,,,-241.9016571044922,-1.5513100624084473,4.661452293395996,240.97715759277344,241.37515258789062,0.0003,0.0003,0.1
,,,,,183191,1206.8761,348,,,,,,,,
,,,,,184000,,,-223.659423828125,-1.8404505252838135,6.515593528747559,220.0499267578125,220.16998291015625,0.0003,0.0003,0.1
,,,,,184191,3170.0154,1000,,,,,,,,
,,,,,184625,1531.5243,434,,,,,,,,
,,,,,184955,1140.902,330,,,,,,,,
2112.982,911.43134,3223.8843,1087.652,641.7,185000,,,-229.9690399169922,-1.5852477550506592,4.065340042114258,229.2647705078125,228.8460235595703,0.0003,0.0003,0.1
,,,,,185235,977.1543,280,,,,,,,,
,,,,,185896,2267.589,661,,,,,,,,
,,,,,186000,,,-231.34974670410156,-1.1902387142181396,3.294644832611084,230.6923828125,230.6930389404297,0.0003,0.0003,0.1
,,,,,186896,3266.8496,1000,,,,,,,,
,,,,,187000,,,-232.89443969726562,-1.2821086645126343,4.562534332275391,232.12745666503906,231.75062561035156,0.0003,0.0003,0.1
,,,,,187342,1589.5038,446,,,,,,,,
,,,,,187600,853.8826,258,,,,,,,,
,,,,,188000,,,-236.35342407226562,-1.5708832740783691,6.993008613586426,235.32376098632812,235.3140869140625,0.0003,0.0003,0.1
,,,,,188029,1492.5382,429,,,,,,,,
,,,,,188343,1070.8436,314,,,,,,,,
,,,,,188691,1216.7458,348,,,,,,,,
,,,,,189000,,,-235.74183654785156,-1.3618547916412354,6.501878261566162,234.71083068847656,235.00619506835938,0.0003,0.0003,0.1
,,,,,189065,1334.7651,374,,,,,,,,
1940.8245,843.4167,3189.023,1058.2362,587.0,190000,,,-237.65557861328125,-1.4242901802062988,7.23290491104126,236.31332397460938,236.03805541992188,0.0003,0.0003,0.1
,,,,,190065,3226.0896,1000,,,,,,,,
,,,,,191000,,,-234.52061462402344,-1.8134963512420654,15.906295776367188,232.31463623046875,231.98342895507812,0.0003,0.0003,0.1
,,,,,191065,3165.556,1000,,,,,,,,
,,,,,191530,1650.0764,465,,,,,,,,
,,,,,191901,1345.5946,371,,,,,,,,
,,,,,192000,,,-232.03952026367188,-1.6370435953140259,4.756147861480713,231.04177856445312,230.91519165039062,0.0003,0.0003,0.1
,,,,,192200,1031.817,299,,,,,,,,
,,,,,192567,1313.1461,367,,,,,,,,
,,,,,192892,1148.7812,325,,,,,,,,
,,,,,193000,,,-248.63772583007812,-1.5579047203063965,4.837215423583984,247.81832885742188,247.57208251953125,0.0003,0.0003,0.1
,,,,,193892,3253.3032,1000,,,,,,,,
,,,,,194000,,,-236.54324340820312,-1.2402994632720947,3.3624725341796875,234.61590576171875,234.46707153320312,0.0003,0.0003,0.1
,,,,,194298,1387.7449,406,,,,,,,,
,,,,,194780,1744.7959,482,,,,,,,,
1642.3284,799.9773,3240.9863,1045.1925,481.7,195000,,,-240.6334991455078,-1.356126070022583,4.097698211669922,239.82513427734375,240.138427734375,0.0003,0.0003,0.1
,,,,,195156,1290.5448,376,,,,,,,,
,,,,,195463,1042.0145,307,,,,,,,,
,,,,,195822,1273.6929,359,,,,,,,,
,,,,,196000,,,-238.39735412597656,-1.4843018054962158,5.286805629730225,235.71234130859375,235.89083862304688,0.0003,0.0003,0.1
,,,,,196248,1444.6962,426,,,,,,,,
,,,,,196530,962.5147,282,,,,,,,,
,,,,,196815,951.52325,285,,,,,,,,
,,,,,197000,,,-237.58958435058594,-1.4264798164367676,8.496406555175781,234.81651306152344,234.90383911132812,0.0003,0.0003,0.1
,,,,,197183,1218.323,368,,,,,,,,
,,,,,198000,,,-243.5923614501953,-1.4213435649871826,5.468158721923828,242.53871154785156,243.0233154296875,0.0003,0.0003,0.1
,,,,,198183,3166.0916,1000,,,,,,,,
,,,,,198483,1042.0837,300,,,,,,,,
,,,,,199000,,,-232.67706298828125,-1.717538833618164,5.503815650939941,231.68896484375,231.94422912597656,0.0003,0.0003,0.1
,,,,,199338,2844.2764,855,,,,,,,,
,,,,,199616,967.31287,278,,,,,,,,
,,,,,199956,1191.9381,340,,,,,,,,
1203.8905,159.38087,1405.4288,873.05225,340.1,200000,,,-236.13372802734375,-1.4073255062103271,7.565151691436768,234.52169799804688,233.97683715820312,0.0003,0.0003,0.1
,,,,,200357,1410.473,401,,,,,,,,
,,,,,200610,875.93524,253,,,,,,,,
,,,,,200882,930.6093,272,,,,,,,,
,,,,,201000,,,-238.0543670654297,-1.384905219078064,5.434345245361328,236.630859375,236.33331298828125,0.0003,0.0003,0.1
,,,,,201150,925.46405,268,,,,,,,,
,,,,,201603,1649.0588,453,,,,,,,,
,,,,,201922,1142.8126,319,,,,,,,,
,,,,,202000,,,-237.3402862548828,-1.6843526363372803,5.092416286468506,235.11155700683594,235.25479125976562,0.0003,0.0003,0.1
,,,,,202331,1481.1664,409,,,,,,,,
,,,,,202591,846.3596,260,,,,,,,,
,,,,,203000,,,-244.51498413085938,-1.3135004043579102,6.1636810302734375,243.36984252929688,243.38587951660156,0.0003,0.0003,0.1
,,,,,203005,1469.9354,414,,,,,,,,
,,,,,204000,,,-238.83261108398438,-1.5471687316894531,9.317244529724121,237.47836303710938,237.35650634765625,0.0003,0.0003,0.1
,,,,,204005,3118.052,1000,,,,,,,,
,,,,,204371,1204.2719,366,,,,,,,,
,,,,,204704,1194.5278,333,,,,,,,,
1198.2484,188.13641,1570.0891,906.5163,339.7,205000,,,-242.71481323242188,-1.2691532373428345,3.0474321842193604,240.19200134277344,240.24896240234375,0.0003,0.0003,0.1
,,,,,205026,1158.8475,322,,,,,,,,
,,,,,205400,1364.0165,374,,,,,,,,
,,,,,205664,888.0942,264,,,,,,,,
,,,,,206000,,,-237.6726531982422,-1.3871467113494873,3.4665637016296387,236.97415161132812,236.97607421875,0.0003,0.0003,0.1
,,,,,206033,1340.6669,369,,,,,,,,
,,,,,206341,1099.001,308,,,,,,,,
,,,,,206638,1021.84814,297,,,,,,,,
,,,,,206915,912.3117,277,,,,,,,,
,,,,,207000,,,-233.12184143066406,-1.787947416305542,6.002311706542969,231.91873168945312,231.96414184570312,0.0003,0.0003,0.1
,,,,,207297,1355.7023,382,,,,,,,,
,,,,,207646,1255.1354,349,,,,,,,,
,,,,,207994,1257.635,348,,,,,,,,
,,,,,208000,,,-243.5965118408203,-1.2975220680236816,4.296440124511719,242.5201416015625,242.75338745117188,0.0003,0.0003,0.1
,,,,,208376,1400.0682,382,,,,,,,,
,,,,,208755,1372.8693,379,,,,,,,,
,,,,,209000,,,-239.0433807373047,-1.490206003189087,15.029069900512695,237.2475128173828,237.64227294921875,0.0003,0.0003,0.1
,,,,,209133,1375.116,378,,,,,,,,
1392.8883,373.63965,2237.9666,1129.4792,392.6,210000,,,-249.31985473632812,-1.2607706785202026,3.153262138366699,247.79568481445312,247.9793701171875,0.0003,0.0003,0.1
,,,,,210133,3169.5156,1000,,,,,,,,
,,,,,210479,1210.3916,346,,,,,,,,
,,,,,210872,1456.0098,393,,,,,,,,
,,,,,211000,,,-242.0195770263672,-1.2739968299865723,3.5109126567840576,240.96974182128906,240.70352172851562,0.0003,0.0003,0.1
,,,,,211200,1152.3539,328,,,,,,,,
,,,,,211616,1520.5184,416,,,,,,,,
,,,,,211931,1127.8394,315,,,,,,,,
,,,,,212000,,,-241.0857696533203,-1.719900369644165,5.366552829742432,239.17630004882812,239.2272186279297,0.0003,0.0003,0.1
,,,,,212243,1113.6636,312,,,,,,,,
,,,,,213000,,,-236.26748657226562,-1.5367319583892822,4.274916648864746,233.9582061767578,234.0545654296875,0.0003,0.0003,0.1
,,,,,213243,3198.5632,1000,,,,,,,,
,,,,,214000,,,-249.4403076171875,-1.2370803356170654,5.001946449279785,247.5037384033203,247.3260498046875,0.0003,0.0003,0.1
,,,,,214243,3159.3645,1000,,,,,,,,
1870.5574,508.2582,3106.5588,1267.8564,567.6,215000,,,-241.41836547851562,-1.525589942932129,4.582851409912109,240.02163696289062,239.95265197753906,0.0003,0.0003,0.1
,,,,,215243,3101.8325,1000,,,,,,,,
,,,,,216000,,,-233.87835693359375,-1.3960731029510498,11.265380859375,231.73709106445312,231.8360137939453,0.0003,0.0003,0.1
,,,,,216243,3130.406,1000,,,,,,,,
,,,,,216665,1526.493,422,,,,,,,,
,,,,,217000,,,-239.43069458007812,-1.849433183670044,6.273889541625977,238.35740661621094,238.26583862304688,0.0003,0.0003,0.1
,,,,,217092,1494.137,427,,,,,,,,
,,,,,217394,1076.3856,302,,,,,,,,
,,,,,217833,1382.3953,439,,,,,,,,
,,,,,218000,,,-248.8993377685547,-1.783644437789917,30.060771942138672,246.58944702148438,246.7852783203125,0.0003,0.0003,0.1
,,,,,218257,1543.7283,424,,,,,,,,
,,,,,218613,1032.3329,356,,,,,,,,
,,,,,219000,,,-240.1414031982422,-1.6961026191711426,3.965458393096924,238.31085205078125,238.3525390625,0.0003,0.0003,0.1
,,,,,219385,2597.901,772,,,,,,,,
1501.9348,583.8481,3164.5237,998.1154,428.7,220000,,,-243.25550842285156,-1.533080816268921,5.026764869689941,242.6128692626953,242.2996826171875,0.0003,0.0003,0.1
,,,,,220385,3258.1777,1000,,,,,,,,
,,,,,220721,1194.5492,336,,,,,,,,
,,,,,221000,,,-248.5475616455078,-1.5797662734985352,13.280089378356934,246.82980346679688,247.1373291015625,0.0003,0.0003,0.1
,,,,,221196,1737.7213,475,,,,,,,,
,,,,,222000,,,-242.4551544189453,-1.689284086227417,66.55958557128906,240.8374786376953,240.49932861328125,0.0003,0.0003,0.1
,,,,,222196,3158.7864,1000,,,,,,,,
,,,,,223000,,,-246.44699096679688,-1.5311577320098877,4.378334045410156,245.2499542236328,245.39370727539062,0.0003,0.0003,0.1
,,,,,223196,3089.2659,1000,,,,,,,,
,,,,,223988,2605.228,792,,,,,,,,
,,,,,224000,,,-243.1212921142578,-1.6844456195831299,5.116050720214844,240.83990478515625,240.95994567871094,0.0003,0.0003,0.1
,,,,,224267,961.2121,279,,,,,,,,
,,,,,224657,1376.5006,390,,,,,,,,
1424.9896,661.8802,3320.725,918.3751,409.9,225000,,,-245.58294677734375,-1.468416452407837,4.500983238220215,242.81204223632812,243.00540161132812,0.0003,0.0003,0.1
,,,,,225029,1296.6229,372,,,,,,,,
,,,,,225382,1180.0852,353,,,,,,,,
,,,,,225723,1193.4907,341,,,,,,,,
,,,,,226000,,,-253.30140686035156,-1.3707237243652344,3.463228464126587,252.37884521484375,252.40879821777344,0.0003,0.0003,0.1
,,,,,226723,3163.6624,1000,,,,,,,,
,,,,,227000,,,-248.1250762939453,-1.5555826425552368,4.823905944824219,246.52105712890625,246.80368041992188,0.0003,0.0003,0.1
,,,,,227037,1114.4689,314,,,,,,,,
,,,,,228000,,,-249.5454559326172,-1.5175464153289795,14.113327026367188,248.56808471679688,248.79306030273438,0.0003,0.0003,0.1
,,,,,228037,3441.1802,1000,,,,,,,,
,,,,,228725,2330.2468,688,,,,,,,,
,,,,,229000,,,-255.0171661376953,-1.4463404417037964,8.070555686950684,253.36094665527344,253.2527313232422,0.0003,0.0003,0.1
,,,,,229725,3281.7554,1000,,,,,,,,
1925.9047,896.88043,3374.9749,1046.7848,566.6,230000,,,-242.1232452392578,-1.3330028057098389,5.342693328857422,241.17779541015625,241.2061004638672,0.0003,0.0003,0.1
,,,,,230725,3317.4663,1000,,,,,,,,
,,,,,231000,,,-250.50491333007812,-1.5320748090744019,3.3097825050354004,249.4196014404297,249.59593200683594,0.0003,0.0003,0.1
,,,,,231532,2764.423,807,,,,,,,,
,,,,,231874,1218.5277,342,,,,,,,,
,,,,,232000,,,-252.74290466308594,-1.4586608409881592,7.16088342666626,251.39515686035156,251.30435180664062,0.0003,0.0003,0.1
,,,,,232269,1465.185,395,,,,,,,,
,,,,,232671,1491.1211,402,,,,,,,,
,,,,,233000,,,-251.77261352539062,-1.7158863544464111,7.129922389984131,250.8084716796875,251.61300659179688,0.0003,0.0003,0.1
,,,,,233007,1222.7507,336,,,,,,,,
,,,,,233814,2752.6204,807,,,,,,,,
,,,,,234000,,,-253.84442138671875,-1.3195260763168335,12.542444229125977,253.32284545898438,253.12425231933594,0.0003,0.0003,0.1
,,,,,234814,3222.884,1000,,,,,,,,
3160.8625,256.60822,3504.7249,2464.0542,972.4,235000,,,-251.49424743652344,-1.6746970415115356,18.697601318359375,249.52337646484375,250.27330017089844,0.0003,0.0003,0.1
,,,,,235814,3156.7292,1000,,,,,,,,
,,,,,236000,,,-250.8159637451172,-1.3068735599517822,4.292423725128174,249.93711853027344,249.81259155273438,0.0003,0.0003,0.1
,,,,,236814,3373.1448,1000,,,,,,,,
,,,,,237000,,,-249.67620849609375,-1.5643703937530518,3.3994569778442383,248.83518981933594,248.7810516357422,0.0003,0.0003,0.1
,,,,,237814,3392.687,1000,,,,,,,,
,,,,,238000,,,-255.6210174560547,-1.3050507307052612,3.2102789878845215,253.97459411621094,253.796630859375,0.0003,0.0003,0.1
,,,,,238814,3216.7546,1000,,,,,,,,
,,,,,239000,,,-250.2318572998047,-1.4760196208953857,5.080960750579834,248.9771728515625,248.69622802734375,0.0003,0.0003,0.1
,,,,,239814,3148.038,1000,,,,,,,,
2871.5051,621.24347,3241.7676,1339.9202,892.5,240000,,,-249.4764862060547,-1.3996275663375854,7.005390167236328,247.83230590820312,247.37574768066406,0.0003,0.0003,0.1
,,,,,240814,3122.0806,1000,,,,,,,,
,,,,,241000,,,-251.16146850585938,-1.36640465259552,9.716384887695312,250.0603485107422,250.24862670898438,0.0003,0.0003,0.1
,,,,,241814,3189.8042,1000,,,,,,,,
,,,,,242000,,,-245.001708984375,-1.693650245666504,7.471713542938232,243.73277282714844,244.44888305664062,0.0003,0.0003,0.1
,,,,,242579,2659.4465,765,,,,,,,,
,,,,,243000,,,-252.08340454101562,-1.3092782497406006,2.552598476409912,251.4262237548828,251.40625,0.0003,0.0003,0.1
,,,,,243579,3199.849,1000,,,,,,,,
,,,,,244000,,,-246.84463500976562,-1.5336719751358032,3.5778536796569824,245.176513671875,245.1747589111328,0.0003,0.0003,0.1
,,,,,244579,3298.258,1000,,,,,,,,
1644.7117,628.33997,3058.6436,1115.6777,465.0,245000,,,-250.65281677246094,-1.3786002397537231,6.812917709350586,249.2294464111328,249.27133178710938,0.0003,0.0003,0.1
,,,,,245164,2027.0919,585,,,,,,,,
,,,,,246000,,,-257.5356750488281,-1.4072535037994385,3.4138245582580566,255.2603759765625,255.40185546875,0.0003,0.0003,0.1
,,,,,246164,3220.7236,1000,,,,,,,,
,,,,,246869,2442.5176,705,,,,,,,,
,,,,,247000,,,-258.00274658203125,-1.1176562309265137,2.7006773948669434,256.73681640625,256.6625671386719,0.0003,0.0003,0.1
,,,,,247869,3277.8335,1000,,,,,,,,
,,,,,248000,,,-251.69912719726562,-1.4713573455810547,5.843713760375977,249.5234375,249.93324279785156,0.0003,0.0003,0.1
,,,,,248869,3273.482,1000,,,,,,,,
,,,,,249000,,,-259.43780517578125,-1.158034324645996,2.9643092155456543,258.6151123046875,258.4363098144531,0.0003,0.0003,0.1
,,,,,249178,1116.3608,309,,,,,,,,
,,,,,249980,2739.7083,802,,,,,,,,
3008.0042,399.2404,3270.0615,2047.4532,915.0,250000,,,-249.3043670654297,-1.5248526334762573,3.5789337158203125,248.44827270507812,248.44696044921875,0.0003,0.0003,0.1
,,,,,250811,2770.556,831,,,,,,,,
,,,,,251000,,,-258.7799072265625,-1.2611193656921387,3.8874685764312744,257.8363342285156,257.59771728515625,0.0003,0.0003,0.1
,,,,,251595,2733.0146,784,,,,,,,,
,,,,,252000,,,-257.1040954589844,-1.0400052070617676,3.2413320541381836,255.4687042236328,255.5234375,0.0003,0.0003,0.1
,,,,,252595,3238.1501,1000,,,,,,,,
,,,,,253000,,,-264.2174377441406,-1.3688533306121826,3.683873176574707,263.494140625,263.4311828613281,0.0003,0.0003,0.1
,,,,,253302,2442.4788,707,,,,,,,,
,,,,,253674,1367.7761,372,,,,,,,,
,,,,,254000,,,-255.09771728515625,-0.9938681721687317,3.536409854888916,254.32638549804688,254.56600952148438,0.0003,0.0003,0.1
,,,,,254674,3313.6677,1000,,,,,,,,
2420.7437,949.04395,3433.0537,1147.924,715.1,255000,,,-253.3937225341797,-1.4412583112716675,3.6050829887390137,251.32733154296875,251.47427368164062,0.0003,0.0003,0.1
,,,,,255149,1635.4486,475,,,,,,,,
,,,,,256000,,,-263.6424255371094,-1.3264331817626953,5.634696960449219,262.70684814453125,262.89093017578125,0.0003,0.0003,0.1
,,,,,256149,3254.3425,1000,,,,,,,,
,,,,,256647,1770.9388,498,,,,,,,,
,,,,,257000,,,-256.9271545410156,-1.3112461566925049,8.03685474395752,255.1846160888672,255.1273193359375,0.0003,0.0003,0.1
,,,,,257647,3254.5884,1000,,,,,,,,
,,,,,258000,,,-258.1636047363281,-1.0868637561798096,3.801771879196167,257.456787109375,257.515869140625,0.0003,0.0003,0.1
,,,,,258105,1674.0383,458,,,,,,,,
,,,,,258809,2479.1907,704,,,,,,,,
,,,,,259000,,,-262.6920166015625,-1.3885900974273682,3.226231098175049,261.73480224609375,261.6549377441406,0.0003,0.0003,0.1
,,,,,259809,3243.7676,1000,,,,,,,,
2785.3013,790.61884,3316.7156,1204.7739,837.3,260000,,,-260.2364501953125,-1.4806466102600098,3.905149459838867,259.3792419433594,259.12408447265625,0.0003,0.0003,0.1
,,,,,260809,3268.0947,1000,,,,,,,,
,,,,,261000,,,-258.5536804199219,-1.371913194656372,2.7501039505004883,256.7295227050781,256.8714599609375,0.0003,0.0003,0.1
,,,,,261809,3241.7937,1000,,,,,,,,
,,,,,262000,,,-257.2966613769531,-1.5041754245758057,4.250060558319092,255.54507446289062,255.88705444335938,0.0003,0.0003,0.1
,,,,,262809,3268.752,1000,,,,,,,,
,,,,,263000,,,-254.5137176513672,-1.2659704685211182,4.145381450653076,253.61862182617188,253.54624938964844,0.0003,0.0003,0.1
,,,,,263322,1915.4773,513,,,,,,,,
,,,,,263658,1070.259,336,,,,,,,,
,,,,,264000,,,-256.65234375,-1.3720728158950806,3.764477014541626,255.74639892578125,256.1509704589844,0.0003,0.0003,0.1
,,,,,264442,2764.5254,784,,,,,,,,
2398.186,826.9453,3249.0,1288.2601,706.4,265000,,,-266.43731689453125,-1.2055654525756836,2.412652015686035,265.89434814453125,265.76275634765625,0.0003,0.0003,0.1
,,,,,265437,3520.1602,995,,,,,,,,
,,,,,266000,,,-257.4068908691406,-1.34101402759552,5.223125457763672,256.70281982421875,256.7154541015625,0.0003,0.0003,0.1
,,,,,266437,3273.606,1000,,,,,,,,
,,,,,267000,,,-252.79373168945312,-1.4937162399291992,5.489422798156738,250.69711303710938,250.42819213867188,0.0003,0.0003,0.1
,,,,,267379,3281.418,942,,,,,,,,
,,,,,267989,2123.9568,610,,,,,,,,
,,,,,268000,,,-257.1894836425781,-1.2229313850402832,3.0894508361816406,254.84796142578125,254.89805603027344,0.0003,0.0003,0.1
,,,,,268989,3228.75,1000,,,,,,,,
,,,,,269000,,,-253.3490447998047,-1.1707533597946167,2.8091094493865967,252.6052703857422,252.50076293945312,0.0003,0.0003,0.1
,,,,,269989,3261.6165,1000,,,,,,,,
3212.1663,256.14175,3442.2368,2464.2302,970.8,270000,,,-258.58843994140625,-1.3921966552734375,4.003643989562988,255.57884216308594,255.64013671875,0.0003,0.0003,0.1
,,,,,270989,3266.3083,1000,,,,,,,,
,,,,,271000,,,-263.1953430175781,-1.424804449081421,22.529342651367188,261.93853759765625,262.0403747558594,0.0003,0.0003,0.1
,,,,,271978,3415.2834,989,,,,,,,,
,,,,,272000,,,-261.5955810546875,-1.3373401165008545,6.625125885009766,260.4296569824219,260.66510009765625,0.0003,0.0003,0.1
,,,,,272355,1355.6636,377,,,,,,,,
,,,,,272758,1475.1204,403,,,,,,,,
,,,,,273000,,,-265.0147399902344,-1.258721947669983,5.212968826293945,263.9943542480469,264.2463073730469,0.0003,0.0003,0.1
,,,,,273758,3333.576,1000,,,,,,,,
,,,,,274000,,,-259.8854675292969,-1.5976388454437256,9.034213066101074,257.3186340332031,257.763916015625,0.0003,0.0003,0.1
,,,,,274758,3272.2502,1000,,,,,,,,
3062.3591,575.7186,3306.8103,1336.4794,936.5,275000,,,-264.4663391113281,-1.7239139080047607,11.190713882446289,261.1925048828125,261.35906982421875,0.0003,0.0003,0.1
,,,,,275758,3207.1282,1000,,,,,,,,
,,,,,276000,,,-258.67681884765625,-1.5875495672225952,3.2575647830963135,257.796630859375,258.04168701171875,0.0003,0.0003,0.1
,,,,,276758,3271.912,1000,,,,,,,,
,,,,,277000,,,-261.0357666015625,-1.4165786504745483,5.738205909729004,259.8060302734375,259.7518615722656,0.0003,0.0003,0.1
,,,,,277758,3239.832,1000,,,,,,,,
,,,,,278000,,,-262.1529235839844,-0.6942821741104126,3.3266892433166504,261.36279296875,261.6234130859375,0.0003,0.0003,0.1
,,,,,278628,3011.2947,870,,,,,,,,
,,,,,279000,,,-265.9339294433594,-1.49441659450531,9.037327766418457,263.57025146484375,263.18499755859375,0.0003,0.0003,0.1
,,,,,279628,3212.6594,1000,,,,,,,,
3196.8848,114.382645,3271.8452,2861.462,985.8,280000,,,-268.0978698730469,-1.3655142784118652,4.004800796508789,267.18109130859375,267.2237548828125,0.0003,0.0003,0.1
,,,,,280628,3257.153,1000,,,,,,,,
,,,,,281000,,,-268.96502685546875,-1.3748934268951416,2.4209446907043457,267.7374267578125,267.6593322753906,0.0003,0.0003,0.1
,,,,,281628,3281.9758,1000,,,,,,,,
,,,,,282000,,,-264.9796447753906,-1.156400442123413,3.1781082153320312,264.1238708496094,263.8284912109375,0.0003,0.0003,0.1
,,,,,282628,3265.1611,1000,,,,,,,,
,,,,,283000,,,-277.34698486328125,-1.0313550233840942,4.577489852905273,276.3480529785156,276.1143798828125,0.0003,0.0003,0.1
,,,,,283628,3265.6675,1000,,,,,,,,
,,,,,284000,,,-268.5807189941406,-1.3235934972763062,2.3038218021392822,267.8241271972656,267.8212890625,0.0003,0.0003,0.1
,,,,,284628,3206.028,1000,,,,,,,,
3243.741,27.259542,3295.8752,3209.7007,1000.0,285000,,,-267.1381530761719,-1.233272671699524,3.519071578979492,264.9135437011719,265.202392578125,0.0003,0.0003,0.1
,,,,,285628,3306.1348,1000,,,,,,,,
,,,,,286000,,,-267.74212646484375,-1.6102299690246582,3.5592293739318848,266.9096984863281,266.7017822265625,0.0003,0.0003,0.1
,,,,,286628,3281.1287,1000,,,,,,,,
,,,,,287000,,,-254.87171936035156,-1.4595088958740234,18.065526962280273,252.78102111816406,253.08201599121094,0.0003,0.0003,0.1
,,,,,287628,3257.0151,1000,,,,,,,,
,,,,,288000,,,-268.61895751953125,-1.5063996315002441,6.039233207702637,267.2445373535156,267.5841064453125,0.0003,0.0003,0.1
,,,,,288628,3229.9485,1000,,,,,,,,
,,,,,289000,,,-272.9295349121094,-1.0704326629638672,5.892867088317871,271.0769958496094,271.36004638671875,0.0003,0.0003,0.1
,,,,,289034,1354.4397,406,,,,,,,,
,,,,,289461,1551.7742,427,,,,,,,,
1745.1252,826.7624,3418.744,984.2939,501.4,290000,,,-266.5956115722656,-0.840632438659668,7.30734395980835,265.732421875,265.6350402832031,0.0003,0.0003,0.1
,,,,,290206,2646.2568,745,,,,,,,,
,,,,,291000,,,-266.14007568359375,-1.3187716007232666,14.82745361328125,264.91143798828125,264.5280456542969,0.0003,0.0003,0.1
,,,,,291206,3253.5728,1000,,,,,,,,
,,,,,291497,1029.7971,291,,,,,,,,
,,,,,291789,1016.4352,292,,,,,,,,
,,,,,292000,,,-261.4983825683594,-1.2925183773040771,10.907752990722656,260.0934143066406,259.49737548828125,0.0003,0.0003,0.1
,,,,,292789,3274.292,1000,,,,,,,,
,,,,,293000,,,-275.1766357421875,-1.209755539894104,3.954428195953369,274.3023376464844,274.2892761230469,0.0003,0.0003,0.1
,,,,,293789,3275.9485,1000,,,,,,,,
,,,,,294000,,,-263.9980163574219,-1.2423982620239258,2.393242359161377,262.3186950683594,262.2684326171875,0.0003,0.0003,0.1
,,,,,294789,3355.4734,1000,,,,,,,,
1953.4795,916.43365,3338.6418,1062.4373,560.1,295000,,,-272.19647216796875,-1.012709140777588,20.133024215698242,270.73907470703125,270.2405090332031,0.0003,0.0003,0.1
,,,,,295789,3265.365,1000,,,,,,,,
,,,,,296000,,,-271.7256164550781,-0.9913700819015503,2.9044699668884277,271.1036071777344,271.099609375,0.0003,0.0003,0.1
,,,,,296789,3266.3062,1000,,,,,,,,
,,,,,297000,,,-269.8076171875,-1.1249244213104248,4.607859134674072,268.809326171875,269.1025695800781,0.0003,0.0003,0.1
,,,,,297789,3278.004,1000,,,,,,,,
,,,,,298000,,,-271.48651123046875,-1.2010633945465088,8.342013359069824,270.1529235839844,270.288330078125,0.0003,0.0003,0.1
,,,,,298789,3241.4583,1000,,,,,,,,
,,,,,299000,,,-275.36053466796875,-1.2336108684539795,2.559178352355957,274.5616455078125,274.51019287109375,0.0003,0.0003,0.1
,,,,,299789,3353.4646,1000,,,,,,,,
3306.2305,13.303843,3324.735,3286.4224,1000.0,300000,,,-274.25909423828125,-1.4000372886657715,2.7203328609466553,273.41009521484375,273.3947448730469,0.0003,0.0003,0.1
,,,,,300789,3341.5425,1000,,,,,,,,
,,,,,301000,,,-270.3587341308594,-1.4010519981384277,6.338161468505859,267.7486572265625,267.6434326171875,0.0003,0.0003,0.1
,,,,,301789,3261.9402,1000,,,,,,,,
,,,,,302000,,,-275.979736328125,-1.2485439777374268,13.811332702636719,274.79473876953125,274.5955810546875,0.0003,0.0003,0.1
,,,,,302789,3255.792,1000,,,,,,,,
,,,,,303000,,,-270.195556640625,-1.1685254573822021,9.044360160827637,269.5595703125,269.38372802734375,0.0003,0.0003,0.1
,,,,,303789,3291.9426,1000,,,,,,,,
,,,,,304000,,,-259.81787109375,-1.3537887334823608,3.462718963623047,258.86077880859375,258.8360290527344,0.0003,0.0003,0.1
,,,,,304789,3355.651,1000,,,,,,,,
3252.3638,14.493884,3275.7656,3229.6477,1000.0,305000,,,-273.5473327636719,-1.3138715028762817,3.2448527812957764,272.788818359375,272.5195007324219,0.0003,0.0003,0.1
,,,,,305789,3243.433,1000,,,,,,,,
,,,,,306000,,,-275.380859375,-0.9658268690109253,70.07365417480469,274.14886474609375,273.59356689453125,0.0003,0.0003,0.1
,,,,,306789,3271.2988,1000,,,,,,,,
,,,,,307000,,,-279.0875244140625,-0.9814071655273438,4.015619277954102,277.3851318359375,277.04180908203125,0.0003,0.0003,0.1
,,,,,307789,3298.1865,1000,,,,,,,,
,,,,,308000,,,-267.3355712890625,-1.2297548055648804,3.0926222801208496,265.59027099609375,265.9604187011719,0.0003,0.0003,0.1
,,,,,308789,3325.589,1000,,,,,,,,
,,,,,309000,,,-272.3775634765625,-1.6382673978805542,21.072784423828125,270.74310302734375,271.1004638671875,0.0003,0.0003,0.1
,,,,,309284,1833.8248,495,,,,,,,,
,,,,,309600,1130.0013,316,,,,,,,,
3302.5242,20.364424,3325.7776,3259.8127,1000.0,310000,,,-278.009033203125,-0.908598005771637,11.018293380737305,276.9853210449219,276.98345947265625,0.0003,0.0003,0.1
,,,,,310600,3384.0852,1000,,,,,,,,
,,,,,311000,,,-274.9276428222656,-1.4554312229156494,14.004615783691406,272.0009765625,272.3095397949219,0.0003,0.0003,0.1
,,,,,311600,3272.3481,1000,,,,,,,,
,,,,,311947,1199.5457,347,,,,,,,,
,,,,,312000,,,-268.322021484375,-1.313016414642334,4.165673732757568,267.301025390625,267.245849609375,0.0003,0.0003,0.1
,,,,,312947,3222.3696,1000,,,,,,,,
,,,,,313000,,,-271.0484313964844,-1.074629306793213,2.9761369228363037,269.45782470703125,269.6059875488281,0.0003,0.0003,0.1
,,,,,313829,3141.6135,882,,,,,,,,
,,,,,314000,,,-276.9668273925781,-1.361579418182373,4.732701301574707,274.9708557128906,274.86138916015625,0.0003,0.0003,0.1
,,,,,314829,3317.2988,1000,,,,,,,,
3231.411,22.019905,3273.815,3205.7385,1000.0,315000,,,-269.2351989746094,-1.3130624294281006,3.8890624046325684,268.2855224609375,268.54937744140625,0.0003,0.0003,0.1
,,,,,315829,3334.1855,1000,,,,,,,,
,,,,,316000,,,-279.77398681640625,-1.246387243270874,2.7393548488616943,278.97271728515625,278.8662109375,0.0003,0.0003,0.1
,,,,,316174,1259.2745,345,,,,,,,,
,,,,,316971,2820.1692,797,,,,,,,,
,,,,,317000,,,-271.0203857421875,-0.9099162817001343,3.2692108154296875,270.3385314941406,270.374267578125,0.0003,0.0003,0.1
,,,,,317383,1509.1853,412,,,,,,,,
,,,,,317719,1196.1022,336,,,,,,,,
,,,,,318000,,,-273.78790283203125,-1.0088022947311401,3.1084725856781006,272.12744140625,272.18218994140625,0.0003,0.0003,0.1
,,,,,318036,1124.3762,317,,,,,,,,
,,,,,318382,1213.7479,346,,,,,,,,
,,,,,319000,,,-277.4312438964844,-1.3663575649261475,88.23607635498047,274.77734375,274.92596435546875,0.0003,0.0003,0.1
,,,,,319382,3326.2007,1000,,,,,,,,
,,,,,319679,1089.4792,297,,,,,,,,
1409.0612,657.64386,3344.3298,1031.491,403.2,320000,,,-270.4469909667969,-1.2482424974441528,3.4716854095458984,269.51763916015625,269.3431091308594,0.0003,0.0003,0.1
,,,,,320001,1140.3472,322,,,,,,,,
,,,,,321000,,,-278.42694091796875,-1.010879397392273,5.272451877593994,277.438232421875,277.46185302734375,0.0003,0.0003,0.1
,,,,,321001,3510.253,1000,,,,,,,,
,,,,,321305,1068.0409,304,,,,,,,,
,,,,,321828,1947.2086,523,,,,,,,,
,,,,,322000,,,-275.97332763671875,-1.321054458618164,3.971060037612915,274.706787109375,274.60992431640625,0.0003,0.0003,0.1
,,,,,322160,1182.4814,332,,,,,,,,
,,,,,323000,,,-270.1695861816406,-1.077660322189331,71.35099029541016,268.27392578125,268.8285827636719,0.0003,0.0003,0.1
,,,,,323160,3289.5317,1000,,,,,,,,
,,,,,323505,1175.0925,345,,,,,,,,
,,,,,323789,955.63727,284,,,,,,,,
,,,,,324000,,,-269.82086181640625,-1.4153555631637573,4.013040065765381,269.1766357421875,268.928466796875,0.0003,0.0003,0.1
,,,,,324789,3359.0845,1000,,,,,,,,
1407.0292,704.77966,3400.6377,885.40826,401.4,325000,,,-277.6510009765625,-0.9054781198501587,3.78269362449646,277.0145568847656,277.071044921875,0.0003,0.0003,0.1
,,,,,325789,3273.7488,1000,,,,,,,,
,,,,,326000,,,-277.1628112792969,-1.0829646587371826,2.5501604080200195,276.13458251953125,276.28424072265625,0.0003,0.0003,0.1
,,,,,326789,3302.2275,1000,,,,,,,,
,,,,,327000,,,-276.9974060058594,-0.8333892822265625,3.7082552909851074,276.1935119628906,276.7579345703125,0.0003,0.0003,0.1
,,,,,327105,1117.492,316,,,,,,,,
,,,,,328000,,,-280.49774169921875,-0.9858194589614868,7.010211944580078,279.38330078125,279.86767578125,0.0003,0.0003,0.1
,,,,,328105,3324.7817,1000,,,,,,,,
,,,,,328446,1204.3915,341,,,,,,,,
,,,,,329000,,,-273.52813720703125,-1.294517159461975,2.684844493865967,271.7673645019531,271.8538513183594,0.0003,0.0003,0.1
,,,,,329446,3250.475,1000,,,,,,,,
2144.814,1000.64264,3301.6284,893.23553,648.4,330000,,,-274.1242980957031,-1.1873011589050293,3.3104963302612305,273.3863525390625,273.4952392578125,0.0003,0.0003,0.1
,,,,,330446,3325.8494,1000,,,,,,,,
,,,,,331000,,,-277.615966796875,-1.0508006811141968,2.2815847396850586,277.1199951171875,276.9339599609375,0.0003,0.0003,0.1
,,,,,331446,3325.9006,1000,,,,,,,,
,,,,,332000,,,-276.5056457519531,-1.0949265956878662,5.550637245178223,275.3337097167969,274.94036865234375,0.0003,0.0003,0.1
,,,,,332160,2495.9143,714,,,,,,,,
,,,,,332552,1403.7203,392,,,,,,,,
,,,,,332836,953.16486,284,,,,,,,,
,,,,,333000,,,-262.5257568359375,-1.5108587741851807,3.7594804763793945,260.80828857421875,260.6616516113281,0.0003,0.0003,0.1
,,,,,333168,1188.7936,332,,,,,,,,
,,,,,334000,,,-269.1855163574219,-1.0076320171356201,3.496431589126587,268.355224609375,268.5601806640625,0.0003,0.0003,0.1
,,,,,334152,3468.5796,984,,,,,,,,
,,,,,334492,1217.5575,340,,,,,,,,
,,,,,334818,1148.9612,326,,,,,,,,
2736.3813,884.07794,3320.2476,1022.4698,816.3,335000,,,-279.6786804199219,-1.1110401153564453,5.683669567108154,278.4477233886719,278.46612548828125,0.0003,0.0003,0.1
,,,,,335818,3367.0142,1000,,,,,,,,
,,,,,336000,,,-268.6718444824219,-1.3790991306304932,8.390689849853516,268.1272277832031,267.5975036621094,0.0003,0.0003,0.1
,,,,,336173,1269.1058,355,,,,,,,,
,,,,,336548,1339.7024,375,,,,,,,,
,,,,,337000,,,-278.79443359375,-1.1168714761734009,2.5299975872039795,278.109130859375,278.1029357910156,0.0003,0.0003,0.1
,,,,,337164,2235.9785,616,,,,,,,,
,,,,,338000,,,-278.0802001953125,-1.0997010469436646,4.992415904998779,277.18060302734375,277.3058776855469,0.0003,0.0003,0.1
,,,,,338164,3366.2656,1000,,,,,,,,
,,,,,339000,,,-279.5510559082031,-1.2301400899887085,2.775867462158203,278.13323974609375,278.10321044921875,0.0003,0.0003,0.1
,,,,,339164,3426.3525,1000,,,,,,,,
2526.6382,964.3566,3339.7585,1148.7661,739.6,340000,,,-267.8087158203125,-1.0172560214996338,3.631248950958252,266.0304870605469,265.91839599609375,0.0003,0.0003,0.1
,,,,,340164,3318.5715,1000,,,,,,,,
,,,,,341000,,,-280.8271179199219,-1.0069098472595215,5.4579973220825195,279.18304443359375,278.88299560546875,0.0003,0.0003,0.1
,,,,,341164,3412.7004,1000,,,,,,,,
,,,,,341553,1361.8457,389,,,,,,,,
,,,,,341930,1349.5353,377,,,,,,,,
,,,,,342000,,,-270.5909729003906,-1.1261284351348877,9.904539108276367,268.46319580078125,268.68560791015625,0.0003,0.0003,0.1
,,,,,342796,3037.9941,866,,,,,,,,
,,,,,343000,,,-282.363037109375,-1.074068546295166,18.766286849975586,280.20941162109375,279.59130859375,0.0003,0.0003,0.1
,,,,,343633,3001.3123,837,,,,,,,,
,,,,,344000,,,-279.8338928222656,-1.0036306381225586,10.929327011108398,277.70086669921875,278.44500732421875,0.0003,0.0003,0.1
,,,,,344633,3356.7727,1000,,,,,,,,
3185.0186,539.20386,3387.5764,1567.9994,942.1,345000,,,-280.3920593261719,-1.1637088060379028,2.3159914016723633,279.80389404296875,279.82958984375,0.0003,0.0003,0.1
,,,,,345547,3211.9065,914,,,,,,,,
,,,,,345833,997.72034,286,,,,,,,,
,,,,,346000,,,-273.155029296875,-1.128118872642517,9.840505599975586,271.5576171875,271.38031005859375,0.0003,0.0003,0.1
,,,,,346833,3425.6558,1000,,,,,,,,
,,,,,347000,,,-281.16015625,-1.1653729677200317,3.5678725242614746,279.36285400390625,279.4988098144531,0.0003,0.0003,0.1
,,,,,347167,1181.1996,334,,,,,,,,
,,,,,347471,1059.8751,304,,,,,,,,
,,,,,348000,,,-278.5317077636719,-1.136393666267395,3.0314323902130127,277.87725830078125,277.83428955078125,0.0003,0.0003,0.1
,,,,,348380,3205.9282,909,,,,,,,,
,,,,,348805,1568.6536,425,,,,,,,,
,,,,,349000,,,-283.43341064453125,-1.0504571199417114,5.4830451011657715,282.6053466796875,282.48028564453125,0.0003,0.0003,0.1
,,,,,349805,3400.5542,1000,,,,,,,,
1581.2378,904.8513,3342.7236,941.09546,459.2,350000,,,-266.3421630859375,-1.5087065696716309,13.110603332519531,264.47137451171875,264.3248291015625,0.0003,0.0003,0.1
,,,,,350156,1245.9832,351,,,,,,,,
,,,,,350425,920.35065,269,,,,,,,,
,,,,,350900,1685.627,475,,,,,,,,
,,,,,351000,,,-276.7200622558594,-0.9330335855484009,3.5007174015045166,275.911865234375,276.0902404785156,0.0003,0.0003,0.1
,,,,,351236,1183.202,336,,,,,,,,
,,,,,351455,733.56586,219,,,,,,,,
,,,,,352000,,,-277.6568603515625,-1.311557412147522,3.1100006103515625,276.7766418457031,276.7580261230469,0.0003,0.0003,0.1
,,,,,352118,2389.0608,663,,,,,,,,
,,,,,353000,,,-280.21917724609375,-1.1592293977737427,5.070725440979004,279.0865478515625,279.00335693359375,0.0003,0.0003,0.1
,,,,,353118,3327.4336,1000,,,,,,,,
,,,,,353460,1210.2598,342,,,,,,,,
,,,,,354000,,,-286.2306213378906,-1.1897059679031372,2.301917314529419,285.19049072265625,285.3342590332031,0.0003,0.0003,0.1
,,,,,354460,3366.7004,1000,,,,,,,,
1131.2578,201.26045,1612.5065,828.73584,324.2,355000,,,-278.4003601074219,-1.2329025268554688,3.5179858207702637,277.6016845703125,277.30682373046875,0.0003,0.0003,0.1
,,,,,355460,3419.6704,1000,,,,,,,,
,,,,,355858,1405.5793,398,,,,,,,,
,,,,,356000,,,-277.937744140625,-1.5170655250549316,8.365808486938477,274.99017333984375,275.1224365234375,0.0003,0.0003,0.1
,,,,,356385,1837.207,527,,,,,,,,
,,,,,356775,1368.6707,390,,,,,,,,
,,,,,357000,,,-278.38568115234375,-1.2174855470657349,4.074721813201904,277.48834228515625,277.39013671875,0.0003,0.0003,0.1
,,,,,357043,930.2539,268,,,,,,,,
,,,,,358000,,,-272.78338623046875,-1.1488302946090698,6.02725887298584,271.8392639160156,271.84063720703125,0.0003,0.0003,0.1
,,,,,358043,3342.0742,1000,,,,,,,,
,,,,,359000,,,-276.88641357421875,-1.0356557369232178,3.587841033935547,275.1235656738281,275.1813659667969,0.0003,0.0003,0.1
,,,,,359043,3331.049,1000,,,,,,,,
2791.4973,905.75714,3421.2402,876.20447,815.8,360000,,,-268.39630126953125,-0.9399847984313965,3.0073485374450684,267.45953369140625,267.6181640625,0.0003,0.0003,0.1
,,,,,360007,3388.7537,964,,,,,,,,
,,,,,361000,,,-275.0073547363281,-1.1900326013565063,2.8352460861206055,274.366943359375,274.3814697265625,0.0003,0.0003,0.1
,,,,,361007,3337.8027,1000,,,,,,,,
,,,,,362000,,,-272.2593078613281,-0.9858772158622742,2.798326015472412,271.42559814453125,271.42291259765625,0.0003,0.0003,0.1
,,,,,362007,3282.862,1000,,,,,,,,
,,,,,362330,1126.8486,323,,,,,,,,
,,,,,363000,,,-283.4465637207031,-0.8961978554725647,3.4006264209747314,282.62493896484375,282.98516845703125,0.0003,0.0003,0.1
,,,,,363330,3278.1943,1000,,,,,,,,
,,,,,364000,,,-280.9439697265625,-1.202544093132019,3.326732635498047,280.1812744140625,280.080322265625,0.0003,0.0003,0.1
,,,,,364330,3388.7659,1000,,,,,,,,
2937.9875,828.9908,3399.9224,1139.8518,871.9,365000,,,-284.53070068359375,-1.2061117887496948,7.733000755310059,283.5155029296875,283.886962890625,0.0003,0.0003,0.1
,,,,,365330,3374.8904,1000,,,,,,,,
,,,,,366000,,,-283.2728576660156,-0.7240017652511597,3.8247580528259277,282.6939697265625,282.79046630859375,0.0003,0.0003,0.1
,,,,,366119,2773.9292,789,,,,,,,,
,,,,,366955,2804.799,836,,,,,,,,
,,,,,367000,,,-287.4608154296875,-1.0620689392089844,9.089009284973145,286.0018310546875,286.2554931640625,0.0003,0.0003,0.1
,,,,,367376,1507.1317,421,,,,,,,,
,,,,,367692,1097.5709,316,,,,,,,,
,,,,,368000,,,-284.97216796875,-1.2852497100830078,2.931117296218872,284.2425231933594,284.17987060546875,0.0003,0.0003,0.1
,,,,,368692,3292.5833,1000,,,,,,,,
,,,,,369000,,,-273.21636962890625,-1.2031465768814087,2.913869857788086,272.08154296875,271.973876953125,0.0003,0.0003,0.1
,,,,,369692,3293.2803,1000,,,,,,,,
3145.769,668.7268,3470.037,1145.5519,924.0,370000,,,-286.5502624511719,-1.216524362564087,15.248140335083008,285.064697265625,285.06646728515625,0.0003,0.0003,0.1
,,,,,370692,3363.9597,1000,,,,,,,,
,,,,,371000,,,-279.08795166015625,-1.3762991428375244,3.6264586448669434,277.6783752441406,277.71136474609375,0.0003,0.0003,0.1
,,,,,371692,3333.44,1000,,,,,,,,
,,,,,372000,,,-279.0079040527344,-1.3404788970947266,4.603273868560791,277.191162109375,277.3285827636719,0.0003,0.0003,0.1
,,,,,372692,3318.9453,1000,,,,,,,,
,,,,,373000,,,-273.9290466308594,-1.5317132472991943,4.722210884094238,270.67828369140625,270.67193603515625,0.0003,0.0003,0.1
,,,,,373056,1315.2208,364,,,,,,,,
,,,,,373305,840.29816,249,,,,,,,,
,,,,,374000,,,-274.6896057128906,-1.205162763595581,5.783285617828369,273.6539306640625,273.774658203125,0.0003,0.0003,0.1
,,,,,374305,3342.9497,1000,,,,,,,,
1354.6783,707.1895,3405.4644,806.2307,381.2,375000,,,-283.80926513671875,-1.0400738716125488,3.2565670013427734,283.2239990234375,283.07373046875,0.0003,0.0003,0.1
,,,,,375305,3432.4946,1000,,,,,,,,
,,,,,375689,1439.2517,384,,,,,,,,
,,,,,376000,,,-278.9862060546875,-0.9530491828918457,3.2326478958129883,278.3775329589844,278.36871337890625,0.0003,0.0003,0.1
,,,,,376689,3326.3066,1000,,,,,,,,
,,,,,377000,,,-281.0702209472656,-1.0679349899291992,2.9303054809570312,280.2135925292969,280.0948791503906,0.0003,0.0003,0.1
,,,,,377473,2805.336,784,,,,,,,,
,,,,,378000,,,-278.056640625,-1.1626698970794678,3.305025100708008,275.23651123046875,275.1670837402344,0.0003,0.0003,0.1
,,,,,378141,2437.792,668,,,,,,,,
,,,,,378696,1946.3818,555,,,,,,,,
,,,,,379000,,,-276.7855224609375,-1.3367385864257812,4.347443103790283,275.85400390625,276.28558349609375,0.0003,0.0003,0.1
,,,,,379377,2355.0083,681,,,,,,,,
,,,,,379716,1224.6595,339,,,,,,,,
2627.9126,1001.0326,3460.2847,1049.8617,765.5,380000,,,-282.0711975097656,-0.7459089159965515,2.3636996746063232,281.4742126464844,281.705810546875,0.0003,0.0003,0.1
,,,,,380157,1609.7512,441,,,,,,,,
,,,,,380482,1177.9241,325,,,,,,,,
,,,,,381000,,,-284.51776123046875,-1.3322725296020508,5.788319110870361,282.74462890625,283.0821533203125,0.0003,0.0003,0.1
,,,,,381175,2444.9731,693,,,,,,,,
,,,,,381522,1248.2024,347,,,,,,,,
,,,,,382000,,,-281.3334655761719,-0.9878426790237427,3.101801872253418,280.36260986328125,280.466064453125,0.0003,0.0003,0.1
,,,,,382522,3362.5315,1000,,,,,,,,
,,,,,383000,,,-276.4658508300781,-1.2639634609222412,2.91756010055542,275.5124206542969,275.5233154296875,0.0003,0.0003,0.1
,,,,,383059,1901.4054,537,,,,,,,,
,,,,,384000,,,-282.84600830078125,-1.2539165019989014,317.1185302734375,282.224853515625,280.9460754394531,0.0003,0.0003,0.1
,,,,,384059,3382.9321,1000,,,,,,,,
1603.8975,759.53125,3534.9414,932.3142,451.5,385000,,,-280.3048095703125,-1.1011137962341309,2.942523956298828,279.7088623046875,279.6845397949219,0.0003,0.0003,0.1
,,,,,385059,3380.4001,1000,,,,,,,,
,,,,,386000,,,-288.2458801269531,-1.0665327310562134,3.5566136837005615,287.58587646484375,287.2463073730469,0.0003,0.0003,0.1
,,,,,386059,3358.7068,1000,,,,,,,,
,,,,,387000,,,-274.9050598144531,-1.252769947052002,4.176880836486816,273.7496643066406,273.97161865234375,0.0003,0.0003,0.1
,,,,,387059,3320.82,1000,,,,,,,,
,,,,,387511,1621.721,452,,,,,,,,
,,,,,387820,1091.9742,309,,,,,,,,
,,,,,388000,,,-285.3616943359375,-1.110217809677124,3.2697935104370117,284.37982177734375,284.39569091796875,0.0003,0.0003,0.1
,,,,,388106,992.6254,286,,,,,,,,
,,,,,388443,1149.7458,337,,,,,,,,
,,,,,389000,,,-282.4939270019531,-1.0905345678329468,8.213693618774414,281.36346435546875,281.1524658203125,0.0003,0.0003,0.1
,,,,,389443,3441.0557,1000,,,,,,,,
2474.213,1023.72034,3619.5898,984.88934,708.8,390000,,,-278.2462158203125,-1.23006272315979,7.5950798988342285,276.3970642089844,276.5545349121094,0.0003,0.0003,0.1
,,,,,390443,3357.368,1000,,,,,,,,
,,,,,391000,,,-281.2210388183594,-1.0421804189682007,3.5884451866149902,280.13946533203125,280.51690673828125,0.0003,0.0003,0.1
,,,,,391443,3351.7612,1000,,,,,,,,
,,,,,391927,1754.8433,484,,,,,,,,
,,,,,392000,,,-276.94732666015625,-1.1713709831237793,4.786874294281006,275.21356201171875,275.1598815917969,0.0003,0.0003,0.1
,,,,,392927,3389.3438,1000,,,,,,,,
,,,,,393000,,,-289.4312438964844,-0.9440304040908813,3.0913314819335938,288.7373046875,288.65814208984375,0.0003,0.0003,0.1
,,,,,393276,1227.1102,349,,,,,,,,
,,,,,394000,,,-284.9083251953125,-1.1298329830169678,6.176462650299072,284.1779479980469,284.4106140136719,0.0003,0.0003,0.1
,,,,,394276,3347.1755,1000,,,,,,,,
2888.699,916.3703,3372.2324,936.4967,858.2,395000,,,-280.9477844238281,-1.168985366821289,4.059782028198242,279.83526611328125,279.890869140625,0.0003,0.0003,0.1
,,,,,395276,3396.9946,1000,,,,,,,,
,,,,,395876,2206.5347,600,,,,,,,,
,,,,,396000,,,-284.4920654296875,-0.8434187769889832,2.4243221282958984,283.87255859375,283.7773132324219,0.0003,0.0003,0.1
,,,,,396348,1789.8043,472,,,,,,,,
,,,,,397000,,,-283.8453674316406,-1.1871342658996582,3.0685830116271973,283.3043212890625,283.2803955078125,0.0003,0.0003,0.1
,,,,,397348,3345.4878,1000,,,,,,,,
,,,,,398000,,,-286.153076171875,-0.9906123876571655,5.618711471557617,284.6871337890625,284.7750549316406,0.0003,0.0003,0.1
,,,,,398348,3516.9844,1000,,,,,,,,
,,,,,399000,,,-286.8818664550781,-0.9561549425125122,3.3695850372314453,286.1424865722656,286.08172607421875,0.0003,0.0003,0.1
,,,,,399348,3408.5723,1000,,,,,,,,
2819.457,875.4642,3413.4038,1211.5745,821.8,400000,,,-288.9602966308594,-1.1982933282852173,7.729318141937256,287.93658447265625,287.91937255859375,0.0003,0.0003,0.1
,,,,,400348,3377.2673,1000,,,,,,,,
,,,,,401000,,,-275.7862548828125,-1.2953509092330933,5.776534080505371,275.0223083496094,274.95391845703125,0.0003,0.0003,0.1
,,,,,401348,3366.3525,1000,,,,,,,,
,,,,,402000,,,-286.32159423828125,-1.0348308086395264,3.4381885528564453,285.09918212890625,284.89483642578125,0.0003,0.0003,0.1
,,,,,402348,3452.3271,1000,,,,,,,,
,,,,,402800,1630.0642,452,,,,,,,,
,,,,,403000,,,-284.1002502441406,-1.1487938165664673,4.454624176025391,282.97137451171875,282.869873046875,0.0003,0.0003,0.1
,,,,,403125,1178.118,325,,,,,,,,
,,,,,404000,,,-275.7715759277344,-0.9633250832557678,12.754962921142578,274.2511901855469,274.63751220703125,0.0003,0.0003,0.1
,,,,,404125,3360.567,1000,,,,,,,,
2970.886,779.5135,3400.1206,1280.1962,882.5,405000,,,-282.2543029785156,-0.962135910987854,4.693743705749512,281.124755859375,280.98956298828125,0.0003,0.0003,0.1
,,,,,405125,3317.5237,1000,,,,,,,,
,,,,,405466,1214.4473,341,,,,,,,,
,,,,,406000,,,-285.88226318359375,-1.0186328887939453,40.84000778198242,284.5549621582031,284.926025390625,0.0003,0.0003,0.1
,,,,,406466,3392.976,1000,,,,,,,,
,,,,,406917,1635.1027,451,,,,,,,,
,,,,,407000,,,-280.6085205078125,-1.283250093460083,35.0413818359375,278.0613098144531,278.7842712402344,0.0003,0.0003,0.1
,,,,,407917,3440.985,1000,,,,,,,,
,,,,,408000,,,-291.0257873535156,-1.064453363418579,3.296660900115967,290.4888916015625,290.6377868652344,0.0003,0.0003,0.1
,,,,,408917,3343.7607,1000,,,,,,,,
,,,,,409000,,,-284.7086181640625,-1.2912424802780151,5.652306079864502,284.4772644042969,284.32598876953125,0.0003,0.0003,0.1
,,,,,409917,3381.3086,1000,,,,,,,,
3090.4556,646.3332,3395.0803,1208.8298,913.7,410000,,,-288.822021484375,-1.1160888671875,2.8041296005249023,288.2462158203125,287.9510498046875,0.0003,0.0003,0.1
,,,,,410917,3332.297,1000,,,,,,,,
,,,,,411000,,,-287.4502868652344,-1.1050571203231812,2.545395851135254,286.514892578125,286.3565673828125,0.0003,0.0003,0.1
,,,,,411400,1763.4243,483,,,,,,,,
,,,,,412000,,,-284.5614013671875,-1.040494680404663,2.2212462425231934,283.0867919921875,283.19854736328125,0.0003,0.0003,0.1
,,,,,412400,3318.521,1000,,,,,,,,
,,,,,413000,,,-275.9906921386719,-1.179246425628662,3.914013385772705,275.31903076171875,275.58856201171875,0.0003,0.0003,0.1
,,,,,413400,3314.9265,1000,,,,,,,,
,,,,,414000,,,-284.80865478515625,-1.1695575714111328,2.3239378929138184,284.233154296875,284.2694091796875,0.0003,0.0003,0.1
,,,,,414400,3319.844,1000,,,,,,,,
2862.5625,922.24585,3343.3242,818.05347,860.2,415000,,,-279.7086486816406,-1.311277151107788,2.594233512878418,278.6773681640625,278.7874755859375,0.0003,0.0003,0.1
,,,,,415400,3324.895,1000,,,,,,,,
,,,,,416000,,,-279.4061279296875,-1.2500873804092407,2.6460771560668945,278.6114196777344,278.6437683105469,0.0003,0.0003,0.1
,,,,,416173,2788.1904,773,,,,,,,,
,,,,,417000,,,-281.1368103027344,-1.0186580419540405,9.575881958007812,280.476806640625,280.2244567871094,0.0003,0.0003,0.1
,,,,,417173,3361.2078,1000,,,,,,,,
,,,,,418000,,,-280.31805419921875,-0.7933214902877808,2.8602688312530518,278.90899658203125,279.0613708496094,0.0003,0.0003,0.1
,,,,,418173,3321.2415,1000,,,,,,,,
,,,,,418540,1347.2188,367,,,,,,,,
,,,,,419000,,,-292.63555908203125,-0.8058433532714844,7.603732109069824,291.91162109375,291.74224853515625,0.0003,0.0003,0.1
,,,,,419540,3336.398,1000,,,,,,,,
3332.929,7.871683,3348.3508,3322.647,1000.0,420000,,,-282.3918762207031,-1.078865885734558,2.2857751846313477,281.113037109375,280.9219970703125,0.0003,0.0003,0.1
,,,,,420540,3384.5046,1000,,,,,,,,
,,,,,421000,,,-289.0224609375,-0.9328083395957947,3.493222713470459,288.17425537109375,288.2589416503906,0.0003,0.0003,0.1
,,,,,421540,3357.1775,1000,,,,,,,,
,,,,,421986,1592.39,446,,,,,,,,
,,,,,422000,,,-289.6672668457031,-1.1095608472824097,3.58949613571167,288.8387451171875,288.60595703125,0.0003,0.0003,0.1
,,,,,422986,3406.9648,1000,,,,,,,,
,,,,,423000,,,-284.8962097167969,-1.12589693069458,4.73975944519043,284.173828125,284.35601806640625,0.0003,0.0003,0.1
,,,,,423986,3380.7832,1000,,,,,,,,
,,,,,424000,,,-292.8205871582031,-1.2777881622314453,3.9462661743164062,291.90576171875,291.80535888671875,0.0003,0.0003,0.1
,,,,,424986,3365.0662,1000,,,,,,,,
2451.9932,999.1488,3439.0566,1119.4625,707.6,425000,,,-291.73419189453125,-0.8158648014068604,2.437525987625122,291.0867919921875,291.0635070800781,0.0003,0.0003,0.1
,,,,,425986,3379.4285,1000,,,,,,,,
,,,,,426000,,,-291.3315124511719,-1.2573459148406982,2.5238590240478516,290.2479248046875,290.0926513671875,0.0003,0.0003,0.1
,,,,,426274,899.9116,288,,,,,,,,
,,,,,427000,,,-294.00775146484375,-1.022548794746399,3.1075363159179688,292.560546875,292.24188232421875,0.0003,0.0003,0.1
,,,,,427274,3349.1333,1000,,,,,,,,
,,,,,428000,,,-292.3523254394531,-0.8358616232872009,3.140756130218506,291.6759033203125,292.0037536621094,0.0003,0.0003,0.1
,,,,,428274,3320.207,1000,,,,,,,,
,,,,,429000,,,-281.85064697265625,-1.0045337677001953,2.4047958850860596,280.90911865234375,280.811279296875,0.0003,0.0003,0.1
,,,,,429274,3347.9182,1000,,,,,,,,
3336.7766,25.002552,3379.1133,3304.6086,1000.0,430000,,,-286.08599853515625,-0.9494079351425171,2.6387462615966797,285.259765625,285.2619934082031,0.0003,0.0003,0.1
,,,,,430274,3332.1318,1000,,,,,,,,
,,,,,431000,,,-286.91680908203125,-0.6986721754074097,2.6104254722595215,286.11578369140625,286.23468017578125,0.0003,0.0003,0.1
,,,,,431274,3306.2766,1000,,,,,,,,
,,,,,432000,,,-281.55560302734375,-0.8802182078361511,3.0942318439483643,280.70172119140625,280.4541015625,0.0003,0.0003,0.1
,,,,,432274,3339.1401,1000,,,,,,,,
,,,,,433000,,,-285.40570068359375,-1.127016305923462,2.8503265380859375,284.57275390625,284.30401611328125,0.0003,0.0003,0.1
,,,,,433274,3343.5408,1000,,,,,,,,
,,,,,434000,,,-287.77264404296875,-1.0786833763122559,5.21102237701416,284.65972900390625,284.4383544921875,0.0003,0.0003,0.1
,,,,,434103,2964.2883,829,,,,,,,,
3344.9387,13.542546,3369.4155,3321.225,1000.0,435000,,,-291.17724609375,-1.0621006488800049,3.5854668617248535,289.82135009765625,289.76165771484375,0.0003,0.0003,0.1
,,,,,435103,3390.9656,1000,,,,,,,,
,,,,,436000,,,-279.96954345703125,-1.253039002418518,2.9562926292419434,279.09295654296875,279.0026550292969,0.0003,0.0003,0.1
,,,,,436103,3355.578,1000,,,,,,,,
,,,,,437000,,,-288.5254821777344,-0.7827292680740356,5.102444171905518,287.8799743652344,287.9639892578125,0.0003,0.0003,0.1
,,,,,437103,3339.8472,1000,,,,,,,,
,,,,,437553,1469.4602,450,,,,,,,,
,,,,,438000,,,-286.74407958984375,-0.9476940035820007,3.291618824005127,285.719482421875,285.4848937988281,0.0003,0.0003,0.1
,,,,,438553,3303.1672,1000,,,,,,,,
,,,,,439000,,,-293.3497619628906,-0.8744006156921387,20.241180419921875,292.6900329589844,292.5267333984375,0.0003,0.0003,0.1
,,,,,439553,3341.0295,1000,,,,,,,,
3115.0842,450.05377,3426.7083,2049.8452,910.9,440000,,,-291.0382080078125,-0.8990638852119446,2.981929063796997,289.88970947265625,289.6730041503906,0.0003,0.0003,0.1
,,,,,440553,3357.0352,1000,,,,,,,,
,,,,,441000,,,-281.9078674316406,-1.6098599433898926,9.566234588623047,279.1143493652344,279.39007568359375,0.0003,0.0003,0.1
,,,,,441553,3347.249,1000,,,,,,,,
,,,,,442000,,,-279.1802062988281,-1.175702691078186,3.956871271133423,278.200927734375,278.35748291015625,0.0003,0.0003,0.1
,,,,,442553,3348.5454,1000,,,,,,,,
,,,,,443000,,,-293.14385986328125,-0.8863125443458557,7.412172317504883,292.1201171875,292.146240234375,0.0003,0.0003,0.1
,,,,,443553,3377.423,1000,,,,,,,,
,,,,,444000,,,-286.55401611328125,-0.9943938255310059,5.108023643493652,285.82440185546875,285.57574462890625,0.0003,0.0003,0.1
,,,,,444553,3345.2761,1000,,,,,,,,
3379.9739,48.837666,3480.327,3329.5876,997.1,445000,,,-293.4332275390625,-0.7336437702178955,2.538477659225464,292.61083984375,292.6112060546875,0.0003,0.0003,0.1
,,,,,445553,3347.2634,1000,,,,,,,,
,,,,,446000,,,-289.23321533203125,-1.0173907279968262,8.864750862121582,288.6107482910156,288.352294921875,0.0003,0.0003,0.1
,,,,,446553,3336.985,1000,,,,,,,,
,,,,,447000,,,-280.29205322265625,-1.0759010314941406,3.772761106491089,279.607177734375,279.3963317871094,0.0003,0.0003,0.1
,,,,,447553,3415.3936,1000,,,,,,,,
,,,,,448000,,,-291.80828857421875,-0.8598612546920776,5.0129899978637695,291.1605224609375,291.16387939453125,0.0003,0.0003,0.1
,,,,,448553,3344.831,1000,,,,,,,,
,,,,,449000,,,-285.2458190917969,-1.1014461517333984,8.267060279846191,284.2222900390625,284.094482421875,0.0003,0.0003,0.1
,,,,,449553,3349.5842,1000,,,,,,,,
2935.3623,774.8872,3336.9744,1271.7485,878.8,450000,,,-292.7578125,-0.7659953832626343,3.0041656494140625,292.26824951171875,292.49652099609375,0.0003,0.0003,0.1
,,,,,450553,3384.4312,1000,,,,,,,,
,,,,,451000,,,-287.6578674316406,-1.1179763078689575,2.656554937362671,286.7752685546875,286.9632568359375,0.0003,0.0003,0.1
,,,,,451553,3449.4128,1000,,,,,,,,
,,,,,452000,,,-289.65704345703125,-0.8520659804344177,2.388360023498535,289.0478515625,289.086669921875,0.0003,0.0003,0.1
,,,,,452553,3338.3591,1000,,,,,,,,
,,,,,453000,,,-293.2140808105469,-1.1686630249023438,6.792068958282471,291.81646728515625,292.0614929199219,0.0003,0.0003,0.1
,,,,,453553,3657.9636,1000,,,,,,,,
,,,,,454000,,,-283.39691162109375,-1.2110133171081543,7.236466407775879,282.5814208984375,282.3603210449219,0.0003,0.0003,0.1
,,,,,454553,3328.006,1000,,,,,,,,
2970.9685,850.3469,3455.6877,1254.4917,872.1,455000,,,-287.1028137207031,-0.733456015586853,2.0673046112060547,286.45953369140625,286.39483642578125,0.0003,0.0003,0.1
,,,,,455553,3359.8088,1000,,,,,,,,
,,,,,456000,,,-292.8775939941406,-0.8914002776145935,1.9695234298706055,292.37353515625,292.5016174316406,0.0003,0.0003,0.1
,,,,,456553,3357.1606,1000,,,,,,,,
,,,,,457000,,,-295.83056640625,-0.9691192507743835,9.088906288146973,295.31573486328125,295.1876220703125,0.0003,0.0003,0.1
,,,,,457553,3367.434,1000,,,,,,,,
,,,,,458000,,,-294.0877685546875,-0.710674524307251,9.838517189025879,293.1807556152344,292.9585266113281,0.0003,0.0003,0.1
,,,,,458553,3368.2373,1000,,,,,,,,
,,,,,459000,,,-292.7188720703125,-0.6102855205535889,5.410336017608643,291.84027099609375,291.9429931640625,0.0003,0.0003,0.1
,,,,,459553,3387.4043,1000,,,,,,,,
3384.1882,18.458662,3429.824,3365.1797,1000.0,460000,,,-294.2554016113281,-0.8789771795272827,4.200324058532715,293.419189453125,293.44921875,0.0003,0.0003,0.1
,,,,,460553,3358.147,1000,,,,,,,,
,,,,,461000,,,-285.55865478515625,-1.0338249206542969,3.3770015239715576,284.79925537109375,284.8709411621094,0.0003,0.0003,0.1
,,,,,461553,3364.5298,1000,,,,,,,,
,,,,,462000,,,-296.3766174316406,-0.7561618685722351,1.9158599376678467,295.8747863769531,295.9089050292969,0.0003,0.0003,0.1
,,,,,462553,3399.0505,1000,,,,,,,,
,,,,,463000,,,-290.4815368652344,-1.3088023662567139,17.34020233154297,287.8496398925781,287.7059326171875,0.0003,0.0003,0.1
,,,,,463270,2527.2173,717,,,,,,,,
,,,,,464000,,,-303.6936950683594,-0.8778848052024841,3.427720546722412,303.15667724609375,303.50762939453125,0.0003,0.0003,0.1
,,,,,464270,3374.62,1000,,,,,,,,
,,,,,464544,993.46375,274,,,,,,,,
2992.8594,776.27106,3407.821,1288.4269,878.6,465000,,,-295.1202697753906,-1.0747108459472656,2.7433676719665527,294.5889892578125,294.4608154296875,0.0003,0.0003,0.1
,,,,,465544,3379.7102,1000,,,,,,,,
,,,,,466000,,,-290.1683044433594,-1.0037667751312256,2.757465362548828,289.5641174316406,289.6383056640625,0.0003,0.0003,0.1
,,,,,466544,3365.453,1000,,,,,,,,
,,,,,467000,,,-296.306884765625,-0.7574856281280518,2.295762062072754,294.7562561035156,294.72369384765625,0.0003,0.0003,0.1
,,,,,467544,3436.353,1000,,,,,,,,
,,,,,468000,,,-292.150146484375,-0.7331235408782959,6.93402099609375,290.188720703125,290.41064453125,0.0003,0.0003,0.1
,,,,,468544,3405.547,1000,,,,,,,,
,,,,,469000,,,-285.6418762207031,-0.7883864045143127,4.195712089538574,284.7863464355469,284.5221862792969,0.0003,0.0003,0.1
,,,,,469378,2988.0957,834,,,,,,,,
2827.112,851.2157,3395.4275,1283.2806,833.4,470000,,,-291.4334716796875,-0.9948412179946899,3.2611496448516846,291.00762939453125,290.67578125,0.0003,0.0003,0.1
,,,,,470378,3378.338,1000,,,,,,,,
,,,,,471000,,,-297.57733154296875,-0.8226826786994934,3.2476563453674316,296.01751708984375,296.251708984375,0.0003,0.0003,0.1
,,,,,471378,3375.3804,1000,,,,,,,,
,,,,,472000,,,-288.2021789550781,-0.7248297929763794,2.987041711807251,287.6339111328125,287.203857421875,0.0003,0.0003,0.1
,,,,,472342,3484.8335,964,,,,,,,,
,,,,,472730,1383.8073,388,,,,,,,,
,,,,,473000,,,-294.0628967285156,-0.8731995224952698,3.8190650939941406,293.4122314453125,293.2782287597656,0.0003,0.0003,0.1
,,,,,473730,3397.8494,1000,,,,,,,,
,,,,,474000,,,-304.28143310546875,-0.8929908275604248,12.363347053527832,302.97283935546875,302.77105712890625,0.0003,0.0003,0.1
,,,,,474061,1184.605,331,,,,,,,,
2996.9888,846.5412,3485.545,1278.2755,874.4,475000,,,-298.539306640625,-1.0633385181427002,2.169201612472534,297.77362060546875,298.03863525390625,0.0003,0.0003,0.1
,,,,,475061,3387.18,1000,,,,,,,,
,,,,,476000,,,-284.1560974121094,-1.0278005599975586,3.679318904876709,283.53314208984375,283.70623779296875,0.0003,0.0003,0.1
,,,,,476061,3409.9175,1000,,,,,,,,
,,,,,476411,1271.7424,350,,,,,,,,
,,,,,476868,1658.601,457,,,,,,,,
,,,,,477000,,,-290.70953369140625,-0.8728673458099365,2.4329872131347656,290.03057861328125,289.75518798828125,0.0003,0.0003,0.1
,,,,,477868,3393.577,1000,,,,,,,,
,,,,,478000,,,-297.4772033691406,-0.8304558992385864,3.4777965545654297,296.9421081542969,296.9832763671875,0.0003,0.0003,0.1
,,,,,478269,1485.1853,401,,,,,,,,
,,,,,478544,968.25275,275,,,,,,,,
,,,,,479000,,,-290.5286865234375,-0.8883103132247925,3.0772321224212646,289.03900146484375,288.784912109375,0.0003,0.0003,0.1
,,,,,479544,3364.0925,1000,,,,,,,,
3023.9045,782.1949,3513.8997,1422.1627,861.6,480000,,,-303.8605651855469,-0.7784879207611084,2.9200124740600586,303.37408447265625,303.1490478515625,0.0003,0.0003,0.1
,,,,,480544,3385.4407,1000,,,,,,,,
,,,,,481000,,,-300.03265380859375,-1.063846230506897,3.4244656562805176,299.32818603515625,299.17718505859375,0.0003,0.0003,0.1
,,,,,481544,3372.5608,1000,,,,,,,,
,,,,,482000,,,-297.3340759277344,-1.0817707777023315,3.2480056285858154,295.3530578613281,295.5744323730469,0.0003,0.0003,0.1
,,,,,482544,3374.8855,1000,,,,,,,,
,,,,,483000,,,-289.9756164550781,-0.5339050889015198,2.0633738040924072,289.3984680175781,289.45684814453125,0.0003,0.0003,0.1
,,,,,483525,3556.6016,981,,,,,,,,
,,,,,484000,,,-293.78851318359375,-0.9807001352310181,2.157322406768799,293.16546630859375,293.17681884765625,0.0003,0.0003,0.1
,,,,,484525,3471.9985,1000,,,,,,,,
3069.782,809.24255,3386.0808,642.7816,921.6,485000,,,-293.7640380859375,-0.8644799590110779,2.01212215423584,293.0198974609375,292.9600830078125,0.0003,0.0003,0.1
,,,,,485525,3496.071,1000,,,,,,,,
,,,,,486000,,,-291.9121398925781,-0.6656290888786316,2.494962692260742,291.4356689453125,291.3200378417969,0.0003,0.0003,0.1
,,,,,486525,3417.9553,1000,,,,,,,,
,,,,,487000,,,-291.3409118652344,-0.6709612607955933,3.0306055545806885,290.71087646484375,290.93597412109375,0.0003,0.0003,0.1
,,,,,487525,3427.406,1000,,,,,,,,
,,,,,488000,,,-297.4723815917969,-0.7506649494171143,8.21848201751709,296.37548828125,296.27606201171875,0.0003,0.0003,0.1
,,,,,488525,3472.5757,1000,,,,,,,,
,,,,,489000,,,-285.8513488769531,-1.1263720989227295,3.5689125061035156,285.238525390625,285.1242980957031,0.0003,0.0003,0.1
,,,,,489525,3397.7046,1000,,,,,,,,
2862.2026,787.9823,3534.4795,1290.6724,813.5,490000,,,-298.8191223144531,-1.1978442668914795,8.134984970092773,297.3582763671875,297.3260192871094,0.0003,0.0003,0.1
,,,,,490525,3370.1755,1000,,,,,,,,
,,,,,490878,1305.9648,353,,,,,,,,
,,,,,491000,,,-296.2884826660156,-0.7572034001350403,1.9691039323806763,295.67205810546875,295.84033203125,0.0003,0.0003,0.1
,,,,,491878,3410.9712,1000,,,,,,,,
,,,,,492000,,,-295.4478454589844,-0.7137447595596313,1.949586272239685,294.4759826660156,294.5557556152344,0.0003,0.0003,0.1
,,,,,492207,1180.163,329,,,,,,,,
,,,,,493000,,,-297.479736328125,-0.9283965229988098,2.2807397842407227,295.22357177734375,295.20526123046875,0.0003,0.0003,0.1
,,,,,493112,3302.5042,905,,,,,,,,
,,,,,494000,,,-301.2158203125,-0.7374595403671265,2.784301280975342,300.6246643066406,300.3697509765625,0.0003,0.0003,0.1
,,,,,494112,3474.3838,1000,,,,,,,,
3047.6921,730.9983,3518.9038,1436.3867,868.5,495000,,,-296.3351745605469,-1.0612127780914307,6.765182971954346,295.60589599609375,295.56060791015625,0.0003,0.0003,0.1
,,,,,495112,3418.4443,1000,,,,,,,,
,,,,,495931,2941.7908,819,,,,,,,,
,,,,,496000,,,-289.78070068359375,-0.6134176850318909,3.363150119781494,288.2778015136719,288.160400390625,0.0003,0.0003,0.1
,,,,,496931,3377.7197,1000,,,,,,,,
,,,,,497000,,,-295.83087158203125,-1.0645833015441895,4.148523807525635,294.6895446777344,295.19635009765625,0.0003,0.0003,0.1
,,,,,497931,3382.6504,1000,,,,,,,,
,,,,,498000,,,-298.57305908203125,-1.0491667985916138,6.506688594818115,297.59906005859375,297.60284423828125,0.0003,0.0003,0.1
,,,,,498324,1431.9386,393,,,,,,,,
,,,,,499000,,,-298.91607666015625,-1.0097301006317139,5.925203323364258,298.383056640625,298.5550842285156,0.0003,0.0003,0.1
,,,,,499324,3399.1228,1000,,,,,,,,
